{
	"credit": "Made with Blockbench",
	"parent": "./cit_item",
	"textures": {
		"0": "block/MizunoArchive/barrel_0a",
		"1": "block/barrelwater",
		"3": "block/MizunoArchive/apple_0"
	},
	"elements": [
		{
			"from": [9.12575, 6.79555, 12.54716],
			"to": [12.4686, 10.80697, 15.89001],
			"rotation": {"angle": 22.5, "axis": "z", "origin": [10.80553, 8.78943, 14.21658]},
			"faces": {
				"north": {"uv": [1, 7, 6, 13], "texture": "#3"},
				"east": {"uv": [1, 7, 6, 13], "texture": "#3"},
				"south": {"uv": [1, 7, 6, 13], "texture": "#3"},
				"west": {"uv": [1, 7, 6, 13], "texture": "#3"},
				"up": {"uv": [1, 1, 6, 6], "rotation": 180, "texture": "#3"},
				"down": {"uv": [8, 1, 13, 6], "rotation": 180, "texture": "#3"}
			}
		},
		{
			"from": [9.12575, 7.46412, 11.87859],
			"to": [12.4686, 10.1384, 16.55858],
			"rotation": {"angle": 22.5, "axis": "z", "origin": [10.80553, 8.78943, 14.21658]},
			"faces": {
				"north": {"uv": [1, 8, 6, 12], "texture": "#3"},
				"east": {"uv": [0, 8, 7, 12], "texture": "#3"},
				"south": {"uv": [1, 8, 6, 12], "texture": "#3"},
				"west": {"uv": [0, 8, 7, 12], "texture": "#3"},
				"up": {"uv": [1, 0, 6, 7], "rotation": 180, "texture": "#3"},
				"down": {"uv": [8, 0, 13, 7], "rotation": 180, "texture": "#3"}
			}
		},
		{
			"from": [8.45718, 7.46412, 12.54716],
			"to": [13.13717, 10.1384, 15.89001],
			"rotation": {"angle": 22.5, "axis": "z", "origin": [10.80553, 8.78943, 14.21658]},
			"faces": {
				"north": {"uv": [0, 8, 7, 12], "texture": "#3"},
				"east": {"uv": [1, 8, 6, 12], "texture": "#3"},
				"south": {"uv": [0, 8, 7, 12], "texture": "#3"},
				"west": {"uv": [1, 8, 6, 12], "texture": "#3"},
				"up": {"uv": [0, 1, 7, 6], "rotation": 180, "texture": "#3"},
				"down": {"uv": [7, 1, 14, 6], "rotation": 180, "texture": "#3"}
			}
		},
		{
			"from": [12.8386, 4.80404, 2.44011],
			"to": [16.18145, 8.14689, 6.45153],
			"rotation": {"angle": -22.5, "axis": "x", "origin": [20.16424, 15.73123, 0.24579]},
			"faces": {
				"north": {"uv": [8, 1, 13, 6], "rotation": 90, "texture": "#3"},
				"east": {"uv": [1, 7, 6, 13], "rotation": 270, "texture": "#3"},
				"south": {"uv": [1, 1, 6, 6], "rotation": 90, "texture": "#3"},
				"west": {"uv": [1, 7, 6, 13], "rotation": 90, "texture": "#3"},
				"up": {"uv": [1, 7, 6, 13], "rotation": 180, "texture": "#3"},
				"down": {"uv": [1, 7, 6, 13], "texture": "#3"}
			}
		},
		{
			"from": [12.17003, 4.80404, 3.10868],
			"to": [16.85002, 8.14689, 5.78296],
			"rotation": {"angle": -22.5, "axis": "x", "origin": [20.16424, 15.73123, 0.24579]},
			"faces": {
				"north": {"uv": [8, 0, 13, 7], "rotation": 90, "texture": "#3"},
				"east": {"uv": [1, 8, 6, 12], "rotation": 270, "texture": "#3"},
				"south": {"uv": [1, 0, 6, 7], "rotation": 90, "texture": "#3"},
				"west": {"uv": [1, 8, 6, 12], "rotation": 90, "texture": "#3"},
				"up": {"uv": [0, 8, 7, 12], "rotation": 180, "texture": "#3"},
				"down": {"uv": [0, 8, 7, 12], "texture": "#3"}
			}
		},
		{
			"from": [12.8386, 4.13547, 3.10868],
			"to": [16.18145, 8.81546, 5.78296],
			"rotation": {"angle": -22.5, "axis": "x", "origin": [20.16424, 15.73123, 0.24579]},
			"faces": {
				"north": {"uv": [7, 1, 14, 6], "rotation": 90, "texture": "#3"},
				"east": {"uv": [0, 8, 7, 12], "rotation": 270, "texture": "#3"},
				"south": {"uv": [0, 1, 7, 6], "rotation": 90, "texture": "#3"},
				"west": {"uv": [0, 8, 7, 12], "rotation": 90, "texture": "#3"},
				"up": {"uv": [1, 8, 6, 12], "rotation": 180, "texture": "#3"},
				"down": {"uv": [1, 8, 6, 12], "texture": "#3"}
			}
		},
		{
			"from": [0.23857, 6.37555, 2.96857],
			"to": [3.58143, 10.38697, 6.31143],
			"rotation": {"angle": 22.5, "axis": "y", "origin": [7.98424, 15.73123, 4.65579]},
			"faces": {
				"north": {"uv": [1, 7, 6, 13], "texture": "#3"},
				"east": {"uv": [1, 7, 6, 13], "texture": "#3"},
				"south": {"uv": [1, 7, 6, 13], "texture": "#3"},
				"west": {"uv": [1, 7, 6, 13], "texture": "#3"},
				"up": {"uv": [1, 1, 6, 6], "texture": "#3"},
				"down": {"uv": [8, 1, 13, 6], "texture": "#3"}
			}
		},
		{
			"from": [0.23857, 7.04412, 2.3],
			"to": [3.58143, 9.7184, 6.98],
			"rotation": {"angle": 22.5, "axis": "y", "origin": [7.98424, 15.73123, 4.65579]},
			"faces": {
				"north": {"uv": [1, 8, 6, 12], "texture": "#3"},
				"east": {"uv": [0, 8, 7, 12], "texture": "#3"},
				"south": {"uv": [1, 8, 6, 12], "texture": "#3"},
				"west": {"uv": [0, 8, 7, 12], "texture": "#3"},
				"up": {"uv": [1, 0, 6, 7], "texture": "#3"},
				"down": {"uv": [8, 0, 13, 7], "texture": "#3"}
			}
		},
		{
			"from": [-0.43, 7.04412, 2.96857],
			"to": [4.25, 9.7184, 6.31143],
			"rotation": {"angle": 22.5, "axis": "y", "origin": [7.98424, 15.73123, 4.65579]},
			"faces": {
				"north": {"uv": [0, 8, 7, 12], "texture": "#3"},
				"east": {"uv": [1, 8, 6, 12], "texture": "#3"},
				"south": {"uv": [0, 8, 7, 12], "texture": "#3"},
				"west": {"uv": [1, 8, 6, 12], "texture": "#3"},
				"up": {"uv": [0, 1, 7, 6], "texture": "#3"},
				"down": {"uv": [7, 1, 14, 6], "texture": "#3"}
			}
		},
		{
			"from": [6.32857, 6.37555, 2.96857],
			"to": [9.67143, 10.38697, 6.31143],
			"rotation": {"angle": 22.5, "axis": "x", "origin": [7.98424, 15.73123, 4.65579]},
			"faces": {
				"north": {"uv": [1, 7, 6, 13], "texture": "#3"},
				"east": {"uv": [1, 7, 6, 13], "texture": "#3"},
				"south": {"uv": [1, 7, 6, 13], "texture": "#3"},
				"west": {"uv": [1, 7, 6, 13], "texture": "#3"},
				"up": {"uv": [1, 1, 6, 6], "texture": "#3"},
				"down": {"uv": [8, 1, 13, 6], "texture": "#3"}
			}
		},
		{
			"from": [6.32857, 7.04412, 2.3],
			"to": [9.67143, 9.7184, 6.98],
			"rotation": {"angle": 22.5, "axis": "x", "origin": [7.98424, 15.73123, 4.65579]},
			"faces": {
				"north": {"uv": [1, 8, 6, 12], "texture": "#3"},
				"east": {"uv": [0, 8, 7, 12], "texture": "#3"},
				"south": {"uv": [1, 8, 6, 12], "texture": "#3"},
				"west": {"uv": [0, 8, 7, 12], "texture": "#3"},
				"up": {"uv": [1, 0, 6, 7], "texture": "#3"},
				"down": {"uv": [8, 0, 13, 7], "texture": "#3"}
			}
		},
		{
			"from": [5.66, 7.04412, 2.96857],
			"to": [10.34, 9.7184, 6.31143],
			"rotation": {"angle": 22.5, "axis": "x", "origin": [7.98424, 15.73123, 4.65579]},
			"faces": {
				"north": {"uv": [0, 8, 7, 12], "texture": "#3"},
				"east": {"uv": [1, 8, 6, 12], "texture": "#3"},
				"south": {"uv": [0, 8, 7, 12], "texture": "#3"},
				"west": {"uv": [1, 8, 6, 12], "texture": "#3"},
				"up": {"uv": [0, 1, 7, 6], "texture": "#3"},
				"down": {"uv": [7, 1, 14, 6], "texture": "#3"}
			}
		},
		{
			"from": [-2.92, 9.32, -2.92],
			"to": [18.92, 9.32, 18.92],
			"rotation": {"angle": 0, "axis": "y", "origin": [8, 6.7, 8]},
			"faces": {
				"north": {"uv": [0, 0, 16, 0], "texture": "#1"},
				"east": {"uv": [0, 0, 16, 0], "texture": "#1"},
				"south": {"uv": [0, 0, 16, 0], "texture": "#1"},
				"west": {"uv": [0, 0, 16, 0], "texture": "#1"},
				"up": {"uv": [0, 0, 16, 16], "texture": "#1"},
				"down": {"uv": [0, 0, 16, 16], "texture": "#1"}
			}
		},
		{
			"name": "hexadecagon",
			"from": [5.67416, 9.22, -3.6928],
			"to": [10.32584, 10.9, -2.4496],
			"rotation": {"angle": -45, "axis": "y", "origin": [8, 10.06, 8]},
			"faces": {
				"north": {"uv": [1, 0, 5.646, 3], "texture": "#0"},
				"east": {"uv": [1, 0, 5.646, 3], "texture": "#0"},
				"south": {"uv": [1, 0, 5.646, 3], "texture": "#0"},
				"west": {"uv": [1, 0, 5.646, 3], "texture": "#0"},
				"up": {"uv": [1, 0, 5.646, 2], "texture": "#0"},
				"down": {"uv": [1, 6, 14, 10], "rotation": 270, "texture": "#0"}
			}
		},
		{
			"name": "hexadecagon",
			"from": [5.67416, 9.22, -3.6928],
			"to": [10.32584, 10.9, -2.4496],
			"rotation": {"angle": -22.5, "axis": "y", "origin": [8, 10.06, 8]},
			"faces": {
				"north": {"uv": [1, 0, 5.646, 3], "texture": "#0"},
				"east": {"uv": [1, 0, 5.646, 3], "texture": "#0"},
				"south": {"uv": [1, 0, 5.646, 3], "texture": "#0"},
				"west": {"uv": [1, 0, 5.646, 3], "texture": "#0"},
				"up": {"uv": [1, 0, 5.646, 2], "texture": "#0"},
				"down": {"uv": [1, 6, 14, 10], "rotation": 270, "texture": "#0"}
			}
		},
		{
			"name": "hexadecagon",
			"from": [5.67416, 9.22, -3.6928],
			"to": [10.32584, 10.9, -2.4496],
			"rotation": {"angle": 0, "axis": "y", "origin": [8, 10.06, 8]},
			"faces": {
				"north": {"uv": [1, 0, 5.646, 3], "texture": "#0"},
				"east": {"uv": [1, 0, 5.646, 3], "texture": "#0"},
				"south": {"uv": [1, 0, 5.646, 3], "texture": "#0"},
				"west": {"uv": [1, 0, 5.646, 3], "texture": "#0"},
				"up": {"uv": [1, 0, 5.646, 2], "texture": "#0"},
				"down": {"uv": [1, 6, 14, 10], "rotation": 270, "texture": "#0"}
			}
		},
		{
			"name": "hexadecagon",
			"from": [5.67416, 9.22, -3.6928],
			"to": [10.32584, 10.9, -2.4496],
			"rotation": {"angle": 22.5, "axis": "y", "origin": [8, 10.06, 8]},
			"faces": {
				"north": {"uv": [1, 0, 5.646, 3], "texture": "#0"},
				"east": {"uv": [1, 0, 5.646, 3], "texture": "#0"},
				"south": {"uv": [1, 0, 5.646, 3], "texture": "#0"},
				"west": {"uv": [1, 0, 5.646, 3], "texture": "#0"},
				"up": {"uv": [1, 0, 5.646, 2], "texture": "#0"},
				"down": {"uv": [1, 6, 14, 10], "rotation": 270, "texture": "#0"}
			}
		},
		{
			"name": "hexadecagon",
			"from": [5.67416, 9.22, -3.6928],
			"to": [10.32584, 10.9, -2.4496],
			"rotation": {"angle": 45, "axis": "y", "origin": [8, 10.06, 8]},
			"faces": {
				"north": {"uv": [1, 0, 5.646, 3], "texture": "#0"},
				"east": {"uv": [1, 0, 5.646, 3], "texture": "#0"},
				"south": {"uv": [1, 0, 5.646, 3], "texture": "#0"},
				"west": {"uv": [1, 0, 5.646, 3], "texture": "#0"},
				"up": {"uv": [1, 0, 5.646, 2], "texture": "#0"},
				"down": {"uv": [1, 6, 14, 10], "rotation": 270, "texture": "#0"}
			}
		},
		{
			"name": "hexadecagon",
			"from": [5.67416, 9.22, 18.4496],
			"to": [10.32584, 10.9, 19.6928],
			"rotation": {"angle": -45, "axis": "y", "origin": [8, 10.06, 8]},
			"faces": {
				"north": {"uv": [1, 0, 5.646, 3], "texture": "#0"},
				"east": {"uv": [1, 0, 5.646, 3], "texture": "#0"},
				"south": {"uv": [1, 0, 5.646, 3], "texture": "#0"},
				"west": {"uv": [1, 0, 5.646, 3], "texture": "#0"},
				"up": {"uv": [1, 0, 5.646, 2], "texture": "#0"},
				"down": {"uv": [1, 6, 14, 10], "rotation": 270, "texture": "#0"}
			}
		},
		{
			"name": "hexadecagon",
			"from": [5.67416, 9.22, 18.4496],
			"to": [10.32584, 10.9, 19.6928],
			"rotation": {"angle": -22.5, "axis": "y", "origin": [8, 10.06, 8]},
			"faces": {
				"north": {"uv": [1, 0, 5.646, 3], "texture": "#0"},
				"east": {"uv": [1, 0, 5.646, 3], "texture": "#0"},
				"south": {"uv": [1, 0, 5.646, 3], "texture": "#0"},
				"west": {"uv": [1, 0, 5.646, 3], "texture": "#0"},
				"up": {"uv": [1, 0, 5.646, 2], "texture": "#0"},
				"down": {"uv": [1, 6, 14, 10], "rotation": 270, "texture": "#0"}
			}
		},
		{
			"name": "hexadecagon",
			"from": [5.67416, 9.22, 18.4496],
			"to": [10.32584, 10.9, 19.6928],
			"rotation": {"angle": 0, "axis": "y", "origin": [8, 10.06, 8]},
			"faces": {
				"north": {"uv": [1, 0, 5.646, 3], "texture": "#0"},
				"east": {"uv": [1, 0, 5.646, 3], "texture": "#0"},
				"south": {"uv": [1, 0, 5.646, 3], "texture": "#0"},
				"west": {"uv": [1, 0, 5.646, 3], "texture": "#0"},
				"up": {"uv": [1, 0, 5.646, 2], "texture": "#0"},
				"down": {"uv": [1, 6, 14, 10], "rotation": 270, "texture": "#0"}
			}
		},
		{
			"name": "hexadecagon",
			"from": [5.67416, 9.22, 18.4496],
			"to": [10.32584, 10.9, 19.6928],
			"rotation": {"angle": 22.5, "axis": "y", "origin": [8, 10.06, 8]},
			"faces": {
				"north": {"uv": [1, 0, 5.646, 3], "texture": "#0"},
				"east": {"uv": [1, 0, 5.646, 3], "texture": "#0"},
				"south": {"uv": [1, 0, 5.646, 3], "texture": "#0"},
				"west": {"uv": [1, 0, 5.646, 3], "texture": "#0"},
				"up": {"uv": [1, 0, 5.646, 2], "texture": "#0"},
				"down": {"uv": [1, 6, 14, 10], "rotation": 270, "texture": "#0"}
			}
		},
		{
			"name": "hexadecagon",
			"from": [5.67416, 9.22, 18.4496],
			"to": [10.32584, 10.9, 19.6928],
			"rotation": {"angle": 45, "axis": "y", "origin": [8, 10.06, 8]},
			"faces": {
				"north": {"uv": [1, 0, 5.646, 3], "texture": "#0"},
				"east": {"uv": [1, 0, 5.646, 3], "texture": "#0"},
				"south": {"uv": [1, 0, 5.646, 3], "texture": "#0"},
				"west": {"uv": [1, 0, 5.646, 3], "texture": "#0"},
				"up": {"uv": [1, 0, 5.646, 2], "texture": "#0"},
				"down": {"uv": [1, 6, 14, 10], "rotation": 270, "texture": "#0"}
			}
		},
		{
			"name": "hexadecagon",
			"from": [-3.6928, 9.22, 5.67416],
			"to": [-2.4496, 10.9, 10.32584],
			"rotation": {"angle": -22.5, "axis": "y", "origin": [8, 10.06, 8]},
			"faces": {
				"north": {"uv": [1, 0, 5.646, 3], "texture": "#0"},
				"east": {"uv": [1, 0, 5.646, 3], "texture": "#0"},
				"south": {"uv": [1, 0, 5.646, 3], "texture": "#0"},
				"west": {"uv": [1, 0, 5.646, 3], "texture": "#0"},
				"up": {"uv": [1, 0, 5.646, 2], "texture": "#0"},
				"down": {"uv": [1, 6, 14, 10], "rotation": 270, "texture": "#0"}
			}
		},
		{
			"name": "hexadecagon",
			"from": [-3.6928, 9.22, 5.67416],
			"to": [-2.4496, 10.9, 10.32584],
			"rotation": {"angle": 0, "axis": "y", "origin": [8, 10.06, 8]},
			"faces": {
				"north": {"uv": [1, 0, 5.646, 3], "texture": "#0"},
				"east": {"uv": [1, 0, 5.646, 3], "texture": "#0"},
				"south": {"uv": [1, 0, 5.646, 3], "texture": "#0"},
				"west": {"uv": [1, 0, 5.646, 3], "texture": "#0"},
				"up": {"uv": [1, 0, 5.646, 2], "texture": "#0"},
				"down": {"uv": [1, 6, 14, 10], "rotation": 270, "texture": "#0"}
			}
		},
		{
			"name": "hexadecagon",
			"from": [-3.6928, 9.22, 5.67416],
			"to": [-2.4496, 10.9, 10.32584],
			"rotation": {"angle": 22.5, "axis": "y", "origin": [8, 10.06, 8]},
			"faces": {
				"north": {"uv": [1, 0, 5.646, 3], "texture": "#0"},
				"east": {"uv": [1, 0, 5.646, 3], "texture": "#0"},
				"south": {"uv": [1, 0, 5.646, 3], "texture": "#0"},
				"west": {"uv": [1, 0, 5.646, 3], "texture": "#0"},
				"up": {"uv": [1, 0, 5.646, 2], "texture": "#0"},
				"down": {"uv": [1, 6, 14, 10], "rotation": 270, "texture": "#0"}
			}
		},
		{
			"name": "hexadecagon",
			"from": [18.4496, 9.22, 5.67416],
			"to": [19.6928, 10.9, 10.32584],
			"rotation": {"angle": -22.5, "axis": "y", "origin": [8, 10.06, 8]},
			"faces": {
				"north": {"uv": [1, 0, 5.646, 3], "texture": "#0"},
				"east": {"uv": [1, 0, 5.646, 3], "texture": "#0"},
				"south": {"uv": [1, 0, 5.646, 3], "texture": "#0"},
				"west": {"uv": [1, 0, 5.646, 3], "texture": "#0"},
				"up": {"uv": [1, 0, 5.646, 2], "texture": "#0"},
				"down": {"uv": [1, 6, 14, 10], "rotation": 270, "texture": "#0"}
			}
		},
		{
			"name": "hexadecagon",
			"from": [18.4496, 9.22, 5.67416],
			"to": [19.6928, 10.9, 10.32584],
			"rotation": {"angle": 0, "axis": "y", "origin": [8, 10.06, 8]},
			"faces": {
				"north": {"uv": [1, 0, 5.646, 3], "texture": "#0"},
				"east": {"uv": [1, 0, 5.646, 3], "texture": "#0"},
				"south": {"uv": [1, 0, 5.646, 3], "texture": "#0"},
				"west": {"uv": [1, 0, 5.646, 3], "texture": "#0"},
				"up": {"uv": [1, 0, 5.646, 2], "texture": "#0"},
				"down": {"uv": [1, 6, 14, 10], "rotation": 270, "texture": "#0"}
			}
		},
		{
			"name": "hexadecagon",
			"from": [18.4496, 9.22, 5.67416],
			"to": [19.6928, 10.9, 10.32584],
			"rotation": {"angle": 22.5, "axis": "y", "origin": [8, 10.06, 8]},
			"faces": {
				"north": {"uv": [1, 0, 5.646, 3], "texture": "#0"},
				"east": {"uv": [1, 0, 5.646, 3], "texture": "#0"},
				"south": {"uv": [1, 0, 5.646, 3], "texture": "#0"},
				"west": {"uv": [1, 0, 5.646, 3], "texture": "#0"},
				"up": {"uv": [1, 0, 5.646, 2], "texture": "#0"},
				"down": {"uv": [1, 6, 14, 10], "rotation": 270, "texture": "#0"}
			}
		},
		{
			"name": "hexadecagon",
			"from": [5.71694, 7.54, -3.47772],
			"to": [10.28306, 9.22, 19.47772],
			"rotation": {"angle": -45, "axis": "y", "origin": [8, 7.54, 8]},
			"faces": {
				"north": {"uv": [1, 7, 5.646, 10], "texture": "#0"},
				"east": {"uv": [1, 7, 5.646, 10], "texture": "#0"},
				"south": {"uv": [1, 7, 5.646, 10], "texture": "#0"},
				"west": {"uv": [1, 7, 5.646, 10], "texture": "#0"},
				"up": {"uv": [0, 0, 1, 1], "texture": "#missing"},
				"down": {"uv": [1, 6, 14, 10], "rotation": 270, "texture": "#0"}
			}
		},
		{
			"name": "hexadecagon",
			"from": [5.71694, 7.54, -3.47772],
			"to": [10.28306, 9.22, 19.47772],
			"rotation": {"angle": -22.5, "axis": "y", "origin": [8, 7.54, 8]},
			"faces": {
				"north": {"uv": [1, 7, 5.646, 10], "texture": "#0"},
				"east": {"uv": [1, 7, 5.646, 10], "texture": "#0"},
				"south": {"uv": [1, 7, 5.646, 10], "texture": "#0"},
				"west": {"uv": [1, 7, 5.646, 10], "texture": "#0"},
				"up": {"uv": [0, 0, 1, 1], "texture": "#missing"},
				"down": {"uv": [1, 6, 14, 10], "rotation": 270, "texture": "#0"}
			}
		},
		{
			"name": "hexadecagon",
			"from": [5.71694, 7.54, -3.47772],
			"to": [10.28306, 9.22, 19.47772],
			"rotation": {"angle": 0, "axis": "y", "origin": [8, 7.54, 8]},
			"faces": {
				"north": {"uv": [1, 7, 5.646, 10], "texture": "#0"},
				"east": {"uv": [1, 7, 5.646, 10], "texture": "#0"},
				"south": {"uv": [1, 7, 5.646, 10], "texture": "#0"},
				"west": {"uv": [1, 7, 5.646, 10], "texture": "#0"},
				"up": {"uv": [0, 0, 1, 1], "texture": "#missing"},
				"down": {"uv": [1, 6, 14, 10], "rotation": 270, "texture": "#0"}
			}
		},
		{
			"name": "hexadecagon",
			"from": [5.71694, 7.54, -3.47772],
			"to": [10.28306, 9.22, 19.47772],
			"rotation": {"angle": 22.5, "axis": "y", "origin": [8, 7.54, 8]},
			"faces": {
				"north": {"uv": [1, 7, 5.646, 10], "texture": "#0"},
				"east": {"uv": [1, 7, 5.646, 10], "texture": "#0"},
				"south": {"uv": [1, 7, 5.646, 10], "texture": "#0"},
				"west": {"uv": [1, 7, 5.646, 10], "texture": "#0"},
				"up": {"uv": [0, 0, 1, 1], "texture": "#missing"},
				"down": {"uv": [1, 6, 14, 10], "rotation": 270, "texture": "#0"}
			}
		},
		{
			"name": "hexadecagon",
			"from": [5.71694, 7.54, -3.47772],
			"to": [10.28306, 9.22, 19.47772],
			"rotation": {"angle": 45, "axis": "y", "origin": [8, 7.54, 8]},
			"faces": {
				"north": {"uv": [1, 7, 5.646, 10], "texture": "#0"},
				"east": {"uv": [1, 7, 5.646, 10], "texture": "#0"},
				"south": {"uv": [1, 7, 5.646, 10], "texture": "#0"},
				"west": {"uv": [1, 7, 5.646, 10], "texture": "#0"},
				"up": {"uv": [0, 0, 1, 1], "texture": "#missing"},
				"down": {"uv": [1, 6, 14, 10], "rotation": 270, "texture": "#0"}
			}
		},
		{
			"name": "hexadecagon",
			"from": [-3.47772, 7.54, 5.71694],
			"to": [19.47772, 9.22, 10.28306],
			"rotation": {"angle": -22.5, "axis": "y", "origin": [8, 7.54, 8]},
			"faces": {
				"north": {"uv": [1, 7, 5.646, 10], "texture": "#0"},
				"east": {"uv": [1, 7, 5.646, 10], "texture": "#0"},
				"south": {"uv": [1, 7, 5.646, 10], "texture": "#0"},
				"west": {"uv": [1, 7, 5.646, 10], "texture": "#0"},
				"up": {"uv": [0, 0, 1, 1], "texture": "#missing"},
				"down": {"uv": [1, 6, 14, 10], "rotation": 270, "texture": "#0"}
			}
		},
		{
			"name": "hexadecagon",
			"from": [-3.47772, 7.54, 5.71694],
			"to": [19.47772, 9.22, 10.28306],
			"rotation": {"angle": 0, "axis": "y", "origin": [8, 7.54, 8]},
			"faces": {
				"north": {"uv": [1, 7, 5.646, 10], "texture": "#0"},
				"east": {"uv": [1, 7, 5.646, 10], "texture": "#0"},
				"south": {"uv": [1, 7, 5.646, 10], "texture": "#0"},
				"west": {"uv": [1, 7, 5.646, 10], "texture": "#0"},
				"up": {"uv": [0, 0, 1, 1], "texture": "#missing"},
				"down": {"uv": [1, 6, 14, 10], "rotation": 270, "texture": "#0"}
			}
		},
		{
			"name": "hexadecagon",
			"from": [-3.47772, 7.54, 5.71694],
			"to": [19.47772, 9.22, 10.28306],
			"rotation": {"angle": 22.5, "axis": "y", "origin": [8, 7.54, 8]},
			"faces": {
				"north": {"uv": [1, 7, 5.646, 10], "texture": "#0"},
				"east": {"uv": [1, 7, 5.646, 10], "texture": "#0"},
				"south": {"uv": [1, 7, 5.646, 10], "texture": "#0"},
				"west": {"uv": [1, 7, 5.646, 10], "texture": "#0"},
				"up": {"uv": [0, 0, 1, 1], "texture": "#missing"},
				"down": {"uv": [1, 6, 14, 10], "rotation": 270, "texture": "#0"}
			}
		},
		{
			"name": "hexadecagon",
			"from": [5.80475, 5.86, -3.03627],
			"to": [10.19525, 7.54, 19.03627],
			"rotation": {"angle": -45, "axis": "y", "origin": [8, 5.86, 8]},
			"faces": {
				"north": {"uv": [1, 7, 5.646, 10], "texture": "#0"},
				"east": {"uv": [1, 7, 5.646, 10], "texture": "#0"},
				"south": {"uv": [1, 7, 5.646, 10], "texture": "#0"},
				"west": {"uv": [1, 7, 5.646, 10], "texture": "#0"},
				"up": {"uv": [0, 0, 1, 1], "texture": "#missing"},
				"down": {"uv": [1, 6, 14, 10], "rotation": 270, "texture": "#0"}
			}
		},
		{
			"name": "hexadecagon",
			"from": [5.80475, 5.86, -3.03627],
			"to": [10.19525, 7.54, 19.03627],
			"rotation": {"angle": -22.5, "axis": "y", "origin": [8, 5.86, 8]},
			"faces": {
				"north": {"uv": [1, 7, 5.646, 10], "texture": "#0"},
				"east": {"uv": [1, 7, 5.646, 10], "texture": "#0"},
				"south": {"uv": [1, 7, 5.646, 10], "texture": "#0"},
				"west": {"uv": [1, 7, 5.646, 10], "texture": "#0"},
				"up": {"uv": [0, 0, 1, 1], "texture": "#missing"},
				"down": {"uv": [1, 6, 14, 10], "rotation": 270, "texture": "#0"}
			}
		},
		{
			"name": "hexadecagon",
			"from": [5.80475, 5.86, -3.03627],
			"to": [10.19525, 7.54, 19.03627],
			"rotation": {"angle": 0, "axis": "y", "origin": [8, 5.86, 8]},
			"faces": {
				"north": {"uv": [1, 7, 5.646, 10], "texture": "#0"},
				"east": {"uv": [1, 7, 5.646, 10], "texture": "#0"},
				"south": {"uv": [1, 7, 5.646, 10], "texture": "#0"},
				"west": {"uv": [1, 7, 5.646, 10], "texture": "#0"},
				"up": {"uv": [0, 0, 1, 1], "texture": "#missing"},
				"down": {"uv": [1, 6, 14, 10], "rotation": 270, "texture": "#0"}
			}
		},
		{
			"name": "hexadecagon",
			"from": [5.80475, 5.86, -3.03627],
			"to": [10.19525, 7.54, 19.03627],
			"rotation": {"angle": 22.5, "axis": "y", "origin": [8, 5.86, 8]},
			"faces": {
				"north": {"uv": [1, 7, 5.646, 10], "texture": "#0"},
				"east": {"uv": [1, 7, 5.646, 10], "texture": "#0"},
				"south": {"uv": [1, 7, 5.646, 10], "texture": "#0"},
				"west": {"uv": [1, 7, 5.646, 10], "texture": "#0"},
				"up": {"uv": [0, 0, 1, 1], "texture": "#missing"},
				"down": {"uv": [1, 6, 14, 10], "rotation": 270, "texture": "#0"}
			}
		},
		{
			"name": "hexadecagon",
			"from": [5.80475, 5.86, -3.03627],
			"to": [10.19525, 7.54, 19.03627],
			"rotation": {"angle": 45, "axis": "y", "origin": [8, 5.86, 8]},
			"faces": {
				"north": {"uv": [1, 7, 5.646, 10], "texture": "#0"},
				"east": {"uv": [1, 7, 5.646, 10], "texture": "#0"},
				"south": {"uv": [1, 7, 5.646, 10], "texture": "#0"},
				"west": {"uv": [1, 7, 5.646, 10], "texture": "#0"},
				"up": {"uv": [0, 0, 1, 1], "texture": "#missing"},
				"down": {"uv": [1, 6, 14, 10], "rotation": 270, "texture": "#0"}
			}
		},
		{
			"name": "hexadecagon",
			"from": [-3.03627, 5.86, 5.80475],
			"to": [19.03627, 7.54, 10.19525],
			"rotation": {"angle": -22.5, "axis": "y", "origin": [8, 5.86, 8]},
			"faces": {
				"north": {"uv": [1, 7, 5.646, 10], "texture": "#0"},
				"east": {"uv": [1, 7, 5.646, 10], "texture": "#0"},
				"south": {"uv": [1, 7, 5.646, 10], "texture": "#0"},
				"west": {"uv": [1, 7, 5.646, 10], "texture": "#0"},
				"up": {"uv": [0, 0, 1, 1], "texture": "#missing"},
				"down": {"uv": [1, 6, 14, 10], "rotation": 270, "texture": "#0"}
			}
		},
		{
			"name": "hexadecagon",
			"from": [-3.03627, 5.86, 5.80475],
			"to": [19.03627, 7.54, 10.19525],
			"rotation": {"angle": 0, "axis": "y", "origin": [8, 5.86, 8]},
			"faces": {
				"north": {"uv": [1, 7, 5.646, 10], "texture": "#0"},
				"east": {"uv": [1, 7, 5.646, 10], "texture": "#0"},
				"south": {"uv": [1, 7, 5.646, 10], "texture": "#0"},
				"west": {"uv": [1, 7, 5.646, 10], "texture": "#0"},
				"up": {"uv": [0, 0, 1, 1], "texture": "#missing"},
				"down": {"uv": [1, 6, 14, 10], "rotation": 270, "texture": "#0"}
			}
		},
		{
			"name": "hexadecagon",
			"from": [-3.03627, 5.86, 5.80475],
			"to": [19.03627, 7.54, 10.19525],
			"rotation": {"angle": 22.5, "axis": "y", "origin": [8, 5.86, 8]},
			"faces": {
				"north": {"uv": [1, 7, 5.646, 10], "texture": "#0"},
				"east": {"uv": [1, 7, 5.646, 10], "texture": "#0"},
				"south": {"uv": [1, 7, 5.646, 10], "texture": "#0"},
				"west": {"uv": [1, 7, 5.646, 10], "texture": "#0"},
				"up": {"uv": [0, 0, 1, 1], "texture": "#missing"},
				"down": {"uv": [1, 6, 14, 10], "rotation": 270, "texture": "#0"}
			}
		},
		{
			"name": "hexadecagon",
			"from": [5.88918, 4.18, -2.61179],
			"to": [10.11082, 5.86, 18.61179],
			"rotation": {"angle": -45, "axis": "y", "origin": [8, 4.18, 8]},
			"faces": {
				"north": {"uv": [1, 4, 5.646, 7], "texture": "#0"},
				"east": {"uv": [1, 4, 5.646, 7], "texture": "#0"},
				"south": {"uv": [1, 4, 5.646, 7], "texture": "#0"},
				"west": {"uv": [1, 4, 5.646, 7], "texture": "#0"},
				"up": {"uv": [0, 0, 1, 1], "texture": "#missing"},
				"down": {"uv": [1, 6, 14, 10], "rotation": 270, "texture": "#0"}
			}
		},
		{
			"name": "hexadecagon",
			"from": [5.88918, 4.18, -2.61179],
			"to": [10.11082, 5.86, 18.61179],
			"rotation": {"angle": -22.5, "axis": "y", "origin": [8, 4.18, 8]},
			"faces": {
				"north": {"uv": [1, 4, 5.646, 7], "texture": "#0"},
				"east": {"uv": [1, 4, 5.646, 7], "texture": "#0"},
				"south": {"uv": [1, 4, 5.646, 7], "texture": "#0"},
				"west": {"uv": [1, 4, 5.646, 7], "texture": "#0"},
				"up": {"uv": [0, 0, 1, 1], "texture": "#missing"},
				"down": {"uv": [1, 6, 14, 10], "rotation": 270, "texture": "#0"}
			}
		},
		{
			"name": "hexadecagon",
			"from": [5.88918, 4.18, -2.61179],
			"to": [10.11082, 5.86, 18.61179],
			"rotation": {"angle": 0, "axis": "y", "origin": [8, 4.18, 8]},
			"faces": {
				"north": {"uv": [1, 4, 5.646, 7], "texture": "#0"},
				"east": {"uv": [1, 4, 5.646, 7], "texture": "#0"},
				"south": {"uv": [1, 4, 5.646, 7], "texture": "#0"},
				"west": {"uv": [1, 4, 5.646, 7], "texture": "#0"},
				"up": {"uv": [0, 0, 1, 1], "texture": "#missing"},
				"down": {"uv": [1, 6, 14, 10], "rotation": 270, "texture": "#0"}
			}
		},
		{
			"name": "hexadecagon",
			"from": [5.88918, 4.18, -2.61179],
			"to": [10.11082, 5.86, 18.61179],
			"rotation": {"angle": 22.5, "axis": "y", "origin": [8, 4.18, 8]},
			"faces": {
				"north": {"uv": [1, 4, 5.646, 7], "texture": "#0"},
				"east": {"uv": [1, 4, 5.646, 7], "texture": "#0"},
				"south": {"uv": [1, 4, 5.646, 7], "texture": "#0"},
				"west": {"uv": [1, 4, 5.646, 7], "texture": "#0"},
				"up": {"uv": [0, 0, 1, 1], "texture": "#missing"},
				"down": {"uv": [1, 6, 14, 10], "rotation": 270, "texture": "#0"}
			}
		},
		{
			"name": "hexadecagon",
			"from": [5.88918, 4.18, -2.61179],
			"to": [10.11082, 5.86, 18.61179],
			"rotation": {"angle": 45, "axis": "y", "origin": [8, 4.18, 8]},
			"faces": {
				"north": {"uv": [1, 4, 5.646, 7], "texture": "#0"},
				"east": {"uv": [1, 4, 5.646, 7], "texture": "#0"},
				"south": {"uv": [1, 4, 5.646, 7], "texture": "#0"},
				"west": {"uv": [1, 4, 5.646, 7], "texture": "#0"},
				"up": {"uv": [0, 0, 1, 1], "texture": "#missing"},
				"down": {"uv": [1, 6, 14, 10], "rotation": 270, "texture": "#0"}
			}
		},
		{
			"name": "hexadecagon",
			"from": [-2.61179, 4.18, 5.88918],
			"to": [18.61179, 5.86, 10.11082],
			"rotation": {"angle": -22.5, "axis": "y", "origin": [8, 4.18, 8]},
			"faces": {
				"north": {"uv": [1, 4, 5.646, 7], "texture": "#0"},
				"east": {"uv": [1, 4, 5.646, 7], "texture": "#0"},
				"south": {"uv": [1, 4, 5.646, 7], "texture": "#0"},
				"west": {"uv": [1, 4, 5.646, 7], "texture": "#0"},
				"up": {"uv": [0, 0, 1, 1], "texture": "#missing"},
				"down": {"uv": [1, 6, 14, 10], "rotation": 270, "texture": "#0"}
			}
		},
		{
			"name": "hexadecagon",
			"from": [-2.61179, 4.18, 5.88918],
			"to": [18.61179, 5.86, 10.11082],
			"rotation": {"angle": 0, "axis": "y", "origin": [8, 4.18, 8]},
			"faces": {
				"north": {"uv": [1, 4, 5.646, 7], "texture": "#0"},
				"east": {"uv": [1, 4, 5.646, 7], "texture": "#0"},
				"south": {"uv": [1, 4, 5.646, 7], "texture": "#0"},
				"west": {"uv": [1, 4, 5.646, 7], "texture": "#0"},
				"up": {"uv": [0, 0, 1, 1], "texture": "#missing"},
				"down": {"uv": [1, 6, 14, 10], "rotation": 270, "texture": "#0"}
			}
		},
		{
			"name": "hexadecagon",
			"from": [-2.61179, 4.18, 5.88918],
			"to": [18.61179, 5.86, 10.11082],
			"rotation": {"angle": 22.5, "axis": "y", "origin": [8, 4.18, 8]},
			"faces": {
				"north": {"uv": [1, 4, 5.646, 7], "texture": "#0"},
				"east": {"uv": [1, 4, 5.646, 7], "texture": "#0"},
				"south": {"uv": [1, 4, 5.646, 7], "texture": "#0"},
				"west": {"uv": [1, 4, 5.646, 7], "texture": "#0"},
				"up": {"uv": [0, 0, 1, 1], "texture": "#missing"},
				"down": {"uv": [1, 6, 14, 10], "rotation": 270, "texture": "#0"}
			}
		},
		{
			"name": "hexadecagon",
			"from": [5.97037, 2.5, -2.20365],
			"to": [10.02963, 4.18, 18.20365],
			"rotation": {"angle": -45, "axis": "y", "origin": [8, 2.5, 8]},
			"faces": {
				"north": {"uv": [1, 7, 5.646, 10], "texture": "#0"},
				"east": {"uv": [1, 7, 5.646, 10], "texture": "#0"},
				"south": {"uv": [1, 7, 5.646, 10], "texture": "#0"},
				"west": {"uv": [1, 7, 5.646, 10], "texture": "#0"},
				"up": {"uv": [0, 0, 1, 1], "texture": "#missing"},
				"down": {"uv": [1, 6, 14, 10], "rotation": 270, "texture": "#0"}
			}
		},
		{
			"name": "hexadecagon",
			"from": [5.97037, 2.5, -2.20365],
			"to": [10.02963, 4.18, 18.20365],
			"rotation": {"angle": -22.5, "axis": "y", "origin": [8, 2.5, 8]},
			"faces": {
				"north": {"uv": [1, 7, 5.646, 10], "texture": "#0"},
				"east": {"uv": [1, 7, 5.646, 10], "texture": "#0"},
				"south": {"uv": [1, 7, 5.646, 10], "texture": "#0"},
				"west": {"uv": [1, 7, 5.646, 10], "texture": "#0"},
				"up": {"uv": [0, 0, 1, 1], "texture": "#missing"},
				"down": {"uv": [1, 6, 14, 10], "rotation": 270, "texture": "#0"}
			}
		},
		{
			"name": "hexadecagon",
			"from": [5.97037, 2.5, -2.20365],
			"to": [10.02963, 4.18, 18.20365],
			"rotation": {"angle": 0, "axis": "y", "origin": [8, 2.5, 8]},
			"faces": {
				"north": {"uv": [1, 7, 5.646, 10], "texture": "#0"},
				"east": {"uv": [1, 7, 5.646, 10], "texture": "#0"},
				"south": {"uv": [1, 7, 5.646, 10], "texture": "#0"},
				"west": {"uv": [1, 7, 5.646, 10], "texture": "#0"},
				"up": {"uv": [0, 0, 1, 1], "texture": "#missing"},
				"down": {"uv": [1, 6, 14, 10], "rotation": 270, "texture": "#0"}
			}
		},
		{
			"name": "hexadecagon",
			"from": [5.97037, 2.5, -2.20365],
			"to": [10.02963, 4.18, 18.20365],
			"rotation": {"angle": 22.5, "axis": "y", "origin": [8, 2.5, 8]},
			"faces": {
				"north": {"uv": [1, 7, 5.646, 10], "texture": "#0"},
				"east": {"uv": [1, 7, 5.646, 10], "texture": "#0"},
				"south": {"uv": [1, 7, 5.646, 10], "texture": "#0"},
				"west": {"uv": [1, 7, 5.646, 10], "texture": "#0"},
				"up": {"uv": [0, 0, 1, 1], "texture": "#missing"},
				"down": {"uv": [1, 6, 14, 10], "rotation": 270, "texture": "#0"}
			}
		},
		{
			"name": "hexadecagon",
			"from": [5.97037, 2.5, -2.20365],
			"to": [10.02963, 4.18, 18.20365],
			"rotation": {"angle": 45, "axis": "y", "origin": [8, 2.5, 8]},
			"faces": {
				"north": {"uv": [1, 7, 5.646, 10], "texture": "#0"},
				"east": {"uv": [1, 7, 5.646, 10], "texture": "#0"},
				"south": {"uv": [1, 7, 5.646, 10], "texture": "#0"},
				"west": {"uv": [1, 7, 5.646, 10], "texture": "#0"},
				"up": {"uv": [0, 0, 1, 1], "texture": "#missing"},
				"down": {"uv": [1, 6, 14, 10], "rotation": 270, "texture": "#0"}
			}
		},
		{
			"name": "hexadecagon",
			"from": [-2.20365, 2.5, 5.97037],
			"to": [18.20365, 4.18, 10.02963],
			"rotation": {"angle": -22.5, "axis": "y", "origin": [8, 2.5, 8]},
			"faces": {
				"north": {"uv": [1, 7, 5.646, 10], "texture": "#0"},
				"east": {"uv": [1, 7, 5.646, 10], "texture": "#0"},
				"south": {"uv": [1, 7, 5.646, 10], "texture": "#0"},
				"west": {"uv": [1, 7, 5.646, 10], "texture": "#0"},
				"up": {"uv": [0, 0, 1, 1], "texture": "#missing"},
				"down": {"uv": [1, 6, 14, 10], "rotation": 270, "texture": "#0"}
			}
		},
		{
			"name": "hexadecagon",
			"from": [-2.20365, 2.5, 5.97037],
			"to": [18.20365, 4.18, 10.02963],
			"rotation": {"angle": 0, "axis": "y", "origin": [8, 2.5, 8]},
			"faces": {
				"north": {"uv": [1, 7, 5.646, 10], "texture": "#0"},
				"east": {"uv": [1, 7, 5.646, 10], "texture": "#0"},
				"south": {"uv": [1, 7, 5.646, 10], "texture": "#0"},
				"west": {"uv": [1, 7, 5.646, 10], "texture": "#0"},
				"up": {"uv": [0, 0, 1, 1], "texture": "#missing"},
				"down": {"uv": [1, 6, 14, 10], "rotation": 270, "texture": "#0"}
			}
		},
		{
			"name": "hexadecagon",
			"from": [-2.20365, 2.5, 5.97037],
			"to": [18.20365, 4.18, 10.02963],
			"rotation": {"angle": 22.5, "axis": "y", "origin": [8, 2.5, 8]},
			"faces": {
				"north": {"uv": [1, 7, 5.646, 10], "texture": "#0"},
				"east": {"uv": [1, 7, 5.646, 10], "texture": "#0"},
				"south": {"uv": [1, 7, 5.646, 10], "texture": "#0"},
				"west": {"uv": [1, 7, 5.646, 10], "texture": "#0"},
				"up": {"uv": [0, 0, 1, 1], "texture": "#missing"},
				"down": {"uv": [1, 6, 14, 10], "rotation": 270, "texture": "#0"}
			}
		},
		{
			"name": "hexadecagon",
			"from": [6.04843, -0.01496, -1.8112],
			"to": [9.95157, 2.50504, 17.8112],
			"rotation": {"angle": -45, "axis": "y", "origin": [8, 0.82, 8]},
			"faces": {
				"north": {"uv": [1, 12, 5.646, 15], "texture": "#0"},
				"east": {"uv": [1, 12, 5.646, 15], "texture": "#0"},
				"south": {"uv": [1, 12, 5.646, 15], "texture": "#0"},
				"west": {"uv": [1, 12, 5.646, 15], "texture": "#0"},
				"up": {"uv": [0, 0, 1, 1], "texture": "#0"},
				"down": {"uv": [1, 6, 14, 10], "rotation": 270, "texture": "#0"}
			}
		},
		{
			"name": "hexadecagon",
			"from": [6.04843, -0.01412, -1.8112],
			"to": [9.95157, 2.50588, 17.8112],
			"rotation": {"angle": -22.5, "axis": "y", "origin": [8, 0.82, 8]},
			"faces": {
				"north": {"uv": [1, 12, 5.646, 15], "texture": "#0"},
				"east": {"uv": [1, 12, 5.646, 15], "texture": "#0"},
				"south": {"uv": [1, 12, 5.646, 15], "texture": "#0"},
				"west": {"uv": [1, 12, 5.646, 15], "texture": "#0"},
				"up": {"uv": [0, 0, 1, 1], "texture": "#0"},
				"down": {"uv": [1, 6, 14, 10], "rotation": 270, "texture": "#0"}
			}
		},
		{
			"name": "hexadecagon",
			"from": [6.04843, -0.02, -1.8112],
			"to": [9.95157, 2.5, 17.8112],
			"rotation": {"angle": 0, "axis": "y", "origin": [8, 0.82, 8]},
			"faces": {
				"north": {"uv": [1, 12, 5.646, 15], "texture": "#0"},
				"east": {"uv": [1, 12, 5.646, 15], "texture": "#0"},
				"south": {"uv": [1, 12, 5.646, 15], "texture": "#0"},
				"west": {"uv": [1, 12, 5.646, 15], "texture": "#0"},
				"up": {"uv": [0, 0, 1, 1], "texture": "#0"},
				"down": {"uv": [1, 6, 14, 10], "rotation": 270, "texture": "#0"}
			}
		},
		{
			"name": "hexadecagon",
			"from": [6.04843, -0.01916, -1.8112],
			"to": [9.95157, 2.50084, 17.8112],
			"rotation": {"angle": 22.5, "axis": "y", "origin": [8, 0.82, 8]},
			"faces": {
				"north": {"uv": [1, 12, 5.646, 15], "texture": "#0"},
				"east": {"uv": [1, 12, 5.646, 15], "texture": "#0"},
				"south": {"uv": [1, 12, 5.646, 15], "texture": "#0"},
				"west": {"uv": [1, 12, 5.646, 15], "texture": "#0"},
				"up": {"uv": [0, 0, 1, 1], "texture": "#0"},
				"down": {"uv": [1, 6, 14, 10], "rotation": 270, "texture": "#0"}
			}
		},
		{
			"name": "hexadecagon",
			"from": [6.04843, -0.01832, -1.8112],
			"to": [9.95157, 2.50168, 17.8112],
			"rotation": {"angle": 45, "axis": "y", "origin": [8, 0.82, 8]},
			"faces": {
				"north": {"uv": [1, 12, 5.646, 15], "texture": "#0"},
				"east": {"uv": [1, 12, 5.646, 15], "texture": "#0"},
				"south": {"uv": [1, 12, 5.646, 15], "texture": "#0"},
				"west": {"uv": [1, 12, 5.646, 15], "texture": "#0"},
				"up": {"uv": [0, 0, 1, 1], "texture": "#0"},
				"down": {"uv": [1, 6, 14, 10], "rotation": 270, "texture": "#0"}
			}
		},
		{
			"name": "hexadecagon",
			"from": [-1.8112, -0.01748, 6.04843],
			"to": [17.8112, 2.50252, 9.95157],
			"rotation": {"angle": -22.5, "axis": "y", "origin": [8, 0.82, 8]},
			"faces": {
				"north": {"uv": [1, 12, 5.646, 15], "texture": "#0"},
				"east": {"uv": [1, 12, 5.646, 15], "texture": "#0"},
				"south": {"uv": [1, 12, 5.646, 15], "texture": "#0"},
				"west": {"uv": [1, 12, 5.646, 15], "texture": "#0"},
				"up": {"uv": [0, 0, 1, 1], "texture": "#0"},
				"down": {"uv": [1, 6, 14, 10], "texture": "#0"}
			}
		},
		{
			"name": "hexadecagon",
			"from": [-1.8112, -0.01664, 6.04843],
			"to": [17.8112, 2.50336, 9.95157],
			"rotation": {"angle": 0, "axis": "y", "origin": [8, 0.82, 8]},
			"faces": {
				"north": {"uv": [1, 12, 5.646, 15], "texture": "#0"},
				"east": {"uv": [1, 12, 5.646, 15], "texture": "#0"},
				"south": {"uv": [1, 12, 5.646, 15], "texture": "#0"},
				"west": {"uv": [1, 12, 5.646, 15], "texture": "#0"},
				"up": {"uv": [0, 0, 1, 1], "texture": "#0"},
				"down": {"uv": [1, 6, 14, 10], "texture": "#0"}
			}
		},
		{
			"name": "hexadecagon",
			"from": [-1.8112, -0.0158, 6.04843],
			"to": [17.8112, 2.5042, 9.95157],
			"rotation": {"angle": 22.5, "axis": "y", "origin": [8, 0.82, 8]},
			"faces": {
				"north": {"uv": [1, 12, 5.646, 15], "texture": "#0"},
				"east": {"uv": [1, 12, 5.646, 15], "texture": "#0"},
				"south": {"uv": [1, 12, 5.646, 15], "texture": "#0"},
				"west": {"uv": [1, 12, 5.646, 15], "texture": "#0"},
				"up": {"uv": [0, 0, 1, 1], "texture": "#0"},
				"down": {"uv": [1, 6, 14, 10], "texture": "#0"}
			}
		}
	],
	"display": {
		"thirdperson_righthand": {
			"rotation": [75, 45, 0],
			"translation": [-5.5, 2.5, 0],
			"scale": [0.44727, 0.44727, 0.44727]
		},
		"thirdperson_lefthand": {
			"rotation": [75, 45, 0],
			"translation": [-5.5, 2.5, 0],
			"scale": [0.44727, 0.44727, 0.44727]
		},
		"firstperson_righthand": {
			"rotation": [-5.5, 45, 10.5],
			"translation": [0, 1.75, 0],
			"scale": [0.28281, 0.28281, 0.28281]
		},
		"firstperson_lefthand": {
			"rotation": [-5.5, 45, 10.5],
			"translation": [0, 1.75, 0],
			"scale": [0.28281, 0.28281, 0.28281]
		},
		"ground": {
			"translation": [0, 0.25, 0],
			"scale": [0.49805, 0.49805, 0.49805]
		},
		"gui": {
			"rotation": [30, 70, 0],
			"translation": [0, 1.25, 0],
			"scale": [0.625, 0.625, 0.625]
		},
		"head": {
			"translation": [0, 13.25, 0],
			"scale": [0.75781, 0.75781, 0.75781]
		},
		"fixed": {
			"rotation": [-90, 0, 0],
			"translation": [0, 0, -15],
			"scale": [2, 2, 2]
		}
	},
	"groups": [
		{
			"name": "group",
			"origin": [8, 8, 8],
			"children": [
				{
					"name": "Apple",
					"origin": [8, 8, 8],
					"children": [0, 1, 2]
				},
				{
					"name": "Apple",
					"origin": [8, 8, 8],
					"children": [3, 4, 5]
				},
				{
					"name": "Apple",
					"origin": [8, 8, 8],
					"children": [6, 7, 8]
				},
				{
					"name": "Apple",
					"origin": [8, 8, 8],
					"children": [9, 10, 11]
				}, 12,
				{
					"name": "hexadecagon",
					"origin": [8, 8, 8],
					"children": [13, 14, 15, 16, 17, 18, 19, 20, 21, 22, 23, 24, 25, 26, 27, 28]
				},
				{
					"name": "hexadecagon",
					"origin": [8, 8, 8],
					"children": [29, 30, 31, 32, 33, 34, 35, 36]
				},
				{
					"name": "hexadecagon",
					"origin": [8, 8, 8],
					"children": [37, 38, 39, 40, 41, 42, 43, 44]
				},
				{
					"name": "hexadecagon",
					"origin": [8, 8, 8],
					"children": [45, 46, 47, 48, 49, 50, 51, 52]
				},
				{
					"name": "hexadecagon",
					"origin": [8, 8, 8],
					"children": [53, 54, 55, 56, 57, 58, 59, 60]
				},
				{
					"name": "hexadecagon",
					"origin": [8, 8, 8],
					"children": [61, 62, 63, 64, 65, 66, 67, 68]
				}
			]
		}
	]
}