{
	"credit": "Made with Blockbench",
	"textures": {
		"0": "block/Blood_splatter1",
		"particle": "block/Blood_splatter1"
	},
	"elements": [
		{
			"from": [0, 0.1, 0],
			"to": [16, 0.1, 16],
			"rotation": {"angle": 0, "axis": "y", "origin": [8, 8.1, 8]},
			"faces": {
				"north": {"uv": [0, 0, 16, 0], "texture": "#0"},
				"east": {"uv": [0, 0, 16, 0], "texture": "#0"},
				"south": {"uv": [0, 0, 16, 0], "texture": "#0"},
				"west": {"uv": [0, 0, 16, 0], "texture": "#0"},
				"up": {"uv": [0, 0, 16, 16], "texture": "#0"}
			}
		}
	],
	"display": {
		"thirdperson_righthand": {
			"rotation": [66, 54.75, 0],
			"translation": [0, 2.75, 4.25],
			"scale": [0.66797, 0.66797, 0.66797]
		},
		"thirdperson_lefthand": {
			"rotation": [66, 54.75, 0],
			"translation": [0, 2.75, 4.25],
			"scale": [0.66797, 0.66797, 0.66797]
		},
		"firstperson_righthand": {
			"rotation": [8, 35, 8],
			"translation": [1, 7, 0],
			"scale": [0.61719, 0.61719, 0.61719]
		},
		"firstperson_lefthand": {
			"rotation": [8, 35, 8],
			"translation": [1, 7, 0],
			"scale": [0.61719, 0.61719, 0.61719]
		},
		"ground": {
			"translation": [0, 4.25, 0]
		},
		"gui": {
			"rotation": [30, 225, 0],
			"translation": [-0.5, 7.25, 0],
			"scale": [1.07813, 1.07813, 1.07813]
		},
		"head": {
			"translation": [0, 14.5, 0],
			"scale": [0.90039, 0.90039, 0.90039]
		},
		"fixed": {
			"rotation": [-90, 0, 0],
			"translation": [0, 0, -15.25],
			"scale": [2, 2, 2]
		}
	}
}