{
	"credit": "Made with Blockbench",
	"textures": {
		"1": "block/blood_footprintL"
	},
	"elements": [
		{
			"from": [0, 0, 15.925],
			"to": [16, 16, 15.925],
			"faces": {
				"north": {"uv": [0, 0, 16, 16], "texture": "#1"},
				"east": {"uv": [0, 0, 0, 16], "texture": "#1"},
				"west": {"uv": [0, 0, 0, 16], "texture": "#1"},
				"up": {"uv": [0, 0, 16, 0], "texture": "#1"},
				"down": {"uv": [0, 0, 16, 0], "texture": "#1"}
			}
		}
	],
	"display": {
		"thirdperson_righthand": {
			"rotation": [75, 15.5, 0],
			"translation": [-0.75, 3.75, 0],
			"scale": [0.375, 0.375, 0.375]
		},
		"thirdperson_lefthand": {
			"rotation": [75, 15.5, 0],
			"translation": [-0.75, 3.75, 0],
			"scale": [0.375, 0.375, 0.375]
		},
		"firstperson_righthand": {
			"rotation": [0, 131.75, 0],
			"translation": [-1, 3.25, 2],
			"scale": [0.4, 0.4, 0.4]
		},
		"firstperson_lefthand": {
			"rotation": [0, 131.75, 0],
			"translation": [-1, 3.25, 2],
			"scale": [0.4, 0.4, 0.4]
		},
		"ground": {
			"translation": [0, 3, -7.25]
		},
		"gui": {
			"rotation": [30, -165, 0],
			"translation": [2.5, -4, 0],
			"scale": [1.16406, 1.16406, 1.16406]
		},
		"head": {
			"translation": [0, 0, -0.25]
		},
		"fixed": {
			"translation": [0, 0, -15],
			"scale": [2, 2, 2]
		}
	}
}