{
	"credit": "Made with Blockbench",
	"textures": {
		"particle": "block/MizunoArchive/brokenglass2",
		"5_0": "block/MizunoArchive/brokenglass2"
	},
	"elements": [
		{
			"from": [0, 0, 7],
			"to": [16, 16, 9],
			"rotation": {"angle": 0, "axis": "y", "origin": [8, 8, 14.25]},
			"faces": {
				"north": {"uv": [0, 0, 16, 16], "texture": "#5_0"},
				"east": {"uv": [0, 0, 1, 16], "texture": "#5_0"},
				"south": {"uv": [12, 0, 16, 5], "texture": "#5_0"},
				"west": {"uv": [15, 0, 16, 16], "texture": "#5_0"},
				"up": {"uv": [0, 0, 16, 1], "rotation": 180, "texture": "#5_0"},
				"down": {"uv": [0, 0, 1, 16], "rotation": 90, "texture": "#5_0"}
			}
		},
		{
			"from": [0, 0, 7],
			"to": [16, 16, 9],
			"rotation": {"angle": 0, "axis": "y", "origin": [8, 8, 1.75]},
			"faces": {
				"north": {"uv": [16, 0, 12, 5], "texture": "#5_0"},
				"east": {"uv": [1, 0, 0, 16], "texture": "#5_0"},
				"south": {"uv": [16, 0, 0, 16], "texture": "#5_0"},
				"west": {"uv": [16, 0, 15, 16], "texture": "#5_0"},
				"up": {"uv": [0, 1, 16, 0], "rotation": 180, "texture": "#5_0"},
				"down": {"uv": [1, 0, 0, 16], "rotation": 90, "texture": "#5_0"}
			}
		}
	],
	"display": {
		"thirdperson_righthand": {
			"rotation": [75, 45, 0],
			"translation": [0, 2.5, 0],
			"scale": [0.375, 0.375, 0.375]
		},
		"thirdperson_lefthand": {
			"rotation": [75, 45, 0],
			"translation": [0, 2.5, 0],
			"scale": [0.375, 0.375, 0.375]
		},
		"firstperson_righthand": {
			"rotation": [0, -27.5, 0],
			"scale": [0.4, 0.4, 0.4]
		},
		"firstperson_lefthand": {
			"rotation": [0, -27.5, 0],
			"scale": [0.4, 0.4, 0.4]
		},
		"ground": {
			"translation": [0, 1.75, 0],
			"scale": [0.7, 0.7, 0.7]
		},
		"gui": {
			"rotation": [30, 225, 0],
			"scale": [0.625, 0.625, 0.625]
		},
		"head": {
			"translation": [0, 15, 0]
		},
		"fixed": {
			"rotation": [-90, 0, 0],
			"translation": [0, 0, -14],
			"scale": [2, 2, 2]
		}
	},
	"groups": [
		{
			"name": "brokenglass2",
			"origin": [8, 8, 8],
			"children": [0, 1]
		}
	]
}