{
	"credit": "Made with Blockbench",
	"parent": "./cit_item",
	"textures": {
		"0": "block/MizunoArchive/pumpkin_side",
		"1": "block/MizunoArchive/cake_orange",
		"2": "block/MizunoArchive/white_concrete_powder",
		"3": "block/MizunoArchive/jungle_sapling_4",
		"6": "block/MizunoArchive/jack_o_lantern_1",
		"particle": "block/MizunoArchive/pumpkin_side",
		"1_1": "block/MizunoArchive/pumpkin_top",
		"1_2": "block/MizunoArchive/oak_log"
	},
	"elements": [
		{
			"name": "octagon",
			"from": [5.81295, 6.2, 2.72],
			"to": [10.18705, 11.2, 13.28],
			"rotation": {"angle": 22.5, "axis": "y", "origin": [8, 13.2, 8]},
			"faces": {
				"north": {"uv": [0, 0, 5, 5], "texture": "#1"},
				"east": {"uv": [0, 0, 5, 5], "texture": "#1"},
				"south": {"uv": [0, 0, 5, 5], "texture": "#1"},
				"west": {"uv": [0, 0, 5, 5], "texture": "#1"},
				"up": {"uv": [0, 0, 1, 1], "texture": "#1"},
				"down": {"uv": [0, 0, 1, 1], "texture": "#1"}
			}
		},
		{
			"name": "octagon",
			"from": [5.81295, 6.2, 2.72],
			"to": [10.18705, 11.2, 13.28],
			"rotation": {"angle": -22.5, "axis": "y", "origin": [8, 13.2, 8]},
			"faces": {
				"north": {"uv": [0, 0, 5, 5], "texture": "#1"},
				"east": {"uv": [0, 0, 5, 5], "texture": "#1"},
				"south": {"uv": [0, 0, 5, 5], "texture": "#1"},
				"west": {"uv": [0, 0, 5, 5], "texture": "#1"},
				"up": {"uv": [0, 0, 1, 1], "texture": "#missing"},
				"down": {"uv": [0, 0, 1, 1], "texture": "#missing"}
			}
		},
		{
			"name": "octagon",
			"from": [2.72, 6.2, 5.81295],
			"to": [13.28, 11.2, 10.18705],
			"rotation": {"angle": 22.5, "axis": "y", "origin": [8, 13.2, 8]},
			"faces": {
				"north": {"uv": [0, 0, 1, 1], "texture": "#missing"},
				"east": {"uv": [0, 0, 5, 5], "texture": "#1"},
				"south": {"uv": [0, 0, 5, 5], "texture": "#1"},
				"west": {"uv": [0, 0, 5, 5], "texture": "#1"},
				"up": {"uv": [0, 0, 1, 1], "texture": "#missing"},
				"down": {"uv": [0, 0, 1, 1], "texture": "#missing"}
			}
		},
		{
			"name": "octagon",
			"from": [2.72, 6.2, 5.81295],
			"to": [13.28, 11.2, 10.18705],
			"rotation": {"angle": -22.5, "axis": "y", "origin": [8, 13.2, 8]},
			"faces": {
				"north": {"uv": [0, 0, 1, 1], "texture": "#missing"},
				"east": {"uv": [0, 0, 5, 5], "texture": "#1"},
				"south": {"uv": [0, 0, 5, 5], "texture": "#1"},
				"west": {"uv": [0, 0, 5, 5], "texture": "#1"},
				"up": {"uv": [0, 0, 1, 1], "texture": "#missing"},
				"down": {"uv": [0, 0, 1, 1], "texture": "#missing"}
			}
		},
		{
			"name": "octagon",
			"from": [9.68173, 9.1, 2.4032],
			"to": [10.38173, 11.2, 13.5968],
			"rotation": {"angle": 22.5, "axis": "y", "origin": [8, 12.2, 8]},
			"faces": {
				"north": {"uv": [0, 5, 1, 9], "texture": "#1"},
				"east": {"uv": [0, 5, 1, 9], "texture": "#1"},
				"south": {"uv": [0, 5, 1, 9], "texture": "#1"},
				"west": {"uv": [0, 5, 1, 9], "texture": "#1"},
				"up": {"uv": [0, 5, 1, 9], "texture": "#1"},
				"down": {"uv": [1, 9, 2, 10], "texture": "#1"}
			}
		},
		{
			"name": "octagon",
			"from": [8.88173, 9.85, 2.4032],
			"to": [9.68173, 11.2, 13.5968],
			"rotation": {"angle": 22.5, "axis": "y", "origin": [8, 12.2, 8]},
			"faces": {
				"north": {"uv": [1, 8, 2, 10], "texture": "#1"},
				"east": {"uv": [1, 8, 2, 10], "texture": "#1"},
				"south": {"uv": [1, 8, 2, 10], "texture": "#1"},
				"west": {"uv": [1, 8, 2, 10], "texture": "#1"},
				"up": {"uv": [1, 8, 2, 10], "texture": "#1"},
				"down": {"uv": [1, 9, 2, 10], "texture": "#1"}
			}
		},
		{
			"name": "octagon",
			"from": [8.08173, 10.65, 2.4032],
			"to": [8.88173, 11.2, 13.5968],
			"rotation": {"angle": 22.5, "axis": "y", "origin": [8, 12.2, 8]},
			"faces": {
				"north": {"uv": [1, 8, 2, 9], "texture": "#1"},
				"east": {"uv": [1, 8, 2, 9], "texture": "#1"},
				"south": {"uv": [1, 8, 2, 9], "texture": "#1"},
				"west": {"uv": [1, 8, 2, 9], "texture": "#1"},
				"up": {"uv": [1, 8, 2, 9], "texture": "#1"},
				"down": {"uv": [1, 9, 2, 10], "texture": "#1"}
			}
		},
		{
			"name": "octagon",
			"from": [7.28173, 9.4, 2.4032],
			"to": [8.08173, 11.2, 13.5968],
			"rotation": {"angle": 22.5, "axis": "y", "origin": [8, 12.2, 8]},
			"faces": {
				"north": {"uv": [2, 6, 3, 8], "texture": "#1"},
				"east": {"uv": [2, 6, 3, 8], "texture": "#1"},
				"south": {"uv": [2, 6, 3, 8], "texture": "#1"},
				"west": {"uv": [2, 6, 3, 8], "texture": "#1"},
				"up": {"uv": [2, 6, 3, 8], "texture": "#1"},
				"down": {"uv": [1, 9, 2, 10], "texture": "#1"}
			}
		},
		{
			"name": "octagon",
			"from": [6.58173, 10.2, 2.4032],
			"to": [7.28173, 11.2, 13.5968],
			"rotation": {"angle": 22.5, "axis": "y", "origin": [8, 12.2, 8]},
			"faces": {
				"north": {"uv": [2, 6, 3, 8], "texture": "#1"},
				"east": {"uv": [2, 6, 3, 8], "texture": "#1"},
				"south": {"uv": [2, 6, 3, 8], "texture": "#1"},
				"west": {"uv": [2, 6, 3, 8], "texture": "#1"},
				"up": {"uv": [2, 6, 3, 8], "texture": "#1"},
				"down": {"uv": [1, 9, 2, 10], "texture": "#1"}
			}
		},
		{
			"name": "octagon",
			"from": [5.68173, 9.9, 2.4032],
			"to": [6.58173, 11.2, 13.5968],
			"rotation": {"angle": 22.5, "axis": "y", "origin": [8, 12.2, 8]},
			"faces": {
				"north": {"uv": [4, 6, 5, 9], "texture": "#1"},
				"east": {"uv": [4, 6, 5, 9], "texture": "#1"},
				"south": {"uv": [4, 6, 5, 9], "texture": "#1"},
				"west": {"uv": [4, 6, 5, 9], "texture": "#1"},
				"up": {"uv": [4, 6, 5, 9], "texture": "#1"},
				"down": {"uv": [1, 9, 2, 10], "texture": "#1"}
			}
		},
		{
			"name": "octagon",
			"from": [2.4032, 9.1, 5.68173],
			"to": [13.5968, 11.2, 6.48173],
			"rotation": {"angle": -22.5, "axis": "y", "origin": [8, 13.2, 8]},
			"faces": {
				"north": {"uv": [0, 5, 1, 9], "texture": "#1"},
				"east": {"uv": [0, 5, 1, 9], "texture": "#1"},
				"south": {"uv": [0, 5, 1, 9], "texture": "#1"},
				"west": {"uv": [0, 5, 1, 9], "texture": "#1"},
				"up": {"uv": [0, 5, 1, 9], "texture": "#1"},
				"down": {"uv": [1, 9, 2, 10], "texture": "#1"}
			}
		},
		{
			"name": "octagon",
			"from": [2.4032, 10.2, 6.48173],
			"to": [13.5968, 11.2, 7.28173],
			"rotation": {"angle": -22.5, "axis": "y", "origin": [8, 13.2, 8]},
			"faces": {
				"north": {"uv": [4, 6, 5, 8], "texture": "#1"},
				"east": {"uv": [4, 6, 5, 8], "texture": "#1"},
				"south": {"uv": [4, 6, 5, 8], "texture": "#1"},
				"west": {"uv": [4, 6, 5, 8], "texture": "#1"},
				"up": {"uv": [4, 6, 5, 8], "texture": "#1"},
				"down": {"uv": [1, 9, 2, 10], "texture": "#1"}
			}
		},
		{
			"name": "octagon",
			"from": [2.4032, 9.7, 7.28173],
			"to": [13.5968, 11.2, 8.08173],
			"rotation": {"angle": -22.5, "axis": "y", "origin": [8, 13.2, 8]},
			"faces": {
				"north": {"uv": [1, 8, 2, 10], "texture": "#1"},
				"east": {"uv": [1, 8, 2, 10], "texture": "#1"},
				"south": {"uv": [1, 8, 2, 10], "texture": "#1"},
				"west": {"uv": [1, 8, 2, 10], "texture": "#1"},
				"up": {"uv": [1, 8, 2, 10], "texture": "#1"},
				"down": {"uv": [1, 9, 2, 10], "texture": "#1"}
			}
		},
		{
			"name": "octagon",
			"from": [2.4032, 10.6, 8.08173],
			"to": [13.5968, 11.2, 8.88173],
			"rotation": {"angle": -22.5, "axis": "y", "origin": [8, 13.2, 8]},
			"faces": {
				"north": {"uv": [1, 8, 2, 9], "texture": "#1"},
				"east": {"uv": [1, 8, 2, 9], "texture": "#1"},
				"south": {"uv": [1, 8, 2, 9], "texture": "#1"},
				"west": {"uv": [1, 8, 2, 9], "texture": "#1"},
				"up": {"uv": [1, 8, 2, 9], "texture": "#1"},
				"down": {"uv": [1, 9, 2, 10], "texture": "#1"}
			}
		},
		{
			"name": "octagon",
			"from": [2.4032, 10.2, 8.88173],
			"to": [13.5968, 11.2, 9.58173],
			"rotation": {"angle": -22.5, "axis": "y", "origin": [8, 13.2, 8]},
			"faces": {
				"north": {"uv": [1, 8, 2, 10], "texture": "#1"},
				"east": {"uv": [1, 8, 2, 10], "texture": "#1"},
				"south": {"uv": [1, 8, 2, 10], "texture": "#1"},
				"west": {"uv": [1, 8, 2, 10], "texture": "#1"},
				"up": {"uv": [1, 8, 2, 10], "texture": "#1"},
				"down": {"uv": [1, 9, 2, 10], "texture": "#1"}
			}
		},
		{
			"name": "octagon",
			"from": [2.4032, 9.5, 9.58173],
			"to": [13.5968, 11.2, 10.33173],
			"rotation": {"angle": -22.5, "axis": "y", "origin": [8, 13.2, 8]},
			"faces": {
				"north": {"uv": [0, 5, 1, 9], "texture": "#1"},
				"east": {"uv": [0, 5, 1, 9], "texture": "#1"},
				"south": {"uv": [0, 5, 1, 9], "texture": "#1"},
				"west": {"uv": [0, 5, 1, 9], "texture": "#1"},
				"up": {"uv": [0, 5, 1, 9], "texture": "#1"},
				"down": {"uv": [1, 9, 2, 10], "texture": "#1"}
			}
		},
		{
			"name": "octagon",
			"from": [9.68173, 9.1, 2.4032],
			"to": [10.38173, 11.2, 13.5968],
			"rotation": {"angle": -22.5, "axis": "y", "origin": [8, 12.2, 8]},
			"faces": {
				"north": {"uv": [0, 5, 1, 9], "texture": "#1"},
				"east": {"uv": [0, 5, 1, 9], "texture": "#1"},
				"south": {"uv": [0, 5, 1, 9], "texture": "#1"},
				"west": {"uv": [0, 5, 1, 9], "texture": "#1"},
				"up": {"uv": [0, 5, 1, 9], "texture": "#1"},
				"down": {"uv": [1, 9, 2, 10], "texture": "#1"}
			}
		},
		{
			"name": "octagon",
			"from": [8.88173, 9.85, 2.4032],
			"to": [9.68173, 11.2, 13.5968],
			"rotation": {"angle": -22.5, "axis": "y", "origin": [8, 12.2, 8]},
			"faces": {
				"north": {"uv": [1, 8, 2, 10], "texture": "#1"},
				"east": {"uv": [1, 8, 2, 10], "texture": "#1"},
				"south": {"uv": [1, 8, 2, 10], "texture": "#1"},
				"west": {"uv": [1, 8, 2, 10], "texture": "#1"},
				"up": {"uv": [1, 8, 2, 10], "texture": "#1"},
				"down": {"uv": [1, 9, 2, 10], "texture": "#1"}
			}
		},
		{
			"name": "octagon",
			"from": [8.08173, 10.65, 2.4032],
			"to": [8.88173, 11.2, 13.5968],
			"rotation": {"angle": -22.5, "axis": "y", "origin": [8, 12.2, 8]},
			"faces": {
				"north": {"uv": [1, 8, 2, 9], "texture": "#1"},
				"east": {"uv": [1, 8, 2, 9], "texture": "#1"},
				"south": {"uv": [1, 8, 2, 9], "texture": "#1"},
				"west": {"uv": [1, 8, 2, 9], "texture": "#1"},
				"up": {"uv": [1, 8, 2, 9], "texture": "#1"},
				"down": {"uv": [1, 9, 2, 10], "texture": "#1"}
			}
		},
		{
			"name": "octagon",
			"from": [7.28173, 9.4, 2.4032],
			"to": [8.08173, 11.2, 13.5968],
			"rotation": {"angle": -22.5, "axis": "y", "origin": [8, 12.2, 8]},
			"faces": {
				"north": {"uv": [0, 5, 1, 9], "texture": "#1"},
				"east": {"uv": [0, 5, 1, 9], "texture": "#1"},
				"south": {"uv": [0, 5, 1, 9], "texture": "#1"},
				"west": {"uv": [0, 5, 1, 9], "texture": "#1"},
				"up": {"uv": [0, 5, 1, 9], "texture": "#1"},
				"down": {"uv": [1, 9, 2, 10], "texture": "#1"}
			}
		},
		{
			"name": "octagon",
			"from": [6.58173, 10.2, 2.4032],
			"to": [7.28173, 11.2, 13.5968],
			"rotation": {"angle": -22.5, "axis": "y", "origin": [8, 12.2, 8]},
			"faces": {
				"north": {"uv": [1, 8, 2, 10], "texture": "#1"},
				"east": {"uv": [1, 8, 2, 10], "texture": "#1"},
				"south": {"uv": [1, 8, 2, 10], "texture": "#1"},
				"west": {"uv": [1, 8, 2, 10], "texture": "#1"},
				"up": {"uv": [1, 8, 2, 10], "texture": "#1"},
				"down": {"uv": [1, 9, 2, 10], "texture": "#1"}
			}
		},
		{
			"name": "octagon",
			"from": [5.68173, 9.9, 2.4032],
			"to": [6.58173, 11.2, 13.5968],
			"rotation": {"angle": -22.5, "axis": "y", "origin": [8, 12.2, 8]},
			"faces": {
				"north": {"uv": [4, 6, 5, 8], "texture": "#1"},
				"east": {"uv": [4, 6, 5, 8], "texture": "#1"},
				"south": {"uv": [4, 6, 5, 8], "texture": "#1"},
				"west": {"uv": [4, 6, 5, 8], "texture": "#1"},
				"up": {"uv": [4, 6, 5, 8], "texture": "#1"},
				"down": {"uv": [1, 9, 2, 10], "texture": "#1"}
			}
		},
		{
			"name": "octagon",
			"from": [2.4032, 9.1, 9.51827],
			"to": [13.5968, 11.2, 10.31827],
			"rotation": {"angle": 22.5, "axis": "y", "origin": [8, 13.2, 8]},
			"faces": {
				"north": {"uv": [0, 5, 1, 9], "texture": "#1"},
				"east": {"uv": [0, 5, 1, 9], "texture": "#1"},
				"south": {"uv": [0, 5, 1, 9], "texture": "#1"},
				"west": {"uv": [0, 5, 1, 9], "texture": "#1"},
				"up": {"uv": [0, 5, 1, 9], "texture": "#1"},
				"down": {"uv": [1, 9, 2, 10], "texture": "#1"}
			}
		},
		{
			"name": "octagon",
			"from": [2.4032, 10.2, 8.71827],
			"to": [13.5968, 11.2, 9.51827],
			"rotation": {"angle": 22.5, "axis": "y", "origin": [8, 13.2, 8]},
			"faces": {
				"north": {"uv": [1, 8, 2, 10], "texture": "#1"},
				"east": {"uv": [1, 8, 2, 10], "texture": "#1"},
				"south": {"uv": [1, 8, 2, 10], "texture": "#1"},
				"west": {"uv": [1, 8, 2, 10], "texture": "#1"},
				"up": {"uv": [1, 8, 2, 10], "texture": "#1"},
				"down": {"uv": [1, 9, 2, 10], "texture": "#1"}
			}
		},
		{
			"name": "octagon",
			"from": [2.4032, 9.7, 7.91827],
			"to": [13.5968, 11.2, 8.71827],
			"rotation": {"angle": 22.5, "axis": "y", "origin": [8, 13.2, 8]},
			"faces": {
				"north": {"uv": [1, 8, 2, 10], "texture": "#1"},
				"east": {"uv": [1, 8, 2, 10], "texture": "#1"},
				"south": {"uv": [1, 8, 2, 10], "texture": "#1"},
				"west": {"uv": [1, 8, 2, 10], "texture": "#1"},
				"up": {"uv": [1, 8, 2, 10], "texture": "#1"},
				"down": {"uv": [1, 9, 2, 10], "texture": "#1"}
			}
		},
		{
			"name": "octagon",
			"from": [2.4032, 10.6, 7.11827],
			"to": [13.5968, 11.2, 7.91827],
			"rotation": {"angle": 22.5, "axis": "y", "origin": [8, 13.2, 8]},
			"faces": {
				"north": {"uv": [1, 8, 2, 9], "texture": "#1"},
				"east": {"uv": [1, 8, 2, 9], "texture": "#1"},
				"south": {"uv": [1, 8, 2, 9], "texture": "#1"},
				"west": {"uv": [1, 8, 2, 9], "texture": "#1"},
				"up": {"uv": [1, 8, 2, 9], "texture": "#1"},
				"down": {"uv": [1, 9, 2, 10], "texture": "#1"}
			}
		},
		{
			"name": "octagon",
			"from": [2.4032, 10.2, 6.41827],
			"to": [13.5968, 11.2, 7.11827],
			"rotation": {"angle": 22.5, "axis": "y", "origin": [8, 13.2, 8]},
			"faces": {
				"north": {"uv": [4, 6, 5, 8], "texture": "#1"},
				"east": {"uv": [4, 6, 5, 8], "texture": "#1"},
				"south": {"uv": [4, 6, 5, 8], "texture": "#1"},
				"west": {"uv": [4, 6, 5, 8], "texture": "#1"},
				"up": {"uv": [4, 6, 5, 8], "texture": "#1"},
				"down": {"uv": [1, 9, 2, 10], "texture": "#1"}
			}
		},
		{
			"name": "octagon",
			"from": [2.4032, 9, 5.69327],
			"to": [13.5968, 11.2, 6.41827],
			"rotation": {"angle": 22.5, "axis": "y", "origin": [8, 13.2, 8]},
			"faces": {
				"north": {"uv": [0, 5, 1, 9], "texture": "#1"},
				"east": {"uv": [0, 5, 1, 9], "texture": "#1"},
				"south": {"uv": [0, 5, 1, 9], "texture": "#1"},
				"west": {"uv": [0, 5, 1, 9], "texture": "#1"},
				"up": {"uv": [0, 5, 1, 9], "texture": "#1"},
				"down": {"uv": [1, 9, 2, 10], "texture": "#1"}
			}
		},
		{
			"name": "octagon",
			"from": [5.68173, 11.201, 2.4032],
			"to": [10.31827, 11.951, 13.5968],
			"rotation": {"angle": 22.5, "axis": "y", "origin": [8, 13.2, 8]},
			"faces": {
				"north": {"uv": [0, 5, 5, 6], "texture": "#1"},
				"east": {"uv": [0, 0, 1, 1], "texture": "#missing"},
				"south": {"uv": [0, 5, 5, 6], "texture": "#1"},
				"west": {"uv": [0, 0, 1, 1], "texture": "#missing"},
				"up": {"uv": [0, 5, 5, 16], "texture": "#1"},
				"down": {"uv": [1, 9, 2, 10], "texture": "#1"}
			}
		},
		{
			"name": "octagon",
			"from": [5.68173, 11.205, 2.4032],
			"to": [10.31827, 11.955, 13.5968],
			"rotation": {"angle": -22.5, "axis": "y", "origin": [8, 13.2, 8]},
			"faces": {
				"north": {"uv": [0, 15, 5, 16], "texture": "#1"},
				"east": {"uv": [0, 0, 1, 1], "texture": "#missing"},
				"south": {"uv": [0, 15, 5, 16], "texture": "#1"},
				"west": {"uv": [0, 0, 1, 1], "texture": "#missing"},
				"up": {"uv": [0, 5, 5, 16], "texture": "#1"},
				"down": {"uv": [1, 9, 2, 10], "texture": "#1"}
			}
		},
		{
			"name": "octagon",
			"from": [2.4032, 11.203, 5.68173],
			"to": [13.5968, 11.953, 10.31827],
			"rotation": {"angle": 22.5, "axis": "y", "origin": [8, 13.2, 8]},
			"faces": {
				"north": {"uv": [0, 0, 1, 1], "texture": "#missing"},
				"east": {"uv": [0, 5, 5, 6], "texture": "#1"},
				"south": {"uv": [0, 0, 1, 1], "texture": "#missing"},
				"west": {"uv": [0, 5, 5, 6], "texture": "#1"},
				"up": {"uv": [0, 5, 5, 16], "rotation": 90, "texture": "#1"},
				"down": {"uv": [1, 9, 2, 10], "texture": "#1"}
			}
		},
		{
			"name": "octagon",
			"from": [2.4032, 11.202, 5.68173],
			"to": [13.5968, 11.952, 10.31827],
			"rotation": {"angle": -22.5, "axis": "y", "origin": [8, 13.2, 8]},
			"faces": {
				"north": {"uv": [0, 0, 1, 1], "texture": "#missing"},
				"east": {"uv": [0, 15, 5, 16], "texture": "#1"},
				"south": {"uv": [0, 0, 1, 1], "texture": "#missing"},
				"west": {"uv": [0, 15, 5, 16], "texture": "#1"},
				"up": {"uv": [0, 5, 5, 16], "rotation": 90, "texture": "#1"},
				"down": {"uv": [1, 9, 2, 10], "texture": "#1"}
			}
		},
		{
			"name": "octagon",
			"from": [5.12534, 5.5, 1.05997],
			"to": [10.87466, 6.25, 14.94003],
			"rotation": {"angle": 22.5, "axis": "y", "origin": [8, 7.5, 8]},
			"faces": {
				"north": {"uv": [7, 0, 8, 1], "texture": "#2"},
				"east": {"uv": [7, 0, 8, 1], "texture": "#2"},
				"south": {"uv": [7, 0, 8, 1], "texture": "#2"},
				"west": {"uv": [7, 0, 8, 1], "texture": "#2"},
				"up": {"uv": [0, 0, 1, 1], "texture": "#2"},
				"down": {"uv": [0, 0, 1, 1], "texture": "#2"}
			}
		},
		{
			"name": "octagon",
			"from": [5.12534, 5.5, 1.05997],
			"to": [10.87466, 6.25, 14.94003],
			"rotation": {"angle": -22.5, "axis": "y", "origin": [8, 7.5, 8]},
			"faces": {
				"north": {"uv": [7, 0, 8, 1], "texture": "#2"},
				"east": {"uv": [7, 0, 8, 1], "texture": "#2"},
				"south": {"uv": [7, 0, 8, 1], "texture": "#2"},
				"west": {"uv": [7, 0, 8, 1], "texture": "#2"},
				"up": {"uv": [0, 0, 1, 1], "texture": "#2"},
				"down": {"uv": [0, 0, 1, 1], "texture": "#2"}
			}
		},
		{
			"name": "octagon",
			"from": [1.05997, 5.5, 5.12534],
			"to": [14.94003, 6.25, 10.87466],
			"rotation": {"angle": 22.5, "axis": "y", "origin": [8, 7.5, 8]},
			"faces": {
				"north": {"uv": [7, 0, 8, 1], "texture": "#2"},
				"east": {"uv": [7, 0, 8, 1], "texture": "#2"},
				"south": {"uv": [7, 0, 8, 1], "texture": "#2"},
				"west": {"uv": [7, 0, 8, 1], "texture": "#2"},
				"up": {"uv": [0, 0, 1, 1], "texture": "#2"},
				"down": {"uv": [0, 0, 1, 1], "texture": "#2"}
			}
		},
		{
			"name": "octagon",
			"from": [1.05997, 5.5, 5.12534],
			"to": [14.94003, 6.25, 10.87466],
			"rotation": {"angle": -22.5, "axis": "y", "origin": [8, 7.5, 8]},
			"faces": {
				"north": {"uv": [7, 0, 8, 1], "texture": "#2"},
				"east": {"uv": [7, 0, 8, 1], "texture": "#2"},
				"south": {"uv": [7, 0, 8, 1], "texture": "#2"},
				"west": {"uv": [7, 0, 8, 1], "texture": "#2"},
				"up": {"uv": [0, 0, 1, 1], "texture": "#2"},
				"down": {"uv": [0, 0, 1, 1], "texture": "#2"}
			}
		},
		{
			"name": "octagon",
			"from": [6.27521, 0, 3.83598],
			"to": [9.72479, 0.75, 12.16402],
			"rotation": {"angle": 22.5, "axis": "y", "origin": [8, 2, 8]},
			"faces": {
				"north": {"uv": [7, 0, 8, 1], "texture": "#2"},
				"east": {"uv": [7, 0, 8, 1], "texture": "#2"},
				"south": {"uv": [7, 0, 8, 1], "texture": "#2"},
				"west": {"uv": [7, 0, 8, 1], "texture": "#2"},
				"up": {"uv": [0, 0, 1, 1], "texture": "#2"},
				"down": {"uv": [0, 0, 1, 1], "texture": "#2"}
			}
		},
		{
			"name": "octagon",
			"from": [6.27521, 0, 3.83598],
			"to": [9.72479, 0.75, 12.16402],
			"rotation": {"angle": -22.5, "axis": "y", "origin": [8, 2, 8]},
			"faces": {
				"north": {"uv": [7, 0, 8, 1], "texture": "#2"},
				"east": {"uv": [7, 0, 8, 1], "texture": "#2"},
				"south": {"uv": [7, 0, 8, 1], "texture": "#2"},
				"west": {"uv": [7, 0, 8, 1], "texture": "#2"},
				"up": {"uv": [0, 0, 1, 1], "texture": "#2"},
				"down": {"uv": [0, 0, 1, 1], "texture": "#2"}
			}
		},
		{
			"name": "octagon",
			"from": [3.83598, 0, 6.27521],
			"to": [12.16402, 0.75, 9.72479],
			"rotation": {"angle": 22.5, "axis": "y", "origin": [8, 2, 8]},
			"faces": {
				"north": {"uv": [7, 0, 8, 1], "texture": "#2"},
				"east": {"uv": [7, 0, 8, 1], "texture": "#2"},
				"south": {"uv": [7, 0, 8, 1], "texture": "#2"},
				"west": {"uv": [7, 0, 8, 1], "texture": "#2"},
				"up": {"uv": [0, 0, 1, 1], "texture": "#2"},
				"down": {"uv": [0, 0, 1, 1], "texture": "#2"}
			}
		},
		{
			"name": "octagon",
			"from": [3.83598, 0, 6.27521],
			"to": [12.16402, 0.75, 9.72479],
			"rotation": {"angle": -22.5, "axis": "y", "origin": [8, 2, 8]},
			"faces": {
				"north": {"uv": [7, 0, 8, 1], "texture": "#2"},
				"east": {"uv": [7, 0, 8, 1], "texture": "#2"},
				"south": {"uv": [7, 0, 8, 1], "texture": "#2"},
				"west": {"uv": [7, 0, 8, 1], "texture": "#2"},
				"up": {"uv": [0, 0, 1, 1], "texture": "#2"},
				"down": {"uv": [0, 0, 1, 1], "texture": "#2"}
			}
		},
		{
			"name": "octagon",
			"from": [7.32388, 1.525, 6.3677],
			"to": [8.67612, 2.275, 9.6323],
			"rotation": {"angle": 22.5, "axis": "y", "origin": [8, 3.525, 8]},
			"faces": {
				"north": {"uv": [7, 0, 8, 1], "texture": "#2"},
				"east": {"uv": [7, 0, 8, 1], "texture": "#2"},
				"south": {"uv": [7, 0, 8, 1], "texture": "#2"},
				"west": {"uv": [7, 0, 8, 1], "texture": "#2"},
				"up": {"uv": [0, 0, 1, 1], "texture": "#2"},
				"down": {"uv": [0, 0, 1, 1], "texture": "#2"}
			}
		},
		{
			"name": "octagon",
			"from": [7.32388, 1.525, 6.3677],
			"to": [8.67612, 2.275, 9.6323],
			"rotation": {"angle": -22.5, "axis": "y", "origin": [8, 3.525, 8]},
			"faces": {
				"north": {"uv": [7, 0, 8, 1], "texture": "#2"},
				"east": {"uv": [7, 0, 8, 1], "texture": "#2"},
				"south": {"uv": [7, 0, 8, 1], "texture": "#2"},
				"west": {"uv": [7, 0, 8, 1], "texture": "#2"},
				"up": {"uv": [0, 0, 1, 1], "texture": "#2"},
				"down": {"uv": [0, 0, 1, 1], "texture": "#2"}
			}
		},
		{
			"name": "octagon",
			"from": [6.3677, 1.525, 7.32388],
			"to": [9.6323, 2.275, 8.67612],
			"rotation": {"angle": 22.5, "axis": "y", "origin": [8, 3.525, 8]},
			"faces": {
				"north": {"uv": [7, 0, 8, 1], "texture": "#2"},
				"east": {"uv": [7, 0, 8, 1], "texture": "#2"},
				"south": {"uv": [7, 0, 8, 1], "texture": "#2"},
				"west": {"uv": [7, 0, 8, 1], "texture": "#2"},
				"up": {"uv": [0, 0, 1, 1], "texture": "#2"},
				"down": {"uv": [0, 0, 1, 1], "texture": "#2"}
			}
		},
		{
			"name": "octagon",
			"from": [6.3677, 1.525, 7.32388],
			"to": [9.6323, 2.275, 8.67612],
			"rotation": {"angle": -22.5, "axis": "y", "origin": [8, 3.525, 8]},
			"faces": {
				"north": {"uv": [7, 0, 8, 1], "texture": "#2"},
				"east": {"uv": [7, 0, 8, 1], "texture": "#2"},
				"south": {"uv": [7, 0, 8, 1], "texture": "#2"},
				"west": {"uv": [7, 0, 8, 1], "texture": "#2"},
				"up": {"uv": [0, 0, 1, 1], "texture": "#2"},
				"down": {"uv": [0, 0, 1, 1], "texture": "#2"}
			}
		},
		{
			"name": "octagon",
			"from": [7.03412, 0.775, 5.66815],
			"to": [8.96588, 1.525, 10.33185],
			"rotation": {"angle": 22.5, "axis": "y", "origin": [8, 2.775, 8]},
			"faces": {
				"north": {"uv": [7, 0, 8, 1], "texture": "#2"},
				"east": {"uv": [7, 0, 8, 1], "texture": "#2"},
				"south": {"uv": [7, 0, 8, 1], "texture": "#2"},
				"west": {"uv": [7, 0, 8, 1], "texture": "#2"},
				"up": {"uv": [0, 0, 1, 1], "texture": "#2"},
				"down": {"uv": [0, 0, 1, 1], "texture": "#2"}
			}
		},
		{
			"name": "octagon",
			"from": [7.03412, 0.775, 5.66815],
			"to": [8.96588, 1.525, 10.33185],
			"rotation": {"angle": -22.5, "axis": "y", "origin": [8, 2.775, 8]},
			"faces": {
				"north": {"uv": [7, 0, 8, 1], "texture": "#2"},
				"east": {"uv": [7, 0, 8, 1], "texture": "#2"},
				"south": {"uv": [7, 0, 8, 1], "texture": "#2"},
				"west": {"uv": [7, 0, 8, 1], "texture": "#2"},
				"up": {"uv": [0, 0, 1, 1], "texture": "#2"},
				"down": {"uv": [0, 0, 1, 1], "texture": "#2"}
			}
		},
		{
			"name": "octagon",
			"from": [5.66815, 0.775, 7.03412],
			"to": [10.33185, 1.525, 8.96588],
			"rotation": {"angle": 22.5, "axis": "y", "origin": [8, 2.775, 8]},
			"faces": {
				"north": {"uv": [7, 0, 8, 1], "texture": "#2"},
				"east": {"uv": [7, 0, 8, 1], "texture": "#2"},
				"south": {"uv": [7, 0, 8, 1], "texture": "#2"},
				"west": {"uv": [7, 0, 8, 1], "texture": "#2"},
				"up": {"uv": [0, 0, 1, 1], "texture": "#2"},
				"down": {"uv": [0, 0, 1, 1], "texture": "#2"}
			}
		},
		{
			"name": "octagon",
			"from": [5.66815, 0.775, 7.03412],
			"to": [10.33185, 1.525, 8.96588],
			"rotation": {"angle": -22.5, "axis": "y", "origin": [8, 2.775, 8]},
			"faces": {
				"north": {"uv": [7, 0, 8, 1], "texture": "#2"},
				"east": {"uv": [7, 0, 8, 1], "texture": "#2"},
				"south": {"uv": [7, 0, 8, 1], "texture": "#2"},
				"west": {"uv": [7, 0, 8, 1], "texture": "#2"},
				"up": {"uv": [0, 0, 1, 1], "texture": "#2"},
				"down": {"uv": [0, 0, 1, 1], "texture": "#2"}
			}
		},
		{
			"name": "octagon",
			"from": [7.32388, 4, 6.3677],
			"to": [8.67612, 4.75, 9.6323],
			"rotation": {"angle": 22.5, "axis": "y", "origin": [8, 2.75, 8]},
			"faces": {
				"north": {"uv": [7, 0, 8, 1], "texture": "#2"},
				"east": {"uv": [7, 0, 8, 1], "texture": "#2"},
				"south": {"uv": [7, 0, 8, 1], "texture": "#2"},
				"west": {"uv": [7, 0, 8, 1], "texture": "#2"},
				"up": {"uv": [0, 1, 1, 0], "texture": "#2"},
				"down": {"uv": [0, 1, 1, 0], "texture": "#2"}
			}
		},
		{
			"name": "octagon",
			"from": [7.32388, 4, 6.3677],
			"to": [8.67612, 4.75, 9.6323],
			"rotation": {"angle": -22.5, "axis": "y", "origin": [8, 2.75, 8]},
			"faces": {
				"north": {"uv": [7, 0, 8, 1], "texture": "#2"},
				"east": {"uv": [7, 0, 8, 1], "texture": "#2"},
				"south": {"uv": [7, 0, 8, 1], "texture": "#2"},
				"west": {"uv": [7, 0, 8, 1], "texture": "#2"},
				"up": {"uv": [0, 1, 1, 0], "texture": "#2"},
				"down": {"uv": [0, 1, 1, 0], "texture": "#2"}
			}
		},
		{
			"name": "octagon",
			"from": [6.3677, 4, 7.32388],
			"to": [9.6323, 4.75, 8.67612],
			"rotation": {"angle": 22.5, "axis": "y", "origin": [8, 2.75, 8]},
			"faces": {
				"north": {"uv": [7, 0, 8, 1], "texture": "#2"},
				"east": {"uv": [7, 0, 8, 1], "texture": "#2"},
				"south": {"uv": [7, 0, 8, 1], "texture": "#2"},
				"west": {"uv": [7, 0, 8, 1], "texture": "#2"},
				"up": {"uv": [0, 1, 1, 0], "texture": "#2"},
				"down": {"uv": [0, 1, 1, 0], "texture": "#2"}
			}
		},
		{
			"name": "octagon",
			"from": [6.3677, 4, 7.32388],
			"to": [9.6323, 4.75, 8.67612],
			"rotation": {"angle": -22.5, "axis": "y", "origin": [8, 2.75, 8]},
			"faces": {
				"north": {"uv": [7, 0, 8, 1], "texture": "#2"},
				"east": {"uv": [7, 0, 8, 1], "texture": "#2"},
				"south": {"uv": [7, 0, 8, 1], "texture": "#2"},
				"west": {"uv": [7, 0, 8, 1], "texture": "#2"},
				"up": {"uv": [0, 1, 1, 0], "texture": "#2"},
				"down": {"uv": [0, 1, 1, 0], "texture": "#2"}
			}
		},
		{
			"name": "octagon",
			"from": [7.03412, 4.75, 5.66815],
			"to": [8.96588, 5.5, 10.33185],
			"rotation": {"angle": 22.5, "axis": "y", "origin": [8, 3.5, 8]},
			"faces": {
				"north": {"uv": [7, 0, 8, 1], "texture": "#2"},
				"east": {"uv": [7, 0, 8, 1], "texture": "#2"},
				"south": {"uv": [7, 0, 8, 1], "texture": "#2"},
				"west": {"uv": [7, 0, 8, 1], "texture": "#2"},
				"up": {"uv": [0, 1, 1, 0], "texture": "#2"},
				"down": {"uv": [0, 1, 1, 0], "texture": "#2"}
			}
		},
		{
			"name": "octagon",
			"from": [7.03412, 4.75, 5.66815],
			"to": [8.96588, 5.5, 10.33185],
			"rotation": {"angle": -22.5, "axis": "y", "origin": [8, 3.5, 8]},
			"faces": {
				"north": {"uv": [7, 0, 8, 1], "texture": "#2"},
				"east": {"uv": [7, 0, 8, 1], "texture": "#2"},
				"south": {"uv": [7, 0, 8, 1], "texture": "#2"},
				"west": {"uv": [7, 0, 8, 1], "texture": "#2"},
				"up": {"uv": [0, 1, 1, 0], "texture": "#2"},
				"down": {"uv": [0, 1, 1, 0], "texture": "#2"}
			}
		},
		{
			"name": "octagon",
			"from": [5.66815, 4.75, 7.03412],
			"to": [10.33185, 5.5, 8.96588],
			"rotation": {"angle": 22.5, "axis": "y", "origin": [8, 3.5, 8]},
			"faces": {
				"north": {"uv": [7, 0, 8, 1], "texture": "#2"},
				"east": {"uv": [7, 0, 8, 1], "texture": "#2"},
				"south": {"uv": [7, 0, 8, 1], "texture": "#2"},
				"west": {"uv": [7, 0, 8, 1], "texture": "#2"},
				"up": {"uv": [0, 1, 1, 0], "texture": "#2"},
				"down": {"uv": [0, 1, 1, 0], "texture": "#2"}
			}
		},
		{
			"name": "octagon",
			"from": [5.66815, 4.75, 7.03412],
			"to": [10.33185, 5.5, 8.96588],
			"rotation": {"angle": -22.5, "axis": "y", "origin": [8, 3.5, 8]},
			"faces": {
				"north": {"uv": [7, 0, 8, 1], "texture": "#2"},
				"east": {"uv": [7, 0, 8, 1], "texture": "#2"},
				"south": {"uv": [7, 0, 8, 1], "texture": "#2"},
				"west": {"uv": [7, 0, 8, 1], "texture": "#2"},
				"up": {"uv": [0, 1, 1, 0], "texture": "#2"},
				"down": {"uv": [0, 1, 1, 0], "texture": "#2"}
			}
		},
		{
			"from": [7.3, 2.25, 7.3],
			"to": [8.7, 4, 8.7],
			"rotation": {"angle": 0, "axis": "y", "origin": [18.5, 8, 18.5]},
			"faces": {
				"north": {"uv": [0, 0, 1, 1.75], "texture": "#2"},
				"east": {"uv": [0, 0, 1, 1.75], "texture": "#2"},
				"south": {"uv": [0, 0, 1, 1.75], "texture": "#2"},
				"west": {"uv": [0, 0, 1, 1.75], "texture": "#2"},
				"up": {"uv": [0, 0, 1, 1], "texture": "#2"},
				"down": {"uv": [0, 0, 1, 1], "texture": "#2"}
			}
		},
		{
			"from": [7.21026, 12.36849, 7.91464],
			"to": [10.89954, 14.82801, 10.37416],
			"rotation": {"angle": 0, "axis": "y", "origin": [9.12431, 14.64465, 9.21781]},
			"faces": {
				"north": {"uv": [0, 0, 9, 6], "texture": "#0"},
				"east": {"uv": [0, 0, 16, 12], "texture": "#0"},
				"south": {"uv": [0, 0, 9, 6], "texture": "#0"},
				"west": {"uv": [0, 0, 16, 12], "texture": "#0"},
				"up": {"uv": [0, 0, 16, 9], "rotation": 270, "texture": "#0"},
				"down": {"uv": [0, 0, 16, 9], "rotation": 270, "texture": "#0"}
			}
		},
		{
			"from": [6.84181, 12.37669, 8.7883],
			"to": [11.18967, 14.83621, 9.65787],
			"rotation": {"angle": -45, "axis": "y", "origin": [9.12431, 14.64465, 9.21781]},
			"faces": {
				"north": {"uv": [6, 0, 16, 11], "texture": "#0"},
				"east": {"uv": [6, 0, 16, 11], "texture": "#0"},
				"south": {"uv": [6, 0, 16, 11], "texture": "#0"},
				"west": {"uv": [6, 0, 16, 11], "texture": "#0"},
				"up": {"uv": [6, 1, 16, 8], "rotation": 270, "texture": "#0"},
				"down": {"uv": [6, 1, 16, 8], "rotation": 180, "texture": "#0"}
			}
		},
		{
			"from": [8.58854, 12.37259, 7.04155],
			"to": [9.45811, 14.83211, 11.38941],
			"rotation": {"angle": -45, "axis": "y", "origin": [9.12431, 14.64465, 9.21781]},
			"faces": {
				"north": {"uv": [6, 0, 16, 11], "texture": "#0"},
				"east": {"uv": [6, 0, 16, 11], "texture": "#0"},
				"south": {"uv": [6, 0, 16, 11], "texture": "#0"},
				"west": {"uv": [6, 0, 16, 11], "texture": "#0"},
				"up": {"uv": [6, 1, 16, 8], "rotation": 180, "texture": "#0"},
				"down": {"uv": [6, 1, 16, 8], "rotation": 180, "texture": "#0"}
			}
		},
		{
			"from": [7.81405, 12.36849, 7.30013],
			"to": [10.27357, 14.82801, 10.98941],
			"rotation": {"angle": 0, "axis": "y", "origin": [9.12431, 14.64465, 9.21781]},
			"faces": {
				"north": {"uv": [0, 0, 16, 16], "texture": "#6"},
				"east": {"uv": [0, 0, 9, 6], "texture": "#0"},
				"south": {"uv": [0, 0, 16, 12], "texture": "#0"},
				"west": {"uv": [0, 0, 9, 6], "texture": "#0"},
				"up": {"uv": [0, 0, 16, 9], "rotation": 180, "texture": "#0"},
				"down": {"uv": [0, 0, 16, 9], "rotation": 180, "texture": "#0"}
			}
		},
		{
			"from": [7.99454, 11.94996, 7.56132],
			"to": [10.10973, 15.22932, 10.7341],
			"rotation": {"angle": 0, "axis": "y", "origin": [9.12431, 14.64465, 9.21781]},
			"faces": {
				"north": {"uv": [0, 0, 16, 9], "texture": "#0"},
				"east": {"uv": [0, 0, 9, 6], "texture": "#0"},
				"south": {"uv": [0, 0, 16, 9], "texture": "#0"},
				"west": {"uv": [0, 0, 9, 6], "texture": "#0"},
				"up": {"uv": [0, 0, 16, 16], "rotation": 180, "texture": "#1_1"},
				"down": {"uv": [0, 0, 16, 16], "rotation": 180, "texture": "#0"}
			}
		},
		{
			"from": [8.65632, 11.95037, 7.34316],
			"to": [9.40415, 15.22973, 11.08232],
			"rotation": {"angle": -45, "axis": "y", "origin": [9.12431, 14.64465, 9.21781]},
			"faces": {
				"north": {"uv": [6, 1, 16, 8], "rotation": 180, "texture": "#0"},
				"east": {"uv": [0, 0, 10.6066, 6], "texture": "#0"},
				"south": {"uv": [6, 1, 16, 8], "rotation": 180, "texture": "#0"},
				"west": {"uv": [0, 0, 10.6066, 6], "texture": "#0"},
				"up": {"uv": [6, 1, 16, 8], "rotation": 180, "texture": "#0"},
				"down": {"uv": [6, 1, 16, 8], "rotation": 180, "texture": "#0"}
			}
		},
		{
			"from": [7.15306, 11.9598, 8.8465],
			"to": [10.89222, 15.22891, 9.59433],
			"rotation": {"angle": -45, "axis": "y", "origin": [9.12431, 14.64465, 9.21781]},
			"faces": {
				"north": {"uv": [0, 0, 10.6066, 6], "texture": "#0"},
				"east": {"uv": [6, 1, 16, 8], "rotation": 180, "texture": "#0"},
				"south": {"uv": [0, 0, 10.6066, 6], "texture": "#0"},
				"west": {"uv": [6, 1, 16, 8], "rotation": 180, "texture": "#0"},
				"up": {"uv": [6, 1, 16, 8], "rotation": 270, "texture": "#0"},
				"down": {"uv": [6, 1, 16, 8], "rotation": 270, "texture": "#0"}
			}
		},
		{
			"from": [7.47529, 11.95078, 8.0898],
			"to": [10.64807, 15.23014, 10.20499],
			"rotation": {"angle": 0, "axis": "y", "origin": [9.12431, 14.64465, 9.21781]},
			"faces": {
				"north": {"uv": [0, 0, 9, 6], "texture": "#1_1"},
				"east": {"uv": [0, 0, 16, 9], "texture": "#0"},
				"south": {"uv": [0, 0, 9, 6], "texture": "#1_1"},
				"west": {"uv": [0, 0, 16, 9], "texture": "#0"},
				"up": {"uv": [0, 0, 16, 16], "rotation": 180, "texture": "#1_1"},
				"down": {"uv": [0, 0, 16, 16], "rotation": 180, "texture": "#0"}
			}
		},
		{
			"from": [8.89832, 15.23793, 8.96085],
			"to": [9.30824, 16.05777, 9.37077],
			"rotation": {"angle": 0, "axis": "y", "origin": [9.12431, 14.64465, 9.21781]},
			"faces": {
				"north": {"uv": [0, 0, 16, 16], "texture": "#1_2"},
				"east": {"uv": [0, 0, 16, 16], "texture": "#1_2"},
				"south": {"uv": [0, 0, 16, 16], "texture": "#1_2"},
				"west": {"uv": [0, 0, 16, 16], "texture": "#1_2"},
				"up": {"uv": [0, 0, 16, 16], "rotation": 180, "texture": "#1_2"},
				"down": {"uv": [0, 0, 16, 16], "rotation": 180, "texture": "#1_2"}
			}
		},
		{
			"from": [9.46543, 15.88009, 9.00255],
			"to": [9.79337, 16.29001, 9.33049],
			"rotation": {"angle": 22.5, "axis": "z", "origin": [9.12431, 14.64465, 9.21781]},
			"faces": {
				"north": {"uv": [0, 0, 16, 16], "texture": "#1_2"},
				"east": {"uv": [0, 0, 16, 16], "texture": "#1_2"},
				"south": {"uv": [0, 0, 16, 16], "texture": "#1_2"},
				"west": {"uv": [0, 0, 16, 16], "texture": "#1_2"},
				"up": {"uv": [0, 0, 16, 16], "rotation": 180, "texture": "#1_2"},
				"down": {"uv": [0, 0, 16, 16], "rotation": 180, "texture": "#1_2"}
			}
		},
		{
			"from": [10.0856, 15.90848, 9.0432],
			"to": [10.33155, 16.3184, 9.28915],
			"rotation": {"angle": 45, "axis": "z", "origin": [9.12431, 14.64465, 9.21781]},
			"faces": {
				"north": {"uv": [0, 0, 16, 16], "texture": "#1_2"},
				"east": {"uv": [0, 0, 16, 16], "texture": "#1_2"},
				"south": {"uv": [0, 0, 16, 16], "texture": "#1_2"},
				"west": {"uv": [0, 0, 16, 16], "texture": "#1_2"},
				"up": {"uv": [0, 0, 16, 16], "rotation": 180, "texture": "#1_2"},
				"down": {"uv": [0, 0, 16, 16], "rotation": 180, "texture": "#1_2"}
			}
		},
		{
			"from": [8.89832, 14.6188, 9.61309],
			"to": [9.30824, 15.23368, 10.02301],
			"rotation": {"angle": -45, "axis": "x", "origin": [9.12431, 14.64465, 9.21781]},
			"faces": {
				"north": {"uv": [0, 0, 16, 16], "texture": "#1_2"},
				"east": {"uv": [0, 0, 16, 16], "texture": "#1_2"},
				"south": {"uv": [0, 0, 16, 16], "texture": "#1_2"},
				"west": {"uv": [0, 0, 16, 16], "texture": "#1_2"},
				"up": {"uv": [0, 0, 16, 16], "rotation": 180, "texture": "#1_2"},
				"down": {"uv": [0, 0, 16, 16], "rotation": 180, "texture": "#1_2"}
			}
		},
		{
			"from": [8.26764, 14.56734, 8.96038],
			"to": [8.67756, 15.18222, 9.3703],
			"rotation": {"angle": -45, "axis": "z", "origin": [9.12431, 14.64465, 9.21781]},
			"faces": {
				"north": {"uv": [0, 0, 16, 16], "rotation": 270, "texture": "#1_2"},
				"east": {"uv": [0, 0, 16, 16], "rotation": 270, "texture": "#1_2"},
				"south": {"uv": [0, 0, 16, 16], "rotation": 270, "texture": "#1_2"},
				"west": {"uv": [0, 0, 16, 16], "rotation": 270, "texture": "#1_2"},
				"up": {"uv": [0, 0, 16, 16], "rotation": 90, "texture": "#1_2"},
				"down": {"uv": [0, 0, 16, 16], "rotation": 90, "texture": "#1_2"}
			}
		},
		{
			"from": [8.89832, 14.54526, 8.33906],
			"to": [9.30824, 15.16014, 8.74898],
			"rotation": {"angle": 45, "axis": "x", "origin": [9.12431, 14.64465, 9.21781]},
			"faces": {
				"north": {"uv": [0, 0, 16, 16], "texture": "#1_2"},
				"east": {"uv": [0, 0, 16, 16], "texture": "#1_2"},
				"south": {"uv": [0, 0, 16, 16], "texture": "#1_2"},
				"west": {"uv": [0, 0, 16, 16], "texture": "#1_2"},
				"up": {"uv": [0, 0, 16, 16], "rotation": 180, "texture": "#1_2"},
				"down": {"uv": [0, 0, 16, 16], "rotation": 180, "texture": "#1_2"}
			}
		},
		{
			"from": [9.54167, 14.59672, 8.96038],
			"to": [9.95159, 15.2116, 9.3703],
			"rotation": {"angle": 45, "axis": "z", "origin": [9.12431, 14.64465, 9.21781]},
			"faces": {
				"north": {"uv": [0, 0, 16, 16], "rotation": 270, "texture": "#1_2"},
				"east": {"uv": [0, 0, 16, 16], "rotation": 270, "texture": "#1_2"},
				"south": {"uv": [0, 0, 16, 16], "rotation": 270, "texture": "#1_2"},
				"west": {"uv": [0, 0, 16, 16], "rotation": 270, "texture": "#1_2"},
				"up": {"uv": [0, 0, 16, 16], "rotation": 90, "texture": "#1_2"},
				"down": {"uv": [0, 0, 16, 16], "rotation": 90, "texture": "#1_2"}
			}
		},
		{
			"from": [9.55288, 15.07631, 8.75589],
			"to": [10.78264, 15.07631, 9.98565],
			"rotation": {"angle": 22.5, "axis": "z", "origin": [9.12431, 14.64465, 9.21781]},
			"faces": {
				"north": {"uv": [0, 0, 3, 0], "texture": "#missing"},
				"east": {"uv": [0, 0, 3, 0], "texture": "#missing"},
				"south": {"uv": [0, 0, 3, 0], "texture": "#missing"},
				"west": {"uv": [0, 0, 3, 0], "texture": "#missing"},
				"up": {"uv": [0, 0, 7, 6], "rotation": 270, "texture": "#3"},
				"down": {"uv": [0, 0, 7, 6], "rotation": 270, "texture": "#3"}
			}
		},
		{
			"from": [10.55288, 12.07631, 5.75589],
			"to": [12.78264, 12.07631, 8.98565],
			"rotation": {"angle": 22.5, "axis": "z", "origin": [10.12431, 11.64465, 8.21781]},
			"faces": {
				"north": {"uv": [0, 0, 3, 0], "texture": "#missing"},
				"east": {"uv": [0, 0, 3, 0], "texture": "#missing"},
				"south": {"uv": [0, 0, 3, 0], "texture": "#missing"},
				"west": {"uv": [0, 0, 3, 0], "texture": "#missing"},
				"up": {"uv": [0, 0, 7, 6], "rotation": 90, "texture": "#3"},
				"down": {"uv": [0, 0, 7, 6], "rotation": 270, "texture": "#3"}
			}
		},
		{
			"from": [2.51736, 12.07631, 5.75589],
			"to": [4.74712, 12.07631, 8.98565],
			"rotation": {"angle": -22.5, "axis": "z", "origin": [5.17569, 11.64465, 8.21781]},
			"faces": {
				"north": {"uv": [3, 0, 0, 0], "texture": "#missing"},
				"east": {"uv": [3, 0, 0, 0], "texture": "#missing"},
				"south": {"uv": [3, 0, 0, 0], "texture": "#missing"},
				"west": {"uv": [3, 0, 0, 0], "texture": "#missing"},
				"up": {"uv": [0, 6, 7, 0], "rotation": 90, "texture": "#3"},
				"down": {"uv": [0, 6, 7, 0], "rotation": 270, "texture": "#3"}
			}
		},
		{
			"from": [5.7588, 12.08112, 4.00228],
			"to": [9.98856, 12.08112, 6.98204],
			"rotation": {"angle": 0, "axis": "x", "origin": [7.37589, 12.09111, 5.87298]},
			"faces": {
				"north": {"uv": [0, 0, 3, 0], "texture": "#missing"},
				"east": {"uv": [0, 0, 3, 0], "texture": "#missing"},
				"south": {"uv": [0, 0, 3, 0], "texture": "#missing"},
				"west": {"uv": [0, 0, 3, 0], "texture": "#missing"},
				"up": {"uv": [2, 11, 14, 16], "texture": "#3"},
				"down": {"uv": [0, 0, 7, 6], "texture": "#3"}
			}
		},
		{
			"from": [6.5088, 10.98204, 10.86299],
			"to": [10.73856, 15.9618, 10.86299],
			"rotation": {"angle": 22.5, "axis": "x", "origin": [8.12589, 12.09111, 10.87298]},
			"faces": {
				"north": {"uv": [2, 11, 14, 16], "texture": "#3"},
				"east": {"uv": [0, 0, 3, 0], "rotation": 270, "texture": "#missing"},
				"south": {"uv": [2, 11, 14, 16], "texture": "#3"},
				"west": {"uv": [0, 0, 3, 0], "rotation": 90, "texture": "#missing"},
				"up": {"uv": [0, 0, 3, 0], "rotation": 180, "texture": "#missing"},
				"down": {"uv": [0, 0, 3, 0], "texture": "#missing"}
			}
		},
		{
			"from": [4.0088, 10.98204, 10.46299],
			"to": [8.23856, 14.9618, 10.46299],
			"rotation": {"angle": -22.5, "axis": "y", "origin": [5.12589, 12.09111, 9.37298]},
			"faces": {
				"north": {"uv": [1, 11, 15, 16], "texture": "#3"},
				"east": {"uv": [0, 0, 3, 0], "rotation": 270, "texture": "#missing"},
				"south": {"uv": [1, 11, 15, 16], "texture": "#3"},
				"west": {"uv": [0, 0, 3, 0], "rotation": 90, "texture": "#missing"},
				"up": {"uv": [0, 0, 3, 0], "rotation": 180, "texture": "#missing"},
				"down": {"uv": [0, 0, 3, 0], "texture": "#missing"}
			}
		},
		{
			"from": [2.9088, 10.98204, 9.36299],
			"to": [7.13856, 13.9618, 9.36299],
			"rotation": {"angle": -45, "axis": "y", "origin": [5.12589, 12.09111, 9.37298]},
			"faces": {
				"north": {"uv": [0, 1, 14, 6], "texture": "#3"},
				"east": {"uv": [0, 0, 3, 0], "rotation": 270, "texture": "#missing"},
				"south": {"uv": [0, 1, 14, 6], "rotation": 180, "texture": "#3"},
				"west": {"uv": [0, 0, 3, 0], "rotation": 90, "texture": "#missing"},
				"up": {"uv": [0, 0, 3, 0], "rotation": 180, "texture": "#missing"},
				"down": {"uv": [0, 0, 3, 0], "texture": "#missing"}
			}
		},
		{
			"from": [10.26682, 12.13112, 3.95589],
			"to": [12.49658, 12.13112, 7.18565],
			"rotation": {"angle": 45, "axis": "y", "origin": [11.37589, 12.14111, 7.37298]},
			"faces": {
				"north": {"uv": [0, 0, 3, 0], "texture": "#missing"},
				"east": {"uv": [0, 0, 3, 0], "texture": "#missing"},
				"south": {"uv": [0, 0, 3, 0], "texture": "#missing"},
				"west": {"uv": [0, 0, 3, 0], "texture": "#missing"},
				"up": {"uv": [0, 0, 7, 6], "rotation": 270, "texture": "#3"},
				"down": {"uv": [0, 0, 7, 6], "rotation": 270, "texture": "#3"}
			}
		},
		{
			"from": [8.79584, 15.08842, 9.61712],
			"to": [10.0256, 15.08842, 10.84688],
			"rotation": {"angle": -22.5, "axis": "x", "origin": [9.12431, 14.64465, 9.21781]},
			"faces": {
				"north": {"uv": [0, 0, 7, 6], "rotation": 270, "texture": "#3"},
				"east": {"uv": [0, 0, 7, 6], "rotation": 270, "texture": "#3"},
				"south": {"uv": [0, 0, 7, 6], "rotation": 270, "texture": "#3"},
				"west": {"uv": [0, 0, 7, 6], "rotation": 270, "texture": "#3"},
				"up": {"uv": [0, 0, 7, 6], "rotation": 180, "texture": "#3"},
				"down": {"uv": [0, 0, 7, 6], "rotation": 270, "texture": "#3"}
			}
		},
		{
			"from": [4.85359, 12.24531, 6.0184],
			"to": [6.62444, 14.01617, 8.67468],
			"rotation": {"angle": 0, "axis": "y", "origin": [5.67299, 13.88049, 7.39]},
			"faces": {
				"north": {"uv": [0, 0, 16, 12], "texture": "#0"},
				"east": {"uv": [0, 0, 16, 12], "texture": "#0"},
				"south": {"uv": [0, 0, 16, 12], "texture": "#0"},
				"west": {"uv": [0, 0, 16, 12], "texture": "#0"},
				"up": {"uv": [0, 0, 16, 9], "texture": "#0"},
				"down": {"uv": [0, 0, 16, 9], "rotation": 180, "texture": "#0"}
			}
		},
		{
			"from": [5.37007, 12.25122, 5.74189],
			"to": [5.99616, 14.02207, 8.87234],
			"rotation": {"angle": -45, "axis": "y", "origin": [5.67299, 13.88049, 7.39]},
			"faces": {
				"north": {"uv": [6, 0, 16, 11], "texture": "#0"},
				"east": {"uv": [6, 0, 16, 11], "texture": "#0"},
				"south": {"uv": [6, 0, 16, 11], "texture": "#0"},
				"west": {"uv": [6, 0, 16, 11], "texture": "#0"},
				"up": {"uv": [6, 1, 16, 8], "texture": "#0"},
				"down": {"uv": [6, 1, 16, 8], "rotation": 90, "texture": "#0"}
			}
		},
		{
			"from": [4.12336, 12.24827, 6.99953],
			"to": [7.25382, 14.01912, 7.62562],
			"rotation": {"angle": -45, "axis": "y", "origin": [5.67299, 13.88049, 7.39]},
			"faces": {
				"north": {"uv": [6, 0, 16, 11], "texture": "#0"},
				"east": {"uv": [6, 0, 16, 11], "texture": "#0"},
				"south": {"uv": [6, 0, 16, 11], "texture": "#0"},
				"west": {"uv": [6, 0, 16, 11], "texture": "#0"},
				"up": {"uv": [6, 1, 16, 8], "rotation": 270, "texture": "#0"},
				"down": {"uv": [6, 1, 16, 8], "rotation": 90, "texture": "#0"}
			}
		},
		{
			"from": [4.41061, 12.24531, 6.45312],
			"to": [7.06689, 14.01617, 8.22398],
			"rotation": {"angle": 0, "axis": "y", "origin": [5.67299, 13.88049, 7.39]},
			"faces": {
				"north": {"uv": [0, 0, 16, 12], "texture": "#0"},
				"east": {"uv": [0, 0, 16, 12], "texture": "#0"},
				"south": {"uv": [0, 0, 16, 12], "texture": "#0"},
				"west": {"uv": [0, 0, 16, 12], "texture": "#0"},
				"up": {"uv": [0, 0, 16, 9], "rotation": 270, "texture": "#0"},
				"down": {"uv": [0, 0, 16, 9], "rotation": 90, "texture": "#0"}
			}
		},
		{
			"from": [4.59443, 11.94397, 6.58308],
			"to": [6.87883, 14.30511, 8.10601],
			"rotation": {"angle": 0, "axis": "y", "origin": [5.67299, 13.88049, 7.39]},
			"faces": {
				"north": {"uv": [0, 0, 9, 6], "texture": "#0"},
				"east": {"uv": [0, 0, 16, 9], "texture": "#0"},
				"south": {"uv": [0, 0, 9, 6], "texture": "#0"},
				"west": {"uv": [0, 0, 16, 9], "texture": "#0"},
				"up": {"uv": [0, 0, 16, 16], "rotation": 270, "texture": "#1_1"},
				"down": {"uv": [0, 0, 16, 16], "rotation": 90, "texture": "#0"}
			}
		},
		{
			"from": [4.34446, 11.94427, 7.04833],
			"to": [7.03666, 14.30541, 7.58677],
			"rotation": {"angle": -45, "axis": "y", "origin": [5.67299, 13.88049, 7.39]},
			"faces": {
				"north": {"uv": [0, 0, 10.6066, 6], "texture": "#0"},
				"east": {"uv": [6, 1, 16, 8], "rotation": 180, "texture": "#0"},
				"south": {"uv": [0, 0, 10.6066, 6], "texture": "#0"},
				"west": {"uv": [6, 1, 16, 8], "rotation": 180, "texture": "#0"},
				"up": {"uv": [6, 1, 16, 8], "rotation": 270, "texture": "#0"},
				"down": {"uv": [6, 1, 16, 8], "rotation": 90, "texture": "#0"}
			}
		},
		{
			"from": [5.41582, 11.95106, 5.96599],
			"to": [5.95425, 14.30482, 8.65818],
			"rotation": {"angle": -45, "axis": "y", "origin": [5.67299, 13.88049, 7.39]},
			"faces": {
				"north": {"uv": [6, 1, 16, 8], "rotation": 180, "texture": "#0"},
				"east": {"uv": [0, 0, 10.6066, 6], "texture": "#0"},
				"south": {"uv": [6, 1, 16, 8], "rotation": 180, "texture": "#0"},
				"west": {"uv": [0, 0, 10.6066, 6], "texture": "#0"},
				"up": {"uv": [6, 1, 16, 8], "texture": "#0"},
				"down": {"uv": [6, 1, 16, 8], "rotation": 180, "texture": "#0"}
			}
		},
		{
			"from": [4.97539, 11.94456, 6.20921],
			"to": [6.49833, 14.3057, 8.49362],
			"rotation": {"angle": 0, "axis": "y", "origin": [5.67299, 13.88049, 7.39]},
			"faces": {
				"north": {"uv": [0, 0, 16, 9], "texture": "#0"},
				"east": {"uv": [0, 0, 9, 6], "texture": "#1_1"},
				"south": {"uv": [0, 0, 16, 9], "texture": "#0"},
				"west": {"uv": [0, 0, 9, 6], "texture": "#1_1"},
				"up": {"uv": [0, 0, 16, 16], "rotation": 270, "texture": "#1_1"},
				"down": {"uv": [0, 0, 16, 16], "rotation": 90, "texture": "#0"}
			}
		},
		{
			"from": [5.57603, 14.31131, 7.2338],
			"to": [5.87118, 14.9016, 7.52894],
			"rotation": {"angle": 0, "axis": "y", "origin": [5.67299, 13.88049, 7.39]},
			"faces": {
				"north": {"uv": [0, 0, 16, 16], "texture": "#1_2"},
				"east": {"uv": [0, 0, 16, 16], "texture": "#1_2"},
				"south": {"uv": [0, 0, 16, 16], "texture": "#1_2"},
				"west": {"uv": [0, 0, 16, 16], "texture": "#1_2"},
				"up": {"uv": [0, 0, 16, 16], "rotation": 270, "texture": "#1_2"},
				"down": {"uv": [0, 0, 16, 16], "rotation": 90, "texture": "#1_2"}
			}
		},
		{
			"from": [5.60503, 14.7709, 7.64302],
			"to": [5.84115, 15.06604, 7.87914],
			"rotation": {"angle": -22.5, "axis": "x", "origin": [5.67299, 13.88049, 7.39]},
			"faces": {
				"north": {"uv": [0, 0, 16, 16], "texture": "#1_2"},
				"east": {"uv": [0, 0, 16, 16], "texture": "#1_2"},
				"south": {"uv": [0, 0, 16, 16], "texture": "#1_2"},
				"west": {"uv": [0, 0, 16, 16], "texture": "#1_2"},
				"up": {"uv": [0, 0, 16, 16], "rotation": 270, "texture": "#1_2"},
				"down": {"uv": [0, 0, 16, 16], "rotation": 90, "texture": "#1_2"}
			}
		},
		{
			"from": [5.63479, 14.78843, 8.08932],
			"to": [5.81188, 15.08357, 8.2664],
			"rotation": {"angle": -45, "axis": "x", "origin": [5.67299, 13.88049, 7.39]},
			"faces": {
				"north": {"uv": [0, 0, 16, 16], "texture": "#1_2"},
				"east": {"uv": [0, 0, 16, 16], "texture": "#1_2"},
				"south": {"uv": [0, 0, 16, 16], "texture": "#1_2"},
				"west": {"uv": [0, 0, 16, 16], "texture": "#1_2"},
				"up": {"uv": [0, 0, 16, 16], "rotation": 270, "texture": "#1_2"},
				"down": {"uv": [0, 0, 16, 16], "rotation": 90, "texture": "#1_2"}
			}
		},
		{
			"from": [5.09998, 13.87378, 7.2338],
			"to": [5.39512, 14.3165, 7.52894],
			"rotation": {"angle": -45, "axis": "z", "origin": [5.67299, 13.88049, 7.39]},
			"faces": {
				"north": {"uv": [0, 0, 16, 16], "texture": "#1_2"},
				"east": {"uv": [0, 0, 16, 16], "texture": "#1_2"},
				"south": {"uv": [0, 0, 16, 16], "texture": "#1_2"},
				"west": {"uv": [0, 0, 16, 16], "texture": "#1_2"},
				"up": {"uv": [0, 0, 16, 16], "rotation": 270, "texture": "#1_2"},
				"down": {"uv": [0, 0, 16, 16], "rotation": 90, "texture": "#1_2"}
			}
		},
		{
			"from": [5.57637, 13.83202, 6.77522],
			"to": [5.87151, 14.27473, 7.07036],
			"rotation": {"angle": 45, "axis": "x", "origin": [5.67299, 13.88049, 7.39]},
			"faces": {
				"north": {"uv": [0, 0, 16, 16], "rotation": 270, "texture": "#1_2"},
				"east": {"uv": [0, 0, 16, 16], "rotation": 270, "texture": "#1_2"},
				"south": {"uv": [0, 0, 16, 16], "rotation": 270, "texture": "#1_2"},
				"west": {"uv": [0, 0, 16, 16], "rotation": 270, "texture": "#1_2"},
				"up": {"uv": [0, 0, 16, 16], "rotation": 180, "texture": "#1_2"},
				"down": {"uv": [0, 0, 16, 16], "texture": "#1_2"}
			}
		},
		{
			"from": [6.02244, 13.8022, 7.2338],
			"to": [6.31759, 14.24492, 7.52894],
			"rotation": {"angle": 45, "axis": "z", "origin": [5.67299, 13.88049, 7.39]},
			"faces": {
				"north": {"uv": [0, 0, 16, 16], "texture": "#1_2"},
				"east": {"uv": [0, 0, 16, 16], "texture": "#1_2"},
				"south": {"uv": [0, 0, 16, 16], "texture": "#1_2"},
				"west": {"uv": [0, 0, 16, 16], "texture": "#1_2"},
				"up": {"uv": [0, 0, 16, 16], "rotation": 270, "texture": "#1_2"},
				"down": {"uv": [0, 0, 16, 16], "rotation": 90, "texture": "#1_2"}
			}
		},
		{
			"from": [5.57637, 13.84396, 7.69768],
			"to": [5.87151, 14.28668, 7.99283],
			"rotation": {"angle": -45, "axis": "x", "origin": [5.67299, 13.88049, 7.39]},
			"faces": {
				"north": {"uv": [0, 0, 16, 16], "rotation": 270, "texture": "#1_2"},
				"east": {"uv": [0, 0, 16, 16], "rotation": 270, "texture": "#1_2"},
				"south": {"uv": [0, 0, 16, 16], "rotation": 270, "texture": "#1_2"},
				"west": {"uv": [0, 0, 16, 16], "rotation": 270, "texture": "#1_2"},
				"up": {"uv": [0, 0, 16, 16], "rotation": 180, "texture": "#1_2"},
				"down": {"uv": [0, 0, 16, 16], "texture": "#1_2"}
			}
		},
		{
			"from": [5.13332, 14.19217, 7.70599],
			"to": [6.01875, 14.19217, 8.59141],
			"rotation": {"angle": -22.5, "axis": "x", "origin": [5.67299, 13.88049, 7.39]},
			"faces": {
				"north": {"uv": [0, 0, 3, 0], "texture": "#missing"},
				"east": {"uv": [0, 0, 3, 0], "texture": "#missing"},
				"south": {"uv": [0, 0, 3, 0], "texture": "#missing"},
				"west": {"uv": [0, 0, 3, 0], "texture": "#missing"},
				"up": {"uv": [0, 0, 7, 6], "texture": "#3"},
				"down": {"uv": [0, 0, 7, 6], "rotation": 180, "texture": "#3"}
			}
		},
		{
			"from": [4.51083, 14.20843, 7.16001],
			"to": [5.39626, 14.20843, 8.04544],
			"rotation": {"angle": -22.5, "axis": "z", "origin": [5.67299, 13.88049, 7.39]},
			"faces": {
				"north": {"uv": [0, 0, 7, 6], "rotation": 270, "texture": "#3"},
				"east": {"uv": [0, 0, 7, 6], "rotation": 270, "texture": "#3"},
				"south": {"uv": [0, 0, 7, 6], "rotation": 270, "texture": "#3"},
				"west": {"uv": [0, 0, 7, 6], "rotation": 270, "texture": "#3"},
				"up": {"uv": [0, 0, 7, 6], "rotation": 270, "texture": "#3"},
				"down": {"uv": [0, 0, 7, 6], "rotation": 180, "texture": "#3"}
			}
		}
	],
	"display": {
		"thirdperson_righthand": {
			"rotation": [75, 16.5, 0],
			"translation": [0, 2.5, 1.5],
			"scale": [0.375, 0.375, 0.375]
		},
		"thirdperson_lefthand": {
			"rotation": [75, 16.5, 0],
			"translation": [0, 2.5, 1.5],
			"scale": [0.375, 0.375, 0.375]
		},
		"firstperson_righthand": {
			"rotation": [0, 110.5, 0],
			"translation": [1.5, 3.25, 0],
			"scale": [0.27305, 0.27305, 0.27305]
		},
		"firstperson_lefthand": {
			"rotation": [0, 110.5, 0],
			"translation": [1.5, 3.25, 0],
			"scale": [0.27305, 0.27305, 0.27305]
		},
		"ground": {
			"translation": [0, 2.5, 0],
			"scale": [0.8, 0.8, 0.8]
		},
		"gui": {
			"rotation": [30, 225, 0],
			"translation": [-1.5, 2.75, 0],
			"scale": [0.76953, 0.76953, 0.76953]
		},
		"head": {
			"translation": [0, 13.5, 0],
			"scale": [0.76563, 0.76563, 0.76563]
		},
		"fixed": {
			"rotation": [-90, 0, 0],
			"translation": [0, 0, -15],
			"scale": [2, 2, 2]
		}
	},
	"groups": [
		{
			"name": "Cake",
			"origin": [8, 8, 8],
			"children": [0, 1, 2, 3]
		},
		{
			"name": "Icing",
			"origin": [8, 7.5, 8],
			"children": [4, 5, 6, 7, 8, 9, 10, 11, 12, 13, 14, 15, 16, 17, 18, 19, 20, 21, 22, 23, 24, 25, 26, 27,
				{
					"name": "octagon",
					"origin": [8, 8, 8],
					"children": [28, 29, 30, 31]
				}
			]
		},
		{
			"name": "Cake Display",
			"origin": [8, 8, 8],
			"children": [
				{
					"name": "octagon",
					"origin": [8, 8, 8],
					"children": [32, 33, 34, 35]
				},
				{
					"name": "octagon",
					"origin": [8, 8, 8],
					"children": [36, 37, 38, 39]
				},
				{
					"name": "group",
					"origin": [8, 8, 8],
					"children": [
						{
							"name": "octagon",
							"origin": [8, 8, 8],
							"children": [40, 41, 42, 43]
						},
						{
							"name": "octagon",
							"origin": [8, 8, 8],
							"children": [44, 45, 46, 47]
						}
					]
				},
				{
					"name": "group",
					"origin": [8, 8, 8],
					"children": [
						{
							"name": "octagon",
							"origin": [8, 8, 8],
							"children": [48, 49, 50, 51]
						},
						{
							"name": "octagon",
							"origin": [8, 8, 8],
							"children": [52, 53, 54, 55]
						}
					]
				}, 56]
		},
		{
			"name": "pumpkin_big",
			"origin": [8, 8, 8],
			"children": [
				{
					"name": "Big Pumpkin",
					"origin": [8.51309, 0.5009, 7.98602],
					"children": [57, 58, 59, 60, 61, 62, 63, 64,
						{
							"name": "Stem",
							"origin": [7.50026, 8.24999, 8.002],
							"children": [65, 66, 67, 68, 69, 70, 71]
						},
						{
							"name": "leaves",
							"origin": [7.24915, 8.5, 6.00085],
							"children": [72, 73, 74, 75, 76, 77, 78, 79, 80]
						}
					]
				}
			]
		},
		{
			"name": "pumpkin_big",
			"origin": [8, 8, 8],
			"children": [
				{
					"name": "Big Pumpkin",
					"origin": [8.51309, 0.5009, 7.98602],
					"children": [81, 82, 83, 84, 85, 86, 87, 88,
						{
							"name": "Stem",
							"origin": [7.50026, 8.24999, 8.002],
							"children": [89, 90, 91, 92, 93, 94, 95]
						},
						{
							"name": "leaves",
							"origin": [7.24915, 8.5, 6.00085],
							"children": [96, 97]
						}
					]
				}
			]
		}
	]
}