{
	"credit": "Made with Blockbench",
	"parent": "./cit_item",
	"textures": {
		"0": "block/eyeball",
		"1": "block/MizunoArchive/stripped_oak_log",
		"particle": "block/MizunoArchive/stripped_oak_log"
	},
	"elements": [
		{
			"from": [6.73912, 0.51183, 6.25786],
			"to": [9.26088, 3.03358, 9.83596],
			"rotation": {"angle": -45, "axis": "y", "origin": [8.02198, 7.98359, 7.99439]},
			"faces": {
				"north": {"uv": [1, 1, 7, 7], "rotation": 180, "texture": "#0"},
				"east": {"uv": [2, 7, 6, 9], "rotation": 90, "texture": "#0"},
				"south": {"uv": [8, 1, 13, 6], "texture": "#0"},
				"west": {"uv": [2, 7, 6, 9], "rotation": 270, "texture": "#0"},
				"up": {"uv": [7, 2, 11, 6], "rotation": 90, "texture": "#0"},
				"down": {"uv": [7, 2, 11, 6], "rotation": 270, "texture": "#0"}
			}
		},
		{
			"from": [6.73912, 0.00748, 6.76221],
			"to": [9.26088, 3.53793, 9.19361],
			"rotation": {"angle": -45, "axis": "y", "origin": [8.02198, 7.98359, 7.99439]},
			"faces": {
				"north": {"uv": [9, 2, 15, 8], "rotation": 180, "texture": "#0"},
				"east": {"uv": [0, 8, 7, 12], "rotation": 90, "texture": "#0"},
				"south": {"uv": [8, 0, 13, 7], "texture": "#0"},
				"west": {"uv": [0, 8, 7, 12], "rotation": 270, "texture": "#0"},
				"up": {"uv": [1, 8, 6, 12], "texture": "#0"},
				"down": {"uv": [1, 8, 6, 12], "rotation": 180, "texture": "#0"}
			}
		},
		{
			"from": [6.23477, 0.51183, 6.76221],
			"to": [9.76523, 3.03358, 9.19361],
			"rotation": {"angle": -45, "axis": "y", "origin": [8.02198, 7.98359, 7.99439]},
			"faces": {
				"north": {"uv": [9, 2, 15, 8], "rotation": 180, "texture": "#0"},
				"east": {"uv": [1, 8, 6, 12], "rotation": 90, "texture": "#0"},
				"south": {"uv": [8, 1, 13, 6], "texture": "#0"},
				"west": {"uv": [1, 8, 6, 12], "rotation": 270, "texture": "#0"},
				"up": {"uv": [0, 8, 7, 12], "texture": "#0"},
				"down": {"uv": [0, 8, 7, 12], "rotation": 180, "texture": "#0"}
			}
		},
		{
			"from": [7.74782, 3.06448, 7.7451],
			"to": [8.25218, 7.09928, 8.24945],
			"rotation": {"angle": -45, "axis": "y", "origin": [8.02198, 7.98359, 7.99439]},
			"faces": {
				"north": {"uv": [15, 1, 16, 9], "texture": "#1"},
				"east": {"uv": [15, 1, 16, 9], "texture": "#1"},
				"south": {"uv": [15, 1, 16, 9], "texture": "#1"},
				"west": {"uv": [15, 1, 16, 9], "texture": "#1"},
				"up": {"uv": [15, 1, 16, 2], "texture": "#1"},
				"down": {"uv": [15, 1, 16, 9], "texture": "#1"}
			}
		}
	],
	"display": {
		"thirdperson_righthand": {
			"rotation": [-132.75, 170, -14],
			"translation": [-0.25, -0.75, 0.5],
			"scale": [0.66992, 0.66992, 0.66992]
		},
		"thirdperson_lefthand": {
			"rotation": [-132.75, 95, -14],
			"translation": [-0.25, -0.75, 0.5],
			"scale": [0.66992, 0.66992, 0.66992]
		},
		"firstperson_righthand": {
			"rotation": [-165, 58, -19],
			"translation": [-0.75, 1.5, 3.25],
			"scale": [0.71094, 0.71094, 0.71094]
		},
		"firstperson_lefthand": {
			"rotation": [174, -29, -8],
			"translation": [-0.75, 1.5, 3.25],
			"scale": [0.71094, 0.71094, 0.71094]
		},
		"ground": {
			"translation": [0, 4.25, 0]
		},
		"gui": {
			"rotation": [30, -105, 0],
			"translation": [0, 6.5, 0],
			"scale": [1.34179, 1.34179, 1.34179]
		},
		"head": {
			"rotation": [0, 65, 0],
			"translation": [0, 19, 0],
			"scale": [1.5, 1.5, 1.5]
		},
		"fixed": {
			"rotation": [-90, 0, 0],
			"translation": [0, 0, -15],
			"scale": [2, 2, 2]
		}
	},
	"groups": [
		{
			"name": "group",
			"origin": [8, 8, 8],
			"children": [
				{
					"name": "Apple",
					"origin": [8, 8, 8],
					"children": [0, 1, 2, 3]
				}
			]
		}
	]
}