{
	"credit": "Made with Blockbench",
	"textures": {
		"0": "block/MizunoArchive/iron_ingot_0",
		"1": "block/MizunoArchive/black_concrete",
		"2": "block/MizunoArchive/apple_0",
		"3": "block/MizunoArchive/end_portal_frame_eye",
		"4": "block/MizunoArchive/furnace_side",
		"5": "block/MizunoArchive/furnace_top",
		"particle": "block/MizunoArchive/iron_ingot_0"
	},
	"elements": [
		{
			"from": [3.19, 12.19, 5.41],
			"to": [12.81, 18.11, 10.59],
			"rotation": {"angle": 0, "axis": "y", "origin": [6.89, 18.11, 11.33]},
			"faces": {
				"north": {"uv": [1, 2, 14, 10], "texture": "#4"},
				"east": {"uv": [3, 3, 10, 11], "texture": "#4"},
				"south": {"uv": [1, 2, 14, 10], "texture": "#4"},
				"west": {"uv": [3, 2, 10, 10], "texture": "#4"},
				"up": {"uv": [1, 3, 14, 10], "texture": "#4"},
				"down": {"uv": [2, 5, 15, 12], "texture": "#4"}
			}
		},
		{
			"from": [4.67, 12.93, 10.59],
			"to": [11.33, 17.37, 10.96],
			"rotation": {"angle": 0, "axis": "y", "origin": [6.89, 18.11, 11.33]},
			"faces": {
				"north": {"uv": [0, 0, 2, 5], "texture": "#4"},
				"east": {"uv": [0, 3, 1, 8], "texture": "#4"},
				"south": {"uv": [0, 1, 16, 15], "rotation": 180, "texture": "#4"},
				"west": {"uv": [0, 3, 1, 8], "texture": "#4"},
				"up": {"uv": [0, 3, 1, 8], "texture": "#4"},
				"down": {"uv": [0, 3, 1, 8], "texture": "#4"}
			}
		},
		{
			"from": [5.41, 18.11, 7.26],
			"to": [10.59, 21.07, 8.74],
			"rotation": {"angle": 0, "axis": "y", "origin": [6.89, 24.03, 11.33]},
			"faces": {
				"north": {"uv": [0, 0, 7, 4], "texture": "#1"},
				"east": {"uv": [0, 0, 2, 4], "texture": "#1"},
				"south": {"uv": [0, 0, 7, 4], "texture": "#1"},
				"west": {"uv": [0, 0, 2, 4], "texture": "#1"},
				"up": {"uv": [0, 0, 7, 2], "texture": "#1"},
				"down": {"uv": [0, 0, 7, 2], "texture": "#1"}
			}
		},
		{
			"from": [4.67, 15.89, 3.93],
			"to": [12.07, 17.37, 5.41],
			"rotation": {"angle": 0, "axis": "y", "origin": [6.89, 18.11, 11.33]},
			"faces": {
				"north": {"uv": [2, 3, 10, 5], "texture": "#5"},
				"east": {"uv": [2, 3, 4, 5], "texture": "#5"},
				"south": {"uv": [2, 3, 10, 5], "texture": "#5"},
				"west": {"uv": [2, 3, 4, 5], "texture": "#5"},
				"up": {"uv": [2, 3, 10, 5], "texture": "#5"},
				"down": {"uv": [2, 3, 10, 5], "texture": "#5"}
			}
		},
		{
			"from": [12.07, 16.63, 3.93],
			"to": [13.83783, 17.37, 5.41],
			"rotation": {"angle": 0, "axis": "y", "origin": [14.29, 18.11, 11.33]},
			"faces": {
				"north": {"uv": [3, 2, 5, 3], "texture": "#5"},
				"east": {"uv": [2, 3, 4, 5], "texture": "#5"},
				"south": {"uv": [3, 2, 5, 3], "texture": "#5"},
				"west": {"uv": [2, 3, 4, 5], "texture": "#5"},
				"up": {"uv": [2, 3, 4, 5], "texture": "#5"},
				"down": {"uv": [2, 3, 4, 5], "texture": "#5"}
			}
		},
		{
			"from": [13.365, 16.445, 4.3],
			"to": [15.13283, 17.185, 5.04],
			"rotation": {"angle": 0, "axis": "y", "origin": [15.585, 17.925, 11.33]},
			"faces": {
				"north": {"uv": [3, 2, 5, 3], "texture": "#5"},
				"east": {"uv": [3, 2, 5, 3], "texture": "#5"},
				"south": {"uv": [3, 2, 5, 3], "texture": "#5"},
				"west": {"uv": [3, 2, 5, 3], "texture": "#5"},
				"up": {"uv": [3, 2, 5, 3], "texture": "#5"},
				"down": {"uv": [3, 2, 5, 3], "texture": "#5"}
			}
		},
		{
			"from": [15.13283, 16.26, 4.115],
			"to": [15.50283, 17.37, 5.225],
			"rotation": {"angle": 0, "axis": "y", "origin": [16.325, 17.925, 11.33]},
			"faces": {
				"north": {"uv": [0, 0, 0.5, 1.5], "texture": "#1"},
				"east": {"uv": [0, 0, 1.5, 1.5], "texture": "#1"},
				"south": {"uv": [0, 0, 0.5, 1.5], "texture": "#1"},
				"west": {"uv": [0, 0, 1.5, 1.5], "texture": "#1"},
				"up": {"uv": [0, 0, 0.5, 1.5], "texture": "#1"},
				"down": {"uv": [0, 0, 0.5, 1.5], "texture": "#1"}
			}
		},
		{
			"from": [11.31477, 16.62561, 3.93],
			"to": [13.55465, 17.31762, 5.41128],
			"rotation": {"angle": 22.5, "axis": "z", "origin": [13.55465, 18.10561, 11.33128]},
			"faces": {
				"north": {"uv": [3, 2, 5, 3], "texture": "#5"},
				"east": {"uv": [2, 4, 4, 5], "texture": "#5"},
				"south": {"uv": [3, 2, 5, 3], "texture": "#5"},
				"west": {"uv": [3, 2, 5, 3], "texture": "#5"},
				"up": {"uv": [2, 3, 4, 5], "texture": "#5"},
				"down": {"uv": [2, 3, 4, 5], "texture": "#5"}
			}
		},
		{
			"from": [1.3326, 14.6616, 7.1342],
			"to": [2.487, 16.3932, 8.8658],
			"rotation": {"angle": 0, "axis": "y", "origin": [-2.1306, 17.5476, 10.5974]},
			"faces": {
				"north": {"uv": [2, 3, 3.1544, 4.7316], "texture": "#5"},
				"east": {"uv": [2, 3, 5, 6], "texture": "#5"},
				"south": {"uv": [2, 3, 3.154, 4.732], "texture": "#5"},
				"west": {"uv": [3, 3, 4.732, 4.732], "texture": "#5"},
				"up": {"uv": [3, 3, 5, 6], "texture": "#5"},
				"down": {"uv": [2, 4, 4, 7], "texture": "#5"}
			}
		},
		{
			"from": [0.1782, 14.0844, 6.557],
			"to": [1.3326, 16.9704, 9.443],
			"rotation": {"angle": 0, "axis": "y", "origin": [-3.285, 17.5476, 10.5974]},
			"faces": {
				"north": {"uv": [2, 3, 4, 8], "texture": "#5"},
				"east": {"uv": [2, 3, 7, 8], "texture": "#5"},
				"south": {"uv": [2, 4, 4, 9], "texture": "#5"},
				"west": {"uv": [2, 4, 7, 9], "texture": "#5"},
				"up": {"uv": [2, 4, 4, 9], "texture": "#5"},
				"down": {"uv": [2, 3, 4, 8], "texture": "#5"}
			}
		},
		{
			"from": [-0.9762, 13.5072, 5.9798],
			"to": [0.1782, 17.5476, 10.0202],
			"rotation": {"angle": 0, "axis": "y", "origin": [-4.4394, 17.5476, 10.5974]},
			"faces": {
				"north": {"uv": [2, 3, 4, 8], "texture": "#5"},
				"east": {"uv": [2, 5, 4, 10], "texture": "#5"},
				"south": {"uv": [3, 4, 5, 9], "texture": "#5"},
				"west": {"uv": [4, 0, 12, 4], "texture": "#3"},
				"up": {"uv": [4, 3, 6, 8], "texture": "#5"},
				"down": {"uv": [3, 3, 5, 8], "texture": "#5"}
			}
		},
		{
			"from": [-2.1306, 17.5476, 5.9798],
			"to": [-0.9762, 18.1248, 10.0202],
			"rotation": {"angle": 0, "axis": "y", "origin": [-5.5938, 17.5476, 10.5974]},
			"faces": {
				"north": {"uv": [0, 0, 2, 1], "texture": "#1"},
				"east": {"uv": [0, 0, 7, 1], "texture": "#1"},
				"south": {"uv": [0, 0, 2, 1], "texture": "#1"},
				"west": {"uv": [0, 0, 7, 1], "texture": "#1"},
				"up": {"uv": [0, 0, 2, 7], "texture": "#1"},
				"down": {"uv": [0, 0, 2, 7], "texture": "#1"}
			}
		},
		{
			"from": [-2.1306, 13.5072, 10.0202],
			"to": [-0.9762, 17.5476, 10.5974],
			"rotation": {"angle": 0, "axis": "y", "origin": [-5.5938, 12.93, 10.0202]},
			"faces": {
				"north": {"uv": [0, 0, 2, 7], "rotation": 180, "texture": "#1"},
				"east": {"uv": [0, 0, 7, 1], "rotation": 270, "texture": "#1"},
				"south": {"uv": [0, 0, 2, 7], "texture": "#1"},
				"west": {"uv": [0, 0, 7, 1], "rotation": 90, "texture": "#1"},
				"up": {"uv": [0, 0, 2, 1], "rotation": 180, "texture": "#1"},
				"down": {"uv": [0, 0, 2, 1], "texture": "#1"}
			}
		},
		{
			"from": [-2.1306, 12.93, 5.9798],
			"to": [-0.9762, 13.5072, 10.0202],
			"rotation": {"angle": 0, "axis": "y", "origin": [-5.5938, 12.93, 10.5974]},
			"faces": {
				"north": {"uv": [0, 0, 2, 1], "texture": "#1"},
				"east": {"uv": [0, 0, 7, 1], "texture": "#1"},
				"south": {"uv": [0, 0, 2, 1], "texture": "#1"},
				"west": {"uv": [0, 0, 7, 1], "texture": "#1"},
				"up": {"uv": [0, 0, 2, 7], "texture": "#1"},
				"down": {"uv": [0, 0, 2, 7], "texture": "#1"}
			}
		},
		{
			"from": [-2.1306, 13.5072, 5.4026],
			"to": [-0.9762, 17.5476, 5.9798],
			"rotation": {"angle": 0, "axis": "y", "origin": [-5.5938, 12.93, 5.4026]},
			"faces": {
				"north": {"uv": [0, 0, 2, 7], "rotation": 180, "texture": "#1"},
				"east": {"uv": [0, 0, 7, 1], "rotation": 270, "texture": "#1"},
				"south": {"uv": [0, 0, 2, 7], "texture": "#1"},
				"west": {"uv": [0, 0, 7, 1], "rotation": 90, "texture": "#1"},
				"up": {"uv": [0, 0, 2, 1], "rotation": 180, "texture": "#1"},
				"down": {"uv": [0, 0, 2, 1], "texture": "#1"}
			}
		},
		{
			"from": [2.45, 13.67, 6.15],
			"to": [3.19, 17.37, 9.85],
			"rotation": {"angle": 0, "axis": "y", "origin": [-2.73, 18.11, 11.33]},
			"faces": {
				"north": {"uv": [2, 3, 3, 8], "texture": "#5"},
				"east": {"uv": [2, 3, 3, 8], "texture": "#5"},
				"south": {"uv": [2, 3, 3, 8], "texture": "#5"},
				"west": {"uv": [2, 3, 5.7, 6.7], "texture": "#5"},
				"up": {"uv": [2, 3, 3, 8], "texture": "#5"},
				"down": {"uv": [2, 3, 3, 8], "texture": "#5"}
			}
		},
		{
			"name": "octagon",
			"from": [10.00584, 18.4726, 6.915],
			"to": [12.65416, 24.8662, 9.085],
			"rotation": {"angle": 22.5, "axis": "z", "origin": [11.33, 21.6694, 8]},
			"faces": {
				"north": {"uv": [3, 8, 5.392, 10.648], "rotation": 180, "texture": "#4"},
				"east": {"uv": [3, 8, 5.392, 10.648], "rotation": 180, "texture": "#4"},
				"south": {"uv": [3, 8, 5.392, 10.648], "rotation": 180, "texture": "#4"},
				"west": {"uv": [3, 8, 5.392, 10.648], "rotation": 180, "texture": "#4"},
				"up": {"uv": [3, 8, 5.392, 10.648], "rotation": 180, "texture": "#4"},
				"down": {"uv": [3, 8, 5.392, 10.648], "rotation": 180, "texture": "#4"}
			}
		},
		{
			"name": "octagon",
			"from": [10.00584, 18.4726, 6.89],
			"to": [12.65416, 24.8662, 9.11],
			"rotation": {"angle": -22.5, "axis": "z", "origin": [11.33, 21.6694, 8]},
			"faces": {
				"north": {"uv": [3, 8, 5.392, 10.648], "rotation": 180, "texture": "#4"},
				"east": {"uv": [3, 8, 5.392, 10.648], "rotation": 180, "texture": "#4"},
				"south": {"uv": [3, 8, 5.392, 10.648], "rotation": 180, "texture": "#4"},
				"west": {"uv": [3, 8, 5.392, 10.648], "rotation": 180, "texture": "#4"},
				"up": {"uv": [3, 8, 5.392, 10.648], "rotation": 180, "texture": "#4"},
				"down": {"uv": [3, 8, 5.392, 10.648], "rotation": 180, "texture": "#4"}
			}
		},
		{
			"name": "octagon",
			"from": [8.1332, 20.34524, 6.94],
			"to": [14.5268, 22.99356, 9.06],
			"rotation": {"angle": 22.5, "axis": "z", "origin": [11.33, 21.6694, 8]},
			"faces": {
				"north": {"uv": [3, 8, 5.392, 10.648], "rotation": 180, "texture": "#4"},
				"east": {"uv": [3, 8, 5.392, 10.648], "rotation": 180, "texture": "#4"},
				"south": {"uv": [3, 8, 5.392, 10.648], "rotation": 180, "texture": "#4"},
				"west": {"uv": [3, 8, 5.392, 10.648], "rotation": 180, "texture": "#4"},
				"up": {"uv": [3, 8, 5.392, 10.648], "rotation": 180, "texture": "#4"},
				"down": {"uv": [3, 8, 5.392, 10.648], "rotation": 180, "texture": "#4"}
			}
		},
		{
			"name": "octagon",
			"from": [8.1332, 20.34524, 6.965],
			"to": [14.5268, 22.99356, 9.035],
			"rotation": {"angle": -22.5, "axis": "z", "origin": [11.33, 21.6694, 8]},
			"faces": {
				"north": {"uv": [3, 8, 5.392, 10.648], "rotation": 180, "texture": "#4"},
				"east": {"uv": [3, 8, 5.392, 10.648], "rotation": 180, "texture": "#4"},
				"south": {"uv": [3, 8, 5.392, 10.648], "rotation": 180, "texture": "#4"},
				"west": {"uv": [3, 8, 5.392, 10.648], "rotation": 180, "texture": "#4"},
				"up": {"uv": [3, 8, 5.392, 10.648], "rotation": 180, "texture": "#4"},
				"down": {"uv": [3, 8, 5.392, 10.648], "rotation": 180, "texture": "#4"}
			}
		},
		{
			"name": "octagon",
			"from": [3.53084, 18.4726, 6.915],
			"to": [6.17916, 24.8662, 9.085],
			"rotation": {"angle": 22.5, "axis": "z", "origin": [4.855, 21.6694, 8]},
			"faces": {
				"north": {"uv": [3, 8, 5.392, 10.648], "rotation": 90, "texture": "#4"},
				"east": {"uv": [3, 8, 5.392, 10.648], "rotation": 90, "texture": "#4"},
				"south": {"uv": [3, 8, 5.392, 10.648], "rotation": 90, "texture": "#4"},
				"west": {"uv": [3, 8, 5.392, 10.648], "rotation": 90, "texture": "#4"},
				"up": {"uv": [3, 8, 5.392, 10.648], "rotation": 90, "texture": "#4"},
				"down": {"uv": [3, 8, 5.392, 10.648], "rotation": 90, "texture": "#4"}
			}
		},
		{
			"name": "octagon",
			"from": [3.53084, 18.4726, 6.89],
			"to": [6.17916, 24.8662, 9.11],
			"rotation": {"angle": -22.5, "axis": "z", "origin": [4.855, 21.6694, 8]},
			"faces": {
				"north": {"uv": [3, 8, 5.392, 10.648], "rotation": 90, "texture": "#4"},
				"east": {"uv": [3, 8, 5.392, 10.648], "rotation": 90, "texture": "#4"},
				"south": {"uv": [3, 8, 5.392, 10.648], "rotation": 90, "texture": "#4"},
				"west": {"uv": [3, 8, 5.392, 10.648], "rotation": 90, "texture": "#4"},
				"up": {"uv": [3, 8, 5.392, 10.648], "rotation": 90, "texture": "#4"},
				"down": {"uv": [3, 8, 5.392, 10.648], "rotation": 90, "texture": "#4"}
			}
		},
		{
			"name": "octagon",
			"from": [1.6582, 20.34524, 6.94],
			"to": [8.0518, 22.99356, 9.06],
			"rotation": {"angle": 22.5, "axis": "z", "origin": [4.855, 21.6694, 8]},
			"faces": {
				"north": {"uv": [3, 8, 5.392, 10.648], "rotation": 90, "texture": "#4"},
				"east": {"uv": [3, 8, 5.392, 10.648], "rotation": 90, "texture": "#4"},
				"south": {"uv": [3, 8, 5.392, 10.648], "rotation": 90, "texture": "#4"},
				"west": {"uv": [3, 8, 5.392, 10.648], "rotation": 90, "texture": "#4"},
				"up": {"uv": [3, 8, 5.392, 10.648], "rotation": 90, "texture": "#4"},
				"down": {"uv": [3, 8, 5.392, 10.648], "rotation": 90, "texture": "#4"}
			}
		},
		{
			"name": "octagon",
			"from": [1.6582, 20.34524, 6.965],
			"to": [8.0518, 22.99356, 9.035],
			"rotation": {"angle": -22.5, "axis": "z", "origin": [4.855, 21.6694, 8]},
			"faces": {
				"north": {"uv": [3, 8, 5.392, 10.648], "rotation": 90, "texture": "#4"},
				"east": {"uv": [3, 8, 5.392, 10.648], "rotation": 90, "texture": "#4"},
				"south": {"uv": [3, 8, 5.392, 10.648], "rotation": 90, "texture": "#4"},
				"west": {"uv": [3, 8, 5.392, 10.648], "rotation": 90, "texture": "#4"},
				"up": {"uv": [3, 8, 5.392, 10.648], "rotation": 90, "texture": "#4"},
				"down": {"uv": [3, 8, 5.392, 10.648], "rotation": 90, "texture": "#4"}
			}
		},
		{
			"name": "octagon",
			"from": [10.96352, 20.86828, 6.335],
			"to": [11.65208, 22.53061, 9.665],
			"rotation": {"angle": 22.5, "axis": "z", "origin": [11.3078, 21.69944, 8]},
			"faces": {
				"north": {"uv": [1, 11, 7.393, 13.648], "texture": "#1"},
				"east": {"uv": [1, 11, 7.393, 13.648], "texture": "#1"},
				"south": {"uv": [1, 11, 7.393, 13.648], "texture": "#1"},
				"west": {"uv": [1, 11, 7.393, 13.648], "texture": "#1"},
				"up": {"uv": [1, 11, 7.393, 13.648], "texture": "#1"},
				"down": {"uv": [1, 11, 7.393, 13.648], "texture": "#1"}
			}
		},
		{
			"name": "octagon",
			"from": [10.96352, 20.86828, 6.335],
			"to": [11.65208, 22.53061, 9.665],
			"rotation": {"angle": -22.5, "axis": "z", "origin": [11.3078, 21.69944, 8]},
			"faces": {
				"north": {"uv": [1, 11, 7.393, 13.648], "texture": "#1"},
				"east": {"uv": [1, 11, 7.393, 13.648], "texture": "#1"},
				"south": {"uv": [1, 11, 7.393, 13.648], "texture": "#1"},
				"west": {"uv": [1, 11, 7.393, 13.648], "texture": "#1"},
				"up": {"uv": [1, 11, 7.393, 13.648], "texture": "#1"},
				"down": {"uv": [1, 11, 7.393, 13.648], "texture": "#1"}
			}
		},
		{
			"name": "octagon",
			"from": [10.47663, 21.35516, 6.335],
			"to": [12.13897, 22.04373, 9.665],
			"rotation": {"angle": 22.5, "axis": "z", "origin": [11.3078, 21.69944, 8]},
			"faces": {
				"north": {"uv": [1, 11, 7.393, 13.648], "texture": "#1"},
				"east": {"uv": [1, 11, 7.393, 13.648], "texture": "#1"},
				"south": {"uv": [1, 11, 7.393, 13.648], "texture": "#1"},
				"west": {"uv": [1, 11, 7.393, 13.648], "texture": "#1"},
				"up": {"uv": [1, 11, 7.393, 13.648], "texture": "#1"},
				"down": {"uv": [1, 11, 7.393, 13.648], "texture": "#1"}
			}
		},
		{
			"name": "octagon",
			"from": [10.47663, 21.35516, 6.335],
			"to": [12.13897, 22.04373, 9.665],
			"rotation": {"angle": -22.5, "axis": "z", "origin": [11.3078, 21.69944, 8]},
			"faces": {
				"north": {"uv": [1, 11, 7.393, 13.648], "texture": "#1"},
				"east": {"uv": [1, 11, 7.393, 13.648], "texture": "#1"},
				"south": {"uv": [1, 11, 7.393, 13.648], "texture": "#1"},
				"west": {"uv": [1, 11, 7.393, 13.648], "texture": "#1"},
				"up": {"uv": [1, 11, 7.393, 13.648], "texture": "#1"},
				"down": {"uv": [1, 11, 7.393, 13.648], "texture": "#1"}
			}
		},
		{
			"name": "octagon",
			"from": [4.53292, 20.86828, 6.335],
			"to": [5.22148, 22.53061, 9.665],
			"rotation": {"angle": -22.5, "axis": "z", "origin": [4.8772, 21.69944, 8]},
			"faces": {
				"north": {"uv": [0, 0, 1, 1], "texture": "#1"},
				"east": {"uv": [0, 0, 1, 1], "rotation": 90, "texture": "#1"},
				"south": {"uv": [0, 0, 1, 1], "rotation": 180, "texture": "#1"},
				"west": {"uv": [0, 0, 1, 1], "rotation": 270, "texture": "#1"},
				"up": {"uv": [1, 1, 0, 0], "rotation": 180, "texture": "#1"},
				"down": {"uv": [1, 1, 0, 0], "texture": "#1"}
			}
		},
		{
			"name": "octagon",
			"from": [4.53292, 20.86828, 6.335],
			"to": [5.22148, 22.53061, 9.665],
			"rotation": {"angle": 22.5, "axis": "z", "origin": [4.8772, 21.69944, 8]},
			"faces": {
				"north": {"uv": [0, 0, 1, 1], "texture": "#1"},
				"east": {"uv": [0, 0, 1, 1], "rotation": 90, "texture": "#1"},
				"south": {"uv": [0, 0, 1, 1], "rotation": 180, "texture": "#1"},
				"west": {"uv": [0, 0, 1, 1], "rotation": 270, "texture": "#1"},
				"up": {"uv": [1, 1, 0, 0], "rotation": 180, "texture": "#1"},
				"down": {"uv": [1, 1, 0, 0], "texture": "#1"}
			}
		},
		{
			"name": "octagon",
			"from": [4.04603, 21.35516, 6.335],
			"to": [5.70837, 22.04373, 9.665],
			"rotation": {"angle": -22.5, "axis": "z", "origin": [4.8772, 21.69944, 8]},
			"faces": {
				"north": {"uv": [0, 0, 1, 1], "texture": "#1"},
				"east": {"uv": [0, 0, 1, 1], "rotation": 90, "texture": "#1"},
				"south": {"uv": [0, 0, 1, 1], "rotation": 180, "texture": "#1"},
				"west": {"uv": [0, 0, 1, 1], "rotation": 270, "texture": "#1"},
				"up": {"uv": [1, 1, 0, 0], "rotation": 180, "texture": "#1"},
				"down": {"uv": [1, 1, 0, 0], "texture": "#1"}
			}
		},
		{
			"name": "octagon",
			"from": [4.04603, 21.35516, 6.335],
			"to": [5.70837, 22.04373, 9.665],
			"rotation": {"angle": 22.5, "axis": "z", "origin": [4.8772, 21.69944, 8]},
			"faces": {
				"north": {"uv": [0, 0, 1, 1], "texture": "#1"},
				"east": {"uv": [0, 0, 1, 1], "rotation": 90, "texture": "#1"},
				"south": {"uv": [0, 0, 1, 1], "rotation": 180, "texture": "#1"},
				"west": {"uv": [0, 0, 1, 1], "rotation": 270, "texture": "#1"},
				"up": {"uv": [1, 1, 0, 0], "rotation": 180, "texture": "#1"},
				"down": {"uv": [1, 1, 0, 0], "texture": "#1"}
			}
		},
		{
			"from": [11.552, 19.479, 6.187],
			"to": [12.218, 21.884, 6.372],
			"rotation": {"angle": 45, "axis": "z", "origin": [11.87837, 21.07791, 6.79623]},
			"faces": {
				"north": {"uv": [0, 0, 0.9, 3.25], "texture": "#1"},
				"east": {"uv": [0, 0, 0.25, 3.25], "texture": "#1"},
				"south": {"uv": [0, 0, 0.9, 3.25], "texture": "#1"},
				"west": {"uv": [0, 0, 0.25, 3.25], "texture": "#1"},
				"up": {"uv": [0, 0, 0.9, 0.25], "texture": "#1"},
				"down": {"uv": [0, 0, 0.9, 0.25], "texture": "#1"}
			}
		},
		{
			"from": [11.552, 18.776, 5.817],
			"to": [12.218, 19.479, 6.372],
			"rotation": {"angle": 45, "axis": "z", "origin": [11.87837, 21.07791, 6.79623]},
			"faces": {
				"north": {"uv": [0, 0, 0.9, 0.95], "texture": "#1"},
				"east": {"uv": [0, 0, 0.75, 0.95], "texture": "#1"},
				"south": {"uv": [0, 0, 0.9, 0.95], "texture": "#1"},
				"west": {"uv": [0, 0, 0.75, 0.95], "texture": "#1"},
				"up": {"uv": [0, 0, 0.9, 0.75], "texture": "#1"},
				"down": {"uv": [0, 0, 0.9, 0.75], "texture": "#1"}
			}
		},
		{
			"name": "octagon",
			"from": [10.60243, 20.06381, 6.631],
			"to": [11.93439, 23.27943, 9.369],
			"rotation": {"angle": 22.5, "axis": "z", "origin": [11.26841, 21.67162, 8]},
			"faces": {
				"north": {"uv": [2, 3, 4, 5], "rotation": 180, "texture": "#5"},
				"east": {"uv": [2, 3, 4, 5], "rotation": 180, "texture": "#5"},
				"south": {"uv": [2, 3, 4, 5], "rotation": 180, "texture": "#5"},
				"west": {"uv": [2, 3, 4, 5], "rotation": 180, "texture": "#5"},
				"up": {"uv": [2, 3, 4, 5], "rotation": 180, "texture": "#5"},
				"down": {"uv": [2, 3, 4, 5], "rotation": 180, "texture": "#5"}
			}
		},
		{
			"name": "octagon",
			"from": [10.60243, 20.06381, 6.631],
			"to": [11.93439, 23.27943, 9.369],
			"rotation": {"angle": -22.5, "axis": "z", "origin": [11.26841, 21.67162, 8]},
			"faces": {
				"north": {"uv": [2, 3, 4, 5], "rotation": 180, "texture": "#5"},
				"east": {"uv": [2, 3, 4, 5], "rotation": 180, "texture": "#5"},
				"south": {"uv": [2, 3, 4, 5], "rotation": 180, "texture": "#5"},
				"west": {"uv": [2, 3, 4, 5], "rotation": 180, "texture": "#5"},
				"up": {"uv": [2, 3, 4, 5], "rotation": 180, "texture": "#5"},
				"down": {"uv": [2, 3, 4, 5], "rotation": 180, "texture": "#5"}
			}
		},
		{
			"name": "octagon",
			"from": [9.6606, 21.00564, 6.631],
			"to": [12.87622, 22.3376, 9.369],
			"rotation": {"angle": 22.5, "axis": "z", "origin": [11.26841, 21.67162, 8]},
			"faces": {
				"north": {"uv": [2, 3, 4, 5], "rotation": 180, "texture": "#5"},
				"east": {"uv": [2, 3, 4, 5], "rotation": 180, "texture": "#5"},
				"south": {"uv": [2, 3, 4, 5], "rotation": 180, "texture": "#5"},
				"west": {"uv": [2, 3, 4, 5], "rotation": 180, "texture": "#5"},
				"up": {"uv": [2, 3, 4, 5], "rotation": 180, "texture": "#5"},
				"down": {"uv": [2, 3, 4, 5], "rotation": 180, "texture": "#5"}
			}
		},
		{
			"name": "octagon",
			"from": [9.6606, 21.00564, 6.631],
			"to": [12.87622, 22.3376, 9.369],
			"rotation": {"angle": -22.5, "axis": "z", "origin": [11.26841, 21.67162, 8]},
			"faces": {
				"north": {"uv": [2, 3, 4, 5], "rotation": 180, "texture": "#5"},
				"east": {"uv": [2, 3, 4, 5], "rotation": 180, "texture": "#5"},
				"south": {"uv": [2, 3, 4, 5], "rotation": 180, "texture": "#5"},
				"west": {"uv": [2, 3, 4, 5], "rotation": 180, "texture": "#5"},
				"up": {"uv": [2, 3, 4, 5], "rotation": 180, "texture": "#5"},
				"down": {"uv": [2, 3, 4, 5], "rotation": 180, "texture": "#5"}
			}
		},
		{
			"name": "octagon",
			"from": [4.20143, 20.06381, 6.631],
			"to": [5.53339, 23.27943, 9.369],
			"rotation": {"angle": 22.5, "axis": "z", "origin": [4.86741, 21.67162, 8]},
			"faces": {
				"north": {"uv": [2, 3, 4, 5], "rotation": 180, "texture": "#5"},
				"east": {"uv": [2, 3, 4, 5], "rotation": 180, "texture": "#5"},
				"south": {"uv": [2, 3, 4, 5], "rotation": 180, "texture": "#5"},
				"west": {"uv": [2, 3, 4, 5], "rotation": 180, "texture": "#5"},
				"up": {"uv": [2, 3, 4, 5], "rotation": 180, "texture": "#5"},
				"down": {"uv": [2, 3, 4, 5], "rotation": 180, "texture": "#5"}
			}
		},
		{
			"name": "octagon",
			"from": [4.20143, 20.06381, 6.631],
			"to": [5.53339, 23.27943, 9.369],
			"rotation": {"angle": -22.5, "axis": "z", "origin": [4.86741, 21.67162, 8]},
			"faces": {
				"north": {"uv": [2, 3, 4, 5], "rotation": 180, "texture": "#5"},
				"east": {"uv": [2, 3, 4, 5], "rotation": 180, "texture": "#5"},
				"south": {"uv": [2, 3, 4, 5], "rotation": 180, "texture": "#5"},
				"west": {"uv": [2, 3, 4, 5], "rotation": 180, "texture": "#5"},
				"up": {"uv": [2, 3, 4, 5], "rotation": 180, "texture": "#5"},
				"down": {"uv": [2, 3, 4, 5], "rotation": 180, "texture": "#5"}
			}
		},
		{
			"name": "octagon",
			"from": [3.2596, 21.00564, 6.631],
			"to": [6.47522, 22.3376, 9.369],
			"rotation": {"angle": 22.5, "axis": "z", "origin": [4.86741, 21.67162, 8]},
			"faces": {
				"north": {"uv": [2, 3, 4, 5], "rotation": 180, "texture": "#5"},
				"east": {"uv": [2, 3, 4, 5], "rotation": 180, "texture": "#5"},
				"south": {"uv": [2, 3, 4, 5], "rotation": 180, "texture": "#5"},
				"west": {"uv": [2, 3, 4, 5], "rotation": 180, "texture": "#5"},
				"up": {"uv": [2, 3, 4, 5], "rotation": 180, "texture": "#5"},
				"down": {"uv": [2, 3, 4, 5], "rotation": 180, "texture": "#5"}
			}
		},
		{
			"name": "octagon",
			"from": [3.2596, 21.00564, 6.631],
			"to": [6.47522, 22.3376, 9.369],
			"rotation": {"angle": -22.5, "axis": "z", "origin": [4.86741, 21.67162, 8]},
			"faces": {
				"north": {"uv": [2, 3, 4, 5], "rotation": 180, "texture": "#5"},
				"east": {"uv": [2, 3, 4, 5], "rotation": 180, "texture": "#5"},
				"south": {"uv": [2, 3, 4, 5], "rotation": 180, "texture": "#5"},
				"west": {"uv": [2, 3, 4, 5], "rotation": 180, "texture": "#5"},
				"up": {"uv": [2, 3, 4, 5], "rotation": 180, "texture": "#5"},
				"down": {"uv": [2, 3, 4, 5], "rotation": 180, "texture": "#5"}
			}
		},
		{
			"from": [9.48, 13.3, 5.04],
			"to": [11.7, 14.78, 5.78],
			"rotation": {"angle": 0, "axis": "y", "origin": [8, 18.11, 8]},
			"faces": {
				"north": {"uv": [0, 5, 3, 7], "texture": "#0"},
				"east": {"uv": [0, 0, 1, 2], "texture": "#0"},
				"south": {"uv": [0, 0, 3, 2], "texture": "#0"},
				"west": {"uv": [0, 0, 1, 2], "texture": "#0"},
				"up": {"uv": [0, 0, 3, 1], "texture": "#0"},
				"down": {"uv": [0, 0, 3, 1], "texture": "#0"}
			}
		},
		{
			"from": [7.26, 12.93, 5.04],
			"to": [8.74, 13.67, 5.78],
			"rotation": {"angle": 0, "axis": "y", "origin": [8, 18.11, 8]},
			"faces": {
				"north": {"uv": [8, 0, 10, 1], "texture": "#0"},
				"east": {"uv": [8, 0, 10, 1], "texture": "#0"},
				"south": {"uv": [8, 0, 10, 1], "texture": "#0"},
				"west": {"uv": [8, 0, 10, 1], "texture": "#0"},
				"up": {"uv": [8, 0, 10, 1], "texture": "#0"},
				"down": {"uv": [8, 0, 10, 1], "texture": "#0"}
			}
		},
		{
			"from": [7.26, 16.18, 10.54],
			"to": [8.74, 16.92, 11.28],
			"rotation": {"angle": 0, "axis": "y", "origin": [8, 18.11, 8]},
			"faces": {
				"north": {"uv": [8, 0, 10, 1], "texture": "#0"},
				"east": {"uv": [8, 0, 10, 1], "texture": "#0"},
				"south": {"uv": [8, 0, 10, 1], "texture": "#0"},
				"west": {"uv": [8, 0, 10, 1], "texture": "#0"},
				"up": {"uv": [8, 0, 10, 1], "texture": "#0"},
				"down": {"uv": [8, 0, 10, 1], "texture": "#0"}
			}
		},
		{
			"from": [8, 14.41, 5.04],
			"to": [8.74, 15.15, 5.78],
			"rotation": {"angle": 0, "axis": "y", "origin": [8, 18.11, 8]},
			"faces": {
				"north": {"uv": [1, 2, 2, 3], "texture": "#2"},
				"east": {"uv": [1, 2, 2, 3], "texture": "#2"},
				"south": {"uv": [1, 2, 2, 3], "texture": "#2"},
				"west": {"uv": [1, 2, 2, 3], "texture": "#2"},
				"up": {"uv": [1, 2, 2, 3], "texture": "#2"},
				"down": {"uv": [1, 2, 2, 3], "texture": "#2"}
			}
		},
		{
			"from": [6.52, 14.41, 5.04],
			"to": [7.26, 15.15, 5.78],
			"rotation": {"angle": 0, "axis": "y", "origin": [8, 18.11, 8]},
			"faces": {
				"north": {"uv": [1, 2, 2, 3], "texture": "#2"},
				"east": {"uv": [1, 2, 2, 3], "texture": "#2"},
				"south": {"uv": [1, 2, 2, 3], "texture": "#2"},
				"west": {"uv": [1, 2, 2, 3], "texture": "#2"},
				"up": {"uv": [1, 2, 2, 3], "texture": "#2"},
				"down": {"uv": [1, 2, 2, 3], "texture": "#2"}
			}
		},
		{
			"from": [5.04, 14.41, 5.04],
			"to": [5.78, 15.15, 5.78],
			"rotation": {"angle": 0, "axis": "y", "origin": [8, 18.11, 8]},
			"faces": {
				"north": {"uv": [14, 14, 15, 15], "texture": "#2"},
				"east": {"uv": [14, 14, 15, 15], "texture": "#2"},
				"south": {"uv": [14, 14, 15, 15], "texture": "#2"},
				"west": {"uv": [14, 14, 15, 15], "texture": "#2"},
				"up": {"uv": [14, 14, 15, 15], "texture": "#2"},
				"down": {"uv": [14, 14, 15, 15], "texture": "#2"}
			}
		},
		{
			"from": [5.04, 12.93, 5.04],
			"to": [6.52, 13.67, 5.78],
			"rotation": {"angle": 0, "axis": "y", "origin": [8, 18.11, 8]},
			"faces": {
				"north": {"uv": [8, 0, 10, 1], "texture": "#0"},
				"east": {"uv": [8, 0, 10, 1], "texture": "#0"},
				"south": {"uv": [8, 0, 10, 1], "texture": "#0"},
				"west": {"uv": [8, 0, 10, 1], "texture": "#0"},
				"up": {"uv": [8, 0, 10, 1], "texture": "#0"},
				"down": {"uv": [8, 0, 10, 1], "texture": "#0"}
			}
		},
		{
			"from": [5.78, 11.7, 6.89],
			"to": [10.22, 12.44, 9.11],
			"rotation": {"angle": 0, "axis": "y", "origin": [8, 18.36, 8.37]},
			"faces": {
				"north": {"uv": [0, 0, 6, 1], "texture": "#1"},
				"east": {"uv": [0, 0, 3, 1], "texture": "#1"},
				"south": {"uv": [0, 0, 6, 1], "texture": "#1"},
				"west": {"uv": [0, 0, 3, 1], "texture": "#1"},
				"up": {"uv": [0, 0, 6, 3], "texture": "#1"},
				"down": {"uv": [0, 0, 6, 3], "texture": "#1"}
			}
		},
		{
			"from": [5.82114, 11.05717, 6.89268],
			"to": [8.04114, 11.79717, 9.11268],
			"rotation": {"angle": -45, "axis": "z", "origin": [6.57341, 11.42719, 7.99039]},
			"faces": {
				"north": {"uv": [0, 0, 3, 1], "texture": "#1"},
				"east": {"uv": [0, 0, 3, 1], "texture": "#1"},
				"south": {"uv": [0, 0, 3, 1], "texture": "#1"},
				"west": {"uv": [0, 0, 3, 1], "texture": "#1"},
				"up": {"uv": [0, 0, 3, 3], "texture": "#1"},
				"down": {"uv": [0, 0, 3, 3], "texture": "#1"}
			}
		},
		{
			"from": [7.95886, 11.05717, 6.89268],
			"to": [10.17886, 11.79717, 9.11268],
			"rotation": {"angle": 45, "axis": "z", "origin": [9.42659, 11.42719, 7.99039]},
			"faces": {
				"north": {"uv": [3, 0, 6, 1], "texture": "#1"},
				"east": {"uv": [2, 0, 5, 1], "texture": "#1"},
				"south": {"uv": [3, 0, 6, 1], "texture": "#1"},
				"west": {"uv": [2, 0, 5, 1], "texture": "#1"},
				"up": {"uv": [3, 0, 6, 3], "texture": "#1"},
				"down": {"uv": [3, 0, 6, 3], "texture": "#1"}
			}
		},
		{
			"from": [7.34961, 10.12771, 6.89268],
			"to": [8.65039, 10.96, 9.11],
			"rotation": {"angle": 0, "axis": "y", "origin": [8, 18.36, 8.37]},
			"faces": {
				"north": {"uv": [0, 0, 1.75782, 1.12472], "texture": "#1"},
				"east": {"uv": [0, 0, 2.99638, 1.12472], "texture": "#1"},
				"south": {"uv": [0, 0, 1.75782, 1.12472], "texture": "#1"},
				"west": {"uv": [0, 0, 2.99638, 1.12472], "texture": "#1"},
				"up": {"uv": [0, 0, 1.75782, 2.99638], "texture": "#1"},
				"down": {"uv": [0, 0, 1.75782, 2.99638], "texture": "#1"}
			}
		},
		{
			"from": [7.445, 9.01771, 7.44768],
			"to": [8.555, 10.12771, 8.55768],
			"rotation": {"angle": 0, "axis": "y", "origin": [8.09539, 18.36, 8.37]},
			"faces": {
				"north": {"uv": [1, 1, 10, 5], "rotation": 90, "texture": "#0"},
				"east": {"uv": [1, 1, 10, 5], "rotation": 90, "texture": "#0"},
				"south": {"uv": [1, 1, 10, 5], "rotation": 90, "texture": "#0"},
				"west": {"uv": [1, 1, 10, 5], "rotation": 90, "texture": "#0"},
				"up": {"uv": [1, 1, 10, 5], "rotation": 90, "texture": "#0"},
				"down": {"uv": [1, 1, 10, 5], "rotation": 90, "texture": "#0"}
			}
		},
		{
			"from": [12.28238, 10.56771, 6.0641],
			"to": [14.39238, 11.57771, 7.0741],
			"rotation": {"angle": -22.5, "axis": "z", "origin": [8.23548, 9.33535, 1.00458]},
			"faces": {
				"north": {"uv": [1, 1, 10, 5], "rotation": 180, "texture": "#1"},
				"east": {"uv": [9, 1, 9.61, 1.61], "rotation": 180, "texture": "#1"},
				"south": {"uv": [1, 1, 10, 5], "texture": "#1"},
				"west": {"uv": [1, 1, 1.61, 1.61], "rotation": 180, "texture": "#1"},
				"up": {"uv": [1, 1, 10, 5], "texture": "#1"},
				"down": {"uv": [1, 1, 10, 5], "texture": "#1"}
			}
		},
		{
			"from": [7.18238, 10.76771, 6.2641],
			"to": [12.29238, 11.37771, 6.8741],
			"rotation": {"angle": -22.5, "axis": "z", "origin": [8.23548, 9.33535, 1.00458]},
			"faces": {
				"north": {"uv": [1, 1, 10, 5], "rotation": 180, "texture": "#0"},
				"east": {"uv": [9, 1, 9.61, 1.61], "rotation": 180, "texture": "#0"},
				"south": {"uv": [1, 1, 10, 5], "texture": "#0"},
				"west": {"uv": [1, 1, 1.61, 1.61], "rotation": 180, "texture": "#0"},
				"up": {"uv": [1, 1, 10, 5], "texture": "#0"},
				"down": {"uv": [1, 1, 10, 5], "texture": "#0"}
			}
		},
		{
			"from": [7.075, 8.46271, 7.07768],
			"to": [8.925, 9.01771, 8.92768],
			"rotation": {"angle": 0, "axis": "y", "origin": [8.09539, 18.36, 8.37]},
			"faces": {
				"north": {"uv": [0, 0, 2.5, 0.75], "texture": "#1"},
				"east": {"uv": [0, 0, 2.5, 0.75], "texture": "#1"},
				"south": {"uv": [0, 0, 2.5, 0.75], "texture": "#1"},
				"west": {"uv": [0, 0, 2.5, 0.75], "texture": "#1"},
				"up": {"uv": [0, 0, 2.5, 2.5], "texture": "#1"},
				"down": {"uv": [0, 0, 2.5, 2.5], "texture": "#1"}
			}
		},
		{
			"from": [6.70494, 5.67771, 6.70775],
			"to": [9.29494, 8.46271, 9.29775],
			"rotation": {"angle": 0, "axis": "y", "origin": [8.09533, 18.397, 8.37006]},
			"faces": {
				"north": {"uv": [0, 0, 3.5, 2.75], "texture": "#1"},
				"east": {"uv": [0, 0, 3.5, 2.75], "texture": "#1"},
				"south": {"uv": [0, 0, 3.5, 2.75], "texture": "#1"},
				"west": {"uv": [0, 0, 3.5, 2.75], "texture": "#1"},
				"up": {"uv": [0, 0, 3.5, 3.5], "texture": "#1"},
				"down": {"uv": [0, 0, 3.5, 3.5], "texture": "#1"}
			}
		},
		{
			"from": [6.3359, 6.28271, 6.33678],
			"to": [9.6659, 7.90771, 9.66678],
			"rotation": {"angle": 0, "axis": "y", "origin": [8.0963, 17.842, 8.36909]},
			"faces": {
				"north": {"uv": [0, 0, 4.5, 1.25], "texture": "#1"},
				"east": {"uv": [0, 0, 4.5, 1.25], "texture": "#1"},
				"south": {"uv": [0, 0, 4.5, 1.25], "texture": "#1"},
				"west": {"uv": [0, 0, 4.5, 1.25], "texture": "#1"},
				"up": {"uv": [0, 0, 4.5, 4.5], "texture": "#1"},
				"down": {"uv": [0, 0, 4.5, 4.5], "texture": "#1"}
			}
		},
		{
			"from": [6.705, 10.96, 6.89],
			"to": [9.295, 11.7, 9.11],
			"rotation": {"angle": 0, "axis": "y", "origin": [8, 18.36, 8.37]},
			"faces": {
				"north": {"uv": [0, 0, 3.5, 1], "texture": "#1"},
				"east": {"uv": [0, 0, 3, 1], "texture": "#1"},
				"south": {"uv": [0, 0, 3.5, 1], "texture": "#1"},
				"west": {"uv": [0, 0, 3, 1], "texture": "#1"},
				"up": {"uv": [0, 0, 3.5, 3], "texture": "#1"},
				"down": {"uv": [0, 0, 3.5, 3], "texture": "#1"}
			}
		},
		{
			"from": [8.66, -15.62, 7.56],
			"to": [9.54, -7.7, 8.44],
			"rotation": {"angle": 22.5, "axis": "z", "origin": [2.5, 5.5, 9.32]},
			"faces": {
				"north": {"uv": [1, 1, 10, 5], "rotation": 90, "texture": "#0"},
				"east": {"uv": [1, 1, 10, 5], "rotation": 90, "texture": "#0"},
				"south": {"uv": [1, 1, 10, 5], "rotation": 90, "texture": "#0"},
				"west": {"uv": [1, 1, 10, 5], "rotation": 90, "texture": "#0"},
				"up": {"uv": [1, 1, 10, 5], "rotation": 90, "texture": "#0"},
				"down": {"uv": [1, 1, 10, 5], "rotation": 90, "texture": "#0"}
			}
		},
		{
			"from": [8.44, -7.7, 7.34],
			"to": [9.76, -1.54, 8.66],
			"rotation": {"angle": 22.5, "axis": "z", "origin": [2.5, 5.5, 9.32]},
			"faces": {
				"north": {"uv": [1, 1, 10, 5], "rotation": 90, "texture": "#0"},
				"east": {"uv": [1, 1, 10, 5], "rotation": 90, "texture": "#0"},
				"south": {"uv": [1, 1, 10, 5], "rotation": 90, "texture": "#0"},
				"west": {"uv": [1, 1, 10, 5], "rotation": 90, "texture": "#0"},
				"up": {"uv": [1, 1, 10, 5], "rotation": 90, "texture": "#0"},
				"down": {"uv": [1, 1, 10, 5], "rotation": 90, "texture": "#0"}
			}
		},
		{
			"from": [8.22, -1.54, 7.12],
			"to": [9.98, 4.62, 8.88],
			"rotation": {"angle": 22.5, "axis": "z", "origin": [2.5, 5.5, 9.32]},
			"faces": {
				"north": {"uv": [1, 1, 10, 5], "rotation": 90, "texture": "#0"},
				"east": {"uv": [1, 1, 10, 5], "rotation": 90, "texture": "#0"},
				"south": {"uv": [1, 1, 10, 5], "rotation": 90, "texture": "#0"},
				"west": {"uv": [1, 1, 10, 5], "rotation": 90, "texture": "#0"},
				"up": {"uv": [1, 1, 10, 5], "rotation": 90, "texture": "#0"},
				"down": {"uv": [1, 1, 10, 5], "rotation": 90, "texture": "#0"}
			}
		},
		{
			"from": [7.56, -15.62, 8.62],
			"to": [8.44, -7.7, 9.5],
			"rotation": {"angle": -22.5, "axis": "x", "origin": [9.32, 5.5, 2.46]},
			"faces": {
				"north": {"uv": [1, 1, 10, 5], "rotation": 90, "texture": "#0"},
				"east": {"uv": [1, 1, 10, 5], "rotation": 90, "texture": "#0"},
				"south": {"uv": [1, 1, 10, 5], "rotation": 90, "texture": "#0"},
				"west": {"uv": [1, 1, 10, 5], "rotation": 90, "texture": "#0"},
				"up": {"uv": [1, 1, 10, 5], "rotation": 90, "texture": "#0"},
				"down": {"uv": [1, 1, 10, 5], "rotation": 90, "texture": "#0"}
			}
		},
		{
			"from": [7.34, -7.7, 8.4],
			"to": [8.66, -1.54, 9.72],
			"rotation": {"angle": -22.5, "axis": "x", "origin": [9.32, 5.5, 2.46]},
			"faces": {
				"north": {"uv": [1, 1, 10, 5], "rotation": 90, "texture": "#0"},
				"east": {"uv": [1, 1, 10, 5], "rotation": 90, "texture": "#0"},
				"south": {"uv": [1, 1, 10, 5], "rotation": 90, "texture": "#0"},
				"west": {"uv": [1, 1, 10, 5], "rotation": 90, "texture": "#0"},
				"up": {"uv": [1, 1, 10, 5], "rotation": 90, "texture": "#0"},
				"down": {"uv": [1, 1, 10, 5], "rotation": 90, "texture": "#0"}
			}
		},
		{
			"from": [7.12, -1.54, 8.18],
			"to": [8.88, 4.62, 9.94],
			"rotation": {"angle": -22.5, "axis": "x", "origin": [9.32, 5.5, 2.46]},
			"faces": {
				"north": {"uv": [1, 1, 10, 5], "rotation": 90, "texture": "#0"},
				"east": {"uv": [1, 1, 10, 5], "rotation": 90, "texture": "#0"},
				"south": {"uv": [1, 1, 10, 5], "rotation": 90, "texture": "#0"},
				"west": {"uv": [1, 1, 10, 5], "rotation": 90, "texture": "#0"},
				"up": {"uv": [1, 1, 10, 5], "rotation": 90, "texture": "#0"},
				"down": {"uv": [1, 1, 10, 5], "rotation": 90, "texture": "#0"}
			}
		},
		{
			"from": [7.56, -15.62, 6.5],
			"to": [8.44, -7.7, 7.38],
			"rotation": {"angle": 22.5, "axis": "x", "origin": [9.32, 5.5, 13.54]},
			"faces": {
				"north": {"uv": [1, 1, 10, 5], "rotation": 90, "texture": "#0"},
				"east": {"uv": [1, 1, 10, 5], "rotation": 90, "texture": "#0"},
				"south": {"uv": [1, 1, 10, 5], "rotation": 90, "texture": "#0"},
				"west": {"uv": [1, 1, 10, 5], "rotation": 90, "texture": "#0"},
				"up": {"uv": [1, 1, 10, 5], "rotation": 90, "texture": "#0"},
				"down": {"uv": [1, 1, 10, 5], "rotation": 90, "texture": "#0"}
			}
		},
		{
			"from": [7.34, -7.7, 6.28],
			"to": [8.66, -1.54, 7.6],
			"rotation": {"angle": 22.5, "axis": "x", "origin": [9.32, 5.5, 13.54]},
			"faces": {
				"north": {"uv": [1, 1, 10, 5], "rotation": 90, "texture": "#0"},
				"east": {"uv": [1, 1, 10, 5], "rotation": 90, "texture": "#0"},
				"south": {"uv": [1, 1, 10, 5], "rotation": 90, "texture": "#0"},
				"west": {"uv": [1, 1, 10, 5], "rotation": 90, "texture": "#0"},
				"up": {"uv": [1, 1, 10, 5], "rotation": 90, "texture": "#0"},
				"down": {"uv": [1, 1, 10, 5], "rotation": 90, "texture": "#0"}
			}
		},
		{
			"from": [7.12, -1.54, 6.06],
			"to": [8.88, 4.62, 7.82],
			"rotation": {"angle": 22.5, "axis": "x", "origin": [9.32, 5.5, 13.54]},
			"faces": {
				"north": {"uv": [1, 1, 10, 5], "rotation": 90, "texture": "#0"},
				"east": {"uv": [1, 1, 10, 5], "rotation": 90, "texture": "#0"},
				"south": {"uv": [1, 1, 10, 5], "rotation": 90, "texture": "#0"},
				"west": {"uv": [1, 1, 10, 5], "rotation": 90, "texture": "#0"},
				"up": {"uv": [1, 1, 10, 5], "rotation": 90, "texture": "#0"},
				"down": {"uv": [1, 1, 10, 5], "rotation": 90, "texture": "#0"}
			}
		},
		{
			"from": [6.46, -15.62, 7.56],
			"to": [7.34, -7.7, 8.44],
			"rotation": {"angle": -22.5, "axis": "z", "origin": [13.5, 5.5, 9.32]},
			"faces": {
				"north": {"uv": [1, 1, 10, 5], "rotation": 90, "texture": "#0"},
				"east": {"uv": [1, 1, 10, 5], "rotation": 90, "texture": "#0"},
				"south": {"uv": [1, 1, 10, 5], "rotation": 90, "texture": "#0"},
				"west": {"uv": [1, 1, 10, 5], "rotation": 90, "texture": "#0"},
				"up": {"uv": [1, 1, 10, 5], "rotation": 90, "texture": "#0"},
				"down": {"uv": [1, 1, 10, 5], "rotation": 90, "texture": "#0"}
			}
		},
		{
			"from": [6.24, -7.7, 7.34],
			"to": [7.56, -1.54, 8.66],
			"rotation": {"angle": -22.5, "axis": "z", "origin": [13.5, 5.5, 9.32]},
			"faces": {
				"north": {"uv": [1, 1, 10, 5], "rotation": 90, "texture": "#0"},
				"east": {"uv": [1, 1, 10, 5], "rotation": 90, "texture": "#0"},
				"south": {"uv": [1, 1, 10, 5], "rotation": 90, "texture": "#0"},
				"west": {"uv": [1, 1, 10, 5], "rotation": 90, "texture": "#0"},
				"up": {"uv": [1, 1, 10, 5], "rotation": 90, "texture": "#0"},
				"down": {"uv": [1, 1, 10, 5], "rotation": 90, "texture": "#0"}
			}
		},
		{
			"from": [6.02, -1.54, 7.12],
			"to": [7.78, 4.62, 8.88],
			"rotation": {"angle": -22.5, "axis": "z", "origin": [13.5, 5.5, 9.32]},
			"faces": {
				"north": {"uv": [1, 1, 10, 5], "rotation": 90, "texture": "#0"},
				"east": {"uv": [1, 1, 10, 5], "rotation": 90, "texture": "#0"},
				"south": {"uv": [1, 1, 10, 5], "rotation": 90, "texture": "#0"},
				"west": {"uv": [1, 1, 10, 5], "rotation": 90, "texture": "#0"},
				"up": {"uv": [1, 1, 10, 5], "rotation": 90, "texture": "#0"},
				"down": {"uv": [1, 1, 10, 5], "rotation": 90, "texture": "#0"}
			}
		}
	],
	"display": {
		"thirdperson_righthand": {
			"rotation": [67.25, -90, 0],
			"translation": [0, 2.5, 0],
			"scale": [0.75, 0.75, 0.75]
		},
		"thirdperson_lefthand": {
			"rotation": [67.25, 90, 0],
			"translation": [0, 2.5, 0],
			"scale": [0.75, 0.75, 0.75]
		},
		"firstperson_righthand": {
			"rotation": [0, -92, 0],
			"translation": [0, 1.75, 0],
			"scale": [0.4293, 0.4293, 0.4293]
		},
		"firstperson_lefthand": {
			"rotation": [0, 90, 0],
			"translation": [1.5, 1.75, 0],
			"scale": [0.4293, 0.4293, 0.4293]
		},
		"ground": {
			"translation": [0, 9.5, 0],
			"scale": [0.7, 0.7, 0.7]
		},
		"gui": {
			"rotation": [30, 157, 0],
			"translation": [0, 1.75, 0],
			"scale": [0.5, 0.5, 0.5]
		},
		"head": {
			"rotation": [0, -90, 0],
			"translation": [0, 20, -0.25],
			"scale": [0.7, 0.7, 0.7]
		},
		"fixed": {
			"rotation": [-90, 0, 0],
			"translation": [0, 0, -37.5],
			"scale": [2, 2, 2]
		}
	},
	"groups": [
		{
			"name": "Camera",
			"origin": [8, 8, 8],
			"children": [0, 1, 2, 3, 4, 5, 6, 7, 8, 9, 10, 11, 12, 13, 14, 15,
				{
					"name": "octagon",
					"origin": [8, 8, 8],
					"children": [16, 17, 18, 19]
				},
				{
					"name": "octagon",
					"origin": [8, 8, 8],
					"children": [20, 21, 22, 23]
				},
				{
					"name": "octagon",
					"origin": [8, 8, 8],
					"children": [24, 25, 26, 27]
				},
				{
					"name": "octagon",
					"origin": [8, 8, 8],
					"children": [28, 29, 30, 31]
				}, 32, 33,
				{
					"name": "octagon",
					"origin": [8, 8, 8],
					"children": [34, 35, 36, 37]
				},
				{
					"name": "octagon",
					"origin": [8, 8, 8],
					"children": [38, 39, 40, 41]
				}, 42, 43, 44, 45, 46, 47, 48]
		},
		{
			"name": "Stand",
			"origin": [8, 8, 8],
			"children": [49, 50, 51, 52, 53, 54, 55, 56, 57, 58, 59]
		},
		{
			"name": "Legs",
			"origin": [8, 8, 8],
			"children": [
				{
					"name": "Leg1",
					"origin": [13, 8, 9.5],
					"children": [60, 61, 62]
				},
				{
					"name": "Leg1",
					"origin": [13, 8, 9.5],
					"children": [63, 64, 65]
				},
				{
					"name": "Leg1",
					"origin": [13, 8, 9.5],
					"children": [66, 67, 68]
				},
				{
					"name": "Leg1",
					"origin": [13, 8, 9.5],
					"children": [69, 70, 71]
				}
			]
		}
	]
}