{
	"credit": "Made with Blockbench",
	"textures": {
		"0": "block/MizunoArchive/iron_ingot_0",
		"1": "block/MizunoArchive/black_concrete",
		"2": "block/MizunoArchive/apple_0",
		"3": "block/MizunoArchive/end_portal_frame_eye",
		"4": "block/MizunoArchive/furnace_side",
		"5": "block/MizunoArchive/furnace_top",
		"particle": "block/MizunoArchive/iron_ingot_0"
	},
	"elements": [
		{
			"from": [3.19, -0.06, 5.41],
			"to": [12.81, 5.86, 10.59],
			"rotation": {"angle": 0, "axis": "y", "origin": [6.89, 5.86, 11.33]},
			"faces": {
				"north": {"uv": [1, 2, 14, 10], "texture": "#4"},
				"east": {"uv": [3, 3, 10, 11], "texture": "#4"},
				"south": {"uv": [1, 2, 14, 10], "texture": "#4"},
				"west": {"uv": [3, 2, 10, 10], "texture": "#4"},
				"up": {"uv": [1, 3, 14, 10], "texture": "#4"},
				"down": {"uv": [2, 5, 15, 12], "texture": "#4"}
			}
		},
		{
			"from": [4.67, 0.68, 10.59],
			"to": [11.33, 5.12, 10.96],
			"rotation": {"angle": 0, "axis": "y", "origin": [6.89, 5.86, 11.33]},
			"faces": {
				"north": {"uv": [0, 0, 2, 5], "texture": "#4"},
				"east": {"uv": [0, 3, 1, 8], "texture": "#4"},
				"south": {"uv": [0, 1, 16, 15], "rotation": 180, "texture": "#4"},
				"west": {"uv": [0, 3, 1, 8], "texture": "#4"},
				"up": {"uv": [0, 3, 1, 8], "texture": "#4"},
				"down": {"uv": [0, 3, 1, 8], "texture": "#4"}
			}
		},
		{
			"from": [5.41, 5.86, 7.26],
			"to": [10.59, 8.82, 8.74],
			"rotation": {"angle": 0, "axis": "y", "origin": [6.89, 11.78, 11.33]},
			"faces": {
				"north": {"uv": [0, 0, 7, 4], "texture": "#1"},
				"east": {"uv": [0, 0, 2, 4], "texture": "#1"},
				"south": {"uv": [0, 0, 7, 4], "texture": "#1"},
				"west": {"uv": [0, 0, 2, 4], "texture": "#1"},
				"up": {"uv": [0, 0, 7, 2], "texture": "#1"},
				"down": {"uv": [0, 0, 7, 2], "texture": "#1"}
			}
		},
		{
			"from": [4.67, 3.64, 3.93],
			"to": [12.07, 5.12, 5.41],
			"rotation": {"angle": 0, "axis": "y", "origin": [6.89, 5.86, 11.33]},
			"faces": {
				"north": {"uv": [2, 3, 10, 5], "texture": "#5"},
				"east": {"uv": [2, 3, 4, 5], "texture": "#5"},
				"south": {"uv": [2, 3, 10, 5], "texture": "#5"},
				"west": {"uv": [2, 3, 4, 5], "texture": "#5"},
				"up": {"uv": [2, 3, 10, 5], "texture": "#5"},
				"down": {"uv": [2, 3, 10, 5], "texture": "#5"}
			}
		},
		{
			"from": [12.07, 4.38, 3.93],
			"to": [13.83783, 5.12, 5.41],
			"rotation": {"angle": 0, "axis": "y", "origin": [14.29, 5.86, 11.33]},
			"faces": {
				"north": {"uv": [3, 2, 5, 3], "texture": "#5"},
				"east": {"uv": [2, 3, 4, 5], "texture": "#5"},
				"south": {"uv": [3, 2, 5, 3], "texture": "#5"},
				"west": {"uv": [2, 3, 4, 5], "texture": "#5"},
				"up": {"uv": [2, 3, 4, 5], "texture": "#5"},
				"down": {"uv": [2, 3, 4, 5], "texture": "#5"}
			}
		},
		{
			"from": [13.365, 4.195, 4.3],
			"to": [15.13283, 4.935, 5.04],
			"rotation": {"angle": 0, "axis": "y", "origin": [15.585, 5.675, 11.33]},
			"faces": {
				"north": {"uv": [3, 2, 5, 3], "texture": "#5"},
				"east": {"uv": [3, 2, 5, 3], "texture": "#5"},
				"south": {"uv": [3, 2, 5, 3], "texture": "#5"},
				"west": {"uv": [3, 2, 5, 3], "texture": "#5"},
				"up": {"uv": [3, 2, 5, 3], "texture": "#5"},
				"down": {"uv": [3, 2, 5, 3], "texture": "#5"}
			}
		},
		{
			"from": [15.13283, 4.01, 4.115],
			"to": [15.50283, 5.12, 5.225],
			"rotation": {"angle": 0, "axis": "y", "origin": [16.325, 5.675, 11.33]},
			"faces": {
				"north": {"uv": [0, 0, 0.5, 1.5], "texture": "#1"},
				"east": {"uv": [0, 0, 1.5, 1.5], "texture": "#1"},
				"south": {"uv": [0, 0, 0.5, 1.5], "texture": "#1"},
				"west": {"uv": [0, 0, 1.5, 1.5], "texture": "#1"},
				"up": {"uv": [0, 0, 0.5, 1.5], "texture": "#1"},
				"down": {"uv": [0, 0, 0.5, 1.5], "texture": "#1"}
			}
		},
		{
			"from": [11.31477, 4.37561, 3.93],
			"to": [13.55465, 5.06762, 5.41128],
			"rotation": {"angle": 22.5, "axis": "z", "origin": [13.55465, 5.85561, 11.33128]},
			"faces": {
				"north": {"uv": [3, 2, 5, 3], "texture": "#5"},
				"east": {"uv": [2, 4, 4, 5], "texture": "#5"},
				"south": {"uv": [3, 2, 5, 3], "texture": "#5"},
				"west": {"uv": [3, 2, 5, 3], "texture": "#5"},
				"up": {"uv": [2, 3, 4, 5], "texture": "#5"},
				"down": {"uv": [2, 3, 4, 5], "texture": "#5"}
			}
		},
		{
			"from": [1.3326, 2.4116, 7.1342],
			"to": [2.487, 4.1432, 8.8658],
			"rotation": {"angle": 0, "axis": "y", "origin": [-2.1306, 5.2976, 10.5974]},
			"faces": {
				"north": {"uv": [2, 3, 3.1544, 4.7316], "texture": "#5"},
				"east": {"uv": [2, 3, 5, 6], "texture": "#5"},
				"south": {"uv": [2, 3, 3.154, 4.732], "texture": "#5"},
				"west": {"uv": [3, 3, 4.732, 4.732], "texture": "#5"},
				"up": {"uv": [3, 3, 5, 6], "texture": "#5"},
				"down": {"uv": [2, 4, 4, 7], "texture": "#5"}
			}
		},
		{
			"from": [0.1782, 1.8344, 6.557],
			"to": [1.3326, 4.7204, 9.443],
			"rotation": {"angle": 0, "axis": "y", "origin": [-3.285, 5.2976, 10.5974]},
			"faces": {
				"north": {"uv": [2, 3, 4, 8], "texture": "#5"},
				"east": {"uv": [2, 3, 7, 8], "texture": "#5"},
				"south": {"uv": [2, 4, 4, 9], "texture": "#5"},
				"west": {"uv": [2, 4, 7, 9], "texture": "#5"},
				"up": {"uv": [2, 4, 4, 9], "texture": "#5"},
				"down": {"uv": [2, 3, 4, 8], "texture": "#5"}
			}
		},
		{
			"from": [-0.9762, 1.2572, 5.9798],
			"to": [0.1782, 5.2976, 10.0202],
			"rotation": {"angle": 0, "axis": "y", "origin": [-4.4394, 5.2976, 10.5974]},
			"faces": {
				"north": {"uv": [2, 3, 4, 8], "texture": "#5"},
				"east": {"uv": [2, 5, 4, 10], "texture": "#5"},
				"south": {"uv": [3, 4, 5, 9], "texture": "#5"},
				"west": {"uv": [4, 0, 12, 4], "texture": "#3"},
				"up": {"uv": [4, 3, 6, 8], "texture": "#5"},
				"down": {"uv": [3, 3, 5, 8], "texture": "#5"}
			}
		},
		{
			"from": [-2.1306, 5.2976, 5.9798],
			"to": [-0.9762, 5.8748, 10.0202],
			"rotation": {"angle": 0, "axis": "y", "origin": [-5.5938, 5.2976, 10.5974]},
			"faces": {
				"north": {"uv": [0, 0, 2, 1], "texture": "#1"},
				"east": {"uv": [0, 0, 7, 1], "texture": "#1"},
				"south": {"uv": [0, 0, 2, 1], "texture": "#1"},
				"west": {"uv": [0, 0, 7, 1], "texture": "#1"},
				"up": {"uv": [0, 0, 2, 7], "texture": "#1"},
				"down": {"uv": [0, 0, 2, 7], "texture": "#1"}
			}
		},
		{
			"from": [-2.1306, 1.2572, 10.0202],
			"to": [-0.9762, 5.2976, 10.5974],
			"rotation": {"angle": 0, "axis": "y", "origin": [-5.5938, 0.68, 10.0202]},
			"faces": {
				"north": {"uv": [0, 0, 2, 7], "rotation": 180, "texture": "#1"},
				"east": {"uv": [0, 0, 7, 1], "rotation": 270, "texture": "#1"},
				"south": {"uv": [0, 0, 2, 7], "texture": "#1"},
				"west": {"uv": [0, 0, 7, 1], "rotation": 90, "texture": "#1"},
				"up": {"uv": [0, 0, 2, 1], "rotation": 180, "texture": "#1"},
				"down": {"uv": [0, 0, 2, 1], "texture": "#1"}
			}
		},
		{
			"from": [-2.1306, 0.68, 5.9798],
			"to": [-0.9762, 1.2572, 10.0202],
			"rotation": {"angle": 0, "axis": "y", "origin": [-5.5938, 0.68, 10.5974]},
			"faces": {
				"north": {"uv": [0, 0, 2, 1], "texture": "#1"},
				"east": {"uv": [0, 0, 7, 1], "texture": "#1"},
				"south": {"uv": [0, 0, 2, 1], "texture": "#1"},
				"west": {"uv": [0, 0, 7, 1], "texture": "#1"},
				"up": {"uv": [0, 0, 2, 7], "texture": "#1"},
				"down": {"uv": [0, 0, 2, 7], "texture": "#1"}
			}
		},
		{
			"from": [-2.1306, 1.2572, 5.4026],
			"to": [-0.9762, 5.2976, 5.9798],
			"rotation": {"angle": 0, "axis": "y", "origin": [-5.5938, 0.68, 5.4026]},
			"faces": {
				"north": {"uv": [0, 0, 2, 7], "rotation": 180, "texture": "#1"},
				"east": {"uv": [0, 0, 7, 1], "rotation": 270, "texture": "#1"},
				"south": {"uv": [0, 0, 2, 7], "texture": "#1"},
				"west": {"uv": [0, 0, 7, 1], "rotation": 90, "texture": "#1"},
				"up": {"uv": [0, 0, 2, 1], "rotation": 180, "texture": "#1"},
				"down": {"uv": [0, 0, 2, 1], "texture": "#1"}
			}
		},
		{
			"from": [2.45, 1.42, 6.15],
			"to": [3.19, 5.12, 9.85],
			"rotation": {"angle": 0, "axis": "y", "origin": [-2.73, 5.86, 11.33]},
			"faces": {
				"north": {"uv": [2, 3, 3, 8], "texture": "#5"},
				"east": {"uv": [2, 3, 3, 8], "texture": "#5"},
				"south": {"uv": [2, 3, 3, 8], "texture": "#5"},
				"west": {"uv": [2, 3, 5.7, 6.7], "texture": "#5"},
				"up": {"uv": [2, 3, 3, 8], "texture": "#5"},
				"down": {"uv": [2, 3, 3, 8], "texture": "#5"}
			}
		},
		{
			"name": "octagon",
			"from": [10.00584, 6.2226, 6.915],
			"to": [12.65416, 12.6162, 9.085],
			"rotation": {"angle": 22.5, "axis": "z", "origin": [11.33, 9.4194, 8]},
			"faces": {
				"north": {"uv": [3, 8, 5.392, 10.648], "rotation": 180, "texture": "#4"},
				"east": {"uv": [3, 8, 5.392, 10.648], "rotation": 180, "texture": "#4"},
				"south": {"uv": [3, 8, 5.392, 10.648], "rotation": 180, "texture": "#4"},
				"west": {"uv": [3, 8, 5.392, 10.648], "rotation": 180, "texture": "#4"},
				"up": {"uv": [3, 8, 5.392, 10.648], "rotation": 180, "texture": "#4"},
				"down": {"uv": [3, 8, 5.392, 10.648], "rotation": 180, "texture": "#4"}
			}
		},
		{
			"name": "octagon",
			"from": [10.00584, 6.2226, 6.89],
			"to": [12.65416, 12.6162, 9.11],
			"rotation": {"angle": -22.5, "axis": "z", "origin": [11.33, 9.4194, 8]},
			"faces": {
				"north": {"uv": [3, 8, 5.392, 10.648], "rotation": 180, "texture": "#4"},
				"east": {"uv": [3, 8, 5.392, 10.648], "rotation": 180, "texture": "#4"},
				"south": {"uv": [3, 8, 5.392, 10.648], "rotation": 180, "texture": "#4"},
				"west": {"uv": [3, 8, 5.392, 10.648], "rotation": 180, "texture": "#4"},
				"up": {"uv": [3, 8, 5.392, 10.648], "rotation": 180, "texture": "#4"},
				"down": {"uv": [3, 8, 5.392, 10.648], "rotation": 180, "texture": "#4"}
			}
		},
		{
			"name": "octagon",
			"from": [8.1332, 8.09524, 6.94],
			"to": [14.5268, 10.74356, 9.06],
			"rotation": {"angle": 22.5, "axis": "z", "origin": [11.33, 9.4194, 8]},
			"faces": {
				"north": {"uv": [3, 8, 5.392, 10.648], "rotation": 180, "texture": "#4"},
				"east": {"uv": [3, 8, 5.392, 10.648], "rotation": 180, "texture": "#4"},
				"south": {"uv": [3, 8, 5.392, 10.648], "rotation": 180, "texture": "#4"},
				"west": {"uv": [3, 8, 5.392, 10.648], "rotation": 180, "texture": "#4"},
				"up": {"uv": [3, 8, 5.392, 10.648], "rotation": 180, "texture": "#4"},
				"down": {"uv": [3, 8, 5.392, 10.648], "rotation": 180, "texture": "#4"}
			}
		},
		{
			"name": "octagon",
			"from": [8.1332, 8.09524, 6.965],
			"to": [14.5268, 10.74356, 9.035],
			"rotation": {"angle": -22.5, "axis": "z", "origin": [11.33, 9.4194, 8]},
			"faces": {
				"north": {"uv": [3, 8, 5.392, 10.648], "rotation": 180, "texture": "#4"},
				"east": {"uv": [3, 8, 5.392, 10.648], "rotation": 180, "texture": "#4"},
				"south": {"uv": [3, 8, 5.392, 10.648], "rotation": 180, "texture": "#4"},
				"west": {"uv": [3, 8, 5.392, 10.648], "rotation": 180, "texture": "#4"},
				"up": {"uv": [3, 8, 5.392, 10.648], "rotation": 180, "texture": "#4"},
				"down": {"uv": [3, 8, 5.392, 10.648], "rotation": 180, "texture": "#4"}
			}
		},
		{
			"name": "octagon",
			"from": [3.53084, 6.2226, 6.915],
			"to": [6.17916, 12.6162, 9.085],
			"rotation": {"angle": 22.5, "axis": "z", "origin": [4.855, 9.4194, 8]},
			"faces": {
				"north": {"uv": [3, 8, 5.392, 10.648], "rotation": 90, "texture": "#4"},
				"east": {"uv": [3, 8, 5.392, 10.648], "rotation": 90, "texture": "#4"},
				"south": {"uv": [3, 8, 5.392, 10.648], "rotation": 90, "texture": "#4"},
				"west": {"uv": [3, 8, 5.392, 10.648], "rotation": 90, "texture": "#4"},
				"up": {"uv": [3, 8, 5.392, 10.648], "rotation": 90, "texture": "#4"},
				"down": {"uv": [3, 8, 5.392, 10.648], "rotation": 90, "texture": "#4"}
			}
		},
		{
			"name": "octagon",
			"from": [3.53084, 6.2226, 6.89],
			"to": [6.17916, 12.6162, 9.11],
			"rotation": {"angle": -22.5, "axis": "z", "origin": [4.855, 9.4194, 8]},
			"faces": {
				"north": {"uv": [3, 8, 5.392, 10.648], "rotation": 90, "texture": "#4"},
				"east": {"uv": [3, 8, 5.392, 10.648], "rotation": 90, "texture": "#4"},
				"south": {"uv": [3, 8, 5.392, 10.648], "rotation": 90, "texture": "#4"},
				"west": {"uv": [3, 8, 5.392, 10.648], "rotation": 90, "texture": "#4"},
				"up": {"uv": [3, 8, 5.392, 10.648], "rotation": 90, "texture": "#4"},
				"down": {"uv": [3, 8, 5.392, 10.648], "rotation": 90, "texture": "#4"}
			}
		},
		{
			"name": "octagon",
			"from": [1.6582, 8.09524, 6.94],
			"to": [8.0518, 10.74356, 9.06],
			"rotation": {"angle": 22.5, "axis": "z", "origin": [4.855, 9.4194, 8]},
			"faces": {
				"north": {"uv": [3, 8, 5.392, 10.648], "rotation": 90, "texture": "#4"},
				"east": {"uv": [3, 8, 5.392, 10.648], "rotation": 90, "texture": "#4"},
				"south": {"uv": [3, 8, 5.392, 10.648], "rotation": 90, "texture": "#4"},
				"west": {"uv": [3, 8, 5.392, 10.648], "rotation": 90, "texture": "#4"},
				"up": {"uv": [3, 8, 5.392, 10.648], "rotation": 90, "texture": "#4"},
				"down": {"uv": [3, 8, 5.392, 10.648], "rotation": 90, "texture": "#4"}
			}
		},
		{
			"name": "octagon",
			"from": [1.6582, 8.09524, 6.965],
			"to": [8.0518, 10.74356, 9.035],
			"rotation": {"angle": -22.5, "axis": "z", "origin": [4.855, 9.4194, 8]},
			"faces": {
				"north": {"uv": [3, 8, 5.392, 10.648], "rotation": 90, "texture": "#4"},
				"east": {"uv": [3, 8, 5.392, 10.648], "rotation": 90, "texture": "#4"},
				"south": {"uv": [3, 8, 5.392, 10.648], "rotation": 90, "texture": "#4"},
				"west": {"uv": [3, 8, 5.392, 10.648], "rotation": 90, "texture": "#4"},
				"up": {"uv": [3, 8, 5.392, 10.648], "rotation": 90, "texture": "#4"},
				"down": {"uv": [3, 8, 5.392, 10.648], "rotation": 90, "texture": "#4"}
			}
		},
		{
			"name": "octagon",
			"from": [10.96352, 8.61828, 6.335],
			"to": [11.65208, 10.28061, 9.665],
			"rotation": {"angle": 22.5, "axis": "z", "origin": [11.3078, 9.44944, 8]},
			"faces": {
				"north": {"uv": [1, 11, 7.393, 13.648], "texture": "#1"},
				"east": {"uv": [1, 11, 7.393, 13.648], "texture": "#1"},
				"south": {"uv": [1, 11, 7.393, 13.648], "texture": "#1"},
				"west": {"uv": [1, 11, 7.393, 13.648], "texture": "#1"},
				"up": {"uv": [1, 11, 7.393, 13.648], "texture": "#1"},
				"down": {"uv": [1, 11, 7.393, 13.648], "texture": "#1"}
			}
		},
		{
			"name": "octagon",
			"from": [10.96352, 8.61828, 6.335],
			"to": [11.65208, 10.28061, 9.665],
			"rotation": {"angle": -22.5, "axis": "z", "origin": [11.3078, 9.44944, 8]},
			"faces": {
				"north": {"uv": [1, 11, 7.393, 13.648], "texture": "#1"},
				"east": {"uv": [1, 11, 7.393, 13.648], "texture": "#1"},
				"south": {"uv": [1, 11, 7.393, 13.648], "texture": "#1"},
				"west": {"uv": [1, 11, 7.393, 13.648], "texture": "#1"},
				"up": {"uv": [1, 11, 7.393, 13.648], "texture": "#1"},
				"down": {"uv": [1, 11, 7.393, 13.648], "texture": "#1"}
			}
		},
		{
			"name": "octagon",
			"from": [10.47663, 9.10516, 6.335],
			"to": [12.13897, 9.79373, 9.665],
			"rotation": {"angle": 22.5, "axis": "z", "origin": [11.3078, 9.44944, 8]},
			"faces": {
				"north": {"uv": [1, 11, 7.393, 13.648], "texture": "#1"},
				"east": {"uv": [1, 11, 7.393, 13.648], "texture": "#1"},
				"south": {"uv": [1, 11, 7.393, 13.648], "texture": "#1"},
				"west": {"uv": [1, 11, 7.393, 13.648], "texture": "#1"},
				"up": {"uv": [1, 11, 7.393, 13.648], "texture": "#1"},
				"down": {"uv": [1, 11, 7.393, 13.648], "texture": "#1"}
			}
		},
		{
			"name": "octagon",
			"from": [10.47663, 9.10516, 6.335],
			"to": [12.13897, 9.79373, 9.665],
			"rotation": {"angle": -22.5, "axis": "z", "origin": [11.3078, 9.44944, 8]},
			"faces": {
				"north": {"uv": [1, 11, 7.393, 13.648], "texture": "#1"},
				"east": {"uv": [1, 11, 7.393, 13.648], "texture": "#1"},
				"south": {"uv": [1, 11, 7.393, 13.648], "texture": "#1"},
				"west": {"uv": [1, 11, 7.393, 13.648], "texture": "#1"},
				"up": {"uv": [1, 11, 7.393, 13.648], "texture": "#1"},
				"down": {"uv": [1, 11, 7.393, 13.648], "texture": "#1"}
			}
		},
		{
			"name": "octagon",
			"from": [4.53292, 8.61828, 6.335],
			"to": [5.22148, 10.28061, 9.665],
			"rotation": {"angle": -22.5, "axis": "z", "origin": [4.8772, 9.44944, 8]},
			"faces": {
				"north": {"uv": [0, 0, 1, 1], "texture": "#1"},
				"east": {"uv": [0, 0, 1, 1], "rotation": 90, "texture": "#1"},
				"south": {"uv": [0, 0, 1, 1], "rotation": 180, "texture": "#1"},
				"west": {"uv": [0, 0, 1, 1], "rotation": 270, "texture": "#1"},
				"up": {"uv": [1, 1, 0, 0], "rotation": 180, "texture": "#1"},
				"down": {"uv": [1, 1, 0, 0], "texture": "#1"}
			}
		},
		{
			"name": "octagon",
			"from": [4.53292, 8.61828, 6.335],
			"to": [5.22148, 10.28061, 9.665],
			"rotation": {"angle": 22.5, "axis": "z", "origin": [4.8772, 9.44944, 8]},
			"faces": {
				"north": {"uv": [0, 0, 1, 1], "texture": "#1"},
				"east": {"uv": [0, 0, 1, 1], "rotation": 90, "texture": "#1"},
				"south": {"uv": [0, 0, 1, 1], "rotation": 180, "texture": "#1"},
				"west": {"uv": [0, 0, 1, 1], "rotation": 270, "texture": "#1"},
				"up": {"uv": [1, 1, 0, 0], "rotation": 180, "texture": "#1"},
				"down": {"uv": [1, 1, 0, 0], "texture": "#1"}
			}
		},
		{
			"name": "octagon",
			"from": [4.04603, 9.10516, 6.335],
			"to": [5.70837, 9.79373, 9.665],
			"rotation": {"angle": -22.5, "axis": "z", "origin": [4.8772, 9.44944, 8]},
			"faces": {
				"north": {"uv": [0, 0, 1, 1], "texture": "#1"},
				"east": {"uv": [0, 0, 1, 1], "rotation": 90, "texture": "#1"},
				"south": {"uv": [0, 0, 1, 1], "rotation": 180, "texture": "#1"},
				"west": {"uv": [0, 0, 1, 1], "rotation": 270, "texture": "#1"},
				"up": {"uv": [1, 1, 0, 0], "rotation": 180, "texture": "#1"},
				"down": {"uv": [1, 1, 0, 0], "texture": "#1"}
			}
		},
		{
			"name": "octagon",
			"from": [4.04603, 9.10516, 6.335],
			"to": [5.70837, 9.79373, 9.665],
			"rotation": {"angle": 22.5, "axis": "z", "origin": [4.8772, 9.44944, 8]},
			"faces": {
				"north": {"uv": [0, 0, 1, 1], "texture": "#1"},
				"east": {"uv": [0, 0, 1, 1], "rotation": 90, "texture": "#1"},
				"south": {"uv": [0, 0, 1, 1], "rotation": 180, "texture": "#1"},
				"west": {"uv": [0, 0, 1, 1], "rotation": 270, "texture": "#1"},
				"up": {"uv": [1, 1, 0, 0], "rotation": 180, "texture": "#1"},
				"down": {"uv": [1, 1, 0, 0], "texture": "#1"}
			}
		},
		{
			"from": [11.552, 7.229, 6.187],
			"to": [12.218, 9.634, 6.372],
			"rotation": {"angle": 45, "axis": "z", "origin": [11.87837, 8.82791, 6.79623]},
			"faces": {
				"north": {"uv": [0, 0, 0.9, 3.25], "texture": "#1"},
				"east": {"uv": [0, 0, 0.25, 3.25], "texture": "#1"},
				"south": {"uv": [0, 0, 0.9, 3.25], "texture": "#1"},
				"west": {"uv": [0, 0, 0.25, 3.25], "texture": "#1"},
				"up": {"uv": [0, 0, 0.9, 0.25], "texture": "#1"},
				"down": {"uv": [0, 0, 0.9, 0.25], "texture": "#1"}
			}
		},
		{
			"from": [11.552, 6.526, 5.817],
			"to": [12.218, 7.229, 6.372],
			"rotation": {"angle": 45, "axis": "z", "origin": [11.87837, 8.82791, 6.79623]},
			"faces": {
				"north": {"uv": [0, 0, 0.9, 0.95], "texture": "#1"},
				"east": {"uv": [0, 0, 0.75, 0.95], "texture": "#1"},
				"south": {"uv": [0, 0, 0.9, 0.95], "texture": "#1"},
				"west": {"uv": [0, 0, 0.75, 0.95], "texture": "#1"},
				"up": {"uv": [0, 0, 0.9, 0.75], "texture": "#1"},
				"down": {"uv": [0, 0, 0.9, 0.75], "texture": "#1"}
			}
		},
		{
			"name": "octagon",
			"from": [10.60243, 7.81381, 6.631],
			"to": [11.93439, 11.02943, 9.369],
			"rotation": {"angle": 22.5, "axis": "z", "origin": [11.26841, 9.42162, 8]},
			"faces": {
				"north": {"uv": [2, 3, 4, 5], "rotation": 180, "texture": "#5"},
				"east": {"uv": [2, 3, 4, 5], "rotation": 180, "texture": "#5"},
				"south": {"uv": [2, 3, 4, 5], "rotation": 180, "texture": "#5"},
				"west": {"uv": [2, 3, 4, 5], "rotation": 180, "texture": "#5"},
				"up": {"uv": [2, 3, 4, 5], "rotation": 180, "texture": "#5"},
				"down": {"uv": [2, 3, 4, 5], "rotation": 180, "texture": "#5"}
			}
		},
		{
			"name": "octagon",
			"from": [10.60243, 7.81381, 6.631],
			"to": [11.93439, 11.02943, 9.369],
			"rotation": {"angle": -22.5, "axis": "z", "origin": [11.26841, 9.42162, 8]},
			"faces": {
				"north": {"uv": [2, 3, 4, 5], "rotation": 180, "texture": "#5"},
				"east": {"uv": [2, 3, 4, 5], "rotation": 180, "texture": "#5"},
				"south": {"uv": [2, 3, 4, 5], "rotation": 180, "texture": "#5"},
				"west": {"uv": [2, 3, 4, 5], "rotation": 180, "texture": "#5"},
				"up": {"uv": [2, 3, 4, 5], "rotation": 180, "texture": "#5"},
				"down": {"uv": [2, 3, 4, 5], "rotation": 180, "texture": "#5"}
			}
		},
		{
			"name": "octagon",
			"from": [9.6606, 8.75564, 6.631],
			"to": [12.87622, 10.0876, 9.369],
			"rotation": {"angle": 22.5, "axis": "z", "origin": [11.26841, 9.42162, 8]},
			"faces": {
				"north": {"uv": [2, 3, 4, 5], "rotation": 180, "texture": "#5"},
				"east": {"uv": [2, 3, 4, 5], "rotation": 180, "texture": "#5"},
				"south": {"uv": [2, 3, 4, 5], "rotation": 180, "texture": "#5"},
				"west": {"uv": [2, 3, 4, 5], "rotation": 180, "texture": "#5"},
				"up": {"uv": [2, 3, 4, 5], "rotation": 180, "texture": "#5"},
				"down": {"uv": [2, 3, 4, 5], "rotation": 180, "texture": "#5"}
			}
		},
		{
			"name": "octagon",
			"from": [9.6606, 8.75564, 6.631],
			"to": [12.87622, 10.0876, 9.369],
			"rotation": {"angle": -22.5, "axis": "z", "origin": [11.26841, 9.42162, 8]},
			"faces": {
				"north": {"uv": [2, 3, 4, 5], "rotation": 180, "texture": "#5"},
				"east": {"uv": [2, 3, 4, 5], "rotation": 180, "texture": "#5"},
				"south": {"uv": [2, 3, 4, 5], "rotation": 180, "texture": "#5"},
				"west": {"uv": [2, 3, 4, 5], "rotation": 180, "texture": "#5"},
				"up": {"uv": [2, 3, 4, 5], "rotation": 180, "texture": "#5"},
				"down": {"uv": [2, 3, 4, 5], "rotation": 180, "texture": "#5"}
			}
		},
		{
			"name": "octagon",
			"from": [4.20143, 7.81381, 6.631],
			"to": [5.53339, 11.02943, 9.369],
			"rotation": {"angle": 22.5, "axis": "z", "origin": [4.86741, 9.42162, 8]},
			"faces": {
				"north": {"uv": [2, 3, 4, 5], "rotation": 180, "texture": "#5"},
				"east": {"uv": [2, 3, 4, 5], "rotation": 180, "texture": "#5"},
				"south": {"uv": [2, 3, 4, 5], "rotation": 180, "texture": "#5"},
				"west": {"uv": [2, 3, 4, 5], "rotation": 180, "texture": "#5"},
				"up": {"uv": [2, 3, 4, 5], "rotation": 180, "texture": "#5"},
				"down": {"uv": [2, 3, 4, 5], "rotation": 180, "texture": "#5"}
			}
		},
		{
			"name": "octagon",
			"from": [4.20143, 7.81381, 6.631],
			"to": [5.53339, 11.02943, 9.369],
			"rotation": {"angle": -22.5, "axis": "z", "origin": [4.86741, 9.42162, 8]},
			"faces": {
				"north": {"uv": [2, 3, 4, 5], "rotation": 180, "texture": "#5"},
				"east": {"uv": [2, 3, 4, 5], "rotation": 180, "texture": "#5"},
				"south": {"uv": [2, 3, 4, 5], "rotation": 180, "texture": "#5"},
				"west": {"uv": [2, 3, 4, 5], "rotation": 180, "texture": "#5"},
				"up": {"uv": [2, 3, 4, 5], "rotation": 180, "texture": "#5"},
				"down": {"uv": [2, 3, 4, 5], "rotation": 180, "texture": "#5"}
			}
		},
		{
			"name": "octagon",
			"from": [3.2596, 8.75564, 6.631],
			"to": [6.47522, 10.0876, 9.369],
			"rotation": {"angle": 22.5, "axis": "z", "origin": [4.86741, 9.42162, 8]},
			"faces": {
				"north": {"uv": [2, 3, 4, 5], "rotation": 180, "texture": "#5"},
				"east": {"uv": [2, 3, 4, 5], "rotation": 180, "texture": "#5"},
				"south": {"uv": [2, 3, 4, 5], "rotation": 180, "texture": "#5"},
				"west": {"uv": [2, 3, 4, 5], "rotation": 180, "texture": "#5"},
				"up": {"uv": [2, 3, 4, 5], "rotation": 180, "texture": "#5"},
				"down": {"uv": [2, 3, 4, 5], "rotation": 180, "texture": "#5"}
			}
		},
		{
			"name": "octagon",
			"from": [3.2596, 8.75564, 6.631],
			"to": [6.47522, 10.0876, 9.369],
			"rotation": {"angle": -22.5, "axis": "z", "origin": [4.86741, 9.42162, 8]},
			"faces": {
				"north": {"uv": [2, 3, 4, 5], "rotation": 180, "texture": "#5"},
				"east": {"uv": [2, 3, 4, 5], "rotation": 180, "texture": "#5"},
				"south": {"uv": [2, 3, 4, 5], "rotation": 180, "texture": "#5"},
				"west": {"uv": [2, 3, 4, 5], "rotation": 180, "texture": "#5"},
				"up": {"uv": [2, 3, 4, 5], "rotation": 180, "texture": "#5"},
				"down": {"uv": [2, 3, 4, 5], "rotation": 180, "texture": "#5"}
			}
		},
		{
			"from": [9.48, 1.05, 5.04],
			"to": [11.7, 2.53, 5.78],
			"rotation": {"angle": 0, "axis": "y", "origin": [8, 5.86, 8]},
			"faces": {
				"north": {"uv": [0, 5, 3, 7], "texture": "#0"},
				"east": {"uv": [0, 0, 1, 2], "texture": "#0"},
				"south": {"uv": [0, 0, 3, 2], "texture": "#0"},
				"west": {"uv": [0, 0, 1, 2], "texture": "#0"},
				"up": {"uv": [0, 0, 3, 1], "texture": "#0"},
				"down": {"uv": [0, 0, 3, 1], "texture": "#0"}
			}
		},
		{
			"from": [7.26, 0.68, 5.04],
			"to": [8.74, 1.42, 5.78],
			"rotation": {"angle": 0, "axis": "y", "origin": [8, 5.86, 8]},
			"faces": {
				"north": {"uv": [8, 0, 10, 1], "texture": "#0"},
				"east": {"uv": [8, 0, 10, 1], "texture": "#0"},
				"south": {"uv": [8, 0, 10, 1], "texture": "#0"},
				"west": {"uv": [8, 0, 10, 1], "texture": "#0"},
				"up": {"uv": [8, 0, 10, 1], "texture": "#0"},
				"down": {"uv": [8, 0, 10, 1], "texture": "#0"}
			}
		},
		{
			"from": [7.26, 3.93, 10.54],
			"to": [8.74, 4.67, 11.28],
			"rotation": {"angle": 0, "axis": "y", "origin": [8, 5.86, 8]},
			"faces": {
				"north": {"uv": [8, 0, 10, 1], "texture": "#0"},
				"east": {"uv": [8, 0, 10, 1], "texture": "#0"},
				"south": {"uv": [8, 0, 10, 1], "texture": "#0"},
				"west": {"uv": [8, 0, 10, 1], "texture": "#0"},
				"up": {"uv": [8, 0, 10, 1], "texture": "#0"},
				"down": {"uv": [8, 0, 10, 1], "texture": "#0"}
			}
		},
		{
			"from": [8, 2.16, 5.04],
			"to": [8.74, 2.9, 5.78],
			"rotation": {"angle": 0, "axis": "y", "origin": [8, 5.86, 8]},
			"faces": {
				"north": {"uv": [1, 2, 2, 3], "texture": "#2"},
				"east": {"uv": [1, 2, 2, 3], "texture": "#2"},
				"south": {"uv": [1, 2, 2, 3], "texture": "#2"},
				"west": {"uv": [1, 2, 2, 3], "texture": "#2"},
				"up": {"uv": [1, 2, 2, 3], "texture": "#2"},
				"down": {"uv": [1, 2, 2, 3], "texture": "#2"}
			}
		},
		{
			"from": [6.52, 2.16, 5.04],
			"to": [7.26, 2.9, 5.78],
			"rotation": {"angle": 0, "axis": "y", "origin": [8, 5.86, 8]},
			"faces": {
				"north": {"uv": [1, 2, 2, 3], "texture": "#2"},
				"east": {"uv": [1, 2, 2, 3], "texture": "#2"},
				"south": {"uv": [1, 2, 2, 3], "texture": "#2"},
				"west": {"uv": [1, 2, 2, 3], "texture": "#2"},
				"up": {"uv": [1, 2, 2, 3], "texture": "#2"},
				"down": {"uv": [1, 2, 2, 3], "texture": "#2"}
			}
		},
		{
			"from": [5.04, 2.16, 5.04],
			"to": [5.78, 2.9, 5.78],
			"rotation": {"angle": 0, "axis": "y", "origin": [8, 5.86, 8]},
			"faces": {
				"north": {"uv": [14, 14, 15, 15], "texture": "#2"},
				"east": {"uv": [14, 14, 15, 15], "texture": "#2"},
				"south": {"uv": [14, 14, 15, 15], "texture": "#2"},
				"west": {"uv": [14, 14, 15, 15], "texture": "#2"},
				"up": {"uv": [14, 14, 15, 15], "texture": "#2"},
				"down": {"uv": [14, 14, 15, 15], "texture": "#2"}
			}
		},
		{
			"from": [5.04, 0.68, 5.04],
			"to": [6.52, 1.42, 5.78],
			"rotation": {"angle": 0, "axis": "y", "origin": [8, 5.86, 8]},
			"faces": {
				"north": {"uv": [8, 0, 10, 1], "texture": "#0"},
				"east": {"uv": [8, 0, 10, 1], "texture": "#0"},
				"south": {"uv": [8, 0, 10, 1], "texture": "#0"},
				"west": {"uv": [8, 0, 10, 1], "texture": "#0"},
				"up": {"uv": [8, 0, 10, 1], "texture": "#0"},
				"down": {"uv": [8, 0, 10, 1], "texture": "#0"}
			}
		}
	],
	"display": {
		"thirdperson_righthand": {
			"rotation": [67.25, -90, 0],
			"translation": [0, 4.25, 5],
			"scale": [0.75, 0.75, 0.75]
		},
		"thirdperson_lefthand": {
			"rotation": [67.25, 90, 0],
			"translation": [0, 4.25, 5],
			"scale": [0.75, 0.75, 0.75]
		},
		"firstperson_righthand": {
			"rotation": [0, -92, 0],
			"translation": [0, 7.75, 0],
			"scale": [0.58359, 0.58359, 0.58359]
		},
		"firstperson_lefthand": {
			"rotation": [0, 92, 0],
			"translation": [0, 7.75, 0],
			"scale": [0.58359, 0.58359, 0.58359]
		},
		"ground": {
			"translation": [0, 2.5, 0],
			"scale": [0.8, 0.8, 0.8]
		},
		"gui": {
			"rotation": [30, 157, 0],
			"translation": [-0.5, 3, 0],
			"scale": [0.8, 0.8, 0.8]
		},
		"head": {
			"rotation": [0, -90, 0],
			"translation": [0, 15.25, -0.25],
			"scale": [1.02227, 1.02227, 1.02227]
		},
		"fixed": {
			"rotation": [-90, 0, 0],
			"translation": [0, 0, -15],
			"scale": [2, 2, 2]
		}
	},
	"groups": [
		{
			"name": "Camera",
			"origin": [8, 8, 8],
			"children": [0, 1, 2, 3, 4, 5, 6, 7, 8, 9, 10, 11, 12, 13, 14, 15,
				{
					"name": "octagon",
					"origin": [8, 8, 8],
					"children": [16, 17, 18, 19]
				},
				{
					"name": "octagon",
					"origin": [8, 8, 8],
					"children": [20, 21, 22, 23]
				},
				{
					"name": "octagon",
					"origin": [8, 8, 8],
					"children": [24, 25, 26, 27]
				},
				{
					"name": "octagon",
					"origin": [8, 8, 8],
					"children": [28, 29, 30, 31]
				}, 32, 33,
				{
					"name": "octagon",
					"origin": [8, 8, 8],
					"children": [34, 35, 36, 37]
				},
				{
					"name": "octagon",
					"origin": [8, 8, 8],
					"children": [38, 39, 40, 41]
				}, 42, 43, 44, 45, 46, 47, 48]
		}
	]
}