{
	"credit": "Made with Blockbench",
	"textures": {
		"0": "block/MizunoArchive/black_wool",
		"1": "block/candybars",
		"particle": "block/MizunoArchive/black_wool"
	},
	"elements": [
		{
			"name": "octagon",
			"from": [4.90897, 5, 0.5376],
			"to": [11.09103, 6, 1.9156],
			"rotation": {"angle": 22.5, "axis": "y", "origin": [8, 5.6, 8]},
			"faces": {
				"north": {"uv": [0, 0, 1, 1], "texture": "#0"},
				"east": {"uv": [0, 0, 1, 1], "texture": "#0"},
				"south": {"uv": [0, 0, 1, 1], "texture": "#0"},
				"west": {"uv": [0, 0, 1, 1], "texture": "#0"},
				"up": {"uv": [0, 0, 1, 1], "texture": "#0"},
				"down": {"uv": [0, 0, 1, 1], "texture": "#0"}
			}
		},
		{
			"name": "octagon",
			"from": [4.90897, 5, 0.5376],
			"to": [11.09103, 6, 1.9156],
			"rotation": {"angle": -22.5, "axis": "y", "origin": [8, 5.6, 8]},
			"faces": {
				"north": {"uv": [0, 0, 1, 1], "texture": "#0"},
				"east": {"uv": [0, 0, 1, 1], "texture": "#0"},
				"south": {"uv": [0, 0, 1, 1], "texture": "#0"},
				"west": {"uv": [0, 0, 1, 1], "texture": "#0"},
				"up": {"uv": [0, 0, 1, 1], "texture": "#0"},
				"down": {"uv": [0, 0, 1, 1], "texture": "#0"}
			}
		},
		{
			"name": "octagon",
			"from": [5.09634, 5.00106, 14.04539],
			"to": [11.2784, 6.00106, 15.42339],
			"rotation": {"angle": 22.5, "axis": "y", "origin": [8.18737, 5.60106, 8.44859]},
			"faces": {
				"north": {"uv": [0, 0, 1, 1], "texture": "#0"},
				"east": {"uv": [0, 0, 1, 1], "texture": "#0"},
				"south": {"uv": [0, 0, 1, 1], "texture": "#0"},
				"west": {"uv": [0, 0, 1, 1], "texture": "#0"},
				"up": {"uv": [0, 0, 1, 1], "texture": "#0"},
				"down": {"uv": [0, 0, 1, 1], "texture": "#0"}
			}
		},
		{
			"name": "octagon",
			"from": [4.88551, 5.00092, 14.07771],
			"to": [11.06756, 6.00092, 15.45571],
			"rotation": {"angle": -22.5, "axis": "y", "origin": [7.97653, 5.60092, 8.05691]},
			"faces": {
				"north": {"uv": [0, 0, 1, 1], "texture": "#0"},
				"east": {"uv": [0, 0, 1, 1], "texture": "#0"},
				"south": {"uv": [0, 0, 1, 1], "texture": "#0"},
				"west": {"uv": [0, 0, 1, 1], "texture": "#0"},
				"up": {"uv": [0, 0, 1, 1], "texture": "#0"},
				"down": {"uv": [0, 0, 1, 1], "texture": "#0"}
			}
		},
		{
			"name": "octagon",
			"from": [0.5376, 5, 4.90897],
			"to": [1.9156, 6, 11.09103],
			"rotation": {"angle": 22.5, "axis": "y", "origin": [8, 5.6, 8]},
			"faces": {
				"north": {"uv": [0, 0, 1, 1], "texture": "#0"},
				"east": {"uv": [0, 0, 1, 1], "texture": "#0"},
				"south": {"uv": [0, 0, 1, 1], "texture": "#0"},
				"west": {"uv": [0, 0, 1, 1], "texture": "#0"},
				"up": {"uv": [0, 0, 1, 1], "texture": "#0"},
				"down": {"uv": [0, 0, 1, 1], "texture": "#0"}
			}
		},
		{
			"name": "octagon",
			"from": [0.5376, 5, 4.90897],
			"to": [1.9156, 6, 11.09103],
			"rotation": {"angle": -22.5, "axis": "y", "origin": [8, 5.6, 8]},
			"faces": {
				"north": {"uv": [0, 0, 1, 1], "texture": "#0"},
				"east": {"uv": [0, 0, 1, 1], "texture": "#0"},
				"south": {"uv": [0, 0, 1, 1], "texture": "#0"},
				"west": {"uv": [0, 0, 1, 1], "texture": "#0"},
				"up": {"uv": [0, 0, 1, 1], "texture": "#0"},
				"down": {"uv": [0, 0, 1, 1], "texture": "#0"}
			}
		},
		{
			"name": "octagon",
			"from": [14.04696, 5.00105, 4.72159],
			"to": [15.42496, 6.00105, 10.90365],
			"rotation": {"angle": 22.5, "axis": "y", "origin": [8.45016, 5.60105, 7.81262]},
			"faces": {
				"north": {"uv": [0, 0, 1, 1], "texture": "#0"},
				"east": {"uv": [0, 0, 1, 1], "texture": "#0"},
				"south": {"uv": [0, 0, 1, 1], "texture": "#0"},
				"west": {"uv": [0, 0, 1, 1], "texture": "#0"},
				"up": {"uv": [0, 0, 1, 1], "texture": "#0"},
				"down": {"uv": [0, 0, 1, 1], "texture": "#0"}
			}
		},
		{
			"name": "octagon",
			"from": [14.04728, 5.00149, 5.094],
			"to": [15.42528, 6.00149, 11.27606],
			"rotation": {"angle": -22.5, "axis": "y", "origin": [8.45048, 5.60149, 8.18503]},
			"faces": {
				"north": {"uv": [0, 0, 1, 1], "texture": "#0"},
				"east": {"uv": [0, 0, 1, 1], "texture": "#0"},
				"south": {"uv": [0, 0, 1, 1], "texture": "#0"},
				"west": {"uv": [0, 0, 1, 1], "texture": "#0"},
				"up": {"uv": [0, 0, 1, 1], "texture": "#0"},
				"down": {"uv": [0, 0, 1, 1], "texture": "#0"}
			}
		},
		{
			"name": "octagon",
			"from": [5.08394, 4, 0.96],
			"to": [10.91606, 5, 2.26],
			"rotation": {"angle": 22.5, "axis": "y", "origin": [8, 4.6, 8]},
			"faces": {
				"north": {"uv": [0, 0, 1, 1], "texture": "#0"},
				"east": {"uv": [0, 0, 1, 1], "texture": "#0"},
				"south": {"uv": [0, 0, 1, 1], "texture": "#0"},
				"west": {"uv": [0, 0, 1, 1], "texture": "#0"},
				"up": {"uv": [0, 0, 1, 1], "texture": "#0"},
				"down": {"uv": [0, 0, 1, 1], "texture": "#0"}
			}
		},
		{
			"name": "octagon",
			"from": [5.08394, 4, 0.96],
			"to": [10.91606, 5, 2.26],
			"rotation": {"angle": -22.5, "axis": "y", "origin": [8, 4.6, 8]},
			"faces": {
				"north": {"uv": [0, 0, 1, 1], "texture": "#0"},
				"east": {"uv": [0, 0, 1, 1], "texture": "#0"},
				"south": {"uv": [0, 0, 1, 1], "texture": "#0"},
				"west": {"uv": [0, 0, 1, 1], "texture": "#0"},
				"up": {"uv": [0, 0, 1, 1], "texture": "#0"},
				"down": {"uv": [0, 0, 1, 1], "texture": "#0"}
			}
		},
		{
			"name": "octagon",
			"from": [5.2607, 4.00106, 13.7032],
			"to": [11.09283, 5.00106, 15.0032],
			"rotation": {"angle": 22.5, "axis": "y", "origin": [8.17676, 4.60106, 8.4232]},
			"faces": {
				"north": {"uv": [0, 0, 1, 1], "texture": "#0"},
				"east": {"uv": [0, 0, 1, 1], "texture": "#0"},
				"south": {"uv": [0, 0, 1, 1], "texture": "#0"},
				"west": {"uv": [0, 0, 1, 1], "texture": "#0"},
				"up": {"uv": [0, 0, 1, 1], "texture": "#0"},
				"down": {"uv": [0, 0, 1, 1], "texture": "#0"}
			}
		},
		{
			"name": "octagon",
			"from": [5.0618, 4.00092, 13.73369],
			"to": [10.89392, 5.00092, 15.03369],
			"rotation": {"angle": -22.5, "axis": "y", "origin": [7.97786, 4.60092, 8.05369]},
			"faces": {
				"north": {"uv": [0, 0, 1, 1], "texture": "#0"},
				"east": {"uv": [0, 0, 1, 1], "texture": "#0"},
				"south": {"uv": [0, 0, 1, 1], "texture": "#0"},
				"west": {"uv": [0, 0, 1, 1], "texture": "#0"},
				"up": {"uv": [0, 0, 1, 1], "texture": "#0"},
				"down": {"uv": [0, 0, 1, 1], "texture": "#0"}
			}
		},
		{
			"name": "octagon",
			"from": [0.96, 4, 5.08394],
			"to": [2.26, 5, 10.91606],
			"rotation": {"angle": 22.5, "axis": "y", "origin": [8, 4.6, 8]},
			"faces": {
				"north": {"uv": [0, 0, 1, 1], "texture": "#0"},
				"east": {"uv": [0, 0, 1, 1], "texture": "#0"},
				"south": {"uv": [0, 0, 1, 1], "texture": "#0"},
				"west": {"uv": [0, 0, 1, 1], "texture": "#0"},
				"up": {"uv": [0, 0, 1, 1], "texture": "#0"},
				"down": {"uv": [0, 0, 1, 1], "texture": "#0"}
			}
		},
		{
			"name": "octagon",
			"from": [0.96, 4, 5.08394],
			"to": [2.26, 5, 10.91606],
			"rotation": {"angle": -22.5, "axis": "y", "origin": [8, 4.6, 8]},
			"faces": {
				"north": {"uv": [0, 0, 1, 1], "texture": "#0"},
				"east": {"uv": [0, 0, 1, 1], "texture": "#0"},
				"south": {"uv": [0, 0, 1, 1], "texture": "#0"},
				"west": {"uv": [0, 0, 1, 1], "texture": "#0"},
				"up": {"uv": [0, 0, 1, 1], "texture": "#0"},
				"down": {"uv": [0, 0, 1, 1], "texture": "#0"}
			}
		},
		{
			"name": "octagon",
			"from": [13.70468, 4.00105, 4.90716],
			"to": [15.00468, 5.00105, 10.73929],
			"rotation": {"angle": 22.5, "axis": "y", "origin": [8.42468, 4.60105, 7.82323]},
			"faces": {
				"north": {"uv": [0, 0, 1, 1], "texture": "#0"},
				"east": {"uv": [0, 0, 1, 1], "texture": "#0"},
				"south": {"uv": [0, 0, 1, 1], "texture": "#0"},
				"west": {"uv": [0, 0, 1, 1], "texture": "#0"},
				"up": {"uv": [0, 0, 1, 1], "texture": "#0"},
				"down": {"uv": [0, 0, 1, 1], "texture": "#0"}
			}
		},
		{
			"name": "octagon",
			"from": [13.70498, 4.00149, 5.25849],
			"to": [15.00498, 5.00149, 11.09062],
			"rotation": {"angle": -22.5, "axis": "y", "origin": [8.42498, 4.60149, 8.17456]},
			"faces": {
				"north": {"uv": [0, 0, 1, 1], "texture": "#0"},
				"east": {"uv": [0, 0, 1, 1], "texture": "#0"},
				"south": {"uv": [0, 0, 1, 1], "texture": "#0"},
				"west": {"uv": [0, 0, 1, 1], "texture": "#0"},
				"up": {"uv": [0, 0, 1, 1], "texture": "#0"},
				"down": {"uv": [0, 0, 1, 1], "texture": "#0"}
			}
		},
		{
			"name": "octagon",
			"from": [5.29682, 3, 1.47395],
			"to": [10.70318, 4, 14.52605],
			"rotation": {"angle": 22.5, "axis": "y", "origin": [8, 11, 8]},
			"faces": {
				"north": {"uv": [0, 0, 1, 1], "texture": "#0"},
				"east": {"uv": [0, 0, 1, 1], "texture": "#0"},
				"south": {"uv": [0, 0, 1, 1], "texture": "#0"},
				"west": {"uv": [0, 0, 1, 1], "texture": "#0"},
				"up": {"uv": [0, 0, 1, 1], "texture": "#0"},
				"down": {"uv": [0, 0, 1, 1], "texture": "#0"}
			}
		},
		{
			"name": "octagon",
			"from": [5.29682, 3, 1.47395],
			"to": [10.70318, 4, 14.52605],
			"rotation": {"angle": -22.5, "axis": "y", "origin": [8, 11, 8]},
			"faces": {
				"north": {"uv": [0, 0, 1, 1], "texture": "#0"},
				"east": {"uv": [0, 0, 1, 1], "texture": "#0"},
				"south": {"uv": [0, 0, 1, 1], "texture": "#0"},
				"west": {"uv": [0, 0, 1, 1], "texture": "#0"},
				"up": {"uv": [0, 0, 1, 1], "texture": "#0"},
				"down": {"uv": [0, 0, 1, 1], "texture": "#0"}
			}
		},
		{
			"name": "octagon",
			"from": [1.47395, 3, 5.29682],
			"to": [14.52605, 4, 10.70318],
			"rotation": {"angle": 22.5, "axis": "y", "origin": [8, 11, 8]},
			"faces": {
				"north": {"uv": [0, 0, 1, 1], "texture": "#0"},
				"east": {"uv": [0, 0, 1, 1], "texture": "#0"},
				"south": {"uv": [0, 0, 1, 1], "texture": "#0"},
				"west": {"uv": [0, 0, 1, 1], "texture": "#0"},
				"up": {"uv": [0, 0, 1, 1], "texture": "#0"},
				"down": {"uv": [0, 0, 1, 1], "texture": "#0"}
			}
		},
		{
			"name": "octagon",
			"from": [1.47395, 3, 5.29682],
			"to": [14.52605, 4, 10.70318],
			"rotation": {"angle": -22.5, "axis": "y", "origin": [8, 11, 8]},
			"faces": {
				"north": {"uv": [0, 0, 1, 1], "texture": "#0"},
				"east": {"uv": [0, 0, 1, 1], "texture": "#0"},
				"south": {"uv": [0, 0, 1, 1], "texture": "#0"},
				"west": {"uv": [0, 0, 1, 1], "texture": "#0"},
				"up": {"uv": [0, 0, 1, 1], "texture": "#0"},
				"down": {"uv": [0, 0, 1, 1], "texture": "#0"}
			}
		},
		{
			"name": "octagon",
			"from": [5.54256, 2, 2.06722],
			"to": [10.45744, 3, 13.93278],
			"rotation": {"angle": 22.5, "axis": "y", "origin": [8, 10, 8]},
			"faces": {
				"north": {"uv": [0, 0, 1, 1], "texture": "#0"},
				"east": {"uv": [0, 0, 1, 1], "texture": "#0"},
				"south": {"uv": [0, 0, 1, 1], "texture": "#0"},
				"west": {"uv": [0, 0, 1, 1], "texture": "#0"},
				"up": {"uv": [0, 0, 1, 1], "texture": "#0"},
				"down": {"uv": [0, 0, 1, 1], "texture": "#0"}
			}
		},
		{
			"name": "octagon",
			"from": [5.54256, 2, 2.06722],
			"to": [10.45744, 3, 13.93278],
			"rotation": {"angle": -22.5, "axis": "y", "origin": [8, 10, 8]},
			"faces": {
				"north": {"uv": [0, 0, 1, 1], "texture": "#0"},
				"east": {"uv": [0, 0, 1, 1], "texture": "#0"},
				"south": {"uv": [0, 0, 1, 1], "texture": "#0"},
				"west": {"uv": [0, 0, 1, 1], "texture": "#0"},
				"up": {"uv": [0, 0, 1, 1], "texture": "#0"},
				"down": {"uv": [0, 0, 1, 1], "texture": "#0"}
			}
		},
		{
			"name": "octagon",
			"from": [2.06722, 2, 5.54256],
			"to": [13.93278, 3, 10.45744],
			"rotation": {"angle": 22.5, "axis": "y", "origin": [8, 10, 8]},
			"faces": {
				"north": {"uv": [0, 0, 1, 1], "texture": "#0"},
				"east": {"uv": [0, 0, 1, 1], "texture": "#0"},
				"south": {"uv": [0, 0, 1, 1], "texture": "#0"},
				"west": {"uv": [0, 0, 1, 1], "texture": "#0"},
				"up": {"uv": [0, 0, 1, 1], "texture": "#0"},
				"down": {"uv": [0, 0, 1, 1], "texture": "#0"}
			}
		},
		{
			"name": "octagon",
			"from": [2.06722, 2, 5.54256],
			"to": [13.93278, 3, 10.45744],
			"rotation": {"angle": -22.5, "axis": "y", "origin": [8, 10, 8]},
			"faces": {
				"north": {"uv": [0, 0, 1, 1], "texture": "#0"},
				"east": {"uv": [0, 0, 1, 1], "texture": "#0"},
				"south": {"uv": [0, 0, 1, 1], "texture": "#0"},
				"west": {"uv": [0, 0, 1, 1], "texture": "#0"},
				"up": {"uv": [0, 0, 1, 1], "texture": "#0"},
				"down": {"uv": [0, 0, 1, 1], "texture": "#0"}
			}
		},
		{
			"name": "octagon",
			"from": [5.76921, 1, 2.6144],
			"to": [10.23079, 2, 13.3856],
			"rotation": {"angle": 22.5, "axis": "y", "origin": [8, 9, 8]},
			"faces": {
				"north": {"uv": [0, 0, 1, 1], "texture": "#0"},
				"east": {"uv": [0, 0, 1, 1], "texture": "#0"},
				"south": {"uv": [0, 0, 1, 1], "texture": "#0"},
				"west": {"uv": [0, 0, 1, 1], "texture": "#0"},
				"up": {"uv": [0, 0, 1, 1], "texture": "#0"},
				"down": {"uv": [0, 0, 1, 1], "texture": "#0"}
			}
		},
		{
			"name": "octagon",
			"from": [5.76921, 1, 2.6144],
			"to": [10.23079, 2, 13.3856],
			"rotation": {"angle": -22.5, "axis": "y", "origin": [8, 9, 8]},
			"faces": {
				"north": {"uv": [0, 0, 1, 1], "texture": "#0"},
				"east": {"uv": [0, 0, 1, 1], "texture": "#0"},
				"south": {"uv": [0, 0, 1, 1], "texture": "#0"},
				"west": {"uv": [0, 0, 1, 1], "texture": "#0"},
				"up": {"uv": [0, 0, 1, 1], "texture": "#0"},
				"down": {"uv": [0, 0, 1, 1], "texture": "#0"}
			}
		},
		{
			"name": "octagon",
			"from": [2.6144, 1, 5.76921],
			"to": [13.3856, 2, 10.23079],
			"rotation": {"angle": 22.5, "axis": "y", "origin": [8, 9, 8]},
			"faces": {
				"north": {"uv": [0, 0, 1, 1], "texture": "#0"},
				"east": {"uv": [0, 0, 1, 1], "texture": "#0"},
				"south": {"uv": [0, 0, 1, 1], "texture": "#0"},
				"west": {"uv": [0, 0, 1, 1], "texture": "#0"},
				"up": {"uv": [0, 0, 1, 1], "texture": "#0"},
				"down": {"uv": [0, 0, 1, 1], "texture": "#0"}
			}
		},
		{
			"name": "octagon",
			"from": [2.6144, 1, 5.76921],
			"to": [13.3856, 2, 10.23079],
			"rotation": {"angle": -22.5, "axis": "y", "origin": [8, 9, 8]},
			"faces": {
				"north": {"uv": [0, 0, 1, 1], "texture": "#0"},
				"east": {"uv": [0, 0, 1, 1], "texture": "#0"},
				"south": {"uv": [0, 0, 1, 1], "texture": "#0"},
				"west": {"uv": [0, 0, 1, 1], "texture": "#0"},
				"up": {"uv": [0, 0, 1, 1], "texture": "#0"},
				"down": {"uv": [0, 0, 1, 1], "texture": "#0"}
			}
		},
		{
			"name": "octagon",
			"from": [6.01177, 0, 3.2],
			"to": [9.98823, 1, 12.8],
			"rotation": {"angle": 22.5, "axis": "y", "origin": [8, 8, 8]},
			"faces": {
				"north": {"uv": [0, 0, 1, 1], "texture": "#0"},
				"east": {"uv": [0, 0, 1, 1], "texture": "#0"},
				"south": {"uv": [0, 0, 1, 1], "texture": "#0"},
				"west": {"uv": [0, 0, 1, 1], "texture": "#0"},
				"up": {"uv": [0, 0, 1, 1], "texture": "#0"},
				"down": {"uv": [0, 0, 1, 1], "texture": "#0"}
			}
		},
		{
			"name": "octagon",
			"from": [6.01177, 0, 3.2],
			"to": [9.98823, 1, 12.8],
			"rotation": {"angle": -22.5, "axis": "y", "origin": [8, 8, 8]},
			"faces": {
				"north": {"uv": [0, 0, 1, 1], "texture": "#0"},
				"east": {"uv": [0, 0, 1, 1], "texture": "#0"},
				"south": {"uv": [0, 0, 1, 1], "texture": "#0"},
				"west": {"uv": [0, 0, 1, 1], "texture": "#0"},
				"up": {"uv": [0, 0, 1, 1], "texture": "#0"},
				"down": {"uv": [0, 0, 1, 1], "texture": "#0"}
			}
		},
		{
			"name": "octagon",
			"from": [3.2, 0, 6.01177],
			"to": [12.8, 1, 9.98823],
			"rotation": {"angle": 22.5, "axis": "y", "origin": [8, 8, 8]},
			"faces": {
				"north": {"uv": [0, 0, 1, 1], "texture": "#0"},
				"east": {"uv": [0, 0, 1, 1], "texture": "#0"},
				"south": {"uv": [0, 0, 1, 1], "texture": "#0"},
				"west": {"uv": [0, 0, 1, 1], "texture": "#0"},
				"up": {"uv": [0, 0, 1, 1], "texture": "#0"},
				"down": {"uv": [0, 0, 1, 1], "texture": "#0"}
			}
		},
		{
			"name": "octagon",
			"from": [3.2, 0, 6.01177],
			"to": [12.8, 1, 9.98823],
			"rotation": {"angle": -22.5, "axis": "y", "origin": [8, 8, 8]},
			"faces": {
				"north": {"uv": [0, 0, 1, 1], "texture": "#0"},
				"east": {"uv": [0, 0, 1, 1], "texture": "#0"},
				"south": {"uv": [0, 0, 1, 1], "texture": "#0"},
				"west": {"uv": [0, 0, 1, 1], "texture": "#0"},
				"up": {"uv": [0, 0, 1, 1], "texture": "#0"},
				"down": {"uv": [0, 0, 1, 1], "texture": "#0"}
			}
		},
		{
			"from": [8.3375, 4.15, 9.975],
			"to": [11.3375, 4.65, 11.975],
			"rotation": {"angle": -22.5, "axis": "y", "origin": [9.83535, 4.39694, 10.98021]},
			"faces": {
				"north": {"uv": [14.667, 0, 15.664, 3.2], "texture": "#1"},
				"east": {"uv": [14.667, 0, 15.664, 3.2], "texture": "#1"},
				"south": {"uv": [14.667, 0, 15.664, 3.2], "texture": "#1"},
				"west": {"uv": [14.667, 0, 15.664, 3.2], "texture": "#1"},
				"up": {"uv": [8, 0, 14.734, 3.199], "texture": "#1"},
				"down": {"uv": [8, 3.2, 14.734, 6.399], "texture": "#1"}
			}
		},
		{
			"from": [6.43849, 4.15, 2.5354],
			"to": [9.43849, 4.65, 4.5354],
			"rotation": {"angle": -22.5, "axis": "y", "origin": [8.50531, 4.40307, 5.99081]},
			"faces": {
				"north": {"uv": [14.667, 0, 15.664, 3.2], "texture": "#1"},
				"east": {"uv": [14.667, 0, 15.664, 3.2], "texture": "#1"},
				"south": {"uv": [14.667, 0, 15.664, 3.2], "texture": "#1"},
				"west": {"uv": [14.667, 0, 15.664, 3.2], "texture": "#1"},
				"up": {"uv": [8, 0, 14.734, 3.199], "rotation": 180, "texture": "#1"},
				"down": {"uv": [8, 3.2, 14.734, 6.399], "rotation": 180, "texture": "#1"}
			}
		},
		{
			"from": [3.3499, 4.15, 9.75762],
			"to": [5.3499, 4.65, 12.75762],
			"rotation": {"angle": -22.5, "axis": "y", "origin": [6.80531, 4.40307, 10.69081]},
			"faces": {
				"north": {"uv": [14.667, 0, 15.664, 3.2], "texture": "#1"},
				"east": {"uv": [14.667, 0, 15.664, 3.2], "texture": "#1"},
				"south": {"uv": [14.667, 0, 15.664, 3.2], "texture": "#1"},
				"west": {"uv": [14.667, 0, 15.664, 3.2], "texture": "#1"},
				"up": {"uv": [8, 0, 14.734, 3.199], "rotation": 90, "texture": "#1"},
				"down": {"uv": [8, 3.2, 14.734, 6.399], "rotation": 270, "texture": "#1"}
			}
		},
		{
			"from": [9.6375, 4.15, 4.925],
			"to": [12.6375, 4.65, 6.925],
			"rotation": {"angle": 22.5, "axis": "y", "origin": [11.13665, 4.39912, 5.92672]},
			"faces": {
				"north": {"uv": [6.8, 0, 7.799, 3.2], "texture": "#1"},
				"east": {"uv": [6.8, 0, 7.799, 3.2], "texture": "#1"},
				"south": {"uv": [6.8, 0, 7.799, 3.2], "texture": "#1"},
				"west": {"uv": [6.8, 0, 7.799, 3.2], "texture": "#1"},
				"up": {"uv": [0, 0, 6.867, 3.067], "texture": "#1"},
				"down": {"uv": [0, 3.2, 6.867, 6.267], "texture": "#1"}
			}
		},
		{
			"from": [3.00897, 4.15, 6.17416],
			"to": [6.00897, 4.65, 8.17416],
			"rotation": {"angle": 0, "axis": "y", "origin": [6.30531, 4.40307, 5.14081]},
			"faces": {
				"north": {"uv": [6.8, 0, 7.799, 3.2], "texture": "#1"},
				"east": {"uv": [6.8, 0, 7.799, 3.2], "texture": "#1"},
				"south": {"uv": [6.8, 0, 7.799, 3.2], "texture": "#1"},
				"west": {"uv": [6.8, 0, 7.799, 3.2], "texture": "#1"},
				"up": {"uv": [0, 0, 6.867, 3.067], "rotation": 180, "texture": "#1"},
				"down": {"uv": [0, 3.2, 6.867, 6.267], "rotation": 180, "texture": "#1"}
			}
		},
		{
			"from": [5.78866, 4.15, 10.03715],
			"to": [7.78866, 4.65, 13.03715],
			"rotation": {"angle": 0, "axis": "y", "origin": [4.75531, 4.40307, 9.74081]},
			"faces": {
				"north": {"uv": [6.8, 0, 7.799, 3.2], "texture": "#1"},
				"east": {"uv": [6.8, 0, 7.799, 3.2], "texture": "#1"},
				"south": {"uv": [6.8, 0, 7.799, 3.2], "texture": "#1"},
				"west": {"uv": [6.8, 0, 7.799, 3.2], "texture": "#1"},
				"up": {"uv": [0, 0, 6.867, 3.067], "rotation": 90, "texture": "#1"},
				"down": {"uv": [0, 3.2, 6.867, 6.267], "rotation": 270, "texture": "#1"}
			}
		},
		{
			"from": [10.1375, 4.15, 7.925],
			"to": [13.1375, 4.65, 9.925],
			"rotation": {"angle": -45, "axis": "y", "origin": [11.63142, 4.40436, 8.92673]},
			"faces": {
				"north": {"uv": [6.8, 6.534, 7.799, 10.4], "texture": "#1"},
				"east": {"uv": [6.8, 6.534, 7.799, 10.4], "texture": "#1"},
				"south": {"uv": [6.8, 6.534, 7.799, 10.4], "texture": "#1"},
				"west": {"uv": [6.8, 6.534, 7.799, 10.4], "texture": "#1"},
				"up": {"uv": [0, 6.534, 6.867, 10.4], "texture": "#1"},
				"down": {"uv": [0, 10.667, 6.867, 14.533], "texture": "#1"}
			}
		},
		{
			"from": [5.71792, 4.15, 5.65736],
			"to": [8.71792, 4.65, 7.65736],
			"rotation": {"angle": -45, "axis": "y", "origin": [8.50531, 4.40307, 5.99081]},
			"faces": {
				"north": {"uv": [6.8, 6.534, 7.799, 10.4], "texture": "#1"},
				"east": {"uv": [6.8, 6.534, 7.799, 10.4], "texture": "#1"},
				"south": {"uv": [6.8, 6.534, 7.799, 10.4], "texture": "#1"},
				"west": {"uv": [6.8, 6.534, 7.799, 10.4], "texture": "#1"},
				"up": {"uv": [0, 6.534, 6.867, 10.4], "rotation": 180, "texture": "#1"},
				"down": {"uv": [0, 10.667, 6.867, 14.533], "rotation": 180, "texture": "#1"}
			}
		},
		{
			"from": [6.8875, 4.15, 7.175],
			"to": [9.8875, 4.65, 9.175],
			"rotation": {"angle": 45, "axis": "y", "origin": [8.38143, 4.39737, 8.1837]},
			"faces": {
				"north": {"uv": [14.667, 6.4, 15.665, 9.6], "texture": "#1"},
				"east": {"uv": [14.667, 6.4, 15.665, 9.6], "texture": "#1"},
				"south": {"uv": [14.667, 6.4, 15.665, 9.6], "texture": "#1"},
				"west": {"uv": [14.667, 6.4, 15.665, 9.6], "texture": "#1"},
				"up": {"uv": [7.866, 6.4, 14.6, 9.599], "texture": "#1"},
				"down": {"uv": [8, 9.6, 14.734, 12.799], "texture": "#1"}
			}
		},
		{
			"from": [3.0562, 4.15, 1.38901],
			"to": [5.0562, 4.65, 4.38901],
			"rotation": {"angle": -45, "axis": "y", "origin": [2.50531, 4.40307, 3.99081]},
			"faces": {
				"north": {"uv": [14.667, 6.4, 15.665, 9.6], "texture": "#1"},
				"east": {"uv": [14.667, 6.4, 15.665, 9.6], "texture": "#1"},
				"south": {"uv": [14.667, 6.4, 15.665, 9.6], "texture": "#1"},
				"west": {"uv": [14.667, 6.4, 15.665, 9.6], "texture": "#1"},
				"up": {"uv": [7.866, 6.4, 14.6, 9.599], "rotation": 90, "texture": "#1"},
				"down": {"uv": [8, 9.6, 14.734, 12.799], "rotation": 270, "texture": "#1"}
			}
		},
		{
			"from": [9.45732, 4.75, 8.90603],
			"to": [12.45732, 5.25, 10.90603],
			"rotation": {"angle": 22.5, "axis": "y", "origin": [7.70821, 5.00013, 7.63085]},
			"faces": {
				"north": {"uv": [14.667, 0, 15.664, 3.2], "texture": "#1"},
				"east": {"uv": [14.667, 0, 15.664, 3.2], "texture": "#1"},
				"south": {"uv": [14.667, 0, 15.664, 3.2], "texture": "#1"},
				"west": {"uv": [14.667, 0, 15.664, 3.2], "texture": "#1"},
				"up": {"uv": [8, 0, 14.734, 3.199], "texture": "#1"},
				"down": {"uv": [8, 3.2, 14.734, 6.399], "texture": "#1"}
			}
		},
		{
			"from": [5.7502, 4.75, 2.35521],
			"to": [8.7502, 5.25, 4.35521],
			"rotation": {"angle": 22.5, "axis": "y", "origin": [7.70821, 5.00013, 7.63085]},
			"faces": {
				"north": {"uv": [14.667, 0, 15.664, 3.2], "texture": "#1"},
				"east": {"uv": [14.667, 0, 15.664, 3.2], "texture": "#1"},
				"south": {"uv": [14.667, 0, 15.664, 3.2], "texture": "#1"},
				"west": {"uv": [14.667, 0, 15.664, 3.2], "texture": "#1"},
				"up": {"uv": [8, 0, 14.734, 3.199], "rotation": 180, "texture": "#1"},
				"down": {"uv": [8, 3.2, 14.734, 6.399], "rotation": 180, "texture": "#1"}
			}
		},
		{
			"from": [4.58962, 4.75, 9.87023],
			"to": [6.58962, 5.25, 12.87023],
			"rotation": {"angle": 22.5, "axis": "y", "origin": [7.70821, 5.00013, 7.63085]},
			"faces": {
				"north": {"uv": [14.667, 0, 15.664, 3.2], "texture": "#1"},
				"east": {"uv": [14.667, 0, 15.664, 3.2], "texture": "#1"},
				"south": {"uv": [14.667, 0, 15.664, 3.2], "texture": "#1"},
				"west": {"uv": [14.667, 0, 15.664, 3.2], "texture": "#1"},
				"up": {"uv": [8, 0, 14.734, 3.199], "rotation": 90, "texture": "#1"},
				"down": {"uv": [8, 3.2, 14.734, 6.399], "rotation": 270, "texture": "#1"}
			}
		},
		{
			"from": [6.48259, 5.35, 7.92806],
			"to": [9.48259, 5.85, 9.92806],
			"rotation": {"angle": 0, "axis": "y", "origin": [9.4555, 5.60301, 8.42721]},
			"faces": {
				"north": {"uv": [14.667, 0, 15.664, 3.2], "texture": "#1"},
				"east": {"uv": [14.667, 0, 15.664, 3.2], "texture": "#1"},
				"south": {"uv": [14.667, 0, 15.664, 3.2], "texture": "#1"},
				"west": {"uv": [14.667, 0, 15.664, 3.2], "texture": "#1"},
				"up": {"uv": [8, 0, 14.734, 3.199], "rotation": 180, "texture": "#1"},
				"down": {"uv": [8, 3.2, 14.734, 6.399], "rotation": 180, "texture": "#1"}
			}
		},
		{
			"from": [6.44409, 4.75, 2.3104],
			"to": [8.44409, 5.25, 5.3104],
			"rotation": {"angle": -22.5, "axis": "y", "origin": [7.70821, 5.00013, 7.63085]},
			"faces": {
				"north": {"uv": [6.8, 0, 7.799, 3.2], "texture": "#1"},
				"east": {"uv": [6.8, 0, 7.799, 3.2], "texture": "#1"},
				"south": {"uv": [6.8, 0, 7.799, 3.2], "texture": "#1"},
				"west": {"uv": [6.8, 0, 7.799, 3.2], "texture": "#1"},
				"up": {"uv": [0, 0, 6.867, 3.067], "rotation": 270, "texture": "#1"},
				"down": {"uv": [0, 3.2, 6.867, 6.267], "rotation": 90, "texture": "#1"}
			}
		},
		{
			"from": [3.00897, 4.75, 6.17416],
			"to": [6.00897, 5.25, 8.17416],
			"rotation": {"angle": 45, "axis": "y", "origin": [7.70821, 5.00013, 7.63085]},
			"faces": {
				"north": {"uv": [6.8, 0, 7.799, 3.2], "texture": "#1"},
				"east": {"uv": [6.8, 0, 7.799, 3.2], "texture": "#1"},
				"south": {"uv": [6.8, 0, 7.799, 3.2], "texture": "#1"},
				"west": {"uv": [6.8, 0, 7.799, 3.2], "texture": "#1"},
				"up": {"uv": [0, 0, 6.867, 3.067], "rotation": 180, "texture": "#1"},
				"down": {"uv": [0, 3.2, 6.867, 6.267], "rotation": 180, "texture": "#1"}
			}
		},
		{
			"from": [2.70897, 5.35, 1.57416],
			"to": [5.70897, 5.85, 3.57416],
			"rotation": {"angle": 45, "axis": "y", "origin": [7.40821, 5.60013, 3.03085]},
			"faces": {
				"north": {"uv": [6.8, 0, 7.799, 3.2], "texture": "#1"},
				"east": {"uv": [6.8, 0, 7.799, 3.2], "texture": "#1"},
				"south": {"uv": [6.8, 0, 7.799, 3.2], "texture": "#1"},
				"west": {"uv": [6.8, 0, 7.799, 3.2], "texture": "#1"},
				"up": {"uv": [0, 0, 6.867, 3.067], "rotation": 180, "texture": "#1"},
				"down": {"uv": [0, 3.2, 6.867, 6.267], "rotation": 180, "texture": "#1"}
			}
		},
		{
			"from": [5.95152, 6.85, 4.4301],
			"to": [7.95152, 7.35, 7.4301],
			"rotation": {"angle": 22.5, "axis": "x", "origin": [7.40821, 7.10013, 2.73085]},
			"faces": {
				"north": {"uv": [14.667, 0, 15.664, 3.2], "texture": "#1"},
				"east": {"uv": [14.667, 0, 15.664, 3.2], "texture": "#1"},
				"south": {"uv": [14.667, 0, 15.664, 3.2], "texture": "#1"},
				"west": {"uv": [14.667, 0, 15.664, 3.2], "texture": "#1"},
				"up": {"uv": [7.867, 0, 14.733, 3.067], "rotation": 90, "texture": "#1"},
				"down": {"uv": [7.867, 3.333, 14.732, 6.4], "rotation": 90, "texture": "#1"}
			}
		},
		{
			"from": [10.00371, 5.35, 6.01534],
			"to": [12.00371, 5.85, 9.01534],
			"rotation": {"angle": 22.5, "axis": "y", "origin": [9.4555, 5.60301, 7.42721]},
			"faces": {
				"north": {"uv": [6.8, 0, 7.799, 3.2], "texture": "#1"},
				"east": {"uv": [6.8, 0, 7.799, 3.2], "texture": "#1"},
				"south": {"uv": [6.8, 0, 7.799, 3.2], "texture": "#1"},
				"west": {"uv": [6.8, 0, 7.799, 3.2], "texture": "#1"},
				"up": {"uv": [0, 0, 6.867, 3.067], "rotation": 270, "texture": "#1"},
				"down": {"uv": [0, 3.2, 6.867, 6.267], "rotation": 90, "texture": "#1"}
			}
		},
		{
			"from": [5.78866, 4.75, 10.03715],
			"to": [7.78866, 5.25, 13.03715],
			"rotation": {"angle": 45, "axis": "y", "origin": [7.70821, 5.00013, 7.63085]},
			"faces": {
				"north": {"uv": [6.8, 0, 7.799, 3.2], "texture": "#1"},
				"east": {"uv": [6.8, 0, 7.799, 3.2], "texture": "#1"},
				"south": {"uv": [6.8, 0, 7.799, 3.2], "texture": "#1"},
				"west": {"uv": [6.8, 0, 7.799, 3.2], "texture": "#1"},
				"up": {"uv": [0, 0, 6.867, 3.067], "rotation": 90, "texture": "#1"},
				"down": {"uv": [0, 3.2, 6.867, 6.267], "rotation": 270, "texture": "#1"}
			}
		},
		{
			"from": [9.90474, 4.75, 4.77132],
			"to": [12.90474, 5.25, 6.77132],
			"rotation": {"angle": 0, "axis": "y", "origin": [7.70821, 5.00013, 7.63085]},
			"faces": {
				"north": {"uv": [6.8, 6.534, 7.799, 10.4], "texture": "#1"},
				"east": {"uv": [6.8, 6.534, 7.799, 10.4], "texture": "#1"},
				"south": {"uv": [6.8, 6.534, 7.799, 10.4], "texture": "#1"},
				"west": {"uv": [6.8, 6.534, 7.799, 10.4], "texture": "#1"},
				"up": {"uv": [0, 6.534, 6.867, 10.4], "texture": "#1"},
				"down": {"uv": [0, 10.667, 6.867, 14.533], "texture": "#1"}
			}
		},
		{
			"from": [8.90474, 5.5, 3.52132],
			"to": [11.90474, 6, 5.52132],
			"rotation": {"angle": -22.5, "axis": "x", "origin": [10.40608, 5.75985, 4.51015]},
			"faces": {
				"north": {"uv": [6.8, 6.534, 7.799, 10.4], "texture": "#1"},
				"east": {"uv": [6.8, 6.534, 7.799, 10.4], "texture": "#1"},
				"south": {"uv": [6.8, 6.534, 7.799, 10.4], "texture": "#1"},
				"west": {"uv": [6.8, 6.534, 7.799, 10.4], "texture": "#1"},
				"up": {"uv": [0, 6.534, 6.867, 10.4], "texture": "#1"},
				"down": {"uv": [0, 10.667, 6.867, 14.533], "texture": "#1"}
			}
		},
		{
			"from": [4.32477, 4.75, 5.57408],
			"to": [7.32477, 5.25, 7.57408],
			"rotation": {"angle": 0, "axis": "y", "origin": [7.70821, 5.00013, 7.63085]},
			"faces": {
				"north": {"uv": [6.8, 6.534, 7.799, 10.4], "texture": "#1"},
				"east": {"uv": [6.8, 6.534, 7.799, 10.4], "texture": "#1"},
				"south": {"uv": [6.8, 6.534, 7.799, 10.4], "texture": "#1"},
				"west": {"uv": [6.8, 6.534, 7.799, 10.4], "texture": "#1"},
				"up": {"uv": [0, 6.534, 6.867, 10.4], "rotation": 180, "texture": "#1"},
				"down": {"uv": [0, 10.667, 6.867, 14.533], "rotation": 180, "texture": "#1"}
			}
		},
		{
			"from": [7.56647, 4.75, 6.03967],
			"to": [9.56647, 5.25, 9.03967],
			"rotation": {"angle": 0, "axis": "y", "origin": [7.70821, 5.00013, 7.63085]},
			"faces": {
				"north": {"uv": [14.667, 6.4, 15.665, 9.6], "texture": "#1"},
				"east": {"uv": [14.667, 6.4, 15.665, 9.6], "texture": "#1"},
				"south": {"uv": [14.667, 6.4, 15.665, 9.6], "texture": "#1"},
				"west": {"uv": [14.667, 6.4, 15.665, 9.6], "texture": "#1"},
				"up": {"uv": [7.866, 6.4, 14.6, 9.599], "rotation": 270, "texture": "#1"},
				"down": {"uv": [8, 9.6, 14.734, 12.799], "rotation": 90, "texture": "#1"}
			}
		},
		{
			"from": [2.00619, 4.75, 6.13417],
			"to": [4.00619, 5.25, 9.13417],
			"rotation": {"angle": 0, "axis": "y", "origin": [7.70821, 5.00013, 7.63085]},
			"faces": {
				"north": {"uv": [14.667, 6.4, 15.665, 9.6], "texture": "#1"},
				"east": {"uv": [14.667, 6.4, 15.665, 9.6], "texture": "#1"},
				"south": {"uv": [14.667, 6.4, 15.665, 9.6], "texture": "#1"},
				"west": {"uv": [14.667, 6.4, 15.665, 9.6], "texture": "#1"},
				"up": {"uv": [7.866, 6.4, 14.6, 9.599], "rotation": 90, "texture": "#1"},
				"down": {"uv": [8, 9.6, 14.734, 12.799], "rotation": 270, "texture": "#1"}
			}
		},
		{
			"from": [6.90619, 5.65, 8.98417],
			"to": [8.90619, 6.15, 11.98417],
			"rotation": {"angle": 22.5, "axis": "x", "origin": [7.90975, 5.89489, 10.48571]},
			"faces": {
				"north": {"uv": [14.667, 6.4, 15.665, 9.6], "texture": "#1"},
				"east": {"uv": [14.667, 6.4, 15.665, 9.6], "texture": "#1"},
				"south": {"uv": [14.667, 6.4, 15.665, 9.6], "texture": "#1"},
				"west": {"uv": [14.667, 6.4, 15.665, 9.6], "texture": "#1"},
				"up": {"uv": [7.866, 6.4, 14.6, 9.599], "rotation": 90, "texture": "#1"},
				"down": {"uv": [8, 9.6, 14.734, 12.799], "rotation": 270, "texture": "#1"}
			}
		}
	],
	"display": {
		"thirdperson_righthand": {
			"rotation": [75, 45, 0],
			"translation": [-4, 3.5, 1.5],
			"scale": [0.61523, 0.61523, 0.61523]
		},
		"thirdperson_lefthand": {
			"rotation": [75, 45, 0],
			"translation": [-4, 3.5, 1.5],
			"scale": [0.61523, 0.61523, 0.61523]
		},
		"firstperson_righthand": {
			"rotation": [0, 0, 9.75],
			"translation": [3.75, 2, -2.75],
			"scale": [0.68945, 0.68945, 0.68945]
		},
		"firstperson_lefthand": {
			"rotation": [0, 0, 9.75],
			"translation": [3.75, 2, -2.75],
			"scale": [0.68945, 0.68945, 0.68945]
		},
		"ground": {
			"translation": [0, 4.25, 0],
			"scale": [0.85352, 0.85352, 0.85352]
		},
		"gui": {
			"rotation": [30, 225, 0],
			"translation": [0, 2.5, 0],
			"scale": [0.86328, 0.86328, 0.86328]
		},
		"head": {
			"translation": [0, 15.75, 0],
			"scale": [1.05859, 1.05859, 1.05859]
		},
		"fixed": {
			"rotation": [-90, 0, 0],
			"translation": [0, 0, -15],
			"scale": [2, 2, 2]
		}
	},
	"groups": [
		{
			"name": "Bowl",
			"origin": [8, 8, 8],
			"children": [
				{
					"name": "octagon",
					"origin": [8, 8, 8],
					"children": [0, 1, 2, 3, 4, 5, 6, 7]
				},
				{
					"name": "octagon",
					"origin": [8, 8, 8],
					"children": [8, 9, 10, 11, 12, 13, 14, 15]
				},
				{
					"name": "octagon",
					"origin": [8, 8, 8],
					"children": [16, 17, 18, 19]
				},
				{
					"name": "octagon",
					"origin": [8, 8, 8],
					"children": [20, 21, 22, 23]
				},
				{
					"name": "octagon",
					"origin": [8, 8, 8],
					"children": [24, 25, 26, 27]
				},
				{
					"name": "octagon",
					"origin": [8, 8, 8],
					"children": [28, 29, 30, 31]
				}
			]
		},
		{
			"name": "group",
			"origin": [-3.75607, 0.49737, -3.7413],
			"children": [32, 33, 34, 35, 36, 37, 38, 39, 40, 41]
		},
		{
			"name": "Candy",
			"origin": [7.90975, 5.89489, 10.48571],
			"children": [42, 43, 44, 45, 46, 47, 48, 49, 50, 51, 52, 53, 54, 55, 56, 57]
		}
	]
}