{
	"credit": "Made with Blockbench",
	"textures": {
		"0": "block/MizunoArchive/anvil",
		"1": "block/MizunoArchive/sea_lantern1",
		"2": "block/MizunoArchive/lead_knot"
	},
	"elements": [
		{
			"name": "Rod",
			"from": [6.71835, -5.13802, 6.62968],
			"to": [9.12868, -4.40153, 9.04],
			"rotation": {"angle": 0, "axis": "y", "origin": [8.59305, -9.75782, 11.98596]},
			"faces": {
				"north": {"uv": [6, 6, 7, 7], "texture": "#0"},
				"east": {"uv": [6, 6, 7, 7], "texture": "#0"},
				"south": {"uv": [6, 6, 7, 7], "texture": "#0"},
				"west": {"uv": [6, 6, 7, 7], "texture": "#0"},
				"up": {"uv": [6, 6, 7, 7], "texture": "#0"},
				"down": {"uv": [6, 6, 7, 7], "texture": "#0"}
			}
		},
		{
			"name": "Rod",
			"from": [6.05, -5.80755, 5.95896],
			"to": [9.7994, -5.07106, 9.70836],
			"rotation": {"angle": 0, "axis": "y", "origin": [8.59424, -10.42735, 11.98478]},
			"faces": {
				"north": {"uv": [6, 6, 7, 7], "texture": "#0"},
				"east": {"uv": [6, 6, 7, 7], "texture": "#0"},
				"south": {"uv": [6, 6, 7, 7], "texture": "#0"},
				"west": {"uv": [6, 6, 7, 7], "texture": "#0"},
				"up": {"uv": [6, 6, 7, 7], "texture": "#0"},
				"down": {"uv": [6, 6, 7, 7], "texture": "#0"}
			}
		},
		{
			"name": "Rod",
			"from": [5.38046, -6.47709, 5.28942],
			"to": [10.46894, -5.7406, 10.37789],
			"rotation": {"angle": 0, "axis": "y", "origin": [8.59424, -10.42735, 11.98478]},
			"faces": {
				"north": {"uv": [6, 6, 7, 7], "texture": "#0"},
				"east": {"uv": [6, 6, 7, 7], "texture": "#0"},
				"south": {"uv": [6, 6, 7, 7], "texture": "#0"},
				"west": {"uv": [6, 6, 7, 7], "texture": "#0"},
				"up": {"uv": [6, 6, 7, 7], "texture": "#0"},
				"down": {"uv": [6, 6, 7, 7], "texture": "#0"}
			}
		},
		{
			"name": "Rod",
			"from": [4.71093, -7.14663, 4.61988],
			"to": [11.13847, -6.41014, 11.04743],
			"rotation": {"angle": 0, "axis": "y", "origin": [8.59424, -10.42735, 11.98478]},
			"faces": {
				"north": {"uv": [6, 6, 7, 7], "texture": "#0"},
				"east": {"uv": [6, 6, 7, 7], "texture": "#0"},
				"south": {"uv": [6, 6, 7, 7], "texture": "#0"},
				"west": {"uv": [6, 6, 7, 7], "texture": "#0"},
				"up": {"uv": [6, 6, 7, 7], "texture": "#0"},
				"down": {"uv": [6, 6, 7, 7], "texture": "#0"}
			}
		},
		{
			"name": "Rod",
			"from": [5.31351, -10.82907, 10.04312],
			"to": [5.78219, -7.07967, 10.5118],
			"rotation": {"angle": 0, "axis": "y", "origin": [8.59424, -10.42735, 11.98478]},
			"faces": {
				"north": {"uv": [0, 0, 0.35, 2.8], "texture": "#0"},
				"east": {"uv": [0, 0, 0.35, 2.8], "texture": "#0"},
				"south": {"uv": [0, 0, 0.35, 2.8], "texture": "#0"},
				"west": {"uv": [0, 0, 0.35, 2.8], "texture": "#0"},
				"up": {"uv": [0, 0, 0.35, 0.35], "texture": "#0"},
				"down": {"uv": [0, 0, 0.35, 0.35], "texture": "#0"}
			}
		},
		{
			"name": "Rod",
			"from": [5.58133, -10.49431, 7.69975],
			"to": [10.33503, -7.07967, 8.16842],
			"rotation": {"angle": 0, "axis": "y", "origin": [8.59424, -10.42735, 9.6414]},
			"faces": {
				"north": {"uv": [0, 0, 3.55, 2.55], "texture": "#0"},
				"east": {"uv": [0, 0, 0.35, 2.55], "texture": "#0"},
				"south": {"uv": [0, 0, 3.55, 2.55], "texture": "#0"},
				"west": {"uv": [0, 0, 0.35, 2.55], "texture": "#0"},
				"up": {"uv": [0, 0, 3.55, 0.35], "texture": "#0"},
				"down": {"uv": [0, 0, 3.55, 0.35], "texture": "#0"}
			}
		},
		{
			"name": "Rod",
			"from": [5.98305, -13.84199, 7.69975],
			"to": [9.93331, -10.42735, 8.16842],
			"rotation": {"angle": 0, "axis": "y", "origin": [8.59424, -13.77503, 9.6414]},
			"faces": {
				"north": {"uv": [0, 0, 2.95, 2.55], "texture": "#0"},
				"east": {"uv": [0, 0, 0.35, 2.55], "texture": "#0"},
				"south": {"uv": [0, 0, 2.95, 2.55], "texture": "#0"},
				"west": {"uv": [0, 0, 0.35, 2.55], "texture": "#0"},
				"up": {"uv": [0, 0, 2.95, 0.35], "texture": "#0"},
				"down": {"uv": [0, 0, 2.95, 0.35], "texture": "#0"}
			}
		},
		{
			"name": "Rod",
			"from": [7.65689, -10.49431, 5.55723],
			"to": [8.12556, -7.07967, 10.17703],
			"rotation": {"angle": 0, "axis": "y", "origin": [6.18391, -10.42735, 8.57015]},
			"faces": {
				"north": {"uv": [0, 0, 0.35, 2.55], "texture": "#0"},
				"east": {"uv": [0, 0, 3.45, 2.55], "texture": "#0"},
				"south": {"uv": [0, 0, 0.35, 2.55], "texture": "#0"},
				"west": {"uv": [0, 0, 3.45, 2.55], "texture": "#0"},
				"up": {"uv": [0, 0, 3.45, 0.35], "rotation": 90, "texture": "#0"},
				"down": {"uv": [0, 0, 3.45, 0.35], "rotation": 270, "texture": "#0"}
			}
		},
		{
			"name": "Rod",
			"from": [7.65689, -13.84199, 5.82505],
			"to": [8.12556, -10.42735, 9.77531],
			"rotation": {"angle": 0, "axis": "y", "origin": [6.18391, -13.77503, 8.57015]},
			"faces": {
				"north": {"uv": [0, 0, 0.35, 2.55], "texture": "#0"},
				"east": {"uv": [0, 0, 2.95, 2.55], "texture": "#0"},
				"south": {"uv": [0, 0, 0.35, 2.55], "texture": "#0"},
				"west": {"uv": [0, 0, 2.95, 2.55], "texture": "#0"},
				"up": {"uv": [0, 0, 2.95, 0.35], "rotation": 90, "texture": "#0"},
				"down": {"uv": [0, 0, 2.95, 0.35], "rotation": 270, "texture": "#0"}
			}
		},
		{
			"name": "Rod",
			"from": [10.0651, -10.82907, 10.04312],
			"to": [10.53378, -7.07967, 10.5118],
			"rotation": {"angle": 0, "axis": "y", "origin": [7.25305, -10.42735, 11.98478]},
			"faces": {
				"north": {"uv": [0.55, 0, 0.9, 2.8], "texture": "#0"},
				"east": {"uv": [0.55, 0, 0.9, 2.8], "texture": "#0"},
				"south": {"uv": [0.55, 0, 0.9, 2.8], "texture": "#0"},
				"west": {"uv": [0.55, 0, 0.9, 2.8], "texture": "#0"},
				"up": {"uv": [0.55, 0, 0.9, 0.35], "texture": "#0"},
				"down": {"uv": [0.55, 0, 0.9, 0.35], "texture": "#0"}
			}
		},
		{
			"name": "Rod",
			"from": [9.73033, -13.84199, 9.70836],
			"to": [10.19901, -10.42735, 10.17703],
			"rotation": {"angle": 0, "axis": "y", "origin": [7.25305, -13.77503, 11.98478]},
			"faces": {
				"north": {"uv": [0.55, 0, 0.9, 2.55], "texture": "#0"},
				"east": {"uv": [0.55, 0, 0.9, 2.55], "texture": "#0"},
				"south": {"uv": [0.55, 0, 0.9, 2.55], "texture": "#0"},
				"west": {"uv": [0.55, 0, 0.9, 2.55], "texture": "#0"},
				"up": {"uv": [0.55, 0, 0.9, 0.35], "texture": "#0"},
				"down": {"uv": [0.55, 0, 0.9, 0.35], "texture": "#0"}
			}
		},
		{
			"name": "Rod",
			"from": [5.64828, -13.84199, 9.70836],
			"to": [6.11695, -10.42735, 10.17703],
			"rotation": {"angle": 0, "axis": "y", "origin": [8.59424, -13.77503, 11.98478]},
			"faces": {
				"north": {"uv": [0, 0, 0.35, 2.55], "texture": "#0"},
				"east": {"uv": [0, 0, 0.35, 2.55], "texture": "#0"},
				"south": {"uv": [0, 0, 0.35, 2.55], "texture": "#0"},
				"west": {"uv": [0, 0, 0.35, 2.55], "texture": "#0"},
				"up": {"uv": [0, 0, 0.35, 0.35], "texture": "#0"},
				"down": {"uv": [0, 0, 0.35, 0.35], "texture": "#0"}
			}
		},
		{
			"name": "Rod",
			"from": [9.73033, -13.84199, 5.55723],
			"to": [10.19901, -10.42735, 6.02591],
			"rotation": {"angle": 0, "axis": "y", "origin": [7.25305, -13.77503, 11.98478]},
			"faces": {
				"north": {"uv": [0.55, 0, 0.9, 2.55], "texture": "#0"},
				"east": {"uv": [0.55, 0, 0.9, 2.55], "texture": "#0"},
				"south": {"uv": [0.55, 0, 0.9, 2.55], "texture": "#0"},
				"west": {"uv": [0.55, 0, 0.9, 2.55], "texture": "#0"},
				"up": {"uv": [0.55, 0, 0.9, 0.35], "texture": "#0"},
				"down": {"uv": [0.55, 0, 0.9, 0.35], "texture": "#0"}
			}
		},
		{
			"name": "Rod",
			"from": [10.0651, -10.82907, 5.22247],
			"to": [10.53378, -7.07967, 5.69114],
			"rotation": {"angle": 0, "axis": "y", "origin": [7.25305, -10.42735, 11.98478]},
			"faces": {
				"north": {"uv": [0.55, 0, 0.9, 2.8], "texture": "#0"},
				"east": {"uv": [0.55, 0, 0.9, 2.8], "texture": "#0"},
				"south": {"uv": [0.55, 0, 0.9, 2.8], "texture": "#0"},
				"west": {"uv": [0.55, 0, 0.9, 2.8], "texture": "#0"},
				"up": {"uv": [0.55, 0, 0.9, 0.35], "texture": "#0"},
				"down": {"uv": [0.55, 0, 0.9, 0.35], "texture": "#0"}
			}
		},
		{
			"name": "Rod",
			"from": [5.31351, -10.82907, 5.22247],
			"to": [5.78219, -7.07967, 5.69114],
			"rotation": {"angle": 0, "axis": "y", "origin": [8.59424, -10.42735, 11.98478]},
			"faces": {
				"north": {"uv": [0, 0, 0.35, 2.8], "texture": "#0"},
				"east": {"uv": [0, 0, 0.35, 2.8], "texture": "#0"},
				"south": {"uv": [0, 0, 0.35, 2.8], "texture": "#0"},
				"west": {"uv": [0, 0, 0.35, 2.8], "texture": "#0"},
				"up": {"uv": [0, 0, 0.35, 0.35], "texture": "#0"},
				"down": {"uv": [0, 0, 0.35, 0.35], "texture": "#0"}
			}
		},
		{
			"name": "Rod",
			"from": [5.64828, -13.84199, 5.55723],
			"to": [6.11695, -10.42735, 6.02591],
			"rotation": {"angle": 0, "axis": "y", "origin": [8.59424, -13.77503, 11.98478]},
			"faces": {
				"north": {"uv": [0, 0, 0.35, 2.55], "texture": "#0"},
				"east": {"uv": [0, 0, 0.35, 2.55], "texture": "#0"},
				"south": {"uv": [0, 0, 0.35, 2.55], "texture": "#0"},
				"west": {"uv": [0, 0, 0.35, 2.55], "texture": "#0"},
				"up": {"uv": [0, 0, 0.35, 0.35], "texture": "#0"},
				"down": {"uv": [0, 0, 0.35, 0.35], "texture": "#0"}
			}
		},
		{
			"name": "Rod",
			"from": [5.38046, -14.51152, 5.28942],
			"to": [10.46894, -13.77503, 10.37789],
			"rotation": {"angle": 0, "axis": "y", "origin": [8.59424, -17.12271, 11.98478]},
			"faces": {
				"north": {"uv": [6, 6, 7, 7], "texture": "#0"},
				"east": {"uv": [6, 6, 7, 7], "texture": "#0"},
				"south": {"uv": [6, 6, 7, 7], "texture": "#0"},
				"west": {"uv": [6, 6, 7, 7], "texture": "#0"},
				"up": {"uv": [6, 6, 7, 7], "texture": "#0"},
				"down": {"uv": [6, 6, 7, 7], "texture": "#0"}
			}
		},
		{
			"name": "Rod",
			"from": [5.1796, -10.82907, 5.08856],
			"to": [10.6698, -10.42735, 10.57875],
			"rotation": {"angle": 0, "axis": "y", "origin": [8.59424, -17.12271, 11.98478]},
			"faces": {
				"north": {"uv": [6, 6, 7, 7], "texture": "#0"},
				"east": {"uv": [6, 6, 7, 7], "texture": "#0"},
				"south": {"uv": [6, 6, 7, 7], "texture": "#0"},
				"west": {"uv": [6, 6, 7, 7], "texture": "#0"},
				"up": {"uv": [6, 6, 7, 7], "texture": "#0"},
				"down": {"uv": [6, 6, 7, 7], "texture": "#0"}
			}
		},
		{
			"name": "Rod",
			"from": [6.05, -15.18106, 5.95896],
			"to": [9.7994, -14.44457, 9.70836],
			"rotation": {"angle": 0, "axis": "y", "origin": [8.59424, -10.42735, 11.98478]},
			"faces": {
				"north": {"uv": [6, 6, 7, 7], "texture": "#0"},
				"east": {"uv": [6, 6, 7, 7], "texture": "#0"},
				"south": {"uv": [6, 6, 7, 7], "texture": "#0"},
				"west": {"uv": [6, 6, 7, 7], "texture": "#0"},
				"up": {"uv": [6, 6, 7, 7], "texture": "#0"},
				"down": {"uv": [6, 6, 7, 7], "texture": "#0"}
			}
		},
		{
			"name": "Rod",
			"from": [6.05, -13.84199, 5.95896],
			"to": [9.7994, -10.42735, 9.70836],
			"rotation": {"angle": 0, "axis": "y", "origin": [8.59424, -10.42735, 11.98478]},
			"faces": {
				"north": {"uv": [4, 4, 8, 8], "texture": "#1"},
				"east": {"uv": [4, 4, 8, 8], "texture": "#1"},
				"south": {"uv": [4, 4, 8, 8], "texture": "#1"},
				"west": {"uv": [4, 4, 8, 8], "texture": "#1"},
				"up": {"uv": [4, 4, 8, 8], "texture": "#1"},
				"down": {"uv": [4, 4, 8, 8], "texture": "#1"}
			}
		},
		{
			"name": "Rod",
			"from": [5.71523, -10.49431, 5.62419],
			"to": [10.13417, -7.07967, 10.04312],
			"rotation": {"angle": 0, "axis": "y", "origin": [8.59424, -10.42735, 11.98478]},
			"faces": {
				"north": {"uv": [4, 4, 9, 9], "texture": "#1"},
				"east": {"uv": [4, 4, 9, 9], "texture": "#1"},
				"south": {"uv": [4, 4, 9, 9], "texture": "#1"},
				"west": {"uv": [4, 4, 9, 9], "texture": "#1"},
				"up": {"uv": [4, 4, 9, 9], "texture": "#1"},
				"down": {"uv": [4, 4, 9, 9], "texture": "#1"}
			}
		},
		{
			"name": "Rod",
			"from": [6.71835, -15.85059, 6.62968],
			"to": [9.12868, -15.1141, 9.04],
			"rotation": {"angle": 0, "axis": "y", "origin": [8.59305, -9.75782, 11.98596]},
			"faces": {
				"north": {"uv": [6, 6, 7, 7], "texture": "#0"},
				"east": {"uv": [6, 6, 7, 7], "texture": "#0"},
				"south": {"uv": [6, 6, 7, 7], "texture": "#0"},
				"west": {"uv": [6, 6, 7, 7], "texture": "#0"},
				"up": {"uv": [6, 6, 7, 7], "texture": "#0"},
				"down": {"uv": [6, 6, 7, 7], "texture": "#0"}
			}
		},
		{
			"name": "Rod",
			"from": [5.88607, 3.29814, 5.8815],
			"to": [9.97024, 4.03463, 9.83177],
			"rotation": {"angle": 0, "axis": "y", "origin": [8.63117, -5.80755, 12.10819]},
			"faces": {
				"north": {"uv": [0, 0, 1.05, 1.05], "texture": "#0"},
				"east": {"uv": [0, 0, 0.95, 1.05], "texture": "#0"},
				"south": {"uv": [0, 0, 1.05, 1.05], "texture": "#0"},
				"west": {"uv": [0, 0, 0.95, 1.05], "texture": "#0"},
				"up": {"uv": [0, 0, 1.05, 0.95], "texture": "#0"},
				"down": {"uv": [0, 0, 1.05, 0.95], "texture": "#0"}
			}
		},
		{
			"name": "Rod",
			"from": [7.58993, 2.09297, 7.49889],
			"to": [8.32642, 2.82946, 8.23538],
			"rotation": {"angle": 0, "axis": "y", "origin": [8.59424, -5.87451, 12.11869]},
			"faces": {
				"north": {"uv": [0, 0, 0.55, 0.55], "texture": "#0"},
				"east": {"uv": [0, 0, 0.55, 0.55], "texture": "#0"},
				"south": {"uv": [0, 0, 0.55, 0.55], "texture": "#0"},
				"west": {"uv": [0, 0, 0.55, 0.55], "texture": "#0"},
				"up": {"uv": [0, 0, 0.55, 0.55], "texture": "#0"},
				"down": {"uv": [0, 0, 0.55, 0.55], "texture": "#0"}
			}
		},
		{
			"name": "Rod",
			"from": [7.58993, -4.46848, 7.49889],
			"to": [8.32642, -3.73199, 8.23538],
			"rotation": {"angle": 0, "axis": "y", "origin": [8.59424, -5.87451, 12.11869]},
			"faces": {
				"north": {"uv": [0, 0, 0.55, 0.55], "texture": "#0"},
				"east": {"uv": [0, 0, 0.55, 0.55], "texture": "#0"},
				"south": {"uv": [0, 0, 0.55, 0.55], "texture": "#0"},
				"west": {"uv": [0, 0, 0.55, 0.55], "texture": "#0"},
				"up": {"uv": [0, 0, 0.55, 0.55], "texture": "#0"},
				"down": {"uv": [0, 0, 0.55, 0.55], "texture": "#0"}
			}
		},
		{
			"name": "Rod",
			"from": [7.72372, -3.73199, 7.63291],
			"to": [8.1924, 2.22688, 8.10159],
			"rotation": {"angle": 0, "axis": "y", "origin": [8.59412, -5.80755, 12.11881]},
			"faces": {
				"north": {"uv": [1, 3, 2, 7], "texture": "#2"},
				"east": {"uv": [1, 3, 2, 7], "texture": "#2"},
				"south": {"uv": [1, 3, 2, 7], "texture": "#2"},
				"west": {"uv": [1, 3, 2, 7], "texture": "#2"},
				"up": {"uv": [1, 3, 2, 7], "texture": "#2"},
				"down": {"uv": [1, 3, 2, 7], "texture": "#2"}
			}
		},
		{
			"name": "Rod",
			"from": [7.22526, 2.56165, 7.22046],
			"to": [8.63129, 3.96767, 8.49258],
			"rotation": {"angle": 0, "axis": "y", "origin": [8.63129, -5.87451, 12.10807]},
			"faces": {
				"north": {"uv": [0, 0, 1.05, 1.05], "texture": "#0"},
				"east": {"uv": [0, 0, 0.95, 1.05], "texture": "#0"},
				"south": {"uv": [0, 0, 1.05, 1.05], "texture": "#0"},
				"west": {"uv": [0, 0, 0.95, 1.05], "texture": "#0"},
				"up": {"uv": [0, 0, 1.05, 0.95], "texture": "#0"},
				"down": {"uv": [0, 0, 1.05, 0.95], "texture": "#0"}
			}
		},
		{
			"name": "Rod",
			"from": [4.54712, 4.03463, 4.54231],
			"to": [11.30943, 4.77112, 11.17072],
			"rotation": {"angle": 0, "axis": "y", "origin": [8.63129, -5.87451, 12.10807]},
			"faces": {
				"north": {"uv": [0, 0, 1.05, 1.05], "texture": "#0"},
				"east": {"uv": [0, 0, 0.95, 1.05], "texture": "#0"},
				"south": {"uv": [0, 0, 1.05, 1.05], "texture": "#0"},
				"west": {"uv": [0, 0, 0.95, 1.05], "texture": "#0"},
				"up": {"uv": [0, 0, 1.05, 0.95], "texture": "#0"},
				"down": {"uv": [0, 0, 1.05, 0.95], "texture": "#0"}
			}
		}
	],
	"display": {
		"thirdperson_righthand": {
			"rotation": [90.25, -4.5, 0],
			"translation": [0.25, -0.25, 1.75],
			"scale": [0.375, 0.375, 0.375]
		},
		"thirdperson_lefthand": {
			"rotation": [90.25, -4.5, 0],
			"translation": [0.25, -0.25, 1.75],
			"scale": [0.375, 0.375, 0.375]
		},
		"firstperson_righthand": {
			"rotation": [0, 10.75, 0],
			"translation": [0, 10.25, 1.75],
			"scale": [0.37109, 0.37109, 0.37109]
		},
		"firstperson_lefthand": {
			"rotation": [0, 10.75, 0],
			"translation": [0, 10.25, 1.75],
			"scale": [0.37109, 0.37109, 0.37109]
		},
		"ground": {
			"translation": [0, 14.25, 0],
			"scale": [0.73438, 0.73438, 0.73438]
		},
		"gui": {
			"rotation": [30, 225, 0],
			"scale": [0.625, 0.625, 0.625]
		},
		"head": {
			"rotation": [-180, 0, 0],
			"translation": [0, 4, 0]
		},
		"fixed": {
			"rotation": [90, 0, 0],
			"translation": [0, 0, 10.25],
			"scale": [2.5, 2.5, 2.5]
		}
	},
	"groups": [
		{
			"name": "group",
			"origin": [8, 8, 8],
			"children": [
				{
					"name": "Lantern",
					"origin": [8.49991, 6.05, 9.00009],
					"children": [0, 1, 2, 3, 4, 5, 6, 7, 8, 9, 10, 11, 12, 13, 14, 15, 16, 17, 18, 19, 20, 21]
				}, 22, 23, 24, 25, 26, 27]
		}
	]
}