{
	"credit": "Made with Blockbench",
	"textures": {
		"0": "block/MizunoArchive/light_gray_concrete_powder",
		"1": "block/MizunoArchive/orange_wool",
		"2": "block/MizunoArchive/black_concrete_powder",
		"particle": "block/MizunoArchive/light_gray_concrete_powder"
	},
	"elements": [
		{
			"from": [6.43373, 4.54132, 6.96681],
			"to": [7.21373, 5.32132, 7.26681],
			"rotation": {"angle": 45, "axis": "z", "origin": [6.82373, 4.93132, 7.11681]},
			"faces": {
				"north": {"uv": [6, 1, 5, 2], "texture": "#0"},
				"east": {"uv": [6, 1, 5, 2], "texture": "#0"},
				"south": {"uv": [6, 1, 5, 2], "texture": "#0"},
				"west": {"uv": [6, 1, 5, 2], "texture": "#0"},
				"up": {"uv": [5, 2, 6, 1], "texture": "#0"},
				"down": {"uv": [5, 2, 6, 1], "texture": "#0"}
			}
		},
		{
			"from": [17.29373, 4.54132, 6.96681],
			"to": [18.07373, 5.32132, 7.26681],
			"rotation": {"angle": 45, "axis": "z", "origin": [17.68373, 4.93132, 7.11681]},
			"faces": {
				"north": {"uv": [6, 1, 5, 2], "texture": "#0"},
				"east": {"uv": [6, 1, 5, 2], "texture": "#0"},
				"south": {"uv": [6, 1, 5, 2], "texture": "#0"},
				"west": {"uv": [6, 1, 5, 2], "texture": "#0"},
				"up": {"uv": [5, 2, 6, 1], "texture": "#0"},
				"down": {"uv": [5, 2, 6, 1], "texture": "#0"}
			}
		},
		{
			"from": [18.93173, 4.30732, 6.96681],
			"to": [19.71173, 5.08732, 7.26681],
			"rotation": {"angle": 22.5, "axis": "z", "origin": [19.32173, 4.69732, 7.11681]},
			"faces": {
				"north": {"uv": [6, 1, 5, 2], "texture": "#0"},
				"east": {"uv": [6, 1, 5, 2], "texture": "#0"},
				"south": {"uv": [6, 1, 5, 2], "texture": "#0"},
				"west": {"uv": [6, 1, 5, 2], "texture": "#0"},
				"up": {"uv": [5, 2, 6, 1], "texture": "#0"},
				"down": {"uv": [5, 2, 6, 1], "texture": "#0"}
			}
		},
		{
			"from": [19.90673, 3.25432, 6.96681],
			"to": [20.68673, 4.03432, 7.26681],
			"rotation": {"angle": -22.5, "axis": "z", "origin": [20.29673, 3.64432, 7.11681]},
			"faces": {
				"north": {"uv": [6, 1, 5, 2], "texture": "#0"},
				"east": {"uv": [6, 1, 5, 2], "texture": "#0"},
				"south": {"uv": [6, 1, 5, 2], "texture": "#0"},
				"west": {"uv": [6, 1, 5, 2], "texture": "#0"},
				"up": {"uv": [5, 2, 6, 1], "texture": "#0"},
				"down": {"uv": [5, 2, 6, 1], "texture": "#0"}
			}
		},
		{
			"from": [19.90673, 1.88568, 6.96681],
			"to": [20.68673, 2.66568, 7.26681],
			"rotation": {"angle": 22.5, "axis": "z", "origin": [20.29673, 2.27568, 7.11681]},
			"faces": {
				"north": {"uv": [6, 1, 5, 2], "texture": "#0"},
				"east": {"uv": [6, 1, 5, 2], "texture": "#0"},
				"south": {"uv": [6, 1, 5, 2], "texture": "#0"},
				"west": {"uv": [6, 1, 5, 2], "texture": "#0"},
				"up": {"uv": [5, 2, 6, 1], "texture": "#0"},
				"down": {"uv": [5, 2, 6, 1], "texture": "#0"}
			}
		},
		{
			"from": [15.73373, 4.54132, 6.96681],
			"to": [16.51373, 5.32132, 7.26681],
			"rotation": {"angle": 45, "axis": "z", "origin": [16.12373, 4.93132, 7.11681]},
			"faces": {
				"north": {"uv": [6, 1, 5, 2], "texture": "#0"},
				"east": {"uv": [6, 1, 5, 2], "texture": "#0"},
				"south": {"uv": [6, 1, 5, 2], "texture": "#0"},
				"west": {"uv": [6, 1, 5, 2], "texture": "#0"},
				"up": {"uv": [5, 2, 6, 1], "texture": "#0"},
				"down": {"uv": [5, 2, 6, 1], "texture": "#0"}
			}
		},
		{
			"from": [14.17373, 4.54132, 6.96681],
			"to": [14.95373, 5.32132, 7.26681],
			"rotation": {"angle": 45, "axis": "z", "origin": [14.56373, 4.93132, 7.11681]},
			"faces": {
				"north": {"uv": [6, 1, 5, 2], "texture": "#0"},
				"east": {"uv": [6, 1, 5, 2], "texture": "#0"},
				"south": {"uv": [6, 1, 5, 2], "texture": "#0"},
				"west": {"uv": [6, 1, 5, 2], "texture": "#0"},
				"up": {"uv": [5, 2, 6, 1], "texture": "#0"},
				"down": {"uv": [5, 2, 6, 1], "texture": "#0"}
			}
		},
		{
			"from": [12.61373, 4.54132, 6.96681],
			"to": [13.39373, 5.32132, 7.26681],
			"rotation": {"angle": 45, "axis": "z", "origin": [13.00373, 4.93132, 7.11681]},
			"faces": {
				"north": {"uv": [6, 1, 5, 2], "texture": "#0"},
				"east": {"uv": [6, 1, 5, 2], "texture": "#0"},
				"south": {"uv": [6, 1, 5, 2], "texture": "#0"},
				"west": {"uv": [6, 1, 5, 2], "texture": "#0"},
				"up": {"uv": [5, 2, 6, 1], "texture": "#0"},
				"down": {"uv": [5, 2, 6, 1], "texture": "#0"}
			}
		},
		{
			"from": [11.05373, 4.54132, 6.96681],
			"to": [11.83373, 5.32132, 7.26681],
			"rotation": {"angle": 45, "axis": "z", "origin": [11.44373, 4.93132, 7.11681]},
			"faces": {
				"north": {"uv": [6, 1, 5, 2], "texture": "#0"},
				"east": {"uv": [6, 1, 5, 2], "texture": "#0"},
				"south": {"uv": [6, 1, 5, 2], "texture": "#0"},
				"west": {"uv": [6, 1, 5, 2], "texture": "#0"},
				"up": {"uv": [5, 2, 6, 1], "texture": "#0"},
				"down": {"uv": [5, 2, 6, 1], "texture": "#0"}
			}
		},
		{
			"from": [9.49373, 4.54132, 6.96681],
			"to": [10.27373, 5.32132, 7.26681],
			"rotation": {"angle": 45, "axis": "z", "origin": [9.88373, 4.93132, 7.11681]},
			"faces": {
				"north": {"uv": [6, 1, 5, 2], "texture": "#0"},
				"east": {"uv": [6, 1, 5, 2], "texture": "#0"},
				"south": {"uv": [6, 1, 5, 2], "texture": "#0"},
				"west": {"uv": [6, 1, 5, 2], "texture": "#0"},
				"up": {"uv": [5, 2, 6, 1], "texture": "#0"},
				"down": {"uv": [5, 2, 6, 1], "texture": "#0"}
			}
		},
		{
			"from": [7.93373, 4.54132, 6.96681],
			"to": [8.71373, 5.32132, 7.26681],
			"rotation": {"angle": 45, "axis": "z", "origin": [8.32373, 4.93132, 7.11681]},
			"faces": {
				"north": {"uv": [6, 1, 5, 2], "texture": "#0"},
				"east": {"uv": [6, 1, 5, 2], "texture": "#0"},
				"south": {"uv": [6, 1, 5, 2], "texture": "#0"},
				"west": {"uv": [6, 1, 5, 2], "texture": "#0"},
				"up": {"uv": [5, 2, 6, 1], "texture": "#0"},
				"down": {"uv": [5, 2, 6, 1], "texture": "#0"}
			}
		},
		{
			"from": [6.43373, 0.59868, 6.96681],
			"to": [7.21373, 1.37868, 7.26681],
			"rotation": {"angle": -45, "axis": "z", "origin": [6.82373, 0.98868, 7.11681]},
			"faces": {
				"north": {"uv": [6, 1, 5, 2], "texture": "#0"},
				"east": {"uv": [6, 1, 5, 2], "texture": "#0"},
				"south": {"uv": [6, 1, 5, 2], "texture": "#0"},
				"west": {"uv": [6, 1, 5, 2], "texture": "#0"},
				"up": {"uv": [5, 2, 6, 1], "texture": "#0"},
				"down": {"uv": [5, 2, 6, 1], "texture": "#0"}
			}
		},
		{
			"from": [7.93373, 0.59868, 6.96681],
			"to": [8.71373, 1.37868, 7.26681],
			"rotation": {"angle": -45, "axis": "z", "origin": [8.32373, 0.98868, 7.11681]},
			"faces": {
				"north": {"uv": [6, 1, 5, 2], "texture": "#0"},
				"east": {"uv": [6, 1, 5, 2], "texture": "#0"},
				"south": {"uv": [6, 1, 5, 2], "texture": "#0"},
				"west": {"uv": [6, 1, 5, 2], "texture": "#0"},
				"up": {"uv": [5, 2, 6, 1], "texture": "#0"},
				"down": {"uv": [5, 2, 6, 1], "texture": "#0"}
			}
		},
		{
			"from": [9.49373, 0.59868, 6.96681],
			"to": [10.27373, 1.37868, 7.26681],
			"rotation": {"angle": -45, "axis": "z", "origin": [9.88373, 0.98868, 7.11681]},
			"faces": {
				"north": {"uv": [6, 1, 5, 2], "texture": "#0"},
				"east": {"uv": [6, 1, 5, 2], "texture": "#0"},
				"south": {"uv": [6, 1, 5, 2], "texture": "#0"},
				"west": {"uv": [6, 1, 5, 2], "texture": "#0"},
				"up": {"uv": [5, 2, 6, 1], "texture": "#0"},
				"down": {"uv": [5, 2, 6, 1], "texture": "#0"}
			}
		},
		{
			"from": [11.05373, 0.59868, 6.96681],
			"to": [11.83373, 1.37868, 7.26681],
			"rotation": {"angle": -45, "axis": "z", "origin": [11.44373, 0.98868, 7.11681]},
			"faces": {
				"north": {"uv": [6, 1, 5, 2], "texture": "#0"},
				"east": {"uv": [6, 1, 5, 2], "texture": "#0"},
				"south": {"uv": [6, 1, 5, 2], "texture": "#0"},
				"west": {"uv": [6, 1, 5, 2], "texture": "#0"},
				"up": {"uv": [5, 2, 6, 1], "texture": "#0"},
				"down": {"uv": [5, 2, 6, 1], "texture": "#0"}
			}
		},
		{
			"from": [12.61373, 0.59868, 6.96681],
			"to": [13.39373, 1.37868, 7.26681],
			"rotation": {"angle": -45, "axis": "z", "origin": [13.00373, 0.98868, 7.11681]},
			"faces": {
				"north": {"uv": [6, 1, 5, 2], "texture": "#0"},
				"east": {"uv": [6, 1, 5, 2], "texture": "#0"},
				"south": {"uv": [6, 1, 5, 2], "texture": "#0"},
				"west": {"uv": [6, 1, 5, 2], "texture": "#0"},
				"up": {"uv": [5, 2, 6, 1], "texture": "#0"},
				"down": {"uv": [5, 2, 6, 1], "texture": "#0"}
			}
		},
		{
			"from": [14.17373, 0.59868, 6.96681],
			"to": [14.95373, 1.37868, 7.26681],
			"rotation": {"angle": -45, "axis": "z", "origin": [14.56373, 0.98868, 7.11681]},
			"faces": {
				"north": {"uv": [6, 1, 5, 2], "texture": "#0"},
				"east": {"uv": [6, 1, 5, 2], "texture": "#0"},
				"south": {"uv": [6, 1, 5, 2], "texture": "#0"},
				"west": {"uv": [6, 1, 5, 2], "texture": "#0"},
				"up": {"uv": [5, 2, 6, 1], "texture": "#0"},
				"down": {"uv": [5, 2, 6, 1], "texture": "#0"}
			}
		},
		{
			"from": [15.73373, 0.59868, 6.96681],
			"to": [16.51373, 1.37868, 7.26681],
			"rotation": {"angle": -45, "axis": "z", "origin": [16.12373, 0.98868, 7.11681]},
			"faces": {
				"north": {"uv": [6, 1, 5, 2], "texture": "#0"},
				"east": {"uv": [6, 1, 5, 2], "texture": "#0"},
				"south": {"uv": [6, 1, 5, 2], "texture": "#0"},
				"west": {"uv": [6, 1, 5, 2], "texture": "#0"},
				"up": {"uv": [5, 2, 6, 1], "texture": "#0"},
				"down": {"uv": [5, 2, 6, 1], "texture": "#0"}
			}
		},
		{
			"from": [17.29373, 0.59868, 6.96681],
			"to": [18.07373, 1.37868, 7.26681],
			"rotation": {"angle": -45, "axis": "z", "origin": [17.68373, 0.98868, 7.11681]},
			"faces": {
				"north": {"uv": [6, 1, 5, 2], "texture": "#0"},
				"east": {"uv": [6, 1, 5, 2], "texture": "#0"},
				"south": {"uv": [6, 1, 5, 2], "texture": "#0"},
				"west": {"uv": [6, 1, 5, 2], "texture": "#0"},
				"up": {"uv": [5, 2, 6, 1], "texture": "#0"},
				"down": {"uv": [5, 2, 6, 1], "texture": "#0"}
			}
		},
		{
			"from": [18.93173, 0.83268, 6.96681],
			"to": [19.71173, 1.61268, 7.26681],
			"rotation": {"angle": -22.5, "axis": "z", "origin": [19.32173, 1.22268, 7.11681]},
			"faces": {
				"north": {"uv": [6, 1, 5, 2], "texture": "#0"},
				"east": {"uv": [6, 1, 5, 2], "texture": "#0"},
				"south": {"uv": [6, 1, 5, 2], "texture": "#0"},
				"west": {"uv": [6, 1, 5, 2], "texture": "#0"},
				"up": {"uv": [5, 2, 6, 1], "texture": "#0"},
				"down": {"uv": [5, 2, 6, 1], "texture": "#0"}
			}
		},
		{
			"from": [18.64815, 1.37947, 6.86681],
			"to": [19.42815, 3.71947, 7.36681],
			"rotation": {"angle": 45, "axis": "z", "origin": [19.23315, 2.54947, 7.11681]},
			"faces": {
				"north": {"uv": [4, 1, 3, 2], "texture": "#0"},
				"east": {"uv": [4, 1, 3, 2], "texture": "#0"},
				"south": {"uv": [4, 1, 3, 2], "texture": "#0"},
				"west": {"uv": [4, 1, 3, 2], "texture": "#0"},
				"up": {"uv": [3, 2, 4, 1], "texture": "#0"},
				"down": {"uv": [3, 2, 4, 1], "texture": "#0"}
			}
		},
		{
			"from": [18.17128, 2.26325, 6.86681],
			"to": [20.51128, 3.04325, 7.36681],
			"rotation": {"angle": -22.5, "axis": "z", "origin": [19.34128, 2.84825, 7.11681]},
			"faces": {
				"north": {"uv": [3, 2, 4, 1], "rotation": 90, "texture": "#0"},
				"east": {"uv": [3, 2, 4, 1], "rotation": 90, "texture": "#0"},
				"south": {"uv": [3, 2, 4, 1], "rotation": 90, "texture": "#0"},
				"west": {"uv": [3, 2, 4, 1], "rotation": 90, "texture": "#0"},
				"up": {"uv": [4, 1, 3, 2], "rotation": 90, "texture": "#0"},
				"down": {"uv": [4, 1, 3, 2], "rotation": 90, "texture": "#0"}
			}
		},
		{
			"from": [18.15685, 2.58066, 6.86681],
			"to": [20.49685, 3.36066, 7.36681],
			"rotation": {"angle": 0, "axis": "z", "origin": [19.32685, 3.16566, 7.11681]},
			"faces": {
				"north": {"uv": [3, 2, 4, 1], "rotation": 90, "texture": "#0"},
				"east": {"uv": [3, 2, 4, 1], "rotation": 90, "texture": "#0"},
				"south": {"uv": [3, 2, 4, 1], "rotation": 90, "texture": "#0"},
				"west": {"uv": [3, 2, 4, 1], "rotation": 90, "texture": "#0"},
				"up": {"uv": [4, 1, 3, 2], "rotation": 90, "texture": "#0"},
				"down": {"uv": [4, 1, 3, 2], "rotation": 90, "texture": "#0"}
			}
		},
		{
			"from": [18.17128, 2.89808, 6.86681],
			"to": [20.51128, 3.67808, 7.36681],
			"rotation": {"angle": 22.5, "axis": "z", "origin": [19.34128, 3.09308, 7.11681]},
			"faces": {
				"north": {"uv": [3, 2, 4, 1], "rotation": 90, "texture": "#0"},
				"east": {"uv": [3, 2, 4, 1], "rotation": 90, "texture": "#0"},
				"south": {"uv": [3, 2, 4, 1], "rotation": 90, "texture": "#0"},
				"west": {"uv": [3, 2, 4, 1], "rotation": 90, "texture": "#0"},
				"up": {"uv": [4, 1, 3, 2], "rotation": 90, "texture": "#0"},
				"down": {"uv": [4, 1, 3, 2], "rotation": 90, "texture": "#0"}
			}
		},
		{
			"from": [18.64815, 2.22186, 6.86681],
			"to": [19.42815, 4.56186, 7.36681],
			"rotation": {"angle": -45, "axis": "z", "origin": [19.23315, 3.39186, 7.11681]},
			"faces": {
				"north": {"uv": [4, 1, 3, 2], "texture": "#0"},
				"east": {"uv": [4, 1, 3, 2], "texture": "#0"},
				"south": {"uv": [4, 1, 3, 2], "texture": "#0"},
				"west": {"uv": [4, 1, 3, 2], "texture": "#0"},
				"up": {"uv": [3, 2, 4, 1], "texture": "#0"},
				"down": {"uv": [3, 2, 4, 1], "texture": "#0"}
			}
		},
		{
			"from": [18.38938, 2.23265, 6.86681],
			"to": [19.16938, 4.57265, 7.36681],
			"rotation": {"angle": -22.5, "axis": "z", "origin": [19.55938, 3.40265, 7.11681]},
			"faces": {
				"north": {"uv": [4, 1, 3, 2], "texture": "#0"},
				"east": {"uv": [4, 1, 3, 2], "texture": "#0"},
				"south": {"uv": [4, 1, 3, 2], "texture": "#0"},
				"west": {"uv": [4, 1, 3, 2], "texture": "#0"},
				"up": {"uv": [3, 2, 4, 1], "texture": "#0"},
				"down": {"uv": [3, 2, 4, 1], "texture": "#0"}
			}
		},
		{
			"from": [6.00618, 1.01, 6.86681],
			"to": [18.92618, 4.93132, 7.36681],
			"rotation": {"angle": 0, "axis": "y", "origin": [18.14618, 7.25, -0.38319]},
			"faces": {
				"north": {"uv": [4, 1, 3, 2], "texture": "#0"},
				"east": {"uv": [4, 1, 3, 2], "texture": "#0"},
				"south": {"uv": [4, 1, 3, 2], "texture": "#0"},
				"west": {"uv": [4, 1, 3, 2], "texture": "#0"},
				"up": {"uv": [3, 2, 4, 1], "texture": "#0"},
				"down": {"uv": [3, 2, 4, 1], "texture": "#0"}
			}
		},
		{
			"from": [18.38938, 1.36868, 6.86681],
			"to": [19.16938, 3.70868, 7.36681],
			"rotation": {"angle": 22.5, "axis": "z", "origin": [19.55938, 2.53868, 7.11681]},
			"faces": {
				"north": {"uv": [4, 1, 3, 2], "texture": "#0"},
				"east": {"uv": [4, 1, 3, 2], "texture": "#0"},
				"south": {"uv": [4, 1, 3, 2], "texture": "#0"},
				"west": {"uv": [4, 1, 3, 2], "texture": "#0"},
				"up": {"uv": [3, 2, 4, 1], "texture": "#0"},
				"down": {"uv": [3, 2, 4, 1], "texture": "#0"}
			}
		},
		{
			"from": [4.18618, 0, 5.14181],
			"to": [5.18618, 2, 12.06681],
			"rotation": {"angle": -45, "axis": "z", "origin": [4.68618, 0.5, 11.61681]},
			"faces": {
				"north": {"uv": [1, 0, 0, 2], "texture": "#1"},
				"east": {"uv": [7, 0, 0, 2], "texture": "#1"},
				"south": {"uv": [1, 0, 0, 2], "texture": "#1"},
				"west": {"uv": [7, 0, 0, 2], "texture": "#1"},
				"up": {"uv": [0, 7, 1, 0], "texture": "#1"},
				"down": {"uv": [0, 7, 1, 0], "texture": "#1"}
			}
		},
		{
			"from": [-1.98539, 0, 5.14181],
			"to": [-0.98539, 2, 12.06681],
			"rotation": {"angle": 45, "axis": "z", "origin": [-1.48539, 0.5, 11.61681]},
			"faces": {
				"north": {"uv": [1, 0, 0, 2], "texture": "#1"},
				"east": {"uv": [7, 0, 0, 2], "texture": "#1"},
				"south": {"uv": [1, 0, 0, 2], "texture": "#1"},
				"west": {"uv": [7, 0, 0, 2], "texture": "#1"},
				"up": {"uv": [0, 7, 1, 0], "texture": "#1"},
				"down": {"uv": [0, 7, 1, 0], "texture": "#1"}
			}
		},
		{
			"from": [4.18618, 4.41421, 5.14181],
			"to": [5.18618, 6.41421, 12.06681],
			"rotation": {"angle": 45, "axis": "z", "origin": [4.68618, 5.91421, 11.61681]},
			"faces": {
				"north": {"uv": [1, 0, 0, 2], "texture": "#1"},
				"east": {"uv": [7, 0, 0, 2], "texture": "#1"},
				"south": {"uv": [1, 0, 0, 2], "texture": "#1"},
				"west": {"uv": [7, 0, 0, 2], "texture": "#1"},
				"up": {"uv": [0, 7, 1, 0], "texture": "#1"},
				"down": {"uv": [0, 7, 1, 0], "texture": "#1"}
			}
		},
		{
			"from": [-1.98539, 4.41421, 5.14181],
			"to": [-0.98539, 6.41421, 12.06681],
			"rotation": {"angle": -45, "axis": "z", "origin": [-1.48539, 5.91421, 11.61681]},
			"faces": {
				"north": {"uv": [1, 0, 0, 2], "texture": "#1"},
				"east": {"uv": [7, 0, 0, 2], "texture": "#1"},
				"south": {"uv": [1, 0, 0, 2], "texture": "#1"},
				"west": {"uv": [7, 0, 0, 2], "texture": "#1"},
				"up": {"uv": [0, 7, 1, 0], "texture": "#1"},
				"down": {"uv": [0, 7, 1, 0], "texture": "#1"}
			}
		},
		{
			"from": [-2.8996, 1.20711, 5.11681],
			"to": [6.1004, 5.20711, 12.11681],
			"rotation": {"angle": 0, "axis": "z", "origin": [5.6004, 2.20711, 8.61681]},
			"faces": {
				"north": {"uv": [9, 0, 0, 4], "texture": "#1"},
				"east": {"uv": [7, 0, 0, 4], "texture": "#1"},
				"south": {"uv": [9, 0, 0, 4], "texture": "#1"},
				"west": {"uv": [7, 0, 0, 4], "texture": "#1"},
				"up": {"uv": [0, 7, 9, 0], "texture": "#1"},
				"down": {"uv": [0, 7, 9, 0], "texture": "#1"}
			}
		},
		{
			"from": [-1.48539, -0.20711, 5.14181],
			"to": [4.68618, 6.62132, 12.09181],
			"rotation": {"angle": 0, "axis": "z", "origin": [5.6004, 2.20711, 8.61681]},
			"faces": {
				"north": {"uv": [6.17157, 0, 0, 6.82843], "texture": "#1"},
				"east": {"uv": [7, 0, 0, 6.82843], "texture": "#1"},
				"south": {"uv": [6.17157, 0, 0, 6.82843], "texture": "#1"},
				"west": {"uv": [7, 0, 0, 6.82843], "texture": "#1"},
				"up": {"uv": [0, 7, 6.17157, 0], "texture": "#1"},
				"down": {"uv": [0, 7, 6.17157, 0], "texture": "#1"}
			}
		},
		{
			"from": [6.1004, 1.45711, 8.01681],
			"to": [6.3504, 4.95711, 11.61681],
			"rotation": {"angle": 0, "axis": "z", "origin": [5.6004, 2.20711, 8.61681]},
			"faces": {
				"north": {"uv": [5, 1, 4, 2], "texture": "#0"},
				"east": {"uv": [5, 1, 4, 2], "texture": "#0"},
				"south": {"uv": [5, 1, 4, 2], "texture": "#0"},
				"west": {"uv": [5, 1, 4, 2], "texture": "#0"},
				"up": {"uv": [4, 2, 5, 1], "texture": "#0"},
				"down": {"uv": [4, 2, 5, 1], "texture": "#0"}
			}
		},
		{
			"from": [6.3504, 1.65711, 8.14181],
			"to": [6.6004, 4.75711, 8.54181],
			"rotation": {"angle": 0, "axis": "z", "origin": [5.6004, 2.20711, 8.39181]},
			"faces": {
				"north": {"uv": [5, 0, 4, 1], "texture": "#0"},
				"east": {"uv": [5, 0, 4, 1], "texture": "#0"},
				"south": {"uv": [5, 0, 4, 1], "texture": "#0"},
				"west": {"uv": [5, 0, 4, 1], "texture": "#0"},
				"up": {"uv": [4, 1, 5, 0], "texture": "#0"},
				"down": {"uv": [4, 1, 5, 0], "texture": "#0"}
			}
		},
		{
			"from": [6.3504, 1.65711, 11.06681],
			"to": [6.6004, 4.75711, 11.46681],
			"rotation": {"angle": 0, "axis": "z", "origin": [5.6004, 2.20711, 11.21681]},
			"faces": {
				"north": {"uv": [5, 0, 4, 1], "texture": "#0"},
				"east": {"uv": [5, 0, 4, 1], "texture": "#0"},
				"south": {"uv": [5, 0, 4, 1], "texture": "#0"},
				"west": {"uv": [5, 0, 4, 1], "texture": "#0"},
				"up": {"uv": [4, 1, 5, 0], "texture": "#0"},
				"down": {"uv": [4, 1, 5, 0], "texture": "#0"}
			}
		},
		{
			"from": [6.3504, 1.65711, 10.36681],
			"to": [6.6004, 4.75711, 10.76681],
			"rotation": {"angle": 0, "axis": "z", "origin": [5.6004, 2.20711, 10.61681]},
			"faces": {
				"north": {"uv": [5, 0, 4, 1], "texture": "#0"},
				"east": {"uv": [5, 0, 4, 1], "texture": "#0"},
				"south": {"uv": [5, 0, 4, 1], "texture": "#0"},
				"west": {"uv": [5, 0, 4, 1], "texture": "#0"},
				"up": {"uv": [4, 1, 5, 0], "texture": "#0"},
				"down": {"uv": [4, 1, 5, 0], "texture": "#0"}
			}
		},
		{
			"from": [6.3504, 1.65711, 8.81681],
			"to": [6.6004, 4.75711, 9.21681],
			"rotation": {"angle": 0, "axis": "z", "origin": [5.6004, 2.20711, 9.06681]},
			"faces": {
				"north": {"uv": [5, 0, 4, 1], "texture": "#0"},
				"east": {"uv": [5, 0, 4, 1], "texture": "#0"},
				"south": {"uv": [5, 0, 4, 1], "texture": "#0"},
				"west": {"uv": [5, 0, 4, 1], "texture": "#0"},
				"up": {"uv": [4, 1, 5, 0], "texture": "#0"},
				"down": {"uv": [4, 1, 5, 0], "texture": "#0"}
			}
		},
		{
			"from": [6.3504, 1.65711, 9.59181],
			"to": [6.6004, 4.75711, 9.99181],
			"rotation": {"angle": 0, "axis": "z", "origin": [5.6004, 2.20711, 9.84181]},
			"faces": {
				"north": {"uv": [5, 0, 4, 1], "texture": "#0"},
				"east": {"uv": [5, 0, 4, 1], "texture": "#0"},
				"south": {"uv": [5, 0, 4, 1], "texture": "#0"},
				"west": {"uv": [5, 0, 4, 1], "texture": "#0"},
				"up": {"uv": [4, 1, 5, 0], "texture": "#0"},
				"down": {"uv": [4, 1, 5, 0], "texture": "#0"}
			}
		},
		{
			"from": [2.31483, 1.0973, 12.11681],
			"to": [4.08218, 5.38195, 13.11681],
			"rotation": {"angle": -45, "axis": "z", "origin": [3.20483, 3.7673, 12.61681]},
			"faces": {
				"north": {"uv": [4, 1, 3, 2], "texture": "#0"},
				"east": {"uv": [4, 1, 3, 2], "texture": "#0"},
				"south": {"uv": [4, 1, 3, 2], "texture": "#0"},
				"west": {"uv": [4, 1, 3, 2], "texture": "#0"},
				"up": {"uv": [3, 2, 4, 1], "texture": "#0"},
				"down": {"uv": [3, 2, 4, 1], "texture": "#0"}
			}
		},
		{
			"from": [1.94618, 1.25, 12.11681],
			"to": [3.71724, 5.53836, 13.11681],
			"rotation": {"angle": 0, "axis": "y", "origin": [16.18618, 15.49, 5.11681]},
			"faces": {
				"north": {"uv": [4, 1, 3, 2], "texture": "#0"},
				"east": {"uv": [4, 1, 3, 2], "texture": "#0"},
				"south": {"uv": [4, 1, 3, 2], "texture": "#0"},
				"west": {"uv": [4, 1, 3, 2], "texture": "#0"},
				"up": {"uv": [3, 2, 4, 1], "texture": "#0"},
				"down": {"uv": [3, 2, 4, 1], "texture": "#0"}
			}
		},
		{
			"from": [1.93724, 1.25371, 12.11681],
			"to": [3.71724, 5.52571, 13.11681],
			"rotation": {"angle": 45, "axis": "z", "origin": [2.82724, 3.38971, 12.61681]},
			"faces": {
				"north": {"uv": [4, 1, 3, 2], "texture": "#0"},
				"east": {"uv": [4, 1, 3, 2], "texture": "#0"},
				"south": {"uv": [4, 1, 3, 2], "texture": "#0"},
				"west": {"uv": [4, 1, 3, 2], "texture": "#0"},
				"up": {"uv": [3, 2, 4, 1], "texture": "#0"},
				"down": {"uv": [3, 2, 4, 1], "texture": "#0"}
			}
		},
		{
			"from": [0.68753, 2.50865, 12.11681],
			"to": [4.96694, 4.28865, 13.11681],
			"rotation": {"angle": 0, "axis": "z", "origin": [3.35753, 3.39865, 12.61681]},
			"faces": {
				"north": {"uv": [4, 1, 3, 2], "texture": "#0"},
				"east": {"uv": [4, 1, 3, 2], "texture": "#0"},
				"south": {"uv": [4, 1, 3, 2], "texture": "#0"},
				"west": {"uv": [4, 1, 3, 2], "texture": "#0"},
				"up": {"uv": [3, 2, 4, 1], "texture": "#0"},
				"down": {"uv": [3, 2, 4, 1], "texture": "#0"}
			}
		},
		{
			"from": [-0.56752, 6.03422, 6.61681],
			"to": [2.33768, 7.51784, 10.61681],
			"rotation": {"angle": 22.5, "axis": "z", "origin": [1.01827, 7.28422, 8.61681]},
			"faces": {
				"north": {"uv": [4, 1, 3, 2], "texture": "#0"},
				"east": {"uv": [4, 1, 3, 2], "texture": "#0"},
				"south": {"uv": [4, 1, 3, 2], "texture": "#0"},
				"west": {"uv": [4, 1, 3, 2], "texture": "#0"},
				"up": {"uv": [3, 2, 4, 1], "texture": "#0"},
				"down": {"uv": [3, 2, 4, 1], "texture": "#0"}
			}
		},
		{
			"from": [-0.31752, 7.51784, 10.21681],
			"to": [1.98768, 7.61784, 10.51681],
			"rotation": {"angle": 22.5, "axis": "z", "origin": [1.01827, 7.28422, 8.61681]},
			"faces": {
				"north": {"uv": [5, 0, 4, 1], "texture": "#0"},
				"east": {"uv": [5, 0, 4, 1], "texture": "#0"},
				"south": {"uv": [5, 0, 4, 1], "texture": "#0"},
				"west": {"uv": [5, 0, 4, 1], "texture": "#0"},
				"up": {"uv": [4, 1, 5, 0], "texture": "#0"},
				"down": {"uv": [4, 1, 5, 0], "texture": "#0"}
			}
		},
		{
			"from": [-0.31752, 7.51784, 6.76681],
			"to": [1.98768, 7.61784, 7.06681],
			"rotation": {"angle": 22.5, "axis": "z", "origin": [1.01827, 7.28422, 5.16681]},
			"faces": {
				"north": {"uv": [5, 0, 4, 1], "texture": "#0"},
				"east": {"uv": [5, 0, 4, 1], "texture": "#0"},
				"south": {"uv": [5, 0, 4, 1], "texture": "#0"},
				"west": {"uv": [5, 0, 4, 1], "texture": "#0"},
				"up": {"uv": [4, 1, 5, 0], "texture": "#0"},
				"down": {"uv": [4, 1, 5, 0], "texture": "#0"}
			}
		},
		{
			"from": [-0.31752, 7.51784, 7.26681],
			"to": [1.98768, 7.61784, 7.56681],
			"rotation": {"angle": 22.5, "axis": "z", "origin": [1.01827, 7.28422, 5.66681]},
			"faces": {
				"north": {"uv": [5, 0, 4, 1], "texture": "#0"},
				"east": {"uv": [5, 0, 4, 1], "texture": "#0"},
				"south": {"uv": [5, 0, 4, 1], "texture": "#0"},
				"west": {"uv": [5, 0, 4, 1], "texture": "#0"},
				"up": {"uv": [4, 1, 5, 0], "texture": "#0"},
				"down": {"uv": [4, 1, 5, 0], "texture": "#0"}
			}
		},
		{
			"from": [-0.31752, 7.51784, 9.76681],
			"to": [1.98768, 7.61784, 10.06681],
			"rotation": {"angle": 22.5, "axis": "z", "origin": [1.01827, 7.28422, 8.16681]},
			"faces": {
				"north": {"uv": [5, 0, 4, 1], "texture": "#0"},
				"east": {"uv": [5, 0, 4, 1], "texture": "#0"},
				"south": {"uv": [5, 0, 4, 1], "texture": "#0"},
				"west": {"uv": [5, 0, 4, 1], "texture": "#0"},
				"up": {"uv": [4, 1, 5, 0], "texture": "#0"},
				"down": {"uv": [4, 1, 5, 0], "texture": "#0"}
			}
		},
		{
			"from": [-0.31752, 7.51784, 9.26681],
			"to": [1.98768, 7.61784, 9.56681],
			"rotation": {"angle": 22.5, "axis": "z", "origin": [1.01827, 7.28422, 7.66681]},
			"faces": {
				"north": {"uv": [5, 0, 4, 1], "texture": "#0"},
				"east": {"uv": [5, 0, 4, 1], "texture": "#0"},
				"south": {"uv": [5, 0, 4, 1], "texture": "#0"},
				"west": {"uv": [5, 0, 4, 1], "texture": "#0"},
				"up": {"uv": [4, 1, 5, 0], "texture": "#0"},
				"down": {"uv": [4, 1, 5, 0], "texture": "#0"}
			}
		},
		{
			"from": [-0.31752, 7.51784, 7.76681],
			"to": [1.98768, 7.61784, 8.06681],
			"rotation": {"angle": 22.5, "axis": "z", "origin": [1.01827, 7.28422, 6.16681]},
			"faces": {
				"north": {"uv": [5, 0, 4, 1], "texture": "#0"},
				"east": {"uv": [5, 0, 4, 1], "texture": "#0"},
				"south": {"uv": [5, 0, 4, 1], "texture": "#0"},
				"west": {"uv": [5, 0, 4, 1], "texture": "#0"},
				"up": {"uv": [4, 1, 5, 0], "texture": "#0"},
				"down": {"uv": [4, 1, 5, 0], "texture": "#0"}
			}
		},
		{
			"from": [-0.31752, 7.51784, 8.26681],
			"to": [1.98768, 7.61784, 8.56681],
			"rotation": {"angle": 22.5, "axis": "z", "origin": [1.01827, 7.28422, 6.66681]},
			"faces": {
				"north": {"uv": [5, 0, 4, 1], "texture": "#0"},
				"east": {"uv": [5, 0, 4, 1], "texture": "#0"},
				"south": {"uv": [5, 0, 4, 1], "texture": "#0"},
				"west": {"uv": [5, 0, 4, 1], "texture": "#0"},
				"up": {"uv": [4, 1, 5, 0], "texture": "#0"},
				"down": {"uv": [4, 1, 5, 0], "texture": "#0"}
			}
		},
		{
			"from": [-0.31752, 7.51784, 8.76681],
			"to": [1.98768, 7.61784, 9.06681],
			"rotation": {"angle": 22.5, "axis": "z", "origin": [1.01827, 7.28422, 7.16681]},
			"faces": {
				"north": {"uv": [5, 0, 4, 1], "texture": "#0"},
				"east": {"uv": [5, 0, 4, 1], "texture": "#0"},
				"south": {"uv": [5, 0, 4, 1], "texture": "#0"},
				"west": {"uv": [5, 0, 4, 1], "texture": "#0"},
				"up": {"uv": [4, 1, 5, 0], "texture": "#0"},
				"down": {"uv": [4, 1, 5, 0], "texture": "#0"}
			}
		},
		{
			"from": [1.72995, 5.88094, 6.61681],
			"to": [3.12444, 7.35777, 10.61681],
			"rotation": {"angle": -22.5, "axis": "z", "origin": [3.56574, 6.63094, 8.61681]},
			"faces": {
				"north": {"uv": [4, 1, 3, 2], "texture": "#0"},
				"east": {"uv": [4, 1, 3, 2], "texture": "#0"},
				"south": {"uv": [4, 1, 3, 2], "texture": "#0"},
				"west": {"uv": [4, 1, 3, 2], "texture": "#0"},
				"up": {"uv": [3, 2, 4, 1], "texture": "#0"},
				"down": {"uv": [3, 2, 4, 1], "texture": "#0"}
			}
		},
		{
			"from": [2.76461, 6.62132, 6.61681],
			"to": [3.43618, 7.47132, 10.61681],
			"rotation": {"angle": 0, "axis": "z", "origin": [3.1004, 7.37132, 8.61681]},
			"faces": {
				"north": {"uv": [4, 1, 3, 2], "texture": "#0"},
				"east": {"uv": [4, 1, 3, 2], "texture": "#0"},
				"south": {"uv": [4, 1, 3, 2], "texture": "#0"},
				"west": {"uv": [4, 1, 3, 2], "texture": "#0"},
				"up": {"uv": [3, 2, 4, 1], "texture": "#0"},
				"down": {"uv": [3, 2, 4, 1], "texture": "#0"}
			}
		},
		{
			"from": [3.51337, 3.10838, 4.16681],
			"to": [4.08137, 5.27158, 4.61681],
			"rotation": {"angle": -45, "axis": "z", "origin": [3.79737, 4.51038, 4.91681]},
			"faces": {
				"north": {"uv": [1, 0, 0, 1], "texture": "#2"},
				"east": {"uv": [1, 0, 0, 1], "texture": "#2"},
				"south": {"uv": [1, 0, 0, 1], "texture": "#2"},
				"west": {"uv": [1, 0, 0, 1], "texture": "#2"},
				"up": {"uv": [0, 1, 1, 0], "texture": "#2"},
				"down": {"uv": [0, 1, 1, 0], "texture": "#2"}
			}
		},
		{
			"from": [3.26337, 2.90838, 4.61681],
			"to": [4.33137, 5.47158, 5.21681],
			"rotation": {"angle": -45, "axis": "z", "origin": [3.79737, 4.51038, 4.91681]},
			"faces": {
				"north": {"uv": [6, 1, 5, 2], "texture": "#2"},
				"east": {"uv": [6, 1, 5, 2], "texture": "#2"},
				"south": {"uv": [6, 1, 5, 2], "texture": "#2"},
				"west": {"uv": [6, 1, 5, 2], "texture": "#2"},
				"up": {"uv": [5, 2, 6, 1], "texture": "#2"},
				"down": {"uv": [5, 2, 6, 1], "texture": "#2"}
			}
		},
		{
			"from": [3.04218, 3, 4.61681],
			"to": [4.11018, 5.5632, 5.21681],
			"rotation": {"angle": 0, "axis": "y", "origin": [11.58618, 11.544, 0.41681]},
			"faces": {
				"north": {"uv": [6, 1, 5, 2], "texture": "#2"},
				"east": {"uv": [6, 1, 5, 2], "texture": "#2"},
				"south": {"uv": [6, 1, 5, 2], "texture": "#2"},
				"west": {"uv": [6, 1, 5, 2], "texture": "#2"},
				"up": {"uv": [5, 2, 6, 1], "texture": "#2"},
				"down": {"uv": [5, 2, 6, 1], "texture": "#2"}
			}
		},
		{
			"from": [3.03682, 3.00222, 4.61681],
			"to": [4.10482, 5.56542, 5.21681],
			"rotation": {"angle": 45, "axis": "z", "origin": [3.57082, 4.28382, 4.91681]},
			"faces": {
				"north": {"uv": [6, 1, 5, 2], "texture": "#2"},
				"east": {"uv": [6, 1, 5, 2], "texture": "#2"},
				"south": {"uv": [6, 1, 5, 2], "texture": "#2"},
				"west": {"uv": [6, 1, 5, 2], "texture": "#2"},
				"up": {"uv": [5, 2, 6, 1], "texture": "#2"},
				"down": {"uv": [5, 2, 6, 1], "texture": "#2"}
			}
		},
		{
			"from": [2.28699, 3.75519, 4.61681],
			"to": [4.85019, 4.82319, 5.21681],
			"rotation": {"angle": 0, "axis": "z", "origin": [3.88899, 4.28919, 4.91681]},
			"faces": {
				"north": {"uv": [5, 2, 6, 1], "rotation": 90, "texture": "#2"},
				"east": {"uv": [5, 2, 6, 1], "rotation": 90, "texture": "#2"},
				"south": {"uv": [5, 2, 6, 1], "rotation": 90, "texture": "#2"},
				"west": {"uv": [5, 2, 6, 1], "rotation": 90, "texture": "#2"},
				"up": {"uv": [6, 1, 5, 2], "rotation": 90, "texture": "#2"},
				"down": {"uv": [6, 1, 5, 2], "rotation": 90, "texture": "#2"}
			}
		},
		{
			"from": [2.63724, 5.52571, 12.36681],
			"to": [3.11724, 6.52571, 12.86681],
			"rotation": {"angle": 45, "axis": "z", "origin": [2.82724, 3.38971, 12.61681]},
			"faces": {
				"north": {"uv": [6, 0, 5, 1], "texture": "#2"},
				"east": {"uv": [6, 0, 5, 1], "texture": "#2"},
				"south": {"uv": [6, 0, 5, 1], "texture": "#2"},
				"west": {"uv": [6, 0, 5, 1], "texture": "#2"},
				"up": {"uv": [5, 1, 6, 0], "texture": "#2"},
				"down": {"uv": [5, 1, 6, 0], "texture": "#2"}
			}
		},
		{
			"from": [2.28724, 6.52571, 12.36681],
			"to": [3.46724, 6.77571, 12.86681],
			"rotation": {"angle": 45, "axis": "z", "origin": [2.82724, 3.38971, 12.61681]},
			"faces": {
				"north": {"uv": [6, 0, 5, 1], "texture": "#2"},
				"east": {"uv": [6, 0, 5, 1], "texture": "#2"},
				"south": {"uv": [6, 0, 5, 1], "texture": "#2"},
				"west": {"uv": [6, 0, 5, 1], "texture": "#2"},
				"up": {"uv": [5, 1, 6, 0], "texture": "#2"},
				"down": {"uv": [5, 1, 6, 0], "texture": "#2"}
			}
		},
		{
			"from": [-6.23382, 0, 8.11681],
			"to": [-1.67382, 1.14, 9.11681],
			"rotation": {"angle": 0, "axis": "y", "origin": [6.30618, 9.12, 1.11681]},
			"faces": {
				"north": {"uv": [6, 0, 5, 1], "texture": "#2"},
				"east": {"uv": [6, 0, 5, 1], "texture": "#2"},
				"south": {"uv": [6, 0, 5, 1], "texture": "#2"},
				"west": {"uv": [6, 0, 5, 1], "texture": "#2"},
				"up": {"uv": [5, 1, 6, 0], "texture": "#2"},
				"down": {"uv": [5, 1, 6, 0], "texture": "#2"}
			}
		},
		{
			"from": [-7.84305, 0.19436, 8.11681],
			"to": [-5.56305, 1.33436, 9.11681],
			"rotation": {"angle": -45, "axis": "z", "origin": [-6.13305, 0.90686, 8.61681]},
			"faces": {
				"north": {"uv": [6, 0, 5, 1], "texture": "#2"},
				"east": {"uv": [6, 0, 5, 1], "texture": "#2"},
				"south": {"uv": [6, 0, 5, 1], "texture": "#2"},
				"west": {"uv": [6, 0, 5, 1], "texture": "#2"},
				"up": {"uv": [5, 1, 6, 0], "texture": "#2"},
				"down": {"uv": [5, 1, 6, 0], "texture": "#2"}
			}
		},
		{
			"from": [-7.84602, 1.6122, 8.11681],
			"to": [-6.70602, 2.7522, 9.11681],
			"rotation": {"angle": 0, "axis": "z", "origin": [-7.13352, 2.1822, 8.61681]},
			"faces": {
				"north": {"uv": [5, 1, 6, 0], "rotation": 270, "texture": "#2"},
				"east": {"uv": [5, 1, 6, 0], "rotation": 270, "texture": "#2"},
				"south": {"uv": [5, 1, 6, 0], "rotation": 270, "texture": "#2"},
				"west": {"uv": [5, 1, 6, 0], "rotation": 270, "texture": "#2"},
				"up": {"uv": [6, 0, 5, 1], "rotation": 270, "texture": "#2"},
				"down": {"uv": [6, 0, 5, 1], "rotation": 270, "texture": "#2"}
			}
		},
		{
			"from": [-7.68212, 2.43615, 8.11681],
			"to": [-6.54212, 5.25615, 9.11681],
			"rotation": {"angle": -22.5, "axis": "z", "origin": [-6.96962, 3.00615, 8.61681]},
			"faces": {
				"north": {"uv": [5, 1, 6, 0], "rotation": 270, "texture": "#2"},
				"east": {"uv": [5, 1, 6, 0], "rotation": 270, "texture": "#2"},
				"south": {"uv": [5, 1, 6, 0], "rotation": 270, "texture": "#2"},
				"west": {"uv": [5, 1, 6, 0], "rotation": 270, "texture": "#2"},
				"up": {"uv": [6, 0, 5, 1], "rotation": 270, "texture": "#2"},
				"down": {"uv": [6, 0, 5, 1], "rotation": 270, "texture": "#2"}
			}
		},
		{
			"from": [-6.45385, 4.06896, 8.11681],
			"to": [-5.13385, 5.20896, 9.11681],
			"rotation": {"angle": 22.5, "axis": "z", "origin": [-6.98385, 4.49646, 8.61681]},
			"faces": {
				"north": {"uv": [6, 0, 5, 1], "rotation": 180, "texture": "#2"},
				"east": {"uv": [6, 0, 5, 1], "rotation": 180, "texture": "#2"},
				"south": {"uv": [6, 0, 5, 1], "rotation": 180, "texture": "#2"},
				"west": {"uv": [6, 0, 5, 1], "rotation": 180, "texture": "#2"},
				"up": {"uv": [5, 1, 6, 0], "rotation": 180, "texture": "#2"},
				"down": {"uv": [5, 1, 6, 0], "rotation": 180, "texture": "#2"}
			}
		},
		{
			"from": [-5.54733, 4.72269, 8.11681],
			"to": [-2.12733, 5.86269, 9.11681],
			"rotation": {"angle": 0, "axis": "z", "origin": [-4.83733, 5.15019, 8.61681]},
			"faces": {
				"north": {"uv": [6, 0, 5, 1], "rotation": 180, "texture": "#2"},
				"east": {"uv": [6, 0, 5, 1], "rotation": 180, "texture": "#2"},
				"south": {"uv": [6, 0, 5, 1], "rotation": 180, "texture": "#2"},
				"west": {"uv": [6, 0, 5, 1], "rotation": 180, "texture": "#2"},
				"up": {"uv": [5, 1, 6, 0], "rotation": 180, "texture": "#2"},
				"down": {"uv": [5, 1, 6, 0], "rotation": 180, "texture": "#2"}
			}
		},
		{
			"from": [4.36383, 5.96931, 10.36681],
			"to": [5.36383, 8.71931, 11.11681],
			"rotation": {"angle": 0, "axis": "z", "origin": [4.86383, 8.17764, 8.61681]},
			"faces": {
				"north": {"uv": [6, 0, 5, 1], "texture": "#2"},
				"east": {"uv": [6, 0, 5, 1], "texture": "#2"},
				"south": {"uv": [6, 0, 5, 1], "texture": "#2"},
				"west": {"uv": [6, 0, 5, 1], "texture": "#2"},
				"up": {"uv": [5, 1, 6, 0], "texture": "#2"},
				"down": {"uv": [5, 1, 6, 0], "texture": "#2"}
			}
		},
		{
			"from": [4.36383, 8.71931, 6.86681],
			"to": [5.36383, 9.46931, 10.36681],
			"rotation": {"angle": 0, "axis": "z", "origin": [4.86383, 8.17764, 8.61681]},
			"faces": {
				"north": {"uv": [6, 0, 5, 1], "texture": "#2"},
				"east": {"uv": [6, 0, 5, 1], "texture": "#2"},
				"south": {"uv": [6, 0, 5, 1], "texture": "#2"},
				"west": {"uv": [6, 0, 5, 1], "texture": "#2"},
				"up": {"uv": [5, 1, 6, 0], "texture": "#2"},
				"down": {"uv": [5, 1, 6, 0], "texture": "#2"}
			}
		},
		{
			"from": [4.36383, 5.96931, 6.11681],
			"to": [5.36383, 8.71931, 6.86681],
			"rotation": {"angle": 0, "axis": "z", "origin": [4.86383, 8.17764, 8.61681]},
			"faces": {
				"north": {"uv": [6, 0, 5, 1], "texture": "#2"},
				"east": {"uv": [6, 0, 5, 1], "texture": "#2"},
				"south": {"uv": [6, 0, 5, 1], "texture": "#2"},
				"west": {"uv": [6, 0, 5, 1], "texture": "#2"},
				"up": {"uv": [5, 1, 6, 0], "texture": "#2"},
				"down": {"uv": [5, 1, 6, 0], "texture": "#2"}
			}
		},
		{
			"from": [4.36383, 9.58507, 6.51759],
			"to": [5.36383, 10.33507, 7.57825],
			"rotation": {"angle": -45, "axis": "x", "origin": [4.86383, 9.0434, 8.26759]},
			"faces": {
				"north": {"uv": [6, 0, 5, 1], "texture": "#2"},
				"east": {"uv": [6, 0, 5, 1], "texture": "#2"},
				"south": {"uv": [6, 0, 5, 1], "texture": "#2"},
				"west": {"uv": [6, 0, 5, 1], "texture": "#2"},
				"up": {"uv": [5, 1, 6, 0], "texture": "#2"},
				"down": {"uv": [5, 1, 6, 0], "texture": "#2"}
			}
		},
		{
			"from": [4.36383, 9.58507, 9.65537],
			"to": [5.36383, 10.33507, 10.71603],
			"rotation": {"angle": 45, "axis": "x", "origin": [4.86383, 9.0434, 8.96603]},
			"faces": {
				"north": {"uv": [6, 0, 5, 1], "texture": "#2"},
				"east": {"uv": [6, 0, 5, 1], "texture": "#2"},
				"south": {"uv": [6, 0, 5, 1], "texture": "#2"},
				"west": {"uv": [6, 0, 5, 1], "texture": "#2"},
				"up": {"uv": [5, 1, 6, 0], "texture": "#2"},
				"down": {"uv": [5, 1, 6, 0], "texture": "#2"}
			}
		}
	],
	"display": {
		"thirdperson_righthand": {
			"rotation": [92, 97.25, -5],
			"translation": [-1.5, 7.75, 2.75],
			"scale": [0.77344, 0.77344, 0.77344]
		},
		"thirdperson_lefthand": {
			"rotation": [76, -93, -5],
			"translation": [0.25, 8.75, 3.25],
			"scale": [0.77344, 0.77344, 0.77344]
		},
		"firstperson_righthand": {
			"rotation": [0, 85.5, 0],
			"translation": [0.5, 5, 0],
			"scale": [0.63477, 0.63477, 0.63477]
		},
		"firstperson_lefthand": {
			"rotation": [0, 267.75, 0],
			"translation": [0.5, 5, 0],
			"scale": [0.63477, 0.63477, 0.63477]
		},
		"ground": {
			"translation": [0, 4, 0]
		},
		"gui": {
			"rotation": [30, -35, 0],
			"translation": [0.75, 2.5, 0],
			"scale": [0.625, 0.625, 0.625]
		},
		"head": {
			"rotation": [0, 0, -28.5],
			"translation": [3.75, 14.5, 0],
			"scale": [1.08789, 1.16797, 1.08789]
		},
		"fixed": {
			"rotation": [-90, 0, 0],
			"translation": [0, 0, -15],
			"scale": [2, 2, 2]
		}
	},
	"groups": [
		{
			"name": "Blade",
			"origin": [8, 8, 8],
			"children": [
				{
					"name": "Teeth",
					"origin": [19.32173, 1.22268, 8.88319],
					"children": [0, 1, 2, 3, 4, 5, 6, 7, 8, 9, 10, 11, 12, 13, 14, 15, 16, 17, 18, 19]
				}, 20, 21, 22, 23, 24, 25, 26, 27]
		},
		{
			"name": "Motor",
			"origin": [-0.82865, 3.39865, 2.5],
			"children": [28, 29, 30, 31, 32, 33,
				{
					"name": "Plastic Shit",
					"origin": [-0.29719, 4.28919, 10.2],
					"children": [34, 35, 36, 37, 38, 39, 40, 41, 42, 43, 44, 45, 46, 47, 48, 49, 50, 51, 52, 53, 54, 55, 56, 57, 58, 59, 60, 61]
				},
				{
					"name": "Handle",
					"origin": [-9.02352, 5.15019, 6.5],
					"children": [62, 63, 64, 65, 66, 67, 68, 69, 70, 71, 72]
				}
			]
		}
	]
}