{
	"credit": "Made with Blockbench",
	"textures": {
		"0": "block/clapboard",
		"particle": "block/clapboard"
	},
	"elements": [
		{
			"from": [1.75574, 0, 7.50991],
			"to": [13.75574, 6.5, 8.50991],
			"rotation": {"angle": 0, "axis": "y", "origin": [7.75574, 8.5, 15.50991]},
			"faces": {
				"north": {"uv": [6, 0, 8, 0.875], "texture": "#0"},
				"east": {"uv": [6, 0, 6.25, 0.875], "texture": "#0"},
				"south": {"uv": [6, 0, 8, 0.875], "texture": "#0"},
				"west": {"uv": [6, 0, 6.25, 0.875], "texture": "#0"},
				"up": {"uv": [6, 0, 6.25, 2], "rotation": 90, "texture": "#0"},
				"down": {"uv": [6, 0, 6.25, 2], "rotation": 90, "texture": "#0"}
			}
		},
		{
			"from": [2.25574, 0.3, 7.40991],
			"to": [13.25574, 6.25, 7.40991],
			"rotation": {"angle": 0, "axis": "y", "origin": [7.75574, 8.5, 15.50991]},
			"faces": {
				"north": {"uv": [0, 2.375, 14.375, 12.25], "texture": "#0"},
				"east": {"uv": [13.5, 2.375, 14.375, 3.25], "texture": "#0"},
				"south": {"uv": [13.5, 2.375, 14.375, 3.25], "texture": "#0"},
				"west": {"uv": [13.5, 2.375, 14.375, 3.25], "texture": "#0"},
				"up": {"uv": [13.5, 2.375, 14.375, 3.25], "texture": "#0"},
				"down": {"uv": [13.5, 2.375, 14.375, 3.25], "texture": "#0"}
			}
		},
		{
			"from": [2.25574, 0.3, 8.55991],
			"to": [13.25574, 6.25, 8.55991],
			"rotation": {"angle": 0, "axis": "y", "origin": [7.75574, 8.5, 5.50991]},
			"faces": {
				"north": {"uv": [13.5, 2.375, 14.375, 3.25], "texture": "#0"},
				"east": {"uv": [13.5, 2.375, 14.375, 3.25], "texture": "#0"},
				"south": {"uv": [0, 2.375, 14.375, 12.25], "texture": "#0"},
				"west": {"uv": [13.5, 2.375, 14.375, 3.25], "texture": "#0"},
				"up": {"uv": [13.5, 2.375, 14.375, 3.25], "texture": "#0"},
				"down": {"uv": [13.5, 2.375, 14.375, 3.25], "texture": "#0"}
			}
		},
		{
			"from": [1.50574, 6.5, 7.35991],
			"to": [14.00574, 8.3, 8.65991],
			"rotation": {"angle": 0, "axis": "y", "origin": [7.75574, 8.5, 15.50991]},
			"faces": {
				"north": {"uv": [0, 0.75, 6, 1.5], "texture": "#0"},
				"east": {"uv": [1, 0.625, 1.375, 0.875], "texture": "#0"},
				"south": {"uv": [0, 0.75, 6, 1.5], "texture": "#0"},
				"west": {"uv": [1, 0.625, 1.375, 0.875], "texture": "#0"},
				"up": {"uv": [0, 1.25, 6, 1.5], "texture": "#0"},
				"down": {"uv": [6, 0, 6.25, 2], "rotation": 90, "texture": "#0"}
			}
		},
		{
			"from": [2.72702, 10.24421, 7.36037],
			"to": [15.22702, 12.24421, 8.66037],
			"rotation": {"angle": -22.5, "axis": "z", "origin": [8.97702, 12.24421, 15.51037]},
			"faces": {
				"north": {"uv": [0, 0, 6, 0.75], "texture": "#0"},
				"east": {"uv": [1, 0.625, 1.375, 0.875], "texture": "#0"},
				"south": {"uv": [0, 0, 6, 0.75], "texture": "#0"},
				"west": {"uv": [1, 0.625, 1.375, 0.875], "texture": "#0"},
				"up": {"uv": [0, 1.25, 6, 1.5], "rotation": 180, "texture": "#0"},
				"down": {"uv": [0, 1.25, 6, 1.5], "texture": "#0"}
			}
		}
	],
	"display": {
		"thirdperson_righthand": {
			"rotation": [67.75, 0, 0],
			"translation": [-3.25, 0.5, 1.25],
			"scale": [0.68359, 0.68359, 0.68359]
		},
		"thirdperson_lefthand": {
			"rotation": [67.75, 0, 0],
			"translation": [-4.5, 0.5, 1.25],
			"scale": [0.68359, 0.68359, 0.68359]
		},
		"ground": {
			"translation": [0, 1.75, 0],
			"scale": [0.7, 0.7, 0.7]
		},
		"gui": {
			"rotation": [30, -159, 0],
			"translation": [-0.25, 1, 0],
			"scale": [0.81641, 0.81641, 0.81641]
		},
		"head": {
			"translation": [0, 15, 0]
		},
		"fixed": {
			"rotation": [-71.25, 0, 0],
			"translation": [0, 11, -14],
			"scale": [2, 2, 2]
		}
	}
}