{
	"credit": "Made with Blockbench",
	"textures": {
		"1": "block/MizunoArchive/iron_ingot_0",
		"2": "block/MizunoArchive/stripped_dark_oak_log"
	},
	"elements": [
		{
			"from": [1.59939, 3.69715, 7.75882],
			"to": [11.79504, 5.42912, 8.24106],
			"rotation": {"angle": 0, "axis": "y", "origin": [4.56336, 8.35757, 11.61584]},
			"faces": {
				"north": {"uv": [6, 1, 10, 5], "rotation": 270, "texture": "#1"},
				"east": {"uv": [6, 1, 10, 5], "rotation": 270, "texture": "#1"},
				"south": {"uv": [6, 1, 10, 5], "rotation": 270, "texture": "#1"},
				"west": {"uv": [6, 1, 10, 5], "rotation": 270, "texture": "#1"},
				"up": {"uv": [9, 1, 10, 5], "rotation": 270, "texture": "#1"},
				"down": {"uv": [6, 1, 10, 5], "rotation": 270, "texture": "#1"}
			}
		},
		{
			"from": [0.82155, 4.2716, 7.77512],
			"to": [2.0892, 5.11077, 8.22636],
			"rotation": {"angle": 45, "axis": "z", "origin": [1.46193, 4.67868, 8.00667]},
			"faces": {
				"north": {"uv": [9, 1, 10, 5], "rotation": 270, "texture": "#1"},
				"east": {"uv": [9, 1, 10, 5], "rotation": 270, "texture": "#1"},
				"south": {"uv": [9, 1, 10, 5], "rotation": 270, "texture": "#1"},
				"west": {"uv": [9, 1, 10, 5], "rotation": 270, "texture": "#1"},
				"up": {"uv": [9, 1, 10, 5], "rotation": 270, "texture": "#1"},
				"down": {"uv": [9, 1, 10, 5], "rotation": 270, "texture": "#1"}
			}
		},
		{
			"from": [0.70358, 3.69715, 7.75882],
			"to": [1.59939, 4.5314, 8.241],
			"rotation": {"angle": 0, "axis": "z", "origin": [1.14162, 4.32565, 8.00662]},
			"faces": {
				"north": {"uv": [6, 1, 8, 5], "rotation": 270, "texture": "#1"},
				"east": {"uv": [6, 1, 8, 5], "rotation": 270, "texture": "#1"},
				"south": {"uv": [6, 1, 8, 5], "rotation": 270, "texture": "#1"},
				"west": {"uv": [6, 1, 8, 5], "rotation": 270, "texture": "#1"},
				"up": {"uv": [6, 1, 8, 5], "rotation": 270, "texture": "#1"},
				"down": {"uv": [6, 1, 8, 5], "rotation": 270, "texture": "#1"}
			}
		},
		{
			"from": [0.70659, -0.03475, 7.75882],
			"to": [10.45596, 3.69715, 8.24093],
			"rotation": {"angle": 0, "axis": "y", "origin": [4.56348, 7.39334, 11.61572]},
			"faces": {
				"north": {"uv": [0, 1, 6, 5], "rotation": 270, "texture": "#1"},
				"east": {"uv": [0, 1, 6, 5], "rotation": 270, "texture": "#1"},
				"south": {"uv": [0, 1, 6, 5], "rotation": 270, "texture": "#1"},
				"west": {"uv": [0, 1, 6, 5], "rotation": 270, "texture": "#1"},
				"up": {"uv": [0, 1, 6, 5], "rotation": 270, "texture": "#1"},
				"down": {"uv": [0, 1, 6, 5], "rotation": 270, "texture": "#1"}
			}
		},
		{
			"from": [9.00721, 1.10964, 7.76048],
			"to": [10.72138, 4.84154, 8.22027],
			"rotation": {"angle": -45, "axis": "z", "origin": [9.87637, 2.97597, 7.98908]},
			"faces": {
				"north": {"uv": [2, 1, 7, 5], "rotation": 270, "texture": "#1"},
				"east": {"uv": [2, 1, 7, 5], "rotation": 270, "texture": "#1"},
				"south": {"uv": [2, 1, 7, 5], "rotation": 270, "texture": "#1"},
				"west": {"uv": [2, 1, 7, 5], "rotation": 270, "texture": "#1"},
				"up": {"uv": [2, 1, 7, 5], "rotation": 270, "texture": "#1"},
				"down": {"uv": [2, 1, 7, 5], "rotation": 270, "texture": "#1"}
			}
		},
		{
			"from": [11.79504, 3.05434, 7.37808],
			"to": [12.75926, 5.94701, 8.62192],
			"rotation": {"angle": 0, "axis": "y", "origin": [15.65194, 8.83968, 11.10962]},
			"faces": {
				"north": {"uv": [0, 0, 2, 6], "texture": "#2"},
				"east": {"uv": [0, 0, 3, 6], "texture": "#2"},
				"south": {"uv": [0, 0, 2, 6], "texture": "#2"},
				"west": {"uv": [0, 0, 3, 6], "texture": "#2"},
				"up": {"uv": [0, 0, 2, 3], "texture": "#2"},
				"down": {"uv": [0, 0, 2, 3], "texture": "#2"}
			}
		},
		{
			"from": [11.80709, 3.53645, 6.96346],
			"to": [12.75926, 5.4649, 9.03654],
			"rotation": {"angle": 0, "axis": "y", "origin": [15.65194, 8.83968, 11.10962]},
			"faces": {
				"north": {"uv": [0, 0, 1.975, 4], "texture": "#2"},
				"east": {"uv": [0, 0, 5, 4], "texture": "#2"},
				"south": {"uv": [0, 0, 1.975, 4], "texture": "#2"},
				"west": {"uv": [0, 0, 5, 4], "texture": "#2"},
				"up": {"uv": [0, 0, 1.975, 5], "texture": "#2"},
				"down": {"uv": [0, 0, 1.975, 5], "texture": "#2"}
			}
		},
		{
			"from": [12.75926, 3.53645, 7.37808],
			"to": [17.09827, 5.4649, 8.62192],
			"rotation": {"angle": 0, "axis": "y", "origin": [15.65194, 8.83968, 11.10962]},
			"faces": {
				"north": {"uv": [0, 0, 9, 4], "texture": "#2"},
				"east": {"uv": [0, 0, 3, 4], "texture": "#2"},
				"south": {"uv": [0, 0, 9, 4], "texture": "#2"},
				"west": {"uv": [0, 0, 3, 4], "texture": "#2"},
				"up": {"uv": [0, 0, 9, 3], "texture": "#2"},
				"down": {"uv": [0, 0, 9, 3], "texture": "#2"}
			}
		},
		{
			"from": [12.75926, 4.01856, 6.96346],
			"to": [17.09827, 4.98278, 9.03654],
			"rotation": {"angle": 0, "axis": "y", "origin": [15.65194, 8.83968, 11.10962]},
			"faces": {
				"north": {"uv": [0, 0, 9, 2], "texture": "#2"},
				"east": {"uv": [0, 0, 5, 2], "texture": "#2"},
				"south": {"uv": [0, 0, 9, 2], "texture": "#2"},
				"west": {"uv": [0, 0, 5, 2], "texture": "#2"},
				"up": {"uv": [0, 0, 9, 5], "texture": "#2"},
				"down": {"uv": [0, 0, 9, 5], "texture": "#2"}
			}
		},
		{
			"from": [17.09827, 3.05434, 7.37808],
			"to": [17.58038, 5.4649, 8.62192],
			"rotation": {"angle": 0, "axis": "y", "origin": [15.65194, 8.83968, 11.10962]},
			"faces": {
				"north": {"uv": [0, 0, 1, 5], "texture": "#2"},
				"east": {"uv": [0, 0, 3, 5], "texture": "#2"},
				"south": {"uv": [0, 0, 1, 5], "texture": "#2"},
				"west": {"uv": [0, 0, 3, 5], "texture": "#2"},
				"up": {"uv": [0, 0, 1, 3], "texture": "#2"},
				"down": {"uv": [0, 0, 1, 3], "texture": "#2"}
			}
		},
		{
			"from": [17.09827, 3.53645, 6.96346],
			"to": [17.58038, 4.98278, 9.03654],
			"rotation": {"angle": 0, "axis": "y", "origin": [15.65194, 8.83968, 11.10962]},
			"faces": {
				"north": {"uv": [0, 0, 1, 3], "texture": "#2"},
				"east": {"uv": [0, 0, 5, 3], "texture": "#2"},
				"south": {"uv": [0, 0, 1, 3], "texture": "#2"},
				"west": {"uv": [0, 0, 5, 3], "texture": "#2"},
				"up": {"uv": [0, 0, 1, 5], "texture": "#2"},
				"down": {"uv": [0, 0, 1, 5], "texture": "#2"}
			}
		},
		{
			"from": [19.02672, 3.05434, 7.37808],
			"to": [19.50883, 4.98278, 8.62192],
			"rotation": {"angle": 0, "axis": "y", "origin": [17.58038, 8.83968, 11.10962]},
			"faces": {
				"north": {"uv": [0, 0, 1, 4], "texture": "#2"},
				"east": {"uv": [0, 0, 3, 4], "texture": "#2"},
				"south": {"uv": [0, 0, 1, 4], "texture": "#2"},
				"west": {"uv": [0, 0, 3, 4], "texture": "#2"},
				"up": {"uv": [0, 0, 1, 3], "texture": "#2"},
				"down": {"uv": [0, 0, 1, 3], "texture": "#2"}
			}
		},
		{
			"from": [19.02672, 3.53645, 6.96346],
			"to": [19.47267, 4.50067, 9.03654],
			"rotation": {"angle": 0, "axis": "y", "origin": [17.58038, 8.83968, 11.10962]},
			"faces": {
				"north": {"uv": [0, 0, 0.925, 2], "texture": "#2"},
				"east": {"uv": [0, 0, 5, 2], "texture": "#2"},
				"south": {"uv": [0, 0, 0.925, 2], "texture": "#2"},
				"west": {"uv": [0, 0, 5, 2], "texture": "#2"},
				"up": {"uv": [0, 0, 0.925, 5], "texture": "#2"},
				"down": {"uv": [0, 0, 0.925, 5], "texture": "#2"}
			}
		},
		{
			"from": [18.0625, 3.53645, 6.85981],
			"to": [18.54461, 4.50067, 9.14019],
			"rotation": {"angle": 0, "axis": "y", "origin": [16.85722, 8.83968, 10.28039]},
			"faces": {
				"north": {"uv": [3, 2, 5, 6], "rotation": 180, "texture": "#1"},
				"east": {"uv": [3, 2, 5, 6], "rotation": 180, "texture": "#1"},
				"south": {"uv": [3, 2, 5, 6], "rotation": 180, "texture": "#1"},
				"west": {"uv": [3, 2, 5, 6], "rotation": 180, "texture": "#1"},
				"up": {"uv": [3, 2, 5, 6], "rotation": 180, "texture": "#1"},
				"down": {"uv": [3, 2, 5, 6], "rotation": 180, "texture": "#1"}
			}
		},
		{
			"from": [17.83869, 3.78976, 6.84775],
			"to": [18.80292, 4.27187, 9.15225],
			"rotation": {"angle": 0, "axis": "z", "origin": [18.30605, 4.03332, 7.98277]},
			"faces": {
				"north": {"uv": [3, 2, 5, 6], "rotation": 270, "texture": "#1"},
				"east": {"uv": [3, 2, 5, 6], "rotation": 270, "texture": "#1"},
				"south": {"uv": [3, 2, 5, 6], "rotation": 270, "texture": "#1"},
				"west": {"uv": [3, 2, 5, 6], "rotation": 270, "texture": "#1"},
				"up": {"uv": [3, 2, 5, 6], "rotation": 270, "texture": "#1"},
				"down": {"uv": [3, 2, 5, 6], "rotation": 270, "texture": "#1"}
			}
		},
		{
			"from": [17.58038, 2.57222, 7.37808],
			"to": [19.02672, 5.4649, 8.62192],
			"rotation": {"angle": 0, "axis": "y", "origin": [16.13405, 8.83968, 11.10962]},
			"faces": {
				"north": {"uv": [0, 0, 3, 6], "texture": "#2"},
				"east": {"uv": [0, 0, 3, 6], "texture": "#2"},
				"south": {"uv": [0, 0, 3, 6], "texture": "#2"},
				"west": {"uv": [0, 0, 3, 6], "texture": "#2"},
				"up": {"uv": [0, 0, 3, 3], "texture": "#2"},
				"down": {"uv": [0, 0, 3, 3], "texture": "#2"}
			}
		},
		{
			"from": [17.58038, 3.05434, 6.96346],
			"to": [19.02672, 4.98278, 9.03654],
			"rotation": {"angle": 0, "axis": "y", "origin": [16.13405, 8.83968, 11.10962]},
			"faces": {
				"north": {"uv": [0, 0, 3, 4], "texture": "#2"},
				"east": {"uv": [0, 0, 5, 4], "texture": "#2"},
				"south": {"uv": [0, 0, 3, 4], "texture": "#2"},
				"west": {"uv": [0, 0, 5, 4], "texture": "#2"},
				"up": {"uv": [0, 0, 3, 5], "texture": "#2"},
				"down": {"uv": [0, 0, 3, 5], "texture": "#2"}
			}
		}
	],
	"display": {
		"thirdperson_righthand": {
			"rotation": [89.5, -88.5, 0],
			"translation": [0, 3.75, 4],
			"scale": [0.87305, 0.75781, 0.75781]
		},
		"thirdperson_lefthand": {
			"rotation": [89.5, 91.75, 0],
			"translation": [0, 3.75, 4],
			"scale": [0.87305, 0.75781, 0.75781]
		},
		"firstperson_righthand": {
			"rotation": [46, -95, 0],
			"translation": [4.5, 7.25, 0]
		},
		"firstperson_lefthand": {
			"rotation": [33, 89, 21],
			"translation": [6.25, 7.25, 0]
		},
		"ground": {
			"translation": [0, 4.25, 0]
		},
		"gui": {
			"rotation": [31, 155, 37],
			"translation": [2.75, 1.5, 0],
			"scale": [0.7832, 0.7832, 0.7832]
		},
		"head": {
			"rotation": [0, 0, 26.75],
			"translation": [-3, 15.5, 0],
			"scale": [1.22852, 1.22852, 1.22852]
		},
		"fixed": {
			"rotation": [-90, 0, 55.75],
			"translation": [-2.75, 0, -18],
			"scale": [2, 2, 2]
		}
	},
	"groups": [
		{
			"name": "Thicker Blade",
			"origin": [9, 13, 8],
			"children": [0, 1, 2, 3, 4]
		},
		{
			"name": "Handle",
			"origin": [21, 15, 8],
			"children": [5, 6, 7, 8, 9, 10, 11, 12, 13, 14, 15, 16]
		}
	]
}