{
	"credit": "Made with Blockbench",
	"textures": {
		"0": "block/MissGhouls",
		"1": "block/MizunoArchive/coal_block",
		"2": "block/MizunoArchive/acacia_log",
		"particle": "block/MissGhouls"
	},
	"elements": [
		{
			"name": "octagon",
			"from": [4.37907, 4.55007, 3.68487],
			"to": [7.3311, 5.22333, 3.8765],
			"rotation": {"angle": -22.5, "axis": "z", "origin": [6.11609, 4.7417, 3.78068]},
			"faces": {
				"north": {"uv": [0, 0, 1, 1], "rotation": 180, "texture": "#1"},
				"east": {"uv": [0, 0, 1, 1], "rotation": 270, "texture": "#1"},
				"south": {"uv": [0, 0, 1, 1], "texture": "#1"},
				"west": {"uv": [0, 0, 1, 1], "rotation": 90, "texture": "#1"},
				"up": {"uv": [0, 0, 1, 1], "rotation": 180, "texture": "#1"},
				"down": {"uv": [0, 0, 1, 1], "texture": "#1"}
			}
		},
		{
			"name": "octagon",
			"from": [8.6689, 4.55007, 3.68487],
			"to": [11.62093, 5.22333, 3.8765],
			"rotation": {"angle": 22.5, "axis": "z", "origin": [9.88391, 4.7417, 3.78068]},
			"faces": {
				"north": {"uv": [1, 0, 0, 1], "rotation": 180, "texture": "#1"},
				"east": {"uv": [0, 1, 1, 0], "rotation": 90, "texture": "#1"},
				"south": {"uv": [1, 0, 0, 1], "texture": "#1"},
				"west": {"uv": [0, 1, 1, 0], "rotation": 270, "texture": "#1"},
				"up": {"uv": [1, 0, 0, 1], "rotation": 180, "texture": "#1"},
				"down": {"uv": [1, 0, 0, 1], "texture": "#1"}
			}
		},
		{
			"name": "octagon",
			"from": [9.63859, 4.1929, 3.68487],
			"to": [10.90861, 4.57616, 4.0765],
			"rotation": {"angle": -22.5, "axis": "z", "origin": [10.2736, 3.0431, 3.78068]},
			"faces": {
				"north": {"uv": [5, 14.75, 4, 15.75], "texture": "#2"},
				"east": {"uv": [5, 14.75, 4, 15.75], "texture": "#2"},
				"south": {"uv": [5, 14.75, 4, 15.75], "texture": "#2"},
				"west": {"uv": [5, 14.75, 4, 15.75], "texture": "#2"},
				"up": {"uv": [5, 14.75, 4, 15.75], "texture": "#2"},
				"down": {"uv": [5, 14.75, 4, 15.75], "texture": "#2"}
			}
		},
		{
			"name": "octagon",
			"from": [9.63859, 4.1929, 3.68487],
			"to": [10.90861, 4.57616, 4.0765],
			"rotation": {"angle": 22.5, "axis": "z", "origin": [10.2736, 3.0431, 3.78068]},
			"faces": {
				"north": {"uv": [5, 14.75, 4, 15.75], "texture": "#2"},
				"east": {"uv": [5, 14.75, 4, 15.75], "texture": "#2"},
				"south": {"uv": [5, 14.75, 4, 15.75], "texture": "#2"},
				"west": {"uv": [5, 14.75, 4, 15.75], "texture": "#2"},
				"up": {"uv": [5, 14.75, 4, 15.75], "texture": "#2"},
				"down": {"uv": [5, 14.75, 4, 15.75], "texture": "#2"}
			}
		},
		{
			"name": "octagon",
			"from": [9.63859, 1.51005, 3.68487],
			"to": [10.90861, 1.89331, 4.0765],
			"rotation": {"angle": -22.5, "axis": "z", "origin": [10.2736, 3.0431, 3.78068]},
			"faces": {
				"north": {"uv": [5, 14.75, 4, 15.75], "texture": "#2"},
				"east": {"uv": [5, 14.75, 4, 15.75], "texture": "#2"},
				"south": {"uv": [5, 14.75, 4, 15.75], "texture": "#2"},
				"west": {"uv": [5, 14.75, 4, 15.75], "texture": "#2"},
				"up": {"uv": [5, 14.75, 4, 15.75], "texture": "#2"},
				"down": {"uv": [5, 14.75, 4, 15.75], "texture": "#2"}
			}
		},
		{
			"name": "octagon",
			"from": [9.63859, 1.51005, 3.68487],
			"to": [10.90861, 1.89331, 4.0765],
			"rotation": {"angle": 22.5, "axis": "z", "origin": [10.2736, 3.0431, 3.78068]},
			"faces": {
				"north": {"uv": [5, 14.75, 4, 15.75], "texture": "#2"},
				"east": {"uv": [5, 14.75, 4, 15.75], "texture": "#2"},
				"south": {"uv": [5, 14.75, 4, 15.75], "texture": "#2"},
				"west": {"uv": [5, 14.75, 4, 15.75], "texture": "#2"},
				"up": {"uv": [5, 14.75, 4, 15.75], "texture": "#2"},
				"down": {"uv": [5, 14.75, 4, 15.75], "texture": "#2"}
			}
		},
		{
			"name": "octagon",
			"from": [11.42339, 2.40809, 3.68487],
			"to": [11.80666, 3.67812, 4.0765],
			"rotation": {"angle": -22.5, "axis": "z", "origin": [10.2736, 3.0431, 3.78068]},
			"faces": {
				"north": {"uv": [5, 14.75, 4, 15.75], "texture": "#2"},
				"east": {"uv": [5, 14.75, 4, 15.75], "texture": "#2"},
				"south": {"uv": [5, 14.75, 4, 15.75], "texture": "#2"},
				"west": {"uv": [5, 14.75, 4, 15.75], "texture": "#2"},
				"up": {"uv": [5, 14.75, 4, 15.75], "texture": "#2"},
				"down": {"uv": [5, 14.75, 4, 15.75], "texture": "#2"}
			}
		},
		{
			"name": "octagon",
			"from": [11.42339, 2.40809, 3.68487],
			"to": [11.80666, 3.67812, 4.0765],
			"rotation": {"angle": 22.5, "axis": "z", "origin": [10.2736, 3.0431, 3.78068]},
			"faces": {
				"north": {"uv": [5, 14.75, 4, 15.75], "texture": "#2"},
				"east": {"uv": [5, 14.75, 4, 15.75], "texture": "#2"},
				"south": {"uv": [5, 14.75, 4, 15.75], "texture": "#2"},
				"west": {"uv": [5, 14.75, 4, 15.75], "texture": "#2"},
				"up": {"uv": [5, 14.75, 4, 15.75], "texture": "#2"},
				"down": {"uv": [5, 14.75, 4, 15.75], "texture": "#2"}
			}
		},
		{
			"name": "octagon",
			"from": [8.74054, 2.40809, 3.68487],
			"to": [9.12381, 3.67812, 4.0765],
			"rotation": {"angle": -22.5, "axis": "z", "origin": [10.2736, 3.0431, 3.78068]},
			"faces": {
				"north": {"uv": [5, 14.75, 4, 15.75], "texture": "#2"},
				"east": {"uv": [5, 14.75, 4, 15.75], "texture": "#2"},
				"south": {"uv": [5, 14.75, 4, 15.75], "texture": "#2"},
				"west": {"uv": [5, 14.75, 4, 15.75], "texture": "#2"},
				"up": {"uv": [5, 14.75, 4, 15.75], "texture": "#2"},
				"down": {"uv": [5, 14.75, 4, 15.75], "texture": "#2"}
			}
		},
		{
			"name": "octagon",
			"from": [8.74054, 2.40809, 3.68487],
			"to": [9.12381, 3.67812, 4.0765],
			"rotation": {"angle": 22.5, "axis": "z", "origin": [10.2736, 3.0431, 3.78068]},
			"faces": {
				"north": {"uv": [5, 14.75, 4, 15.75], "texture": "#2"},
				"east": {"uv": [5, 14.75, 4, 15.75], "texture": "#2"},
				"south": {"uv": [5, 14.75, 4, 15.75], "texture": "#2"},
				"west": {"uv": [5, 14.75, 4, 15.75], "texture": "#2"},
				"up": {"uv": [5, 14.75, 4, 15.75], "texture": "#2"},
				"down": {"uv": [5, 14.75, 4, 15.75], "texture": "#2"}
			}
		},
		{
			"name": "octagon",
			"from": [5.09139, 4.1929, 3.68487],
			"to": [6.36141, 4.57616, 4.0765],
			"rotation": {"angle": 22.5, "axis": "z", "origin": [5.7264, 3.0431, 3.78068]},
			"faces": {
				"north": {"uv": [5, 14.75, 4, 15.75], "texture": "#2"},
				"east": {"uv": [5, 14.75, 4, 15.75], "texture": "#2"},
				"south": {"uv": [5, 14.75, 4, 15.75], "texture": "#2"},
				"west": {"uv": [5, 14.75, 4, 15.75], "texture": "#2"},
				"up": {"uv": [5, 14.75, 4, 15.75], "texture": "#2"},
				"down": {"uv": [5, 14.75, 4, 15.75], "texture": "#2"}
			}
		},
		{
			"name": "octagon",
			"from": [5.09139, 4.1929, 3.68487],
			"to": [6.36141, 4.57616, 4.0765],
			"rotation": {"angle": -22.5, "axis": "z", "origin": [5.7264, 3.0431, 3.78068]},
			"faces": {
				"north": {"uv": [5, 14.75, 4, 15.75], "texture": "#2"},
				"east": {"uv": [5, 14.75, 4, 15.75], "texture": "#2"},
				"south": {"uv": [5, 14.75, 4, 15.75], "texture": "#2"},
				"west": {"uv": [5, 14.75, 4, 15.75], "texture": "#2"},
				"up": {"uv": [5, 14.75, 4, 15.75], "texture": "#2"},
				"down": {"uv": [5, 14.75, 4, 15.75], "texture": "#2"}
			}
		},
		{
			"name": "octagon",
			"from": [5.09139, 1.51005, 3.68487],
			"to": [6.36141, 1.89331, 4.0765],
			"rotation": {"angle": 22.5, "axis": "z", "origin": [5.7264, 3.0431, 3.78068]},
			"faces": {
				"north": {"uv": [5, 14.75, 4, 15.75], "texture": "#2"},
				"east": {"uv": [5, 14.75, 4, 15.75], "texture": "#2"},
				"south": {"uv": [5, 14.75, 4, 15.75], "texture": "#2"},
				"west": {"uv": [5, 14.75, 4, 15.75], "texture": "#2"},
				"up": {"uv": [5, 14.75, 4, 15.75], "texture": "#2"},
				"down": {"uv": [5, 14.75, 4, 15.75], "texture": "#2"}
			}
		},
		{
			"name": "octagon",
			"from": [5.09139, 1.51005, 3.68487],
			"to": [6.36141, 1.89331, 4.0765],
			"rotation": {"angle": -22.5, "axis": "z", "origin": [5.7264, 3.0431, 3.78068]},
			"faces": {
				"north": {"uv": [5, 14.75, 4, 15.75], "texture": "#2"},
				"east": {"uv": [5, 14.75, 4, 15.75], "texture": "#2"},
				"south": {"uv": [5, 14.75, 4, 15.75], "texture": "#2"},
				"west": {"uv": [5, 14.75, 4, 15.75], "texture": "#2"},
				"up": {"uv": [5, 14.75, 4, 15.75], "texture": "#2"},
				"down": {"uv": [5, 14.75, 4, 15.75], "texture": "#2"}
			}
		},
		{
			"name": "octagon",
			"from": [4.19334, 2.40809, 3.68487],
			"to": [4.57661, 3.67812, 4.0765],
			"rotation": {"angle": 22.5, "axis": "z", "origin": [5.7264, 3.0431, 3.78068]},
			"faces": {
				"north": {"uv": [5, 14.75, 4, 15.75], "texture": "#2"},
				"east": {"uv": [5, 14.75, 4, 15.75], "texture": "#2"},
				"south": {"uv": [5, 14.75, 4, 15.75], "texture": "#2"},
				"west": {"uv": [5, 14.75, 4, 15.75], "texture": "#2"},
				"up": {"uv": [5, 14.75, 4, 15.75], "texture": "#2"},
				"down": {"uv": [5, 14.75, 4, 15.75], "texture": "#2"}
			}
		},
		{
			"name": "octagon",
			"from": [4.19334, 2.40809, 3.68487],
			"to": [4.57661, 3.67812, 4.0765],
			"rotation": {"angle": -22.5, "axis": "z", "origin": [5.7264, 3.0431, 3.78068]},
			"faces": {
				"north": {"uv": [5, 14.75, 4, 15.75], "texture": "#2"},
				"east": {"uv": [5, 14.75, 4, 15.75], "texture": "#2"},
				"south": {"uv": [5, 14.75, 4, 15.75], "texture": "#2"},
				"west": {"uv": [5, 14.75, 4, 15.75], "texture": "#2"},
				"up": {"uv": [5, 14.75, 4, 15.75], "texture": "#2"},
				"down": {"uv": [5, 14.75, 4, 15.75], "texture": "#2"}
			}
		},
		{
			"name": "octagon",
			"from": [3.78302, 3.82482, 3.68487],
			"to": [4.55305, 4.21645, 6.45489],
			"rotation": {"angle": 0, "axis": "y", "origin": [5.81608, 3.02064, 3.81988]},
			"faces": {
				"north": {"uv": [5, 14.75, 4, 15.75], "rotation": 180, "texture": "#2"},
				"east": {"uv": [5, 14.75, 4, 15.75], "rotation": 270, "texture": "#2"},
				"south": {"uv": [5, 14.75, 4, 15.75], "texture": "#2"},
				"west": {"uv": [5, 14.75, 4, 15.75], "rotation": 90, "texture": "#2"},
				"up": {"uv": [5, 14.75, 4, 15.75], "rotation": 180, "texture": "#2"},
				"down": {"uv": [5, 14.75, 4, 15.75], "texture": "#2"}
			}
		},
		{
			"name": "octagon",
			"from": [11.44695, 3.82482, 3.68487],
			"to": [12.21698, 4.21645, 6.45489],
			"rotation": {"angle": 0, "axis": "y", "origin": [10.18392, 3.02064, 3.81988]},
			"faces": {
				"north": {"uv": [4, 14.75, 5, 15.75], "rotation": 180, "texture": "#2"},
				"east": {"uv": [5, 15.75, 4, 14.75], "rotation": 90, "texture": "#2"},
				"south": {"uv": [4, 14.75, 5, 15.75], "texture": "#2"},
				"west": {"uv": [5, 15.75, 4, 14.75], "rotation": 270, "texture": "#2"},
				"up": {"uv": [4, 14.75, 5, 15.75], "rotation": 180, "texture": "#2"},
				"down": {"uv": [4, 14.75, 5, 15.75], "texture": "#2"}
			}
		},
		{
			"name": "octagon",
			"from": [7.09695, 2.92482, 2.98487],
			"to": [8.96698, 3.31645, 4.05489],
			"rotation": {"angle": 0, "axis": "y", "origin": [10.18392, 2.82064, 3.81988]},
			"faces": {
				"north": {"uv": [4, 14.75, 5, 15.75], "rotation": 180, "texture": "#2"},
				"east": {"uv": [5, 15.75, 4, 14.75], "rotation": 90, "texture": "#2"},
				"south": {"uv": [4, 14.75, 5, 15.75], "texture": "#2"},
				"west": {"uv": [5, 15.75, 4, 14.75], "rotation": 270, "texture": "#2"},
				"up": {"uv": [4, 14.75, 5, 15.75], "rotation": 180, "texture": "#2"},
				"down": {"uv": [4, 14.75, 5, 15.75], "texture": "#2"}
			}
		},
		{
			"name": "octagon",
			"from": [3.78302, 3.86418, 5.987],
			"to": [4.55305, 4.25581, 7.75702],
			"rotation": {"angle": 22.5, "axis": "x", "origin": [5.81608, 3.06, 6.12201]},
			"faces": {
				"north": {"uv": [5, 14.75, 4, 15.75], "rotation": 180, "texture": "#2"},
				"east": {"uv": [5, 14.75, 4, 15.75], "rotation": 270, "texture": "#2"},
				"south": {"uv": [5, 14.75, 4, 15.75], "texture": "#2"},
				"west": {"uv": [5, 14.75, 4, 15.75], "rotation": 90, "texture": "#2"},
				"up": {"uv": [5, 14.75, 4, 15.75], "rotation": 180, "texture": "#2"},
				"down": {"uv": [5, 14.75, 4, 15.75], "texture": "#2"}
			}
		},
		{
			"name": "octagon",
			"from": [11.44695, 3.86418, 5.987],
			"to": [12.21698, 4.25581, 7.75702],
			"rotation": {"angle": 22.5, "axis": "x", "origin": [10.18392, 3.06, 6.12201]},
			"faces": {
				"north": {"uv": [4, 14.75, 5, 15.75], "rotation": 180, "texture": "#2"},
				"east": {"uv": [5, 15.75, 4, 14.75], "rotation": 90, "texture": "#2"},
				"south": {"uv": [4, 14.75, 5, 15.75], "texture": "#2"},
				"west": {"uv": [5, 15.75, 4, 14.75], "rotation": 270, "texture": "#2"},
				"up": {"uv": [4, 14.75, 5, 15.75], "rotation": 180, "texture": "#2"},
				"down": {"uv": [4, 14.75, 5, 15.75], "texture": "#2"}
			}
		},
		{
			"name": "octagon",
			"from": [6.87619, 2.40809, 3.68487],
			"to": [7.25946, 3.67812, 4.0765],
			"rotation": {"angle": 22.5, "axis": "z", "origin": [5.7264, 3.0431, 3.78068]},
			"faces": {
				"north": {"uv": [5, 14.75, 4, 15.75], "texture": "#2"},
				"east": {"uv": [5, 14.75, 4, 15.75], "texture": "#2"},
				"south": {"uv": [5, 14.75, 4, 15.75], "texture": "#2"},
				"west": {"uv": [5, 14.75, 4, 15.75], "texture": "#2"},
				"up": {"uv": [5, 14.75, 4, 15.75], "texture": "#2"},
				"down": {"uv": [5, 14.75, 4, 15.75], "texture": "#2"}
			}
		},
		{
			"name": "octagon",
			"from": [6.87619, 2.40809, 3.68487],
			"to": [7.25946, 3.67812, 4.0765],
			"rotation": {"angle": -22.5, "axis": "z", "origin": [5.7264, 3.0431, 3.78068]},
			"faces": {
				"north": {"uv": [5, 14.75, 4, 15.75], "texture": "#2"},
				"east": {"uv": [5, 14.75, 4, 15.75], "texture": "#2"},
				"south": {"uv": [5, 14.75, 4, 15.75], "texture": "#2"},
				"west": {"uv": [5, 14.75, 4, 15.75], "texture": "#2"},
				"up": {"uv": [5, 14.75, 4, 15.75], "texture": "#2"},
				"down": {"uv": [5, 14.75, 4, 15.75], "texture": "#2"}
			}
		},
		{
			"from": [7.42, 1.3467, 2.84547],
			"to": [8.58, 2.5067, 4.00547],
			"rotation": {"angle": 0, "axis": "y", "origin": [8, 8.5967, 8.70347]},
			"faces": {
				"north": {"uv": [8, 15.25, 9, 16], "texture": "#0"},
				"east": {"uv": [8, 15.25, 9, 16], "texture": "#0"},
				"south": {"uv": [8, 15.25, 9, 16], "texture": "#0"},
				"west": {"uv": [8, 15.25, 9, 16], "texture": "#0"},
				"up": {"uv": [8, 15.25, 9, 16], "texture": "#0"},
				"down": {"uv": [8, 15.25, 9, 16], "texture": "#0"}
			}
		},
		{
			"from": [7.13, 1.3757, 3.13547],
			"to": [8.87, 2.2167, 4.00547],
			"rotation": {"angle": 0, "axis": "y", "origin": [8, 8.5967, 8.70347]},
			"faces": {
				"north": {"uv": [8, 15.25, 9, 16], "texture": "#0"},
				"east": {"uv": [8, 15.25, 9, 16], "texture": "#0"},
				"south": {"uv": [8, 15.25, 9, 16], "texture": "#0"},
				"west": {"uv": [8, 15.25, 9, 16], "texture": "#0"},
				"up": {"uv": [8, 15.25, 9, 16], "texture": "#0"},
				"down": {"uv": [8, 15.25, 9, 16], "texture": "#0"}
			}
		},
		{
			"from": [7.42, 2.2406, 3.02328],
			"to": [8.58, 4.5606, 4.18328],
			"rotation": {"angle": 22.5, "axis": "x", "origin": [8, 2.8206, 3.60328]},
			"faces": {
				"north": {"uv": [8, 15.25, 9, 16], "texture": "#0"},
				"east": {"uv": [8, 15.25, 9, 16], "texture": "#0"},
				"south": {"uv": [8, 15.25, 9, 16], "texture": "#0"},
				"west": {"uv": [8, 15.25, 9, 16], "texture": "#0"},
				"up": {"uv": [8, 15.25, 9, 16], "texture": "#0"},
				"down": {"uv": [8, 15.25, 9, 16], "texture": "#0"}
			}
		},
		{
			"name": "octagon",
			"from": [8.38849, 0.1983, 3.55307],
			"to": [9.00351, 1.6831, 3.87787],
			"rotation": {"angle": -22.5, "axis": "z", "origin": [8.696, 0.9407, 3.59947]},
			"faces": {
				"north": {"uv": [1, 0, 0, 1], "rotation": 180, "texture": "#1"},
				"east": {"uv": [0, 1, 1, 0], "rotation": 90, "texture": "#1"},
				"south": {"uv": [1, 0, 0, 1], "texture": "#1"},
				"west": {"uv": [0, 1, 1, 0], "rotation": 270, "texture": "#1"},
				"up": {"uv": [1, 0, 0, 1], "rotation": 180, "texture": "#1"},
				"down": {"uv": [1, 0, 0, 1], "texture": "#1"}
			}
		},
		{
			"name": "octagon",
			"from": [8.96849, 0.1983, 3.55307],
			"to": [9.69951, 0.8711, 3.87787],
			"rotation": {"angle": -22.5, "axis": "z", "origin": [8.696, 0.9407, 3.59947]},
			"faces": {
				"north": {"uv": [1, 0, 0, 1], "rotation": 180, "texture": "#1"},
				"east": {"uv": [0, 1, 1, 0], "rotation": 90, "texture": "#1"},
				"south": {"uv": [1, 0, 0, 1], "texture": "#1"},
				"west": {"uv": [0, 1, 1, 0], "rotation": 270, "texture": "#1"},
				"up": {"uv": [1, 0, 0, 1], "rotation": 180, "texture": "#1"},
				"down": {"uv": [1, 0, 0, 1], "texture": "#1"}
			}
		},
		{
			"name": "octagon",
			"from": [9.33902, -0.12921, 3.55307],
			"to": [10.07004, 0.54359, 3.87787],
			"rotation": {"angle": 0, "axis": "z", "origin": [9.70453, 0.20719, 3.71547]},
			"faces": {
				"north": {"uv": [1, 0, 0, 1], "rotation": 180, "texture": "#1"},
				"east": {"uv": [0, 1, 1, 0], "rotation": 90, "texture": "#1"},
				"south": {"uv": [1, 0, 0, 1], "texture": "#1"},
				"west": {"uv": [0, 1, 1, 0], "rotation": 270, "texture": "#1"},
				"up": {"uv": [1, 0, 0, 1], "rotation": 180, "texture": "#1"},
				"down": {"uv": [1, 0, 0, 1], "texture": "#1"}
			}
		},
		{
			"name": "octagon",
			"from": [9.91349, -0.01494, 3.55307],
			"to": [10.44016, 0.8019, 3.87787],
			"rotation": {"angle": 22.5, "axis": "z", "origin": [10.279, 0.32146, 3.71547]},
			"faces": {
				"north": {"uv": [1, 0, 0, 1], "rotation": 180, "texture": "#1"},
				"east": {"uv": [0, 1, 1, 0], "rotation": 90, "texture": "#1"},
				"south": {"uv": [1, 0, 0, 1], "texture": "#1"},
				"west": {"uv": [0, 1, 1, 0], "rotation": 270, "texture": "#1"},
				"up": {"uv": [1, 0, 0, 1], "rotation": 180, "texture": "#1"},
				"down": {"uv": [1, 0, 0, 1], "texture": "#1"}
			}
		},
		{
			"name": "octagon",
			"from": [10.05323, 0.19754, 3.55307],
			"to": [10.63082, 0.77513, 3.87787],
			"rotation": {"angle": -22.5, "axis": "z", "origin": [10.279, 0.32146, 3.71547]},
			"faces": {
				"north": {"uv": [0, 1, 1, 0], "rotation": 90, "texture": "#1"},
				"east": {"uv": [0, 1, 1, 0], "rotation": 90, "texture": "#1"},
				"south": {"uv": [0, 1, 1, 0], "rotation": 90, "texture": "#1"},
				"west": {"uv": [0, 1, 1, 0], "rotation": 270, "texture": "#1"},
				"up": {"uv": [1, 0, 0, 1], "rotation": 180, "texture": "#1"},
				"down": {"uv": [1, 0, 0, 1], "texture": "#1"}
			}
		},
		{
			"name": "octagon",
			"from": [10.17943, 0.46189, 3.55307],
			"to": [10.75702, 0.92349, 3.87787],
			"rotation": {"angle": 22.5, "axis": "z", "origin": [10.40519, 0.58581, 3.71547]},
			"faces": {
				"north": {"uv": [0, 1, 1, 0], "rotation": 90, "texture": "#1"},
				"east": {"uv": [0, 1, 1, 0], "rotation": 90, "texture": "#1"},
				"south": {"uv": [0, 1, 1, 0], "rotation": 90, "texture": "#1"},
				"west": {"uv": [0, 1, 1, 0], "rotation": 270, "texture": "#1"},
				"up": {"uv": [1, 0, 0, 1], "rotation": 180, "texture": "#1"},
				"down": {"uv": [1, 0, 0, 1], "texture": "#1"}
			}
		},
		{
			"name": "octagon",
			"from": [8.98925, 0.7291, 3.55307],
			"to": [9.77805, 1.34412, 3.87787],
			"rotation": {"angle": -45, "axis": "z", "origin": [9.32565, 1.09461, 3.71547]},
			"faces": {
				"north": {"uv": [0, 1, 1, 0], "rotation": 90, "texture": "#1"},
				"east": {"uv": [0, 1, 1, 0], "rotation": 90, "texture": "#1"},
				"south": {"uv": [0, 1, 1, 0], "rotation": 90, "texture": "#1"},
				"west": {"uv": [0, 1, 1, 0], "rotation": 270, "texture": "#1"},
				"up": {"uv": [1, 0, 0, 1], "rotation": 180, "texture": "#1"},
				"down": {"uv": [1, 0, 0, 1], "texture": "#1"}
			}
		},
		{
			"name": "octagon",
			"from": [9.50135, 0.3597, 3.55307],
			"to": [10.17415, 0.97473, 3.87787],
			"rotation": {"angle": -22.5, "axis": "z", "origin": [9.83775, 0.72521, 3.71547]},
			"faces": {
				"north": {"uv": [0, 1, 1, 0], "rotation": 90, "texture": "#1"},
				"east": {"uv": [0, 1, 1, 0], "rotation": 90, "texture": "#1"},
				"south": {"uv": [0, 1, 1, 0], "rotation": 90, "texture": "#1"},
				"west": {"uv": [0, 1, 1, 0], "rotation": 270, "texture": "#1"},
				"up": {"uv": [1, 0, 0, 1], "rotation": 180, "texture": "#1"},
				"down": {"uv": [1, 0, 0, 1], "texture": "#1"}
			}
		},
		{
			"name": "octagon",
			"from": [8.38849, 0.1983, 3.55307],
			"to": [9.00351, 1.6831, 3.87787],
			"rotation": {"angle": 22.5, "axis": "z", "origin": [8.696, 0.9407, 3.59947]},
			"faces": {
				"north": {"uv": [1, 0, 0, 1], "rotation": 180, "texture": "#1"},
				"east": {"uv": [0, 1, 1, 0], "rotation": 90, "texture": "#1"},
				"south": {"uv": [1, 0, 0, 1], "texture": "#1"},
				"west": {"uv": [0, 1, 1, 0], "rotation": 270, "texture": "#1"},
				"up": {"uv": [1, 0, 0, 1], "rotation": 180, "texture": "#1"},
				"down": {"uv": [1, 0, 0, 1], "texture": "#1"}
			}
		},
		{
			"name": "octagon",
			"from": [7.9536, 0.63319, 3.55307],
			"to": [9.4384, 1.24822, 3.87787],
			"rotation": {"angle": -22.5, "axis": "z", "origin": [8.696, 0.9407, 3.59947]},
			"faces": {
				"north": {"uv": [1, 0, 0, 1], "rotation": 180, "texture": "#1"},
				"east": {"uv": [0, 1, 1, 0], "rotation": 90, "texture": "#1"},
				"south": {"uv": [1, 0, 0, 1], "texture": "#1"},
				"west": {"uv": [0, 1, 1, 0], "rotation": 270, "texture": "#1"},
				"up": {"uv": [1, 0, 0, 1], "rotation": 180, "texture": "#1"},
				"down": {"uv": [1, 0, 0, 1], "texture": "#1"}
			}
		},
		{
			"name": "octagon",
			"from": [7.9536, 0.63319, 3.55307],
			"to": [9.4384, 1.24822, 3.87787],
			"rotation": {"angle": 22.5, "axis": "z", "origin": [8.696, 0.9407, 3.59947]},
			"faces": {
				"north": {"uv": [1, 0, 0, 1], "rotation": 180, "texture": "#1"},
				"east": {"uv": [0, 1, 1, 0], "rotation": 90, "texture": "#1"},
				"south": {"uv": [1, 0, 0, 1], "texture": "#1"},
				"west": {"uv": [0, 1, 1, 0], "rotation": 270, "texture": "#1"},
				"up": {"uv": [1, 0, 0, 1], "rotation": 180, "texture": "#1"},
				"down": {"uv": [1, 0, 0, 1], "texture": "#1"}
			}
		},
		{
			"name": "octagon",
			"from": [6.99649, 0.1983, 3.55307],
			"to": [7.61151, 1.6831, 3.87787],
			"rotation": {"angle": 22.5, "axis": "z", "origin": [7.304, 0.9407, 3.59947]},
			"faces": {
				"north": {"uv": [0, 0, 1, 1], "rotation": 180, "texture": "#1"},
				"east": {"uv": [0, 0, 1, 1], "rotation": 270, "texture": "#1"},
				"south": {"uv": [0, 0, 1, 1], "texture": "#1"},
				"west": {"uv": [0, 0, 1, 1], "rotation": 90, "texture": "#1"},
				"up": {"uv": [0, 0, 1, 1], "rotation": 180, "texture": "#1"},
				"down": {"uv": [0, 0, 1, 1], "texture": "#1"}
			}
		},
		{
			"name": "octagon",
			"from": [6.30049, 0.1983, 3.55307],
			"to": [7.03151, 0.8711, 3.87787],
			"rotation": {"angle": 22.5, "axis": "z", "origin": [7.304, 0.9407, 3.59947]},
			"faces": {
				"north": {"uv": [0, 0, 1, 1], "rotation": 180, "texture": "#1"},
				"east": {"uv": [0, 0, 1, 1], "rotation": 270, "texture": "#1"},
				"south": {"uv": [0, 0, 1, 1], "texture": "#1"},
				"west": {"uv": [0, 0, 1, 1], "rotation": 90, "texture": "#1"},
				"up": {"uv": [0, 0, 1, 1], "rotation": 180, "texture": "#1"},
				"down": {"uv": [0, 0, 1, 1], "texture": "#1"}
			}
		},
		{
			"name": "octagon",
			"from": [5.92996, -0.12921, 3.55307],
			"to": [6.66098, 0.54359, 3.87787],
			"rotation": {"angle": 0, "axis": "z", "origin": [6.29547, 0.20719, 3.71547]},
			"faces": {
				"north": {"uv": [0, 0, 1, 1], "rotation": 180, "texture": "#1"},
				"east": {"uv": [0, 0, 1, 1], "rotation": 270, "texture": "#1"},
				"south": {"uv": [0, 0, 1, 1], "texture": "#1"},
				"west": {"uv": [0, 0, 1, 1], "rotation": 90, "texture": "#1"},
				"up": {"uv": [0, 0, 1, 1], "rotation": 180, "texture": "#1"},
				"down": {"uv": [0, 0, 1, 1], "texture": "#1"}
			}
		},
		{
			"name": "octagon",
			"from": [5.55984, -0.01494, 3.55307],
			"to": [6.08651, 0.8019, 3.87787],
			"rotation": {"angle": -22.5, "axis": "z", "origin": [5.721, 0.32146, 3.71547]},
			"faces": {
				"north": {"uv": [0, 0, 1, 1], "rotation": 180, "texture": "#1"},
				"east": {"uv": [0, 0, 1, 1], "rotation": 270, "texture": "#1"},
				"south": {"uv": [0, 0, 1, 1], "texture": "#1"},
				"west": {"uv": [0, 0, 1, 1], "rotation": 90, "texture": "#1"},
				"up": {"uv": [0, 0, 1, 1], "rotation": 180, "texture": "#1"},
				"down": {"uv": [0, 0, 1, 1], "texture": "#1"}
			}
		},
		{
			"name": "octagon",
			"from": [5.36918, 0.19754, 3.55307],
			"to": [5.94677, 0.77513, 3.87787],
			"rotation": {"angle": 22.5, "axis": "z", "origin": [5.721, 0.32146, 3.71547]},
			"faces": {
				"north": {"uv": [0, 0, 1, 1], "rotation": 90, "texture": "#1"},
				"east": {"uv": [0, 0, 1, 1], "rotation": 270, "texture": "#1"},
				"south": {"uv": [0, 0, 1, 1], "rotation": 90, "texture": "#1"},
				"west": {"uv": [0, 0, 1, 1], "rotation": 90, "texture": "#1"},
				"up": {"uv": [0, 0, 1, 1], "rotation": 180, "texture": "#1"},
				"down": {"uv": [0, 0, 1, 1], "texture": "#1"}
			}
		},
		{
			"name": "octagon",
			"from": [5.24298, 0.46189, 3.55307],
			"to": [5.82057, 0.92349, 3.87787],
			"rotation": {"angle": -22.5, "axis": "z", "origin": [5.59481, 0.58581, 3.71547]},
			"faces": {
				"north": {"uv": [0, 0, 1, 1], "rotation": 90, "texture": "#1"},
				"east": {"uv": [0, 0, 1, 1], "rotation": 270, "texture": "#1"},
				"south": {"uv": [0, 0, 1, 1], "rotation": 90, "texture": "#1"},
				"west": {"uv": [0, 0, 1, 1], "rotation": 90, "texture": "#1"},
				"up": {"uv": [0, 0, 1, 1], "rotation": 180, "texture": "#1"},
				"down": {"uv": [0, 0, 1, 1], "texture": "#1"}
			}
		},
		{
			"name": "octagon",
			"from": [6.22195, 0.7291, 3.55307],
			"to": [7.01075, 1.34412, 3.87787],
			"rotation": {"angle": 45, "axis": "z", "origin": [6.67435, 1.09461, 3.71547]},
			"faces": {
				"north": {"uv": [0, 0, 1, 1], "rotation": 90, "texture": "#1"},
				"east": {"uv": [0, 0, 1, 1], "rotation": 270, "texture": "#1"},
				"south": {"uv": [0, 0, 1, 1], "rotation": 90, "texture": "#1"},
				"west": {"uv": [0, 0, 1, 1], "rotation": 90, "texture": "#1"},
				"up": {"uv": [0, 0, 1, 1], "rotation": 180, "texture": "#1"},
				"down": {"uv": [0, 0, 1, 1], "texture": "#1"}
			}
		},
		{
			"name": "octagon",
			"from": [5.82585, 0.3597, 3.55307],
			"to": [6.49865, 0.97473, 3.87787],
			"rotation": {"angle": 22.5, "axis": "z", "origin": [6.16225, 0.72521, 3.71547]},
			"faces": {
				"north": {"uv": [0, 0, 1, 1], "rotation": 90, "texture": "#1"},
				"east": {"uv": [0, 0, 1, 1], "rotation": 270, "texture": "#1"},
				"south": {"uv": [0, 0, 1, 1], "rotation": 90, "texture": "#1"},
				"west": {"uv": [0, 0, 1, 1], "rotation": 90, "texture": "#1"},
				"up": {"uv": [0, 0, 1, 1], "rotation": 180, "texture": "#1"},
				"down": {"uv": [0, 0, 1, 1], "texture": "#1"}
			}
		},
		{
			"name": "octagon",
			"from": [6.99649, 0.1983, 3.55307],
			"to": [7.61151, 1.6831, 3.87787],
			"rotation": {"angle": -22.5, "axis": "z", "origin": [7.304, 0.9407, 3.59947]},
			"faces": {
				"north": {"uv": [0, 0, 1, 1], "rotation": 180, "texture": "#1"},
				"east": {"uv": [0, 0, 1, 1], "rotation": 270, "texture": "#1"},
				"south": {"uv": [0, 0, 1, 1], "texture": "#1"},
				"west": {"uv": [0, 0, 1, 1], "rotation": 90, "texture": "#1"},
				"up": {"uv": [0, 0, 1, 1], "rotation": 180, "texture": "#1"},
				"down": {"uv": [0, 0, 1, 1], "texture": "#1"}
			}
		},
		{
			"name": "octagon",
			"from": [6.5616, 0.63319, 3.55307],
			"to": [8.0464, 1.24822, 3.87787],
			"rotation": {"angle": 22.5, "axis": "z", "origin": [7.304, 0.9407, 3.59947]},
			"faces": {
				"north": {"uv": [0, 0, 1, 1], "rotation": 180, "texture": "#1"},
				"east": {"uv": [0, 0, 1, 1], "rotation": 270, "texture": "#1"},
				"south": {"uv": [0, 0, 1, 1], "texture": "#1"},
				"west": {"uv": [0, 0, 1, 1], "rotation": 90, "texture": "#1"},
				"up": {"uv": [0, 0, 1, 1], "rotation": 180, "texture": "#1"},
				"down": {"uv": [0, 0, 1, 1], "texture": "#1"}
			}
		},
		{
			"name": "octagon",
			"from": [6.5616, 0.63319, 3.55307],
			"to": [8.0464, 1.24822, 3.87787],
			"rotation": {"angle": -22.5, "axis": "z", "origin": [7.304, 0.9407, 3.59947]},
			"faces": {
				"north": {"uv": [0, 0, 1, 1], "rotation": 180, "texture": "#1"},
				"east": {"uv": [0, 0, 1, 1], "rotation": 270, "texture": "#1"},
				"south": {"uv": [0, 0, 1, 1], "texture": "#1"},
				"west": {"uv": [0, 0, 1, 1], "rotation": 90, "texture": "#1"},
				"up": {"uv": [0, 0, 1, 1], "rotation": 180, "texture": "#1"},
				"down": {"uv": [0, 0, 1, 1], "texture": "#1"}
			}
		}
	],
	"display": {
		"thirdperson_righthand": {
			"rotation": [75, 8.25, 0],
			"translation": [0, -1.5, 4.5],
			"scale": [0.64844, 0.64844, 0.64844]
		},
		"thirdperson_lefthand": {
			"rotation": [75, 8.25, 0],
			"translation": [0, -1.5, 4.5],
			"scale": [0.64844, 0.64844, 0.64844]
		},
		"firstperson_righthand": {
			"rotation": [0, 129, 0],
			"translation": [0.75, 6, 0.25],
			"scale": [0.51523, 0.51523, 0.51523]
		},
		"firstperson_lefthand": {
			"rotation": [0, 129, 0],
			"translation": [0.75, 6, 0.25],
			"scale": [0.51523, 0.51523, 0.51523]
		},
		"ground": {
			"translation": [0, 3, 4]
		},
		"gui": {
			"rotation": [30, -147, 0],
			"translation": [-1.75, 8.5, 0],
			"scale": [1.36719, 1.36719, 1.36719]
		},
		"head": {
			"translation": [0, 6.25, 0],
			"scale": [1.6, 1.6, 1.6]
		},
		"fixed": {
			"rotation": [-53, 0, 0],
			"translation": [0, 11, -6.5],
			"scale": [2, 2, 2]
		}
	},
	"groups": [
		{
			"name": "Eyebrows",
			"origin": [9.62406, 4.50431, 3.5838],
			"children": [0, 1]
		},
		{
			"name": "Glasses",
			"origin": [8, 8, 8],
			"children": [
				{
					"name": "octagon",
					"origin": [8, 8, 8],
					"children": [2, 3, 4, 5, 6, 7, 8, 9]
				},
				{
					"name": "octagon",
					"origin": [8, 8, 8],
					"children": [10, 11, 12, 13, 14, 15, 16, 17, 18, 19, 20, 21, 22]
				}
			]
		},
		{
			"name": "Nose",
			"origin": [8, 3.0206, 3.60328],
			"children": [23, 24, 25]
		},
		{
			"name": "Stache",
			"origin": [8, 8, 8],
			"children": [
				{
					"name": "octagon",
					"origin": [8, 8, 8],
					"children": [26, 27, 28, 29, 30, 31, 32, 33, 34, 35, 36]
				},
				{
					"name": "octagon",
					"origin": [8, 8, 8],
					"children": [37, 38, 39, 40, 41, 42, 43, 44, 45, 46, 47]
				}
			]
		}
	]
}