{
	"credit": "Made with Blockbench",
	"textures": {
		"1": "block/MizunoArchive/sea_lantern1",
		"2": "block/wings_angel"
	},
	"elements": [
		{
			"name": "octagon",
			"from": [10.18041, 19.5, 6.07805],
			"to": [11.34041, 20.5, 9.92195],
			"rotation": {"angle": -22.5, "axis": "y", "origin": [6.70041, 20, 8]},
			"faces": {
				"north": {"uv": [5.16, 7, 4, 8], "texture": "#1"},
				"east": {"uv": [6.8439, 3, 3, 4], "texture": "#1"},
				"south": {"uv": [6.16, 4, 5, 5], "texture": "#1"},
				"west": {"uv": [7.8439, 4, 4, 5], "texture": "#1"},
				"up": {"uv": [7, 7.16, 10.8439, 6], "rotation": 270, "texture": "#1"},
				"down": {"uv": [6, 7.16, 9.8439, 6], "rotation": 90, "texture": "#1"}
			}
		},
		{
			"name": "octagon",
			"from": [10.18041, 19.5, 6.07805],
			"to": [11.34041, 20.5, 9.92195],
			"rotation": {"angle": 22.5, "axis": "y", "origin": [6.70041, 20, 8]},
			"faces": {
				"north": {"uv": [5.16, 7, 4, 8], "texture": "#1"},
				"east": {"uv": [6.8439, 3, 3, 4], "texture": "#1"},
				"south": {"uv": [6.16, 4, 5, 5], "texture": "#1"},
				"west": {"uv": [7.8439, 4, 4, 5], "texture": "#1"},
				"up": {"uv": [7, 7.16, 10.8439, 6], "rotation": 270, "texture": "#1"},
				"down": {"uv": [6, 7.16, 9.8439, 6], "rotation": 90, "texture": "#1"}
			}
		},
		{
			"name": "octagon",
			"from": [2.06041, 19.5, 6.07805],
			"to": [3.22041, 20.5, 9.92195],
			"rotation": {"angle": -22.5, "axis": "y", "origin": [6.70041, 20, 8]},
			"faces": {
				"north": {"uv": [5.16, 7, 4, 8], "texture": "#1"},
				"east": {"uv": [6.8439, 3, 3, 4], "texture": "#1"},
				"south": {"uv": [6.16, 4, 5, 5], "texture": "#1"},
				"west": {"uv": [7.8439, 4, 4, 5], "texture": "#1"},
				"up": {"uv": [7, 7.16, 10.8439, 6], "rotation": 270, "texture": "#1"},
				"down": {"uv": [6, 7.16, 9.8439, 6], "rotation": 90, "texture": "#1"}
			}
		},
		{
			"name": "octagon",
			"from": [2.06041, 19.5, 6.07805],
			"to": [3.22041, 20.5, 9.92195],
			"rotation": {"angle": 22.5, "axis": "y", "origin": [6.70041, 20, 8]},
			"faces": {
				"north": {"uv": [5.16, 7, 4, 8], "texture": "#1"},
				"east": {"uv": [6.8439, 3, 3, 4], "texture": "#1"},
				"south": {"uv": [6.16, 4, 5, 5], "texture": "#1"},
				"west": {"uv": [7.8439, 4, 4, 5], "texture": "#1"},
				"up": {"uv": [7, 7.16, 10.8439, 6], "rotation": 270, "texture": "#1"},
				"down": {"uv": [6, 7.16, 9.8439, 6], "rotation": 90, "texture": "#1"}
			}
		},
		{
			"name": "octagon",
			"from": [4.77846, 19.5, 11.48],
			"to": [8.62236, 20.5, 12.64],
			"rotation": {"angle": -22.5, "axis": "y", "origin": [6.70041, 20, 8]},
			"faces": {
				"north": {"uv": [7.8439, 7, 4, 8], "texture": "#1"},
				"east": {"uv": [4.16, 3, 3, 4], "texture": "#1"},
				"south": {"uv": [8.8439, 4, 5, 5], "texture": "#1"},
				"west": {"uv": [5.16, 4, 4, 5], "texture": "#1"},
				"up": {"uv": [7, 9.8439, 8.16, 6], "rotation": 270, "texture": "#1"},
				"down": {"uv": [6, 9.8439, 7.16, 6], "rotation": 90, "texture": "#1"}
			}
		},
		{
			"name": "octagon",
			"from": [4.77846, 19.5, 11.48],
			"to": [8.62236, 20.5, 12.64],
			"rotation": {"angle": 22.5, "axis": "y", "origin": [6.70041, 20, 8]},
			"faces": {
				"north": {"uv": [7.8439, 7, 4, 8], "texture": "#1"},
				"east": {"uv": [4.16, 3, 3, 4], "texture": "#1"},
				"south": {"uv": [8.8439, 4, 5, 5], "texture": "#1"},
				"west": {"uv": [5.16, 4, 4, 5], "texture": "#1"},
				"up": {"uv": [7, 9.8439, 8.16, 6], "rotation": 270, "texture": "#1"},
				"down": {"uv": [6, 9.8439, 7.16, 6], "rotation": 90, "texture": "#1"}
			}
		},
		{
			"name": "octagon",
			"from": [4.77846, 19.5, 3.36],
			"to": [8.62236, 20.5, 4.52],
			"rotation": {"angle": -22.5, "axis": "y", "origin": [6.70041, 20, 8]},
			"faces": {
				"north": {"uv": [7.8439, 7, 4, 8], "texture": "#1"},
				"east": {"uv": [4.16, 3, 3, 4], "texture": "#1"},
				"south": {"uv": [8.8439, 4, 5, 5], "texture": "#1"},
				"west": {"uv": [5.16, 4, 4, 5], "texture": "#1"},
				"up": {"uv": [7, 9.8439, 8.16, 6], "rotation": 270, "texture": "#1"},
				"down": {"uv": [6, 9.8439, 7.16, 6], "rotation": 90, "texture": "#1"}
			}
		},
		{
			"name": "octagon",
			"from": [4.77846, 19.5, 3.36],
			"to": [8.62236, 20.5, 4.52],
			"rotation": {"angle": 22.5, "axis": "y", "origin": [6.70041, 20, 8]},
			"faces": {
				"north": {"uv": [7.8439, 7, 4, 8], "texture": "#1"},
				"east": {"uv": [4.16, 3, 3, 4], "texture": "#1"},
				"south": {"uv": [8.8439, 4, 5, 5], "texture": "#1"},
				"west": {"uv": [5.16, 4, 4, 5], "texture": "#1"},
				"up": {"uv": [7, 9.8439, 8.16, 6], "rotation": 270, "texture": "#1"},
				"down": {"uv": [6, 9.8439, 7.16, 6], "rotation": 90, "texture": "#1"}
			}
		},
		{
			"from": [3.93975, 8.37689, 12.13099],
			"to": [4.93975, 9.30077, 13.7483],
			"rotation": {"angle": -22.5, "axis": "x", "origin": [4.43975, 8.45301, 12.7483]},
			"faces": {
				"north": {"uv": [2, 0, 0, 1.2], "rotation": 180, "texture": "#2"},
				"east": {"uv": [2, 0, 0, 1.2], "rotation": 180, "texture": "#2"},
				"south": {"uv": [2, 0, 0, 1.2], "rotation": 180, "texture": "#2"},
				"west": {"uv": [2, 0, 0, 1.2], "rotation": 180, "texture": "#2"},
				"up": {"uv": [0, 1.2, 2, 0], "rotation": 90, "texture": "#2"},
				"down": {"uv": [0, 1.2, 2, 0], "rotation": 270, "texture": "#2"}
			}
		},
		{
			"from": [3.93975, 7.43438, 11.40634],
			"to": [4.93975, 8.7517, 12.33022],
			"rotation": {"angle": 22.5, "axis": "x", "origin": [4.43975, 7.7517, 12.2541]},
			"faces": {
				"north": {"uv": [0, 1.2, 2, 0], "rotation": 90, "texture": "#2"},
				"east": {"uv": [0, 1.2, 2, 0], "rotation": 90, "texture": "#2"},
				"south": {"uv": [0, 1.2, 2, 0], "rotation": 90, "texture": "#2"},
				"west": {"uv": [0, 1.2, 2, 0], "rotation": 90, "texture": "#2"},
				"up": {"uv": [2, 0, 0, 1.2], "texture": "#2"},
				"down": {"uv": [2, 0, 0, 1.2], "rotation": 180, "texture": "#2"}
			}
		},
		{
			"from": [3.93975, 5.58438, 11.20634],
			"to": [4.93975, 7.5017, 12.53022],
			"rotation": {"angle": 22.5, "axis": "x", "origin": [4.43975, 7.7517, 12.2541]},
			"faces": {
				"north": {"uv": [0, 1.2, 2, 0], "rotation": 270, "texture": "#2"},
				"east": {"uv": [0, 1.2, 2, 0], "rotation": 270, "texture": "#2"},
				"south": {"uv": [0, 1.2, 2, 0], "rotation": 270, "texture": "#2"},
				"west": {"uv": [0, 1.2, 2, 0], "rotation": 270, "texture": "#2"},
				"up": {"uv": [2, 0, 0, 1.2], "rotation": 180, "texture": "#2"},
				"down": {"uv": [2, 0, 0, 1.2], "texture": "#2"}
			}
		},
		{
			"from": [3.93975, 9.47247, 13.40842],
			"to": [4.93975, 10.47247, 15.40842],
			"rotation": {"angle": -45, "axis": "x", "origin": [4.43975, 9.47247, 14.40842]},
			"faces": {
				"north": {"uv": [2, 0, 0, 1.2], "rotation": 180, "texture": "#2"},
				"east": {"uv": [2, 0, 0, 1.2], "rotation": 180, "texture": "#2"},
				"south": {"uv": [2, 0, 0, 1.2], "rotation": 180, "texture": "#2"},
				"west": {"uv": [2, 0, 0, 1.2], "rotation": 180, "texture": "#2"},
				"up": {"uv": [0, 1.2, 2, 0], "rotation": 90, "texture": "#2"},
				"down": {"uv": [0, 1.2, 2, 0], "rotation": 270, "texture": "#2"}
			}
		},
		{
			"from": [3.93975, 12.41002, 15.37123],
			"to": [4.93975, 13.41002, 17.37123],
			"rotation": {"angle": -45, "axis": "x", "origin": [4.43975, 12.41002, 16.37123]},
			"faces": {
				"north": {"uv": [2, 0, 0, 1.2], "rotation": 180, "texture": "#2"},
				"east": {"uv": [2, 0, 0, 1.2], "rotation": 180, "texture": "#2"},
				"south": {"uv": [2, 0, 0, 1.2], "rotation": 180, "texture": "#2"},
				"west": {"uv": [2, 0, 0, 1.2], "rotation": 180, "texture": "#2"},
				"up": {"uv": [0, 1.2, 2, 0], "rotation": 90, "texture": "#2"},
				"down": {"uv": [0, 1.2, 2, 0], "rotation": 270, "texture": "#2"}
			}
		},
		{
			"from": [4.23975, 12.71002, 21.06675],
			"to": [4.63975, 13.11002, 22.36675],
			"rotation": {"angle": 45, "axis": "x", "origin": [4.43975, 12.41002, 22.06675]},
			"faces": {
				"north": {"uv": [2, 0, 0, 1.2], "rotation": 180, "texture": "#2"},
				"east": {"uv": [2, 0, 0, 1.2], "rotation": 180, "texture": "#2"},
				"south": {"uv": [2, 0, 0, 1.2], "rotation": 180, "texture": "#2"},
				"west": {"uv": [2, 0, 0, 1.2], "rotation": 180, "texture": "#2"},
				"up": {"uv": [0, 1.2, 2, 0], "rotation": 90, "texture": "#2"},
				"down": {"uv": [0, 1.2, 2, 0], "rotation": 270, "texture": "#2"}
			}
		},
		{
			"from": [3.93975, 10.10346, 14.49821],
			"to": [4.93975, 12.10346, 15.49821],
			"rotation": {"angle": 22.5, "axis": "x", "origin": [4.43975, 11.10346, 15.49821]},
			"faces": {
				"north": {"uv": [0, 1.2, 2, 0], "rotation": 90, "texture": "#2"},
				"east": {"uv": [0, 1.2, 2, 0], "rotation": 90, "texture": "#2"},
				"south": {"uv": [0, 1.2, 2, 0], "rotation": 90, "texture": "#2"},
				"west": {"uv": [0, 1.2, 2, 0], "rotation": 90, "texture": "#2"},
				"up": {"uv": [2, 0, 0, 1.2], "texture": "#2"},
				"down": {"uv": [2, 0, 0, 1.2], "rotation": 180, "texture": "#2"}
			}
		},
		{
			"from": [3.93975, 13.28304, 16.67779],
			"to": [4.93975, 14.28304, 18.67779],
			"rotation": {"angle": -22.5, "axis": "x", "origin": [4.43975, 13.28304, 17.67779]},
			"faces": {
				"north": {"uv": [2, 0, 0, 1.2], "rotation": 180, "texture": "#2"},
				"east": {"uv": [2, 0, 0, 1.2], "rotation": 180, "texture": "#2"},
				"south": {"uv": [2, 0, 0, 1.2], "rotation": 180, "texture": "#2"},
				"west": {"uv": [2, 0, 0, 1.2], "rotation": 180, "texture": "#2"},
				"up": {"uv": [0, 1.2, 2, 0], "rotation": 90, "texture": "#2"},
				"down": {"uv": [0, 1.2, 2, 0], "rotation": 270, "texture": "#2"}
			}
		},
		{
			"from": [4.13975, 13.48304, 19.76018],
			"to": [4.73975, 14.08304, 21.76018],
			"rotation": {"angle": 22.5, "axis": "x", "origin": [4.43975, 13.28304, 20.76018]},
			"faces": {
				"north": {"uv": [2, 0, 0, 1.2], "rotation": 180, "texture": "#2"},
				"east": {"uv": [2, 0, 0, 1.2], "rotation": 180, "texture": "#2"},
				"south": {"uv": [2, 0, 0, 1.2], "rotation": 180, "texture": "#2"},
				"west": {"uv": [2, 0, 0, 1.2], "rotation": 180, "texture": "#2"},
				"up": {"uv": [0, 1.2, 2, 0], "rotation": 90, "texture": "#2"},
				"down": {"uv": [0, 1.2, 2, 0], "rotation": 270, "texture": "#2"}
			}
		},
		{
			"from": [4.03975, 13.6896, 18.21899],
			"to": [4.83975, 14.4896, 20.21899],
			"rotation": {"angle": 0, "axis": "z", "origin": [4.43975, 13.5896, 19.21899]},
			"faces": {
				"north": {"uv": [2, 0, 0, 1.2], "rotation": 180, "texture": "#2"},
				"east": {"uv": [2, 0, 0, 1.2], "rotation": 180, "texture": "#2"},
				"south": {"uv": [2, 0, 0, 1.2], "rotation": 180, "texture": "#2"},
				"west": {"uv": [2, 0, 0, 1.2], "rotation": 180, "texture": "#2"},
				"up": {"uv": [0, 1.2, 2, 0], "rotation": 90, "texture": "#2"},
				"down": {"uv": [0, 1.2, 2, 0], "rotation": 270, "texture": "#2"}
			}
		},
		{
			"from": [4.43975, 0.7396, 12.21899],
			"to": [4.43975, 13.7396, 25.21899],
			"rotation": {"angle": 0, "axis": "z", "origin": [4.43975, 11.0896, 19.21899]},
			"faces": {
				"north": {"uv": [0, 0, 0, 13], "rotation": 180, "texture": "#2"},
				"east": {"uv": [0, 15, 13, 2], "rotation": 270, "texture": "#2"},
				"south": {"uv": [0, 0, 0, 13], "texture": "#2"},
				"west": {"uv": [2.25, 1, 3.25, 0], "rotation": 90, "texture": "#2"},
				"up": {"uv": [0, 0, 0, 15], "texture": "#2"},
				"down": {"uv": [0, 0, 0, 15], "rotation": 180, "texture": "#2"}
			}
		},
		{
			"from": [4.36107, 0.7396, 12.21899],
			"to": [4.36107, 13.7396, 25.21899],
			"rotation": {"angle": 0, "axis": "z", "origin": [9.96107, 11.0896, 19.21899]},
			"faces": {
				"north": {"uv": [0, 0, 0, 13], "rotation": 180, "texture": "#2"},
				"east": {"uv": [2.25, 0, 3.25, 1], "rotation": 90, "texture": "#2"},
				"south": {"uv": [0, 0, 0, 13], "texture": "#2"},
				"west": {"uv": [0, 2, 13, 15], "rotation": 270, "texture": "#2"},
				"up": {"uv": [0, 0, 0, 15], "texture": "#2"},
				"down": {"uv": [0, 0, 0, 15], "rotation": 180, "texture": "#2"}
			}
		},
		{
			"from": [3.93975, 8.37689, 2.2517],
			"to": [4.93975, 9.30077, 3.86901],
			"rotation": {"angle": 22.5, "axis": "x", "origin": [4.43975, 8.45301, 3.2517]},
			"faces": {
				"north": {"uv": [0, 0, 2, 1.2], "rotation": 180, "texture": "#2"},
				"east": {"uv": [0, 0, 2, 1.2], "rotation": 180, "texture": "#2"},
				"south": {"uv": [0, 0, 2, 1.2], "rotation": 180, "texture": "#2"},
				"west": {"uv": [0, 0, 2, 1.2], "rotation": 180, "texture": "#2"},
				"up": {"uv": [2, 1.2, 0, 0], "rotation": 90, "texture": "#2"},
				"down": {"uv": [2, 1.2, 0, 0], "rotation": 270, "texture": "#2"}
			}
		},
		{
			"from": [3.93975, 7.43438, 3.66978],
			"to": [4.93975, 8.7517, 4.59366],
			"rotation": {"angle": -22.5, "axis": "x", "origin": [4.43975, 7.7517, 3.7459]},
			"faces": {
				"north": {"uv": [0, 0, 2, 1.2], "rotation": 90, "texture": "#2"},
				"east": {"uv": [0, 0, 2, 1.2], "rotation": 90, "texture": "#2"},
				"south": {"uv": [0, 0, 2, 1.2], "rotation": 90, "texture": "#2"},
				"west": {"uv": [0, 0, 2, 1.2], "rotation": 90, "texture": "#2"},
				"up": {"uv": [2, 1.2, 0, 0], "texture": "#2"},
				"down": {"uv": [2, 1.2, 0, 0], "rotation": 180, "texture": "#2"}
			}
		},
		{
			"from": [3.93975, 5.58438, 3.46978],
			"to": [4.93975, 7.5017, 4.79366],
			"rotation": {"angle": -22.5, "axis": "x", "origin": [4.43975, 7.7517, 3.7459]},
			"faces": {
				"north": {"uv": [0, 0, 2, 1.2], "rotation": 270, "texture": "#2"},
				"east": {"uv": [0, 0, 2, 1.2], "rotation": 270, "texture": "#2"},
				"south": {"uv": [0, 0, 2, 1.2], "rotation": 270, "texture": "#2"},
				"west": {"uv": [0, 0, 2, 1.2], "rotation": 270, "texture": "#2"},
				"up": {"uv": [2, 1.2, 0, 0], "rotation": 180, "texture": "#2"},
				"down": {"uv": [2, 1.2, 0, 0], "texture": "#2"}
			}
		},
		{
			"from": [3.93975, 9.47247, 0.59158],
			"to": [4.93975, 10.47247, 2.59158],
			"rotation": {"angle": 45, "axis": "x", "origin": [4.43975, 9.47247, 1.59158]},
			"faces": {
				"north": {"uv": [0, 0, 2, 1.2], "rotation": 180, "texture": "#2"},
				"east": {"uv": [0, 0, 2, 1.2], "rotation": 180, "texture": "#2"},
				"south": {"uv": [0, 0, 2, 1.2], "rotation": 180, "texture": "#2"},
				"west": {"uv": [0, 0, 2, 1.2], "rotation": 180, "texture": "#2"},
				"up": {"uv": [2, 1.2, 0, 0], "rotation": 90, "texture": "#2"},
				"down": {"uv": [2, 1.2, 0, 0], "rotation": 270, "texture": "#2"}
			}
		},
		{
			"from": [3.93975, 12.41002, -1.37123],
			"to": [4.93975, 13.41002, 0.62877],
			"rotation": {"angle": 45, "axis": "x", "origin": [4.43975, 12.41002, -0.37123]},
			"faces": {
				"north": {"uv": [0, 0, 2, 1.2], "rotation": 180, "texture": "#2"},
				"east": {"uv": [0, 0, 2, 1.2], "rotation": 180, "texture": "#2"},
				"south": {"uv": [0, 0, 2, 1.2], "rotation": 180, "texture": "#2"},
				"west": {"uv": [0, 0, 2, 1.2], "rotation": 180, "texture": "#2"},
				"up": {"uv": [2, 1.2, 0, 0], "rotation": 90, "texture": "#2"},
				"down": {"uv": [2, 1.2, 0, 0], "rotation": 270, "texture": "#2"}
			}
		},
		{
			"from": [4.23975, 12.71002, -6.36675],
			"to": [4.63975, 13.11002, -5.06675],
			"rotation": {"angle": -45, "axis": "x", "origin": [4.43975, 12.41002, -6.06675]},
			"faces": {
				"north": {"uv": [0, 0, 2, 1.2], "rotation": 180, "texture": "#2"},
				"east": {"uv": [0, 0, 2, 1.2], "rotation": 180, "texture": "#2"},
				"south": {"uv": [0, 0, 2, 1.2], "rotation": 180, "texture": "#2"},
				"west": {"uv": [0, 0, 2, 1.2], "rotation": 180, "texture": "#2"},
				"up": {"uv": [2, 1.2, 0, 0], "rotation": 90, "texture": "#2"},
				"down": {"uv": [2, 1.2, 0, 0], "rotation": 270, "texture": "#2"}
			}
		},
		{
			"from": [3.93975, 10.10346, 0.50179],
			"to": [4.93975, 12.10346, 1.50179],
			"rotation": {"angle": -22.5, "axis": "x", "origin": [4.43975, 11.10346, 0.50179]},
			"faces": {
				"north": {"uv": [0, 0, 2, 1.2], "rotation": 90, "texture": "#2"},
				"east": {"uv": [0, 0, 2, 1.2], "rotation": 90, "texture": "#2"},
				"south": {"uv": [0, 0, 2, 1.2], "rotation": 90, "texture": "#2"},
				"west": {"uv": [0, 0, 2, 1.2], "rotation": 90, "texture": "#2"},
				"up": {"uv": [2, 1.2, 0, 0], "texture": "#2"},
				"down": {"uv": [2, 1.2, 0, 0], "rotation": 180, "texture": "#2"}
			}
		},
		{
			"from": [3.93975, 13.28304, -2.67779],
			"to": [4.93975, 14.28304, -0.67779],
			"rotation": {"angle": 22.5, "axis": "x", "origin": [4.43975, 13.28304, -1.67779]},
			"faces": {
				"north": {"uv": [0, 0, 2, 1.2], "rotation": 180, "texture": "#2"},
				"east": {"uv": [0, 0, 2, 1.2], "rotation": 180, "texture": "#2"},
				"south": {"uv": [0, 0, 2, 1.2], "rotation": 180, "texture": "#2"},
				"west": {"uv": [0, 0, 2, 1.2], "rotation": 180, "texture": "#2"},
				"up": {"uv": [2, 1.2, 0, 0], "rotation": 90, "texture": "#2"},
				"down": {"uv": [2, 1.2, 0, 0], "rotation": 270, "texture": "#2"}
			}
		},
		{
			"from": [4.13975, 13.48304, -5.76018],
			"to": [4.73975, 14.08304, -3.76018],
			"rotation": {"angle": -22.5, "axis": "x", "origin": [4.43975, 13.28304, -4.76018]},
			"faces": {
				"north": {"uv": [0, 0, 2, 1.2], "rotation": 180, "texture": "#2"},
				"east": {"uv": [0, 0, 2, 1.2], "rotation": 180, "texture": "#2"},
				"south": {"uv": [0, 0, 2, 1.2], "rotation": 180, "texture": "#2"},
				"west": {"uv": [0, 0, 2, 1.2], "rotation": 180, "texture": "#2"},
				"up": {"uv": [2, 1.2, 0, 0], "rotation": 90, "texture": "#2"},
				"down": {"uv": [2, 1.2, 0, 0], "rotation": 270, "texture": "#2"}
			}
		},
		{
			"from": [4.03975, 13.6896, -4.21899],
			"to": [4.83975, 14.4896, -2.21899],
			"rotation": {"angle": 0, "axis": "z", "origin": [4.43975, 13.5896, -3.21899]},
			"faces": {
				"north": {"uv": [0, 0, 2, 1.2], "rotation": 180, "texture": "#2"},
				"east": {"uv": [0, 0, 2, 1.2], "rotation": 180, "texture": "#2"},
				"south": {"uv": [0, 0, 2, 1.2], "rotation": 180, "texture": "#2"},
				"west": {"uv": [0, 0, 2, 1.2], "rotation": 180, "texture": "#2"},
				"up": {"uv": [2, 1.2, 0, 0], "rotation": 90, "texture": "#2"},
				"down": {"uv": [2, 1.2, 0, 0], "rotation": 270, "texture": "#2"}
			}
		},
		{
			"from": [4.43975, 0.7396, -9.21899],
			"to": [4.43975, 13.7396, 3.78101],
			"rotation": {"angle": 0, "axis": "z", "origin": [4.43975, 11.0896, -3.21899]},
			"faces": {
				"north": {"uv": [0, 0, 0, 13], "texture": "#2"},
				"east": {"uv": [0, 2, 13, 15], "rotation": 270, "texture": "#2"},
				"south": {"uv": [0, 0, 0, 13], "rotation": 180, "texture": "#2"},
				"west": {"uv": [2.25, 0, 3.25, 1], "rotation": 90, "texture": "#2"},
				"up": {"uv": [0, 15, 0, 0], "texture": "#2"},
				"down": {"uv": [0, 15, 0, 0], "rotation": 180, "texture": "#2"}
			}
		},
		{
			"from": [4.36107, 0.7396, -9.21899],
			"to": [4.36107, 13.7396, 3.78101],
			"rotation": {"angle": 0, "axis": "z", "origin": [9.96107, 11.0896, -3.21899]},
			"faces": {
				"north": {"uv": [0, 0, 0, 13], "texture": "#2"},
				"east": {"uv": [2.25, 1, 3.25, 0], "rotation": 90, "texture": "#2"},
				"south": {"uv": [0, 0, 0, 13], "rotation": 180, "texture": "#2"},
				"west": {"uv": [0, 15, 13, 2], "rotation": 270, "texture": "#2"},
				"up": {"uv": [0, 15, 0, 0], "texture": "#2"},
				"down": {"uv": [0, 15, 0, 0], "rotation": 180, "texture": "#2"}
			}
		}
	],
	"display": {
		"thirdperson_righthand": {
			"rotation": [75, -12.5, 0],
			"translation": [0, -0.5, 0.25],
			"scale": [0.01, 0.01, 0.01]
		},
		"thirdperson_lefthand": {
			"rotation": [67.5, -90, 0],
			"translation": [-5.5, -1, 10.75]
		},
		"firstperson_righthand": {
			"rotation": [0, -145.25, 0],
			"translation": [-2.25, 4.5, 3],
			"scale": [0.18203, 0.18203, 0.18203]
		},
		"firstperson_lefthand": {
			"rotation": [0, 140.25, 0],
			"translation": [1.25, 0, 3],
			"scale": [0.01, 0.01, 0.01]
		},
		"ground": {
			"translation": [0, 3, 0],
			"scale": [0.5, 0.5, 0.5]
		},
		"gui": {
			"rotation": [30, -68, 0],
			"translation": [0.75, 0, 0],
			"scale": [0.4707, 0.4707, 0.4707]
		},
		"head": {
			"rotation": [0, 90.25, 0],
			"translation": [0, -8, -1.25],
			"scale": [1.6, 1.6, 1.6]
		},
		"fixed": {
			"rotation": [-90, 90, 0],
			"translation": [0, 0, -15.5],
			"scale": [2, 2, 2]
		}
	},
	"groups": [
		{
			"name": "Halo",
			"origin": [8, 8, 8],
			"children": [0, 1, 2, 3, 4, 5, 6, 7]
		},
		{
			"name": "Wing Branch",
			"origin": [-5.86543, 13.44316, 11.56066],
			"children": [8, 9, 10, 11, 12, 13, 14, 15, 16, 17, 18, 19]
		},
		{
			"name": "Wing Branch",
			"origin": [-5.86543, 13.44316, 11.56066],
			"children": [20, 21, 22, 23, 24, 25, 26, 27, 28, 29, 30, 31]
		}
	]
}