{
	"credit": "Made with Blockbench",
	"textures": {
		"1": "block/wings_reddemon"
	},
	"elements": [
		{
			"from": [4.46107, 3.4896, -12.21899],
			"to": [4.46107, 16.4896, 3.78101],
			"rotation": {"angle": 0, "axis": "z", "origin": [9.96107, 13.8396, -4.21899]},
			"faces": {
				"north": {"uv": [0, 0, 0, 13], "texture": "#missing"},
				"east": {"uv": [0, 0, 16, 13.25], "texture": "#1"},
				"south": {"uv": [0, 0, 0, 13], "rotation": 180, "texture": "#missing"},
				"up": {"uv": [0, 15, 0, 0], "texture": "#missing"},
				"down": {"uv": [0, 15, 0, 0], "rotation": 180, "texture": "#missing"}
			}
		},
		{
			"from": [4.38893, 3.4896, -12.21899],
			"to": [4.38893, 16.4896, 3.78101],
			"rotation": {"angle": 0, "axis": "z", "origin": [6.03893, 13.8396, -4.21899]},
			"faces": {
				"north": {"uv": [0, 0, 0, 13], "texture": "#missing"},
				"south": {"uv": [0, 0, 0, 13], "rotation": 180, "texture": "#missing"},
				"west": {"uv": [16, 0, 0, 13.25], "texture": "#1"},
				"up": {"uv": [0, 15, 0, 0], "texture": "#missing"},
				"down": {"uv": [0, 15, 0, 0], "rotation": 180, "texture": "#missing"}
			}
		},
		{
			"from": [3.93975, 8.37689, 2.2517],
			"to": [4.93975, 9.30077, 3.86901],
			"rotation": {"angle": 22.5, "axis": "x", "origin": [4.43975, 8.45301, 3.2517]},
			"faces": {
				"north": {"uv": [0, 15, 2, 16], "rotation": 180, "texture": "#1"},
				"east": {"uv": [0, 15, 2, 16], "rotation": 180, "texture": "#1"},
				"south": {"uv": [0, 15, 2, 16], "rotation": 180, "texture": "#1"},
				"west": {"uv": [0, 15, 2, 16], "rotation": 180, "texture": "#1"},
				"up": {"uv": [0, 15, 2, 16], "rotation": 180, "texture": "#1"},
				"down": {"uv": [0, 15, 2, 16], "rotation": 180, "texture": "#1"}
			}
		},
		{
			"from": [3.93975, 7.43438, 3.66978],
			"to": [4.93975, 8.7517, 4.59366],
			"rotation": {"angle": -22.5, "axis": "x", "origin": [4.43975, 7.7517, 3.7459]},
			"faces": {
				"north": {"uv": [0, 15, 2, 16], "rotation": 90, "texture": "#1"},
				"east": {"uv": [0, 15, 2, 16], "rotation": 90, "texture": "#1"},
				"south": {"uv": [0, 15, 2, 16], "rotation": 90, "texture": "#1"},
				"west": {"uv": [0, 15, 2, 16], "rotation": 90, "texture": "#1"},
				"up": {"uv": [0, 15, 2, 16], "rotation": 90, "texture": "#1"},
				"down": {"uv": [0, 15, 2, 16], "rotation": 90, "texture": "#1"}
			}
		},
		{
			"from": [3.93975, 5.58438, 3.46978],
			"to": [4.93975, 7.5017, 4.79366],
			"rotation": {"angle": -22.5, "axis": "x", "origin": [4.43975, 7.7517, 3.7459]},
			"faces": {
				"north": {"uv": [0, 15, 2, 16], "rotation": 270, "texture": "#1"},
				"east": {"uv": [0, 15, 2, 16], "rotation": 270, "texture": "#1"},
				"south": {"uv": [0, 15, 2, 16], "rotation": 270, "texture": "#1"},
				"west": {"uv": [0, 15, 2, 16], "rotation": 270, "texture": "#1"},
				"up": {"uv": [0, 15, 2, 16], "rotation": 270, "texture": "#1"},
				"down": {"uv": [0, 15, 2, 16], "rotation": 270, "texture": "#1"}
			}
		},
		{
			"from": [3.93975, 9.47247, 0.59158],
			"to": [4.93975, 10.47247, 2.59158],
			"rotation": {"angle": 45, "axis": "x", "origin": [4.43975, 9.47247, 1.59158]},
			"faces": {
				"north": {"uv": [0, 15, 2, 16], "rotation": 180, "texture": "#1"},
				"east": {"uv": [0, 15, 2, 16], "rotation": 180, "texture": "#1"},
				"south": {"uv": [0, 15, 2, 16], "rotation": 180, "texture": "#1"},
				"west": {"uv": [0, 15, 2, 16], "rotation": 180, "texture": "#1"},
				"up": {"uv": [0, 15, 2, 16], "rotation": 180, "texture": "#1"},
				"down": {"uv": [0, 15, 2, 16], "rotation": 180, "texture": "#1"}
			}
		},
		{
			"from": [3.935, 10.3005, 0.46569],
			"to": [4.935, 14.3005, 1.46569],
			"rotation": {"angle": -22.5, "axis": "x", "origin": [4.42173, 11.30084, 0.97571]},
			"faces": {
				"north": {"uv": [0, 15, 2, 16], "rotation": 90, "texture": "#1"},
				"east": {"uv": [0, 15, 2, 16], "rotation": 90, "texture": "#1"},
				"south": {"uv": [0, 15, 2, 16], "rotation": 90, "texture": "#1"},
				"west": {"uv": [0, 15, 2, 16], "rotation": 90, "texture": "#1"},
				"up": {"uv": [0, 15, 2, 16], "rotation": 90, "texture": "#1"},
				"down": {"uv": [0, 15, 2, 16], "rotation": 90, "texture": "#1"}
			}
		},
		{
			"from": [3.93227, 12.69264, -3.6007],
			"to": [4.93227, 13.69264, -0.6007],
			"rotation": {"angle": -22.5, "axis": "x", "origin": [4.41899, 13.18261, -3.60036]},
			"faces": {
				"north": {"uv": [0, 15, 2, 16], "rotation": 180, "texture": "#1"},
				"east": {"uv": [0, 15, 2, 16], "rotation": 180, "texture": "#1"},
				"south": {"uv": [0, 15, 2, 16], "rotation": 180, "texture": "#1"},
				"west": {"uv": [0, 15, 2, 16], "rotation": 180, "texture": "#1"},
				"up": {"uv": [0, 15, 2, 16], "rotation": 180, "texture": "#1"},
				"down": {"uv": [0, 15, 2, 16], "rotation": 180, "texture": "#1"}
			}
		},
		{
			"from": [3.93354, 14.44482, -1.09955],
			"to": [4.93227, 15.44664, 0.31669],
			"rotation": {"angle": 22.5, "axis": "x", "origin": [4.42027, 14.9348, -2.68297]},
			"faces": {
				"north": {"uv": [0, 15, 2, 16], "rotation": 180, "texture": "#1"},
				"east": {"uv": [0, 15, 2, 16], "rotation": 180, "texture": "#1"},
				"south": {"uv": [0, 15, 2, 16], "rotation": 180, "texture": "#1"},
				"west": {"uv": [0, 15, 2, 16], "rotation": 180, "texture": "#1"},
				"up": {"uv": [0, 15, 2, 16], "rotation": 180, "texture": "#1"},
				"down": {"uv": [0, 15, 2, 16], "rotation": 180, "texture": "#1"}
			}
		},
		{
			"from": [3.93386, 15.31091, -0.74955],
			"to": [4.92769, 16.05491, -0.13331],
			"rotation": {"angle": 22.5, "axis": "x", "origin": [4.45665, 14.84002, -2.73297]},
			"faces": {
				"north": {"uv": [0, 15, 0.99383, 15.744], "texture": "#1"},
				"east": {"uv": [0, 15, 0.61624, 15.744], "texture": "#1"},
				"south": {"uv": [0, 15, 0.99383, 15.744], "texture": "#1"},
				"west": {"uv": [0, 15, 0.61624, 15.744], "texture": "#1"},
				"up": {"uv": [0, 15, 0.99383, 15.61624], "texture": "#1"},
				"down": {"uv": [0, 15, 0.99383, 15.61624], "texture": "#1"}
			}
		},
		{
			"from": [3.93592, 17.18229, -9.23608],
			"to": [4.91058, 18.73412, -8.90926],
			"rotation": {"angle": 45, "axis": "x", "origin": [4.38845, 17.94479, -9.2207]},
			"faces": {
				"north": {"uv": [0, 15, 1.55183, 15.97466], "rotation": 270, "texture": "#1"},
				"east": {"uv": [0, 15, 1.55183, 15.32682], "rotation": 270, "texture": "#1"},
				"south": {"uv": [0, 15, 1.55183, 15.97466], "rotation": 270, "texture": "#1"},
				"west": {"uv": [0, 15, 1.55183, 15.32682], "rotation": 270, "texture": "#1"},
				"up": {"uv": [0, 15, 0.32682, 15.97466], "rotation": 270, "texture": "#1"},
				"down": {"uv": [0, 15, 0.32682, 15.97466], "rotation": 270, "texture": "#1"}
			}
		},
		{
			"from": [3.93507, 19.69229, -9.39213],
			"to": [4.9106, 19.90339, -9.12771],
			"rotation": {"angle": 22.5, "axis": "x", "origin": [4.40172, 17.40209, -12.52571]},
			"faces": {
				"north": {"uv": [0, 15, 0.97553, 15.2111], "texture": "#1"},
				"east": {"uv": [0, 15, 0.26442, 15.2111], "texture": "#1"},
				"south": {"uv": [0, 15, 0.97553, 15.2111], "texture": "#1"},
				"west": {"uv": [0, 15, 0.26442, 15.2111], "texture": "#1"},
				"up": {"uv": [0, 15, 0.97553, 15.26442], "texture": "#1"},
				"down": {"uv": [0, 15, 0.97553, 15.26442], "texture": "#1"}
			}
		},
		{
			"from": [3.93613, 16.82241, -8.74105],
			"to": [4.9106, 18.41263, -8.42916],
			"rotation": {"angle": 0, "axis": "x", "origin": [4.38866, 17.58491, -8.90067]},
			"faces": {
				"north": {"uv": [0, 15, 1.59022, 15.97447], "rotation": 270, "texture": "#1"},
				"east": {"uv": [0, 15, 1.59022, 15.31189], "rotation": 270, "texture": "#1"},
				"south": {"uv": [0, 15, 1.59022, 15.97447], "rotation": 270, "texture": "#1"},
				"west": {"uv": [0, 15, 1.59022, 15.31189], "rotation": 270, "texture": "#1"},
				"up": {"uv": [0, 15, 0.31189, 15.97447], "rotation": 270, "texture": "#1"},
				"down": {"uv": [0, 15, 0.31189, 15.97447], "rotation": 270, "texture": "#1"}
			}
		},
		{
			"from": [3.93716, 18.02358, -9.49955],
			"to": [4.91182, 18.6347, -8.68331],
			"rotation": {"angle": 22.5, "axis": "x", "origin": [4.40381, 17.56274, -11.38297]},
			"faces": {
				"north": {"uv": [0, 15, 0.97466, 15.61112], "texture": "#1"},
				"east": {"uv": [0, 15, 0.81624, 15.61112], "texture": "#1"},
				"south": {"uv": [0, 15, 0.97466, 15.61112], "texture": "#1"},
				"west": {"uv": [0, 15, 0.81624, 15.61112], "texture": "#1"},
				"up": {"uv": [0, 15, 0.97466, 15.81624], "texture": "#1"},
				"down": {"uv": [0, 15, 0.97466, 15.81624], "texture": "#1"}
			}
		},
		{
			"from": [3.93716, 18.6347, -9.29955],
			"to": [4.91182, 19.0347, -8.88331],
			"rotation": {"angle": 22.5, "axis": "x", "origin": [4.40381, 17.56274, -11.38297]},
			"faces": {
				"north": {"uv": [0, 15, 0.97466, 15.4], "texture": "#1"},
				"east": {"uv": [0, 15, 0.41624, 15.4], "texture": "#1"},
				"south": {"uv": [0, 15, 0.97466, 15.4], "texture": "#1"},
				"west": {"uv": [0, 15, 0.41624, 15.4], "texture": "#1"},
				"up": {"uv": [0, 15, 0.97466, 15.41624], "texture": "#1"},
				"down": {"uv": [0, 15, 0.97466, 15.41624], "texture": "#1"}
			}
		},
		{
			"from": [3.93387, 16.44755, -0.75086],
			"to": [4.92664, 16.61598, -0.38478],
			"rotation": {"angle": 22.5, "axis": "x", "origin": [4.45666, 14.52465, -2.88444]},
			"faces": {
				"north": {"uv": [0, 15, 0.99277, 15.16843], "texture": "#1"},
				"east": {"uv": [0, 15, 0.36608, 15.16843], "texture": "#1"},
				"south": {"uv": [0, 15, 0.99277, 15.16843], "texture": "#1"},
				"west": {"uv": [0, 15, 0.36608, 15.16843], "texture": "#1"},
				"up": {"uv": [0, 15, 0.99277, 15.36608], "texture": "#1"},
				"down": {"uv": [0, 15, 0.99277, 15.36608], "texture": "#1"}
			}
		},
		{
			"from": [3.93299, 14.21843, -0.16605],
			"to": [4.92664, 15.50021, 0.22526],
			"rotation": {"angle": 0, "axis": "x", "origin": [4.44393, 14.85864, -0.25067]},
			"faces": {
				"north": {"uv": [0, 15, 1.28178, 15.99365], "rotation": 270, "texture": "#1"},
				"east": {"uv": [0, 15, 1.28178, 15.39131], "rotation": 270, "texture": "#1"},
				"south": {"uv": [0, 15, 1.28178, 15.99365], "rotation": 270, "texture": "#1"},
				"west": {"uv": [0, 15, 1.28178, 15.39131], "rotation": 270, "texture": "#1"},
				"up": {"uv": [0, 15, 0.39131, 15.99365], "rotation": 270, "texture": "#1"},
				"down": {"uv": [0, 15, 0.39131, 15.99365], "rotation": 270, "texture": "#1"}
			}
		},
		{
			"from": [3.93281, 14.52059, -0.58608],
			"to": [4.92664, 15.82353, -0.18426],
			"rotation": {"angle": 45, "axis": "x", "origin": [4.44375, 15.1608, -0.5707]},
			"faces": {
				"north": {"uv": [0, 15, 1.30294, 15.99383], "rotation": 270, "texture": "#1"},
				"east": {"uv": [0, 15, 1.30294, 15.40182], "rotation": 270, "texture": "#1"},
				"south": {"uv": [0, 15, 1.30294, 15.99383], "rotation": 270, "texture": "#1"},
				"west": {"uv": [0, 15, 1.30294, 15.40182], "rotation": 270, "texture": "#1"},
				"up": {"uv": [0, 15, 0.40182, 15.99383], "rotation": 270, "texture": "#1"},
				"down": {"uv": [0, 15, 0.40182, 15.99383], "rotation": 270, "texture": "#1"}
			}
		},
		{
			"from": [3.91333, 14.36283, -10.41795],
			"to": [4.91206, 15.36465, -8.9017],
			"rotation": {"angle": 22.5, "axis": "x", "origin": [4.40006, 14.8528, -4.90136]},
			"faces": {
				"north": {"uv": [0, 15, 2, 16], "rotation": 180, "texture": "#1"},
				"east": {"uv": [0, 15, 2, 16], "rotation": 180, "texture": "#1"},
				"south": {"uv": [0, 15, 2, 16], "rotation": 180, "texture": "#1"},
				"west": {"uv": [0, 15, 2, 16], "rotation": 180, "texture": "#1"},
				"up": {"uv": [0, 15, 2, 16], "rotation": 180, "texture": "#1"},
				"down": {"uv": [0, 15, 2, 16], "rotation": 180, "texture": "#1"}
			}
		},
		{
			"from": [3.92729, 12.73471, -6.41309],
			"to": [4.92729, 13.73471, -3.41309],
			"rotation": {"angle": 0, "axis": "x", "origin": [4.41402, 13.22469, -6.41275]},
			"faces": {
				"north": {"uv": [0, 15, 2, 16], "rotation": 180, "texture": "#1"},
				"east": {"uv": [0, 15, 2, 16], "rotation": 180, "texture": "#1"},
				"south": {"uv": [0, 15, 2, 16], "rotation": 180, "texture": "#1"},
				"west": {"uv": [0, 15, 2, 16], "rotation": 180, "texture": "#1"},
				"up": {"uv": [0, 15, 2, 16], "rotation": 180, "texture": "#1"},
				"down": {"uv": [0, 15, 2, 16], "rotation": 180, "texture": "#1"}
			}
		},
		{
			"from": [3.92084, 13.84984, -6.8953],
			"to": [4.92084, 14.84984, -5.9953],
			"rotation": {"angle": 22.5, "axis": "x", "origin": [4.40757, 14.33982, -8.99496]},
			"faces": {
				"north": {"uv": [0, 15, 2, 16], "rotation": 180, "texture": "#1"},
				"east": {"uv": [0, 15, 2, 16], "rotation": 180, "texture": "#1"},
				"south": {"uv": [0, 15, 2, 16], "rotation": 180, "texture": "#1"},
				"west": {"uv": [0, 15, 2, 16], "rotation": 180, "texture": "#1"},
				"up": {"uv": [0, 15, 2, 16], "rotation": 180, "texture": "#1"},
				"down": {"uv": [0, 15, 2, 16], "rotation": 180, "texture": "#1"}
			}
		},
		{
			"from": [3.9192, 13.24437, -8.39187],
			"to": [4.9192, 14.24437, -6.74187],
			"rotation": {"angle": 45, "axis": "x", "origin": [4.38429, 13.76817, -7.18477]},
			"faces": {
				"north": {"uv": [0, 15, 2, 16], "rotation": 180, "texture": "#1"},
				"east": {"uv": [0, 15, 2, 16], "rotation": 180, "texture": "#1"},
				"south": {"uv": [0, 15, 2, 16], "rotation": 180, "texture": "#1"},
				"west": {"uv": [0, 15, 2, 16], "rotation": 180, "texture": "#1"},
				"up": {"uv": [0, 15, 2, 16], "rotation": 180, "texture": "#1"},
				"down": {"uv": [0, 15, 2, 16], "rotation": 180, "texture": "#1"}
			}
		},
		{
			"from": [3.91578, 14.3912, -8.7635],
			"to": [4.91578, 16.7912, -7.7635],
			"rotation": {"angle": -22.5, "axis": "x", "origin": [4.37828, 15.21896, -8.23696]},
			"faces": {
				"north": {"uv": [0, 15, 2, 16], "rotation": 90, "texture": "#1"},
				"east": {"uv": [0, 15, 2, 16], "rotation": 90, "texture": "#1"},
				"south": {"uv": [0, 15, 2, 16], "rotation": 90, "texture": "#1"},
				"west": {"uv": [0, 15, 2, 16], "rotation": 90, "texture": "#1"},
				"up": {"uv": [0, 15, 2, 16], "rotation": 90, "texture": "#1"},
				"down": {"uv": [0, 15, 2, 16], "rotation": 90, "texture": "#1"}
			}
		},
		{
			"from": [3.91459, 15.26059, -11.02801],
			"to": [4.91206, 17.50602, -10.0069],
			"rotation": {"angle": 45, "axis": "x", "origin": [4.36957, 15.99166, -10.49865]},
			"faces": {
				"north": {"uv": [0, 15, 2, 16], "rotation": 270, "texture": "#1"},
				"east": {"uv": [0, 15, 2, 16], "rotation": 270, "texture": "#1"},
				"south": {"uv": [0, 15, 2, 16], "rotation": 270, "texture": "#1"},
				"west": {"uv": [0, 15, 2, 16], "rotation": 270, "texture": "#1"},
				"up": {"uv": [0, 15, 2, 16], "rotation": 270, "texture": "#1"},
				"down": {"uv": [0, 15, 2, 16], "rotation": 270, "texture": "#1"}
			}
		},
		{
			"from": [4.0156, 11.41065, -11.66763],
			"to": [4.8156, 12.81065, -10.86763],
			"rotation": {"angle": 22.5, "axis": "x", "origin": [4.36915, 14.79243, -11.25846]},
			"faces": {
				"north": {"uv": [0, 15, 2, 16], "rotation": 90, "texture": "#1"},
				"east": {"uv": [0, 15, 2, 16], "rotation": 90, "texture": "#1"},
				"south": {"uv": [0, 15, 2, 16], "rotation": 90, "texture": "#1"},
				"west": {"uv": [0, 15, 2, 16], "rotation": 90, "texture": "#1"},
				"up": {"uv": [0, 15, 2, 16], "rotation": 90, "texture": "#1"},
				"down": {"uv": [0, 15, 2, 16], "rotation": 90, "texture": "#1"}
			}
		},
		{
			"from": [4.01724, 9.42509, -12.93272],
			"to": [4.81724, 11.82509, -12.13272],
			"rotation": {"angle": 0, "axis": "x", "origin": [4.3743, 11.15731, -12.53107]},
			"faces": {
				"north": {"uv": [0, 15, 2, 16], "rotation": 90, "texture": "#1"},
				"east": {"uv": [0, 15, 2, 16], "rotation": 90, "texture": "#1"},
				"south": {"uv": [0, 15, 2, 16], "rotation": 90, "texture": "#1"},
				"west": {"uv": [0, 15, 2, 16], "rotation": 90, "texture": "#1"},
				"up": {"uv": [0, 15, 2, 16], "rotation": 90, "texture": "#1"},
				"down": {"uv": [0, 15, 2, 16], "rotation": 90, "texture": "#1"}
			}
		},
		{
			"from": [4.11724, 8.05009, -12.83272],
			"to": [4.71724, 9.45009, -12.23272],
			"rotation": {"angle": 0, "axis": "x", "origin": [4.3743, 11.15731, -12.53107]},
			"faces": {
				"north": {"uv": [0, 15, 2, 16], "rotation": 90, "texture": "#1"},
				"east": {"uv": [0, 15, 2, 16], "rotation": 90, "texture": "#1"},
				"south": {"uv": [0, 15, 2, 16], "rotation": 90, "texture": "#1"},
				"west": {"uv": [0, 15, 2, 16], "rotation": 90, "texture": "#1"},
				"up": {"uv": [0, 15, 2, 16], "rotation": 90, "texture": "#1"},
				"down": {"uv": [0, 15, 2, 16], "rotation": 90, "texture": "#1"}
			}
		},
		{
			"from": [4.11686, 5.88894, -13.05081],
			"to": [4.71686, 8.28894, -12.45081],
			"rotation": {"angle": -22.5, "axis": "x", "origin": [4.37798, 8.71851, -12.34144]},
			"faces": {
				"north": {"uv": [0, 15, 2, 16], "rotation": 90, "texture": "#1"},
				"east": {"uv": [0, 15, 2, 16], "rotation": 90, "texture": "#1"},
				"south": {"uv": [0, 15, 2, 16], "rotation": 90, "texture": "#1"},
				"west": {"uv": [0, 15, 2, 16], "rotation": 90, "texture": "#1"},
				"up": {"uv": [0, 15, 2, 16], "rotation": 90, "texture": "#1"},
				"down": {"uv": [0, 15, 2, 16], "rotation": 90, "texture": "#1"}
			}
		},
		{
			"from": [4.21777, 3.51912, -12.79838],
			"to": [4.61777, 5.91912, -12.39838],
			"rotation": {"angle": -22.5, "axis": "x", "origin": [4.37889, 8.34869, -12.18902]},
			"faces": {
				"north": {"uv": [0, 15, 2, 16], "rotation": 90, "texture": "#1"},
				"east": {"uv": [0, 15, 2, 16], "rotation": 90, "texture": "#1"},
				"south": {"uv": [0, 15, 2, 16], "rotation": 90, "texture": "#1"},
				"west": {"uv": [0, 15, 2, 16], "rotation": 90, "texture": "#1"},
				"up": {"uv": [0, 15, 2, 16], "rotation": 90, "texture": "#1"},
				"down": {"uv": [0, 15, 2, 16], "rotation": 90, "texture": "#1"}
			}
		},
		{
			"from": [3.9156, 12.81065, -11.76763],
			"to": [4.9156, 15.71065, -10.76763],
			"rotation": {"angle": 22.5, "axis": "x", "origin": [4.36915, 14.79243, -11.25846]},
			"faces": {
				"north": {"uv": [0, 15, 2, 16], "rotation": 270, "texture": "#1"},
				"east": {"uv": [0, 15, 2, 16], "rotation": 270, "texture": "#1"},
				"south": {"uv": [0, 15, 2, 16], "rotation": 270, "texture": "#1"},
				"west": {"uv": [0, 15, 2, 16], "rotation": 270, "texture": "#1"},
				"up": {"uv": [0, 15, 2, 16], "rotation": 270, "texture": "#1"},
				"down": {"uv": [0, 15, 2, 16], "rotation": 270, "texture": "#1"}
			}
		},
		{
			"from": [4.46107, 3.4896, 12.21899],
			"to": [4.46107, 16.4896, 28.21899],
			"rotation": {"angle": 0, "axis": "z", "origin": [9.96107, 13.8396, 20.21899]},
			"faces": {
				"north": {"uv": [0, 0, 0, 13], "rotation": 180, "texture": "#missing"},
				"east": {"uv": [16, 0, 0, 13.25], "texture": "#1"},
				"south": {"uv": [0, 0, 0, 13], "texture": "#missing"},
				"up": {"uv": [0, 0, 0, 15], "texture": "#missing"},
				"down": {"uv": [0, 0, 0, 15], "rotation": 180, "texture": "#missing"}
			}
		},
		{
			"from": [4.38893, 3.4896, 12.21899],
			"to": [4.38893, 16.4896, 28.21899],
			"rotation": {"angle": 0, "axis": "z", "origin": [6.03893, 13.8396, 20.21899]},
			"faces": {
				"north": {"uv": [0, 0, 0, 13], "rotation": 180, "texture": "#missing"},
				"south": {"uv": [0, 0, 0, 13], "texture": "#missing"},
				"west": {"uv": [0, 0, 16, 13.25], "texture": "#1"},
				"up": {"uv": [0, 0, 0, 15], "texture": "#missing"},
				"down": {"uv": [0, 0, 0, 15], "rotation": 180, "texture": "#missing"}
			}
		},
		{
			"from": [3.93975, 8.37689, 12.13099],
			"to": [4.93975, 9.30077, 13.7483],
			"rotation": {"angle": -22.5, "axis": "x", "origin": [4.43975, 8.45301, 12.7483]},
			"faces": {
				"north": {"uv": [2, 15, 0, 16], "rotation": 180, "texture": "#1"},
				"east": {"uv": [2, 15, 0, 16], "rotation": 180, "texture": "#1"},
				"south": {"uv": [2, 15, 0, 16], "rotation": 180, "texture": "#1"},
				"west": {"uv": [2, 15, 0, 16], "rotation": 180, "texture": "#1"},
				"up": {"uv": [0, 16, 2, 15], "rotation": 180, "texture": "#1"},
				"down": {"uv": [0, 16, 2, 15], "rotation": 180, "texture": "#1"}
			}
		},
		{
			"from": [3.93975, 7.43438, 11.40634],
			"to": [4.93975, 8.7517, 12.33022],
			"rotation": {"angle": 22.5, "axis": "x", "origin": [4.43975, 7.7517, 12.2541]},
			"faces": {
				"north": {"uv": [0, 16, 2, 15], "rotation": 90, "texture": "#1"},
				"east": {"uv": [0, 16, 2, 15], "rotation": 90, "texture": "#1"},
				"south": {"uv": [0, 16, 2, 15], "rotation": 90, "texture": "#1"},
				"west": {"uv": [0, 16, 2, 15], "rotation": 90, "texture": "#1"},
				"up": {"uv": [2, 15, 0, 16], "rotation": 90, "texture": "#1"},
				"down": {"uv": [2, 15, 0, 16], "rotation": 90, "texture": "#1"}
			}
		},
		{
			"from": [3.93975, 5.58438, 11.20634],
			"to": [4.93975, 7.5017, 12.53022],
			"rotation": {"angle": 22.5, "axis": "x", "origin": [4.43975, 7.7517, 12.2541]},
			"faces": {
				"north": {"uv": [0, 16, 2, 15], "rotation": 270, "texture": "#1"},
				"east": {"uv": [0, 16, 2, 15], "rotation": 270, "texture": "#1"},
				"south": {"uv": [0, 16, 2, 15], "rotation": 270, "texture": "#1"},
				"west": {"uv": [0, 16, 2, 15], "rotation": 270, "texture": "#1"},
				"up": {"uv": [2, 15, 0, 16], "rotation": 270, "texture": "#1"},
				"down": {"uv": [2, 15, 0, 16], "rotation": 270, "texture": "#1"}
			}
		},
		{
			"from": [3.93975, 9.47247, 13.40842],
			"to": [4.93975, 10.47247, 15.40842],
			"rotation": {"angle": -45, "axis": "x", "origin": [4.43975, 9.47247, 14.40842]},
			"faces": {
				"north": {"uv": [2, 15, 0, 16], "rotation": 180, "texture": "#1"},
				"east": {"uv": [2, 15, 0, 16], "rotation": 180, "texture": "#1"},
				"south": {"uv": [2, 15, 0, 16], "rotation": 180, "texture": "#1"},
				"west": {"uv": [2, 15, 0, 16], "rotation": 180, "texture": "#1"},
				"up": {"uv": [0, 16, 2, 15], "rotation": 180, "texture": "#1"},
				"down": {"uv": [0, 16, 2, 15], "rotation": 180, "texture": "#1"}
			}
		},
		{
			"from": [3.935, 10.3005, 14.53431],
			"to": [4.935, 14.3005, 15.53431],
			"rotation": {"angle": 22.5, "axis": "x", "origin": [4.42173, 11.30084, 15.02429]},
			"faces": {
				"north": {"uv": [0, 16, 2, 15], "rotation": 90, "texture": "#1"},
				"east": {"uv": [0, 16, 2, 15], "rotation": 90, "texture": "#1"},
				"south": {"uv": [0, 16, 2, 15], "rotation": 90, "texture": "#1"},
				"west": {"uv": [0, 16, 2, 15], "rotation": 90, "texture": "#1"},
				"up": {"uv": [2, 15, 0, 16], "rotation": 90, "texture": "#1"},
				"down": {"uv": [2, 15, 0, 16], "rotation": 90, "texture": "#1"}
			}
		},
		{
			"from": [3.93227, 12.69264, 16.6007],
			"to": [4.93227, 13.69264, 19.6007],
			"rotation": {"angle": 22.5, "axis": "x", "origin": [4.41899, 13.18261, 19.60036]},
			"faces": {
				"north": {"uv": [2, 15, 0, 16], "rotation": 180, "texture": "#1"},
				"east": {"uv": [2, 15, 0, 16], "rotation": 180, "texture": "#1"},
				"south": {"uv": [2, 15, 0, 16], "rotation": 180, "texture": "#1"},
				"west": {"uv": [2, 15, 0, 16], "rotation": 180, "texture": "#1"},
				"up": {"uv": [0, 16, 2, 15], "rotation": 180, "texture": "#1"},
				"down": {"uv": [0, 16, 2, 15], "rotation": 180, "texture": "#1"}
			}
		},
		{
			"from": [3.93354, 14.44482, 15.68331],
			"to": [4.93227, 15.44664, 17.09955],
			"rotation": {"angle": -22.5, "axis": "x", "origin": [4.42027, 14.9348, 18.68297]},
			"faces": {
				"north": {"uv": [2, 15, 0, 16], "rotation": 180, "texture": "#1"},
				"east": {"uv": [2, 15, 0, 16], "rotation": 180, "texture": "#1"},
				"south": {"uv": [2, 15, 0, 16], "rotation": 180, "texture": "#1"},
				"west": {"uv": [2, 15, 0, 16], "rotation": 180, "texture": "#1"},
				"up": {"uv": [0, 16, 2, 15], "rotation": 180, "texture": "#1"},
				"down": {"uv": [0, 16, 2, 15], "rotation": 180, "texture": "#1"}
			}
		},
		{
			"from": [3.93386, 15.31091, 16.13331],
			"to": [4.92769, 16.05491, 16.74955],
			"rotation": {"angle": -22.5, "axis": "x", "origin": [4.45665, 14.84002, 18.73297]},
			"faces": {
				"north": {"uv": [0.99383, 15, 0, 15.744], "texture": "#1"},
				"east": {"uv": [0.61624, 15, 0, 15.744], "texture": "#1"},
				"south": {"uv": [0.99383, 15, 0, 15.744], "texture": "#1"},
				"west": {"uv": [0.61624, 15, 0, 15.744], "texture": "#1"},
				"up": {"uv": [0, 15.61624, 0.99383, 15], "texture": "#1"},
				"down": {"uv": [0, 15.61624, 0.99383, 15], "texture": "#1"}
			}
		},
		{
			"from": [3.93592, 17.18229, 24.90926],
			"to": [4.91058, 18.73412, 25.23608],
			"rotation": {"angle": -45, "axis": "x", "origin": [4.38845, 17.94479, 25.2207]},
			"faces": {
				"north": {"uv": [0, 15.97466, 1.55183, 15], "rotation": 270, "texture": "#1"},
				"east": {"uv": [0, 15.32682, 1.55183, 15], "rotation": 270, "texture": "#1"},
				"south": {"uv": [0, 15.97466, 1.55183, 15], "rotation": 270, "texture": "#1"},
				"west": {"uv": [0, 15.32682, 1.55183, 15], "rotation": 270, "texture": "#1"},
				"up": {"uv": [0.32682, 15, 0, 15.97466], "rotation": 270, "texture": "#1"},
				"down": {"uv": [0.32682, 15, 0, 15.97466], "rotation": 270, "texture": "#1"}
			}
		},
		{
			"from": [3.93507, 19.69229, 25.12771],
			"to": [4.9106, 19.90339, 25.39213],
			"rotation": {"angle": -22.5, "axis": "x", "origin": [4.40172, 17.40209, 28.52571]},
			"faces": {
				"north": {"uv": [0.97553, 15, 0, 15.2111], "texture": "#1"},
				"east": {"uv": [0.26442, 15, 0, 15.2111], "texture": "#1"},
				"south": {"uv": [0.97553, 15, 0, 15.2111], "texture": "#1"},
				"west": {"uv": [0.26442, 15, 0, 15.2111], "texture": "#1"},
				"up": {"uv": [0, 15.26442, 0.97553, 15], "texture": "#1"},
				"down": {"uv": [0, 15.26442, 0.97553, 15], "texture": "#1"}
			}
		},
		{
			"from": [3.93613, 16.82241, 24.42916],
			"to": [4.9106, 18.41263, 24.74105],
			"rotation": {"angle": 0, "axis": "x", "origin": [4.38866, 17.58491, 24.90067]},
			"faces": {
				"north": {"uv": [0, 15.97447, 1.59022, 15], "rotation": 270, "texture": "#1"},
				"east": {"uv": [0, 15.31189, 1.59022, 15], "rotation": 270, "texture": "#1"},
				"south": {"uv": [0, 15.97447, 1.59022, 15], "rotation": 270, "texture": "#1"},
				"west": {"uv": [0, 15.31189, 1.59022, 15], "rotation": 270, "texture": "#1"},
				"up": {"uv": [0.31189, 15, 0, 15.97447], "rotation": 270, "texture": "#1"},
				"down": {"uv": [0.31189, 15, 0, 15.97447], "rotation": 270, "texture": "#1"}
			}
		},
		{
			"from": [3.93716, 18.02358, 24.68331],
			"to": [4.91182, 18.6347, 25.49955],
			"rotation": {"angle": -22.5, "axis": "x", "origin": [4.40381, 17.56274, 27.38297]},
			"faces": {
				"north": {"uv": [0.97466, 15, 0, 15.61112], "texture": "#1"},
				"east": {"uv": [0.81624, 15, 0, 15.61112], "texture": "#1"},
				"south": {"uv": [0.97466, 15, 0, 15.61112], "texture": "#1"},
				"west": {"uv": [0.81624, 15, 0, 15.61112], "texture": "#1"},
				"up": {"uv": [0, 15.81624, 0.97466, 15], "texture": "#1"},
				"down": {"uv": [0, 15.81624, 0.97466, 15], "texture": "#1"}
			}
		},
		{
			"from": [3.93716, 18.6347, 24.88331],
			"to": [4.91182, 19.0347, 25.29955],
			"rotation": {"angle": -22.5, "axis": "x", "origin": [4.40381, 17.56274, 27.38297]},
			"faces": {
				"north": {"uv": [0.97466, 15, 0, 15.4], "texture": "#1"},
				"east": {"uv": [0.41624, 15, 0, 15.4], "texture": "#1"},
				"south": {"uv": [0.97466, 15, 0, 15.4], "texture": "#1"},
				"west": {"uv": [0.41624, 15, 0, 15.4], "texture": "#1"},
				"up": {"uv": [0, 15.41624, 0.97466, 15], "texture": "#1"},
				"down": {"uv": [0, 15.41624, 0.97466, 15], "texture": "#1"}
			}
		},
		{
			"from": [3.93387, 16.44755, 16.38478],
			"to": [4.92664, 16.61598, 16.75086],
			"rotation": {"angle": -22.5, "axis": "x", "origin": [4.45666, 14.52465, 18.88444]},
			"faces": {
				"north": {"uv": [0.99277, 15, 0, 15.16843], "texture": "#1"},
				"east": {"uv": [0.36608, 15, 0, 15.16843], "texture": "#1"},
				"south": {"uv": [0.99277, 15, 0, 15.16843], "texture": "#1"},
				"west": {"uv": [0.36608, 15, 0, 15.16843], "texture": "#1"},
				"up": {"uv": [0, 15.36608, 0.99277, 15], "texture": "#1"},
				"down": {"uv": [0, 15.36608, 0.99277, 15], "texture": "#1"}
			}
		},
		{
			"from": [3.93299, 14.21843, 15.77474],
			"to": [4.92664, 15.50021, 16.16605],
			"rotation": {"angle": 0, "axis": "x", "origin": [4.44393, 14.85864, 16.25067]},
			"faces": {
				"north": {"uv": [0, 15.99365, 1.28178, 15], "rotation": 270, "texture": "#1"},
				"east": {"uv": [0, 15.39131, 1.28178, 15], "rotation": 270, "texture": "#1"},
				"south": {"uv": [0, 15.99365, 1.28178, 15], "rotation": 270, "texture": "#1"},
				"west": {"uv": [0, 15.39131, 1.28178, 15], "rotation": 270, "texture": "#1"},
				"up": {"uv": [0.39131, 15, 0, 15.99365], "rotation": 270, "texture": "#1"},
				"down": {"uv": [0.39131, 15, 0, 15.99365], "rotation": 270, "texture": "#1"}
			}
		},
		{
			"from": [3.93281, 14.52059, 16.18426],
			"to": [4.92664, 15.82353, 16.58608],
			"rotation": {"angle": -45, "axis": "x", "origin": [4.44375, 15.1608, 16.5707]},
			"faces": {
				"north": {"uv": [0, 15.99383, 1.30294, 15], "rotation": 270, "texture": "#1"},
				"east": {"uv": [0, 15.40182, 1.30294, 15], "rotation": 270, "texture": "#1"},
				"south": {"uv": [0, 15.99383, 1.30294, 15], "rotation": 270, "texture": "#1"},
				"west": {"uv": [0, 15.40182, 1.30294, 15], "rotation": 270, "texture": "#1"},
				"up": {"uv": [0.40182, 15, 0, 15.99383], "rotation": 270, "texture": "#1"},
				"down": {"uv": [0.40182, 15, 0, 15.99383], "rotation": 270, "texture": "#1"}
			}
		},
		{
			"from": [3.91333, 14.36283, 24.9017],
			"to": [4.91206, 15.36465, 26.41795],
			"rotation": {"angle": -22.5, "axis": "x", "origin": [4.40006, 14.8528, 20.90136]},
			"faces": {
				"north": {"uv": [2, 15, 0, 16], "rotation": 180, "texture": "#1"},
				"east": {"uv": [2, 15, 0, 16], "rotation": 180, "texture": "#1"},
				"south": {"uv": [2, 15, 0, 16], "rotation": 180, "texture": "#1"},
				"west": {"uv": [2, 15, 0, 16], "rotation": 180, "texture": "#1"},
				"up": {"uv": [0, 16, 2, 15], "rotation": 180, "texture": "#1"},
				"down": {"uv": [0, 16, 2, 15], "rotation": 180, "texture": "#1"}
			}
		},
		{
			"from": [3.92729, 12.73471, 19.41309],
			"to": [4.92729, 13.73471, 22.41309],
			"rotation": {"angle": 0, "axis": "x", "origin": [4.41402, 13.22469, 22.41275]},
			"faces": {
				"north": {"uv": [2, 15, 0, 16], "rotation": 180, "texture": "#1"},
				"east": {"uv": [2, 15, 0, 16], "rotation": 180, "texture": "#1"},
				"south": {"uv": [2, 15, 0, 16], "rotation": 180, "texture": "#1"},
				"west": {"uv": [2, 15, 0, 16], "rotation": 180, "texture": "#1"},
				"up": {"uv": [0, 16, 2, 15], "rotation": 180, "texture": "#1"},
				"down": {"uv": [0, 16, 2, 15], "rotation": 180, "texture": "#1"}
			}
		},
		{
			"from": [3.92084, 13.84984, 21.9953],
			"to": [4.92084, 14.84984, 22.8953],
			"rotation": {"angle": -22.5, "axis": "x", "origin": [4.40757, 14.33982, 24.99496]},
			"faces": {
				"north": {"uv": [2, 15, 0, 16], "rotation": 180, "texture": "#1"},
				"east": {"uv": [2, 15, 0, 16], "rotation": 180, "texture": "#1"},
				"south": {"uv": [2, 15, 0, 16], "rotation": 180, "texture": "#1"},
				"west": {"uv": [2, 15, 0, 16], "rotation": 180, "texture": "#1"},
				"up": {"uv": [0, 16, 2, 15], "rotation": 180, "texture": "#1"},
				"down": {"uv": [0, 16, 2, 15], "rotation": 180, "texture": "#1"}
			}
		},
		{
			"from": [3.9192, 13.24437, 22.74187],
			"to": [4.9192, 14.24437, 24.39187],
			"rotation": {"angle": -45, "axis": "x", "origin": [4.38429, 13.76817, 23.18477]},
			"faces": {
				"north": {"uv": [2, 15, 0, 16], "rotation": 180, "texture": "#1"},
				"east": {"uv": [2, 15, 0, 16], "rotation": 180, "texture": "#1"},
				"south": {"uv": [2, 15, 0, 16], "rotation": 180, "texture": "#1"},
				"west": {"uv": [2, 15, 0, 16], "rotation": 180, "texture": "#1"},
				"up": {"uv": [0, 16, 2, 15], "rotation": 180, "texture": "#1"},
				"down": {"uv": [0, 16, 2, 15], "rotation": 180, "texture": "#1"}
			}
		},
		{
			"from": [3.91578, 14.3912, 23.7635],
			"to": [4.91578, 16.7912, 24.7635],
			"rotation": {"angle": 22.5, "axis": "x", "origin": [4.37828, 15.21896, 24.23696]},
			"faces": {
				"north": {"uv": [0, 16, 2, 15], "rotation": 90, "texture": "#1"},
				"east": {"uv": [0, 16, 2, 15], "rotation": 90, "texture": "#1"},
				"south": {"uv": [0, 16, 2, 15], "rotation": 90, "texture": "#1"},
				"west": {"uv": [0, 16, 2, 15], "rotation": 90, "texture": "#1"},
				"up": {"uv": [2, 15, 0, 16], "rotation": 90, "texture": "#1"},
				"down": {"uv": [2, 15, 0, 16], "rotation": 90, "texture": "#1"}
			}
		},
		{
			"from": [3.91459, 15.26059, 26.0069],
			"to": [4.91206, 17.50602, 27.02801],
			"rotation": {"angle": -45, "axis": "x", "origin": [4.36957, 15.99166, 26.49865]},
			"faces": {
				"north": {"uv": [0, 16, 2, 15], "rotation": 270, "texture": "#1"},
				"east": {"uv": [0, 16, 2, 15], "rotation": 270, "texture": "#1"},
				"south": {"uv": [0, 16, 2, 15], "rotation": 270, "texture": "#1"},
				"west": {"uv": [0, 16, 2, 15], "rotation": 270, "texture": "#1"},
				"up": {"uv": [2, 15, 0, 16], "rotation": 270, "texture": "#1"},
				"down": {"uv": [2, 15, 0, 16], "rotation": 270, "texture": "#1"}
			}
		},
		{
			"from": [4.0156, 11.41065, 26.86763],
			"to": [4.8156, 12.81065, 27.66763],
			"rotation": {"angle": -22.5, "axis": "x", "origin": [4.36915, 14.79243, 27.25846]},
			"faces": {
				"north": {"uv": [0, 16, 2, 15], "rotation": 90, "texture": "#1"},
				"east": {"uv": [0, 16, 2, 15], "rotation": 90, "texture": "#1"},
				"south": {"uv": [0, 16, 2, 15], "rotation": 90, "texture": "#1"},
				"west": {"uv": [0, 16, 2, 15], "rotation": 90, "texture": "#1"},
				"up": {"uv": [2, 15, 0, 16], "rotation": 90, "texture": "#1"},
				"down": {"uv": [2, 15, 0, 16], "rotation": 90, "texture": "#1"}
			}
		},
		{
			"from": [4.01724, 9.42509, 28.13272],
			"to": [4.81724, 11.82509, 28.93272],
			"rotation": {"angle": 0, "axis": "x", "origin": [4.3743, 11.15731, 28.53107]},
			"faces": {
				"north": {"uv": [0, 16, 2, 15], "rotation": 90, "texture": "#1"},
				"east": {"uv": [0, 16, 2, 15], "rotation": 90, "texture": "#1"},
				"south": {"uv": [0, 16, 2, 15], "rotation": 90, "texture": "#1"},
				"west": {"uv": [0, 16, 2, 15], "rotation": 90, "texture": "#1"},
				"up": {"uv": [2, 15, 0, 16], "rotation": 90, "texture": "#1"},
				"down": {"uv": [2, 15, 0, 16], "rotation": 90, "texture": "#1"}
			}
		},
		{
			"from": [4.11724, 8.05009, 28.23272],
			"to": [4.71724, 9.45009, 28.83272],
			"rotation": {"angle": 0, "axis": "x", "origin": [4.3743, 11.15731, 28.53107]},
			"faces": {
				"north": {"uv": [0, 16, 2, 15], "rotation": 90, "texture": "#1"},
				"east": {"uv": [0, 16, 2, 15], "rotation": 90, "texture": "#1"},
				"south": {"uv": [0, 16, 2, 15], "rotation": 90, "texture": "#1"},
				"west": {"uv": [0, 16, 2, 15], "rotation": 90, "texture": "#1"},
				"up": {"uv": [2, 15, 0, 16], "rotation": 90, "texture": "#1"},
				"down": {"uv": [2, 15, 0, 16], "rotation": 90, "texture": "#1"}
			}
		},
		{
			"from": [4.11686, 5.88894, 28.45081],
			"to": [4.71686, 8.28894, 29.05081],
			"rotation": {"angle": 22.5, "axis": "x", "origin": [4.37798, 8.71851, 28.34144]},
			"faces": {
				"north": {"uv": [0, 16, 2, 15], "rotation": 90, "texture": "#1"},
				"east": {"uv": [0, 16, 2, 15], "rotation": 90, "texture": "#1"},
				"south": {"uv": [0, 16, 2, 15], "rotation": 90, "texture": "#1"},
				"west": {"uv": [0, 16, 2, 15], "rotation": 90, "texture": "#1"},
				"up": {"uv": [2, 15, 0, 16], "rotation": 90, "texture": "#1"},
				"down": {"uv": [2, 15, 0, 16], "rotation": 90, "texture": "#1"}
			}
		},
		{
			"from": [4.21777, 3.51912, 28.39838],
			"to": [4.61777, 5.91912, 28.79838],
			"rotation": {"angle": 22.5, "axis": "x", "origin": [4.37889, 8.34869, 28.18902]},
			"faces": {
				"north": {"uv": [0, 16, 2, 15], "rotation": 90, "texture": "#1"},
				"east": {"uv": [0, 16, 2, 15], "rotation": 90, "texture": "#1"},
				"south": {"uv": [0, 16, 2, 15], "rotation": 90, "texture": "#1"},
				"west": {"uv": [0, 16, 2, 15], "rotation": 90, "texture": "#1"},
				"up": {"uv": [2, 15, 0, 16], "rotation": 90, "texture": "#1"},
				"down": {"uv": [2, 15, 0, 16], "rotation": 90, "texture": "#1"}
			}
		},
		{
			"from": [3.9156, 12.81065, 26.76763],
			"to": [4.9156, 15.71065, 27.76763],
			"rotation": {"angle": -22.5, "axis": "x", "origin": [4.36915, 14.79243, 27.25846]},
			"faces": {
				"north": {"uv": [0, 16, 2, 15], "rotation": 270, "texture": "#1"},
				"east": {"uv": [0, 16, 2, 15], "rotation": 270, "texture": "#1"},
				"south": {"uv": [0, 16, 2, 15], "rotation": 270, "texture": "#1"},
				"west": {"uv": [0, 16, 2, 15], "rotation": 270, "texture": "#1"},
				"up": {"uv": [2, 15, 0, 16], "rotation": 270, "texture": "#1"},
				"down": {"uv": [2, 15, 0, 16], "rotation": 270, "texture": "#1"}
			}
		}
	],
	"display": {
		"thirdperson_righthand": {
			"rotation": [75, -12.5, 0],
			"translation": [0, -0.5, 0.25],
			"scale": [0.01, 0.01, 0.01]
		},
		"thirdperson_lefthand": {
			"rotation": [67.5, -90, 0],
			"translation": [-5.5, -1.25, 10.25]
		},
		"firstperson_righthand": {
			"rotation": [0, -145.25, 0],
			"translation": [-2.25, 4.5, 3],
			"scale": [0.18203, 0.18203, 0.18203]
		},
		"firstperson_lefthand": {
			"rotation": [0, 140.25, 0],
			"translation": [1.25, 0, 3],
			"scale": [0.01, 0.01, 0.01]
		},
		"ground": {
			"scale": [0.5, 0.5, 0.5]
		},
		"gui": {
			"rotation": [30, -68, 0],
			"translation": [0.75, -1.75, 0],
			"scale": [0.4707, 0.4707, 0.4707]
		},
		"head": {
			"rotation": [0, 90.25, 0],
			"translation": [0, -8, -1.25],
			"scale": [1.6, 1.6, 1.6]
		},
		"fixed": {
			"rotation": [-90, 90, 0],
			"translation": [0, 0, -15.5],
			"scale": [2, 2, 2]
		}
	},
	"groups": [
		{
			"name": "Wing",
			"origin": [8, 8, 8],
			"children": [
				{
					"name": "Skin",
					"origin": [9.96107, 11.0896, 19.21899],
					"children": [0, 1]
				},
				{
					"name": "Wing Branch",
					"origin": [-5.86543, 13.44316, 11.56066],
					"children": [2, 3, 4, 5, 6, 7, 8, 9, 10, 11, 12, 13, 14, 15, 16, 17, 18, 19, 20, 21, 22, 23, 24, 25, 26, 27, 28, 29]
				}
			]
		},
		{
			"name": "Wing",
			"origin": [8, 8, 8],
			"children": [
				{
					"name": "Skin",
					"origin": [9.96107, 11.0896, 19.21899],
					"children": [30, 31]
				},
				{
					"name": "Wing Branch",
					"origin": [-5.86543, 13.44316, 11.56066],
					"children": [32, 33, 34, 35, 36, 37, 38, 39, 40, 41, 42, 43, 44, 45, 46, 47, 48, 49, 50, 51, 52, 53, 54, 55, 56, 57, 58, 59]
				}
			]
		}
	]
}