{
	"credit": "Made with Blockbench",
	"textures": {
		"0": "block/MizunoArchive/Cats",
		"1": "block/MizunoArchive/pink_wool",
		"particle": "block/MizunoArchive/Cats"
	},
	"elements": [
		{
			"from": [5.11957, 8.63389, 6.15833],
			"to": [5.82168, 10.03307, 6.85345],
			"rotation": {"angle": 22.5, "axis": "z", "origin": [3.80144, 10.2896, 6.56376]},
			"faces": {
				"north": {"uv": [4.5, 12, 3.75, 12.749], "texture": "#0"},
				"east": {"uv": [4.5, 12, 3.75, 12.749], "texture": "#0"},
				"south": {"uv": [4.5, 12, 3.75, 12.749], "texture": "#0"},
				"west": {"uv": [4.5, 12, 3.75, 12.749], "texture": "#0"},
				"up": {"uv": [4.5, 12, 3.75, 12.749], "texture": "#0"},
				"down": {"uv": [4.5, 12, 3.75, 12.749], "texture": "#0"}
			}
		},
		{
			"from": [1.72859, 8.63318, 6.15845],
			"to": [2.43205, 10.03318, 6.85656],
			"rotation": {"angle": 22.5, "axis": "z", "origin": [3.80144, 10.2896, 6.56376]},
			"faces": {
				"north": {"uv": [4.5, 12, 3.75, 12.749], "texture": "#0"},
				"east": {"uv": [4.5, 12, 3.75, 12.749], "texture": "#0"},
				"south": {"uv": [4.5, 12, 3.75, 12.749], "texture": "#0"},
				"west": {"uv": [4.5, 12, 3.75, 12.749], "texture": "#0"},
				"up": {"uv": [4.5, 12, 3.75, 12.749], "texture": "#0"},
				"down": {"uv": [4.5, 12, 3.75, 12.749], "texture": "#0"}
			}
		},
		{
			"from": [5.63478, 8.33477, 6.15817],
			"to": [6.30163, 9.53311, 6.85253],
			"rotation": {"angle": 0, "axis": "z", "origin": [3.80144, 10.2896, 6.56376]},
			"faces": {
				"north": {"uv": [4.5, 12, 3.75, 12.749], "texture": "#0"},
				"east": {"uv": [4.5, 12, 3.75, 12.749], "texture": "#0"},
				"south": {"uv": [4.5, 12, 3.75, 12.749], "texture": "#0"},
				"west": {"uv": [4.5, 12, 3.75, 12.749], "texture": "#0"},
				"up": {"uv": [4.5, 12, 3.75, 12.749], "texture": "#0"},
				"down": {"uv": [4.5, 12, 3.75, 12.749], "texture": "#0"}
			}
		},
		{
			"from": [4.53861, 7.74078, 6.15833],
			"to": [5.73842, 8.41061, 6.85758],
			"rotation": {"angle": -45, "axis": "z", "origin": [3.80144, 10.2896, 6.56376]},
			"faces": {
				"north": {"uv": [4.5, 12, 3.75, 12.749], "rotation": 90, "texture": "#0"},
				"east": {"uv": [4.5, 12, 3.75, 12.749], "rotation": 90, "texture": "#0"},
				"south": {"uv": [4.5, 12, 3.75, 12.749], "rotation": 90, "texture": "#0"},
				"west": {"uv": [4.5, 12, 3.75, 12.749], "rotation": 90, "texture": "#0"},
				"up": {"uv": [4.5, 12, 3.75, 12.749], "rotation": 90, "texture": "#0"},
				"down": {"uv": [4.5, 12, 3.75, 12.749], "rotation": 90, "texture": "#0"}
			}
		},
		{
			"from": [3.41199, 11.33092, 6.15845],
			"to": [4.81156, 12.0578, 6.85546],
			"rotation": {"angle": -45, "axis": "z", "origin": [3.80144, 10.2896, 6.56376]},
			"faces": {
				"north": {"uv": [4.5, 12, 3.75, 12.749], "rotation": 90, "texture": "#0"},
				"east": {"uv": [4.5, 12, 3.75, 12.749], "rotation": 90, "texture": "#0"},
				"south": {"uv": [4.5, 12, 3.75, 12.749], "rotation": 90, "texture": "#0"},
				"west": {"uv": [4.5, 12, 3.75, 12.749], "rotation": 90, "texture": "#0"},
				"up": {"uv": [4.5, 12, 3.75, 12.749], "rotation": 90, "texture": "#0"},
				"down": {"uv": [4.5, 12, 3.75, 12.749], "rotation": 90, "texture": "#0"}
			}
		},
		{
			"from": [1.9844, 9.25945, 6.1585],
			"to": [2.71073, 10.65902, 6.85551],
			"rotation": {"angle": 0, "axis": "z", "origin": [3.80144, 10.2896, 6.56376]},
			"faces": {
				"north": {"uv": [4.5, 12, 3.75, 12.749], "texture": "#0"},
				"east": {"uv": [4.5, 12, 3.75, 12.749], "texture": "#0"},
				"south": {"uv": [4.5, 12, 3.75, 12.749], "texture": "#0"},
				"west": {"uv": [4.5, 12, 3.75, 12.749], "texture": "#0"},
				"up": {"uv": [4.5, 12, 3.75, 12.749], "texture": "#0"},
				"down": {"uv": [4.5, 12, 3.75, 12.749], "texture": "#0"}
			}
		},
		{
			"from": [2.71785, 11.33522, 6.15852],
			"to": [4.11828, 12.0722, 6.85852],
			"rotation": {"angle": -22.5, "axis": "z", "origin": [3.80144, 10.2896, 6.56376]},
			"faces": {
				"north": {"uv": [4.5, 12, 3.75, 12.749], "rotation": 90, "texture": "#0"},
				"east": {"uv": [4.5, 12, 3.75, 12.749], "rotation": 90, "texture": "#0"},
				"south": {"uv": [4.5, 12, 3.75, 12.749], "rotation": 90, "texture": "#0"},
				"west": {"uv": [4.5, 12, 3.75, 12.749], "rotation": 90, "texture": "#0"},
				"up": {"uv": [4.5, 12, 3.75, 12.749], "rotation": 90, "texture": "#0"},
				"down": {"uv": [4.5, 12, 3.75, 12.749], "rotation": 90, "texture": "#0"}
			}
		},
		{
			"from": [1.9813, 9.93555, 6.15852],
			"to": [2.71785, 11.33555, 6.85852],
			"rotation": {"angle": -22.5, "axis": "z", "origin": [3.80144, 10.2896, 6.56376]},
			"faces": {
				"north": {"uv": [4.5, 12, 3.75, 12.749], "texture": "#0"},
				"east": {"uv": [4.5, 12, 3.75, 12.749], "texture": "#0"},
				"south": {"uv": [4.5, 12, 3.75, 12.749], "texture": "#0"},
				"west": {"uv": [4.5, 12, 3.75, 12.749], "texture": "#0"},
				"up": {"uv": [4.5, 12, 3.75, 12.749], "texture": "#0"},
				"down": {"uv": [4.5, 12, 3.75, 12.749], "texture": "#0"}
			}
		},
		{
			"from": [1.9813, 11.33555, 6.15852],
			"to": [2.71785, 12.0722, 6.85898],
			"rotation": {"angle": -22.5, "axis": "z", "origin": [3.80144, 10.2896, 6.56376]},
			"faces": {
				"north": {"uv": [4.5, 12, 3.75, 12.749], "rotation": 90, "texture": "#0"},
				"east": {"uv": [4.5, 12, 3.75, 12.749], "rotation": 90, "texture": "#0"},
				"south": {"uv": [4.5, 12, 3.75, 12.749], "rotation": 90, "texture": "#0"},
				"west": {"uv": [4.5, 12, 3.75, 12.749], "rotation": 90, "texture": "#0"},
				"up": {"uv": [4.5, 12, 3.75, 12.749], "rotation": 90, "texture": "#0"},
				"down": {"uv": [4.5, 12, 3.75, 12.749], "rotation": 90, "texture": "#0"}
			}
		},
		{
			"from": [10.17375, 8.64243, 6.15833],
			"to": [10.87586, 10.04162, 6.85345],
			"rotation": {"angle": -22.5, "axis": "z", "origin": [12.17479, 10.28239, 6.55527]},
			"faces": {
				"north": {"uv": [3.25, 12, 2.5, 12.749], "texture": "#0"},
				"east": {"uv": [3.25, 12, 2.5, 12.749], "texture": "#0"},
				"south": {"uv": [3.25, 12, 2.5, 12.749], "texture": "#0"},
				"west": {"uv": [3.25, 12, 2.5, 12.749], "texture": "#0"},
				"up": {"uv": [3.25, 12, 2.5, 12.749], "texture": "#0"},
				"down": {"uv": [3.25, 12, 2.5, 12.749], "texture": "#0"}
			}
		},
		{
			"from": [13.56338, 8.64173, 6.15845],
			"to": [14.26684, 10.04172, 6.85656],
			"rotation": {"angle": -22.5, "axis": "z", "origin": [12.17479, 10.28239, 6.55527]},
			"faces": {
				"north": {"uv": [3.25, 12, 2.5, 12.749], "texture": "#0"},
				"east": {"uv": [3.25, 12, 2.5, 12.749], "texture": "#0"},
				"south": {"uv": [3.25, 12, 2.5, 12.749], "texture": "#0"},
				"west": {"uv": [3.25, 12, 2.5, 12.749], "texture": "#0"},
				"up": {"uv": [3.25, 12, 2.5, 12.749], "texture": "#0"},
				"down": {"uv": [3.25, 12, 2.5, 12.749], "texture": "#0"}
			}
		},
		{
			"from": [9.69837, 8.33477, 6.15817],
			"to": [10.36522, 9.53311, 6.85253],
			"rotation": {"angle": 0, "axis": "z", "origin": [12.17479, 10.28239, 6.55527]},
			"faces": {
				"north": {"uv": [3.25, 12, 2.5, 12.749], "texture": "#0"},
				"east": {"uv": [3.25, 12, 2.5, 12.749], "texture": "#0"},
				"south": {"uv": [3.25, 12, 2.5, 12.749], "texture": "#0"},
				"west": {"uv": [3.25, 12, 2.5, 12.749], "texture": "#0"},
				"up": {"uv": [3.25, 12, 2.5, 12.749], "texture": "#0"},
				"down": {"uv": [3.25, 12, 2.5, 12.749], "texture": "#0"}
			}
		},
		{
			"from": [10.25972, 7.72186, 6.15833],
			"to": [11.45954, 8.39169, 6.85758],
			"rotation": {"angle": 45, "axis": "z", "origin": [12.17479, 10.28239, 6.55527]},
			"faces": {
				"north": {"uv": [3.25, 12, 2.5, 12.749], "rotation": 90, "texture": "#0"},
				"east": {"uv": [3.25, 12, 2.5, 12.749], "rotation": 90, "texture": "#0"},
				"south": {"uv": [3.25, 12, 2.5, 12.749], "rotation": 90, "texture": "#0"},
				"west": {"uv": [3.25, 12, 2.5, 12.749], "rotation": 90, "texture": "#0"},
				"up": {"uv": [3.25, 12, 2.5, 12.749], "rotation": 90, "texture": "#0"},
				"down": {"uv": [3.25, 12, 2.5, 12.749], "rotation": 90, "texture": "#0"}
			}
		},
		{
			"from": [11.18658, 11.312, 6.15845],
			"to": [12.58616, 12.03888, 6.85546],
			"rotation": {"angle": 45, "axis": "z", "origin": [12.17479, 10.28239, 6.55527]},
			"faces": {
				"north": {"uv": [3.25, 12, 2.5, 12.749], "rotation": 90, "texture": "#0"},
				"east": {"uv": [3.25, 12, 2.5, 12.749], "rotation": 90, "texture": "#0"},
				"south": {"uv": [3.25, 12, 2.5, 12.749], "rotation": 90, "texture": "#0"},
				"west": {"uv": [3.25, 12, 2.5, 12.749], "rotation": 90, "texture": "#0"},
				"up": {"uv": [3.25, 12, 2.5, 12.749], "rotation": 90, "texture": "#0"},
				"down": {"uv": [3.25, 12, 2.5, 12.749], "rotation": 90, "texture": "#0"}
			}
		},
		{
			"from": [13.28927, 9.25945, 6.1585],
			"to": [14.0156, 10.65902, 6.85551],
			"rotation": {"angle": 0, "axis": "z", "origin": [12.17479, 10.28239, 6.55527]},
			"faces": {
				"north": {"uv": [3.25, 12, 2.5, 12.749], "texture": "#0"},
				"east": {"uv": [3.25, 12, 2.5, 12.749], "texture": "#0"},
				"south": {"uv": [3.25, 12, 2.5, 12.749], "texture": "#0"},
				"west": {"uv": [3.25, 12, 2.5, 12.749], "texture": "#0"},
				"up": {"uv": [3.25, 12, 2.5, 12.749], "texture": "#0"},
				"down": {"uv": [3.25, 12, 2.5, 12.749], "texture": "#0"}
			}
		},
		{
			"from": [11.88267, 11.32557, 6.15852],
			"to": [13.2831, 12.06255, 6.85852],
			"rotation": {"angle": 22.5, "axis": "z", "origin": [12.17479, 10.28239, 6.55527]},
			"faces": {
				"north": {"uv": [3.25, 12, 2.5, 12.749], "rotation": 90, "texture": "#0"},
				"east": {"uv": [3.25, 12, 2.5, 12.749], "rotation": 90, "texture": "#0"},
				"south": {"uv": [3.25, 12, 2.5, 12.749], "rotation": 90, "texture": "#0"},
				"west": {"uv": [3.25, 12, 2.5, 12.749], "rotation": 90, "texture": "#0"},
				"up": {"uv": [3.25, 12, 2.5, 12.749], "rotation": 90, "texture": "#0"},
				"down": {"uv": [3.25, 12, 2.5, 12.749], "rotation": 90, "texture": "#0"}
			}
		},
		{
			"from": [13.2831, 9.9259, 6.15852],
			"to": [14.01965, 11.3259, 6.85852],
			"rotation": {"angle": 22.5, "axis": "z", "origin": [12.17479, 10.28239, 6.55527]},
			"faces": {
				"north": {"uv": [3.25, 12, 2.5, 12.749], "texture": "#0"},
				"east": {"uv": [3.25, 12, 2.5, 12.749], "texture": "#0"},
				"south": {"uv": [3.25, 12, 2.5, 12.749], "texture": "#0"},
				"west": {"uv": [3.25, 12, 2.5, 12.749], "texture": "#0"},
				"up": {"uv": [3.25, 12, 2.5, 12.749], "texture": "#0"},
				"down": {"uv": [3.25, 12, 2.5, 12.749], "texture": "#0"}
			}
		},
		{
			"from": [13.2831, 11.3259, 6.15852],
			"to": [14.01965, 12.06255, 6.85898],
			"rotation": {"angle": 22.5, "axis": "z", "origin": [12.17479, 10.28239, 6.55527]},
			"faces": {
				"north": {"uv": [3.25, 12, 2.5, 12.749], "rotation": 90, "texture": "#0"},
				"east": {"uv": [3.25, 12, 2.5, 12.749], "rotation": 90, "texture": "#0"},
				"south": {"uv": [3.25, 12, 2.5, 12.749], "rotation": 90, "texture": "#0"},
				"west": {"uv": [3.25, 12, 2.5, 12.749], "rotation": 90, "texture": "#0"},
				"up": {"uv": [3.25, 12, 2.5, 12.749], "rotation": 90, "texture": "#0"},
				"down": {"uv": [3.25, 12, 2.5, 12.749], "rotation": 90, "texture": "#0"}
			}
		},
		{
			"from": [2.43205, 7.73318, 6.50845],
			"to": [5.44205, 10.94318, 6.83906],
			"rotation": {"angle": 22.5, "axis": "z", "origin": [3.80144, 10.2896, 6.56376]},
			"faces": {
				"north": {"uv": [1.5, 1.5, 4.51, 4.70999], "texture": "#1"},
				"east": {"uv": [1.5, 1.5, 2.55, 2.55], "texture": "#0"},
				"south": {"uv": [5, 12, 3.75, 14.499], "texture": "#0"},
				"west": {"uv": [1.5, 1.5, 2.55, 2.55], "texture": "#0"},
				"up": {"uv": [1.5, 1.5, 2.55, 2.55], "texture": "#0"},
				"down": {"uv": [1.5, 1.5, 4.51, 1.83061], "texture": "#1"}
			}
		},
		{
			"from": [2.82205, 10.94318, 6.50845],
			"to": [4.77205, 11.82318, 6.83906],
			"rotation": {"angle": 22.5, "axis": "z", "origin": [3.80144, 10.2896, 6.56376]},
			"faces": {
				"north": {"uv": [1.5, 1.5, 3.45, 2.38], "texture": "#1"},
				"east": {"uv": [1.5, 1.5, 2.55, 2.55], "texture": "#0"},
				"south": {"uv": [5, 12.25, 3.5, 12.999], "texture": "#0"},
				"west": {"uv": [1.5, 1.5, 2.55, 2.55], "texture": "#0"},
				"up": {"uv": [1.5, 1.5, 2.55, 2.55], "texture": "#0"},
				"down": {"uv": [1.5, 1.5, 2.55, 2.55], "texture": "#0"}
			}
		},
		{
			"from": [11.22338, 10.95172, 6.50845],
			"to": [13.17338, 11.83172, 6.83906],
			"rotation": {"angle": -22.5, "axis": "z", "origin": [12.17479, 10.28239, 6.55527]},
			"faces": {
				"north": {"uv": [1.5, 1.5, 3.45, 2.38], "texture": "#1"},
				"east": {"uv": [1.5, 1.5, 2.55, 2.55], "texture": "#0"},
				"south": {"uv": [3.25, 12.25, 1.75, 12.999], "texture": "#0"},
				"west": {"uv": [1.5, 1.5, 2.55, 2.55], "texture": "#0"},
				"up": {"uv": [1.5, 1.5, 2.55, 2.55], "texture": "#0"},
				"down": {"uv": [1.5, 1.5, 2.55, 2.55], "texture": "#0"}
			}
		},
		{
			"from": [10.55338, 7.74173, 6.50845],
			"to": [13.56338, 10.95172, 6.83906],
			"rotation": {"angle": -22.5, "axis": "z", "origin": [12.17479, 10.28239, 6.55527]},
			"faces": {
				"north": {"uv": [1.5, 1.5, 4.51, 4.70999], "texture": "#1"},
				"east": {"uv": [1.5, 1.5, 2.55, 2.55], "texture": "#0"},
				"south": {"uv": [3, 12, 1.75, 14.499], "texture": "#0"},
				"west": {"uv": [1.5, 1.5, 2.55, 2.55], "texture": "#0"},
				"up": {"uv": [1.5, 1.5, 2.55, 2.55], "texture": "#0"},
				"down": {"uv": [1.5, 1.5, 4.51, 1.83061], "texture": "#1"}
			}
		}
	],
	"display": {
		"thirdperson_righthand": {
			"rotation": [71.25, 28.25, 0],
			"translation": [0, -1, 0],
			"scale": [0.62891, 0.62891, 0.62891]
		},
		"thirdperson_lefthand": {
			"rotation": [71.25, 28.25, 0],
			"translation": [0, -1, 0],
			"scale": [0.62891, 0.62891, 0.62891]
		},
		"firstperson_righthand": {
			"rotation": [0, 133.25, 0],
			"translation": [0, 2.25, 0],
			"scale": [0.61328, 0.61328, 0.61328]
		},
		"firstperson_lefthand": {
			"rotation": [0, 133.25, 0],
			"translation": [0, 2.25, 0],
			"scale": [0.61328, 0.61328, 0.61328]
		},
		"ground": {
			"translation": [0, -2.5, 0]
		},
		"gui": {
			"rotation": [30, -157, 0],
			"translation": [-0.5, -1, 0],
			"scale": [1.09766, 1.09766, 1.09766]
		},
		"head": {
			"translation": [0, 6, 0],
			"scale": [1.4457, 1.4457, 1.4457]
		},
		"fixed": {
			"translation": [0, -2.75, 3.25],
			"scale": [2, 2, 2]
		}
	},
	"groups": [
		{
			"name": "Ear1",
			"origin": [-2.24959, 5.61185, 0.51212],
			"children": [0, 1, 2, 3, 4, 5, 6, 7, 8]
		},
		{
			"name": "Ear1",
			"origin": [-2.24959, 5.61185, 0.51212],
			"children": [9, 10, 11, 12, 13, 14, 15, 16, 17]
		},
		{
			"name": "Insides",
			"origin": [12.17479, 10.28239, 6.55527],
			"children": [18, 19, 20, 21]
		}
	]
}