{
	"credit": "Made with Blockbench",
	"textures": {
		"0": "block/MizunoArchive/stripped_spruce_log",
		"1": "block/MizunoArchive/stripped_dark_oak_log",
		"2": "block/MizunoArchive/iron_ingot_0",
		"3": "block/MizunoArchive/brown_wool",
		"particle": "block/MizunoArchive/stripped_spruce_log"
	},
	"elements": [
		{
			"from": [5.28443, 22.79289, 7.45472],
			"to": [6.71837, 23.79289, 7.86097],
			"rotation": {"angle": 45, "axis": "y", "origin": [4.71837, 23.29289, 7.67347]},
			"faces": {
				"north": {"uv": [1, 0, 5, 2], "rotation": 180, "texture": "#3"},
				"east": {"uv": [1, 0, 5, 2], "rotation": 180, "texture": "#3"},
				"south": {"uv": [1, 0, 5, 2], "rotation": 180, "texture": "#3"},
				"west": {"uv": [1, 0, 5, 2], "rotation": 180, "texture": "#3"},
				"up": {"uv": [1, 0, 5, 2], "rotation": 180, "texture": "#3"},
				"down": {"uv": [1, 0, 5, 2], "rotation": 180, "texture": "#3"}
			}
		},
		{
			"from": [6, 22.79289, 6.12668],
			"to": [10, 23.79289, 6.50168],
			"rotation": {"angle": 0, "axis": "z", "origin": [8, 23.61538, 9.14628]},
			"faces": {
				"north": {"uv": [1, 0, 9, 2], "rotation": 180, "texture": "#3"},
				"east": {"uv": [1, 0, 9, 2], "rotation": 180, "texture": "#3"},
				"south": {"uv": [1, 0, 9, 2], "rotation": 180, "texture": "#3"},
				"west": {"uv": [1, 0, 9, 2], "rotation": 180, "texture": "#3"},
				"up": {"uv": [1, 0, 9, 2], "rotation": 180, "texture": "#3"},
				"down": {"uv": [1, 0, 9, 2], "rotation": 180, "texture": "#3"}
			}
		},
		{
			"from": [7.5, 23.79289, 6.22043],
			"to": [8.5, 25.79289, 6.43918],
			"rotation": {"angle": 0, "axis": "z", "origin": [8, 25.61538, 9.14628]},
			"faces": {
				"north": {"uv": [1, 11, 1.25, 11.969], "rotation": 180, "texture": "#2"},
				"east": {"uv": [1, 11, 1.25, 11.969], "rotation": 180, "texture": "#2"},
				"south": {"uv": [1, 11, 1.25, 11.969], "rotation": 180, "texture": "#2"},
				"west": {"uv": [1, 11, 1.25, 11.969], "rotation": 180, "texture": "#2"},
				"up": {"uv": [1, 11, 1.25, 11.969], "rotation": 180, "texture": "#2"},
				"down": {"uv": [1, 11, 1.25, 11.969], "rotation": 180, "texture": "#2"}
			}
		},
		{
			"from": [7.5, 26.25, 6.92753],
			"to": [8.5, 26.5, 11.39628],
			"rotation": {"angle": 0, "axis": "z", "origin": [8, 25.61538, 9.14628]},
			"faces": {
				"north": {"uv": [1, 11, 1.25, 11.969], "rotation": 270, "texture": "#2"},
				"east": {"uv": [1, 11, 1.25, 11.969], "rotation": 270, "texture": "#2"},
				"south": {"uv": [1, 11, 1.25, 11.969], "rotation": 270, "texture": "#2"},
				"west": {"uv": [1, 11, 1.25, 11.969], "rotation": 270, "texture": "#2"},
				"up": {"uv": [1, 11, 1.25, 11.969], "rotation": 270, "texture": "#2"},
				"down": {"uv": [1, 11, 1.25, 11.969], "rotation": 270, "texture": "#2"}
			}
		},
		{
			"from": [7.5, 27.58189, 7.21206],
			"to": [8.5, 27.83189, 8.18081],
			"rotation": {"angle": -45, "axis": "x", "origin": [8, 25.61538, 9.14628]},
			"faces": {
				"north": {"uv": [1, 11, 1.25, 11.969], "rotation": 270, "texture": "#2"},
				"east": {"uv": [1, 11, 1.25, 11.969], "rotation": 270, "texture": "#2"},
				"south": {"uv": [1, 11, 1.25, 11.969], "rotation": 270, "texture": "#2"},
				"west": {"uv": [1, 11, 1.25, 11.969], "rotation": 270, "texture": "#2"},
				"up": {"uv": [1, 11, 1.25, 11.969], "rotation": 270, "texture": "#2"},
				"down": {"uv": [1, 11, 1.25, 11.969], "rotation": 270, "texture": "#2"}
			}
		},
		{
			"from": [5.75, 26.25, 8.67753],
			"to": [10.25, 26.5, 9.64628],
			"rotation": {"angle": 0, "axis": "z", "origin": [8, 26.375, 9.14628]},
			"faces": {
				"north": {"uv": [1, 11, 1.25, 11.969], "rotation": 270, "texture": "#2"},
				"east": {"uv": [1, 11, 1.25, 11.969], "rotation": 270, "texture": "#2"},
				"south": {"uv": [1, 11, 1.25, 11.969], "rotation": 270, "texture": "#2"},
				"west": {"uv": [1, 11, 1.25, 11.969], "rotation": 270, "texture": "#2"},
				"up": {"uv": [1, 11, 1.25, 11.969], "rotation": 270, "texture": "#2"},
				"down": {"uv": [1, 11, 1.25, 11.969], "rotation": 270, "texture": "#2"}
			}
		},
		{
			"from": [4.98483, 25.93306, 8.67753],
			"to": [5.98483, 26.18306, 9.64628],
			"rotation": {"angle": 45, "axis": "z", "origin": [5.48483, 26.05806, 9.14628]},
			"faces": {
				"north": {"uv": [1, 11, 1.25, 11.969], "rotation": 270, "texture": "#2"},
				"east": {"uv": [1, 11, 1.25, 11.969], "rotation": 270, "texture": "#2"},
				"south": {"uv": [1, 11, 1.25, 11.969], "rotation": 270, "texture": "#2"},
				"west": {"uv": [1, 11, 1.25, 11.969], "rotation": 270, "texture": "#2"},
				"up": {"uv": [1, 11, 1.25, 11.969], "rotation": 270, "texture": "#2"},
				"down": {"uv": [1, 11, 1.25, 11.969], "rotation": 270, "texture": "#2"}
			}
		},
		{
			"from": [5.04289, 23.79289, 8.67753],
			"to": [5.29289, 25.79289, 9.64628],
			"rotation": {"angle": 0, "axis": "z", "origin": [5.16789, 25.29289, 9.14628]},
			"faces": {
				"north": {"uv": [1, 11, 1.25, 11.969], "rotation": 180, "texture": "#2"},
				"east": {"uv": [1, 11, 1.25, 11.969], "rotation": 180, "texture": "#2"},
				"south": {"uv": [1, 11, 1.25, 11.969], "rotation": 180, "texture": "#2"},
				"west": {"uv": [1, 11, 1.25, 11.969], "rotation": 180, "texture": "#2"},
				"up": {"uv": [1, 11, 1.25, 11.969], "rotation": 180, "texture": "#2"},
				"down": {"uv": [1, 11, 1.25, 11.969], "rotation": 180, "texture": "#2"}
			}
		},
		{
			"from": [4.98605, 22.79289, 7.10938],
			"to": [5.36105, 23.79289, 11.14063],
			"rotation": {"angle": 0, "axis": "y", "origin": [8, 23.29289, 9.14063]},
			"faces": {
				"north": {"uv": [1, 0, 9, 2], "rotation": 180, "texture": "#3"},
				"east": {"uv": [1, 0, 9, 2], "rotation": 180, "texture": "#3"},
				"south": {"uv": [1, 0, 9, 2], "rotation": 180, "texture": "#3"},
				"west": {"uv": [1, 0, 9, 2], "rotation": 180, "texture": "#3"},
				"up": {"uv": [1, 0, 9, 2], "rotation": 180, "texture": "#3"},
				"down": {"uv": [1, 0, 9, 2], "rotation": 180, "texture": "#3"}
			}
		},
		{
			"from": [5.28443, 22.79289, 10.42028],
			"to": [6.71837, 23.79289, 10.79528],
			"rotation": {"angle": -45, "axis": "y", "origin": [4.71837, 23.29289, 10.60778]},
			"faces": {
				"north": {"uv": [1, 0, 5, 2], "rotation": 180, "texture": "#3"},
				"east": {"uv": [1, 0, 5, 2], "rotation": 180, "texture": "#3"},
				"south": {"uv": [1, 0, 5, 2], "rotation": 180, "texture": "#3"},
				"west": {"uv": [1, 0, 5, 2], "rotation": 180, "texture": "#3"},
				"up": {"uv": [1, 0, 5, 2], "rotation": 180, "texture": "#3"},
				"down": {"uv": [1, 0, 5, 2], "rotation": 180, "texture": "#3"}
			}
		},
		{
			"from": [6, 22.79289, 11.77957],
			"to": [10, 23.79289, 12.15457],
			"rotation": {"angle": 0, "axis": "z", "origin": [8, 23.61538, 9.13497]},
			"faces": {
				"north": {"uv": [5, 0, 13, 2], "rotation": 180, "texture": "#3"},
				"east": {"uv": [5, 0, 13, 2], "rotation": 180, "texture": "#3"},
				"south": {"uv": [5, 0, 13, 2], "rotation": 180, "texture": "#3"},
				"west": {"uv": [5, 0, 13, 2], "rotation": 180, "texture": "#3"},
				"up": {"uv": [5, 0, 13, 2], "rotation": 180, "texture": "#3"},
				"down": {"uv": [5, 0, 13, 2], "rotation": 180, "texture": "#3"}
			}
		},
		{
			"from": [7.5, 23.79289, 11.85339],
			"to": [8.5, 25.79289, 12.10339],
			"rotation": {"angle": 0, "axis": "z", "origin": [8, 25.61538, 9.14628]},
			"faces": {
				"north": {"uv": [1, 11, 1.25, 11.969], "rotation": 180, "texture": "#2"},
				"east": {"uv": [1, 11, 1.25, 11.969], "rotation": 180, "texture": "#2"},
				"south": {"uv": [1, 11, 1.25, 11.969], "rotation": 180, "texture": "#2"},
				"west": {"uv": [1, 11, 1.25, 11.969], "rotation": 180, "texture": "#2"},
				"up": {"uv": [1, 11, 1.25, 11.969], "rotation": 180, "texture": "#2"},
				"down": {"uv": [1, 11, 1.25, 11.969], "rotation": 180, "texture": "#2"}
			}
		},
		{
			"from": [7.5, 27.58189, 10.11175],
			"to": [8.5, 27.83189, 11.11175],
			"rotation": {"angle": 45, "axis": "x", "origin": [8, 25.61538, 9.14628]},
			"faces": {
				"north": {"uv": [1, 11, 1.25, 11.969], "rotation": 270, "texture": "#2"},
				"east": {"uv": [1, 11, 1.25, 11.969], "rotation": 270, "texture": "#2"},
				"south": {"uv": [1, 11, 1.25, 11.969], "rotation": 270, "texture": "#2"},
				"west": {"uv": [1, 11, 1.25, 11.969], "rotation": 270, "texture": "#2"},
				"up": {"uv": [1, 11, 1.25, 11.969], "rotation": 270, "texture": "#2"},
				"down": {"uv": [1, 11, 1.25, 11.969], "rotation": 270, "texture": "#2"}
			}
		},
		{
			"from": [9.28163, 22.79289, 10.42028],
			"to": [10.71557, 23.79289, 10.79528],
			"rotation": {"angle": 45, "axis": "y", "origin": [11.28163, 23.29289, 10.60778]},
			"faces": {
				"north": {"uv": [1, 0, 5, 2], "rotation": 180, "texture": "#3"},
				"east": {"uv": [1, 0, 5, 2], "rotation": 180, "texture": "#3"},
				"south": {"uv": [1, 0, 5, 2], "rotation": 180, "texture": "#3"},
				"west": {"uv": [1, 0, 5, 2], "rotation": 180, "texture": "#3"},
				"up": {"uv": [1, 0, 5, 2], "rotation": 180, "texture": "#3"},
				"down": {"uv": [1, 0, 5, 2], "rotation": 180, "texture": "#3"}
			}
		},
		{
			"from": [10.63895, 22.79289, 7.14063],
			"to": [11.01395, 23.79289, 11.14063],
			"rotation": {"angle": 0, "axis": "y", "origin": [8, 23.29289, 9.14063]},
			"faces": {
				"north": {"uv": [1.375, 0, 9.375, 2], "rotation": 180, "texture": "#3"},
				"east": {"uv": [1.375, 0, 9.375, 2], "rotation": 180, "texture": "#3"},
				"south": {"uv": [1.375, 0, 9.375, 2], "rotation": 180, "texture": "#3"},
				"west": {"uv": [1.375, 0, 9.375, 2], "rotation": 180, "texture": "#3"},
				"up": {"uv": [1.375, 0, 9.375, 2], "rotation": 180, "texture": "#3"},
				"down": {"uv": [1.375, 0, 9.375, 2], "rotation": 180, "texture": "#3"}
			}
		},
		{
			"from": [9.28163, 22.79289, 7.48597],
			"to": [10.71557, 23.79289, 7.86097],
			"rotation": {"angle": -45, "axis": "y", "origin": [11.28163, 23.29289, 7.67347]},
			"faces": {
				"north": {"uv": [1, 0, 5, 2], "rotation": 180, "texture": "#3"},
				"east": {"uv": [1, 0, 5, 2], "rotation": 180, "texture": "#3"},
				"south": {"uv": [1, 0, 5, 2], "rotation": 180, "texture": "#3"},
				"west": {"uv": [1, 0, 5, 2], "rotation": 180, "texture": "#3"},
				"up": {"uv": [1, 0, 5, 2], "rotation": 180, "texture": "#3"},
				"down": {"uv": [1, 0, 5, 2], "rotation": 180, "texture": "#3"}
			}
		},
		{
			"from": [10.70711, 23.79289, 8.64628],
			"to": [10.95711, 25.79289, 9.64628],
			"rotation": {"angle": 0, "axis": "z", "origin": [10.83211, 25.29289, 9.14628]},
			"faces": {
				"north": {"uv": [1, 11, 1.25, 11.969], "rotation": 180, "texture": "#2"},
				"east": {"uv": [1, 11, 1.25, 11.969], "rotation": 180, "texture": "#2"},
				"south": {"uv": [1, 11, 1.25, 11.969], "rotation": 180, "texture": "#2"},
				"west": {"uv": [1, 11, 1.25, 11.969], "rotation": 180, "texture": "#2"},
				"up": {"uv": [1, 11, 1.25, 11.969], "rotation": 180, "texture": "#2"},
				"down": {"uv": [1, 11, 1.25, 11.969], "rotation": 180, "texture": "#2"}
			}
		},
		{
			"from": [10.01517, 25.93306, 8.64628],
			"to": [11.01517, 26.18306, 9.64628],
			"rotation": {"angle": -45, "axis": "z", "origin": [10.51517, 26.05806, 9.14628]},
			"faces": {
				"north": {"uv": [1, 11, 1.25, 11.969], "rotation": 270, "texture": "#2"},
				"east": {"uv": [1, 11, 1.25, 11.969], "rotation": 270, "texture": "#2"},
				"south": {"uv": [1, 11, 1.25, 11.969], "rotation": 270, "texture": "#2"},
				"west": {"uv": [1, 11, 1.25, 11.969], "rotation": 270, "texture": "#2"},
				"up": {"uv": [1, 11, 1.25, 11.969], "rotation": 270, "texture": "#2"},
				"down": {"uv": [1, 11, 1.25, 11.969], "rotation": 270, "texture": "#2"}
			}
		},
		{
			"from": [7.5, 26.5, 8.64628],
			"to": [8.5, 27, 9.64628],
			"rotation": {"angle": 0, "axis": "y", "origin": [4.75, 29, 11.89628]},
			"faces": {
				"north": {"uv": [3, 10, 4, 10.5], "texture": "#2"},
				"east": {"uv": [3, 10, 4, 10.5], "texture": "#2"},
				"south": {"uv": [3, 10, 4, 10.5], "texture": "#2"},
				"west": {"uv": [3, 10, 4, 10.5], "texture": "#2"},
				"up": {"uv": [3, 10, 4, 10.5], "texture": "#2"},
				"down": {"uv": [3, 10, 4, 10.5], "texture": "#2"}
			}
		},
		{
			"from": [7.59375, 27, 8.74003],
			"to": [8.40625, 27.5, 9.55253],
			"rotation": {"angle": 0, "axis": "y", "origin": [4.75, 29.5, 11.89628]},
			"faces": {
				"north": {"uv": [3, 10, 4, 10.5], "texture": "#2"},
				"east": {"uv": [3, 10, 4, 10.5], "texture": "#2"},
				"south": {"uv": [3, 10, 4, 10.5], "texture": "#2"},
				"west": {"uv": [3, 10, 4, 10.5], "texture": "#2"},
				"up": {"uv": [3, 10, 4, 10.5], "texture": "#2"},
				"down": {"uv": [3, 10, 4, 10.5], "texture": "#2"}
			}
		},
		{
			"from": [7.75, 26.5, 8.89628],
			"to": [8.25, 30, 9.39628],
			"rotation": {"angle": 0, "axis": "y", "origin": [4.75, 29, 11.89628]},
			"faces": {
				"north": {"uv": [1, 1, 10, 2], "rotation": 90, "texture": "#2"},
				"east": {"uv": [1, 1, 10, 2], "rotation": 90, "texture": "#2"},
				"south": {"uv": [1, 1, 10, 2], "rotation": 90, "texture": "#2"},
				"west": {"uv": [1, 1, 10, 2], "rotation": 90, "texture": "#2"},
				"up": {"uv": [1, 1, 10, 2], "rotation": 90, "texture": "#2"},
				"down": {"uv": [1, 1, 10, 2], "rotation": 90, "texture": "#2"}
			}
		},
		{
			"from": [7.75, 26.56066, 11.05314],
			"to": [8.25, 28.70711, 11.55314],
			"rotation": {"angle": 45, "axis": "x", "origin": [4.75, 30.88388, 14.12636]},
			"faces": {
				"north": {"uv": [4, 4, 7, 5], "rotation": 270, "texture": "#2"},
				"east": {"uv": [4, 4, 7, 5], "rotation": 270, "texture": "#2"},
				"south": {"uv": [4, 4, 7, 5], "rotation": 270, "texture": "#2"},
				"west": {"uv": [4, 4, 7, 5], "rotation": 270, "texture": "#2"},
				"up": {"uv": [4, 4, 7, 5], "rotation": 270, "texture": "#2"},
				"down": {"uv": [4, 4, 7, 5], "rotation": 270, "texture": "#2"}
			}
		},
		{
			"from": [7.75, 31.01777, 10.41405],
			"to": [8.25, 31.51777, 12.91405],
			"rotation": {"angle": 0, "axis": "x", "origin": [8, 31.26777, 11.66405]},
			"faces": {
				"north": {"uv": [3, 7, 6, 8], "texture": "#2"},
				"east": {"uv": [3, 7, 6, 8], "texture": "#2"},
				"south": {"uv": [3, 7, 6, 8], "texture": "#2"},
				"west": {"uv": [3, 7, 6, 8], "texture": "#2"},
				"up": {"uv": [3, 7, 6, 8], "texture": "#2"},
				"down": {"uv": [3, 7, 6, 8], "texture": "#2"}
			}
		},
		{
			"from": [7.75, 26.66421, 11.87852],
			"to": [8.25, 28.81066, 12.37852],
			"rotation": {"angle": -45, "axis": "x", "origin": [4.75, 30.81066, 9.37852]},
			"faces": {
				"north": {"uv": [4, 4, 7, 5], "rotation": 270, "texture": "#2"},
				"east": {"uv": [4, 4, 7, 5], "rotation": 270, "texture": "#2"},
				"south": {"uv": [4, 4, 7, 5], "rotation": 270, "texture": "#2"},
				"west": {"uv": [4, 4, 7, 5], "rotation": 270, "texture": "#2"},
				"up": {"uv": [4, 4, 7, 5], "rotation": 270, "texture": "#2"},
				"down": {"uv": [4, 4, 7, 5], "rotation": 270, "texture": "#2"}
			}
		},
		{
			"from": [7.75, 24.5, 13.93182],
			"to": [8.25, 30, 14.43182],
			"rotation": {"angle": 0, "axis": "y", "origin": [4.75, 29, 11.43182]},
			"faces": {
				"north": {"uv": [1, 1, 10, 2], "rotation": 90, "texture": "#2"},
				"east": {"uv": [1, 1, 10, 2], "rotation": 90, "texture": "#2"},
				"south": {"uv": [1, 1, 10, 2], "rotation": 90, "texture": "#2"},
				"west": {"uv": [1, 1, 10, 2], "rotation": 90, "texture": "#2"},
				"up": {"uv": [1, 1, 10, 2], "rotation": 90, "texture": "#2"},
				"down": {"uv": [1, 1, 10, 2], "rotation": 90, "texture": "#2"}
			}
		},
		{
			"from": [6, 25.03125, 13.71307],
			"to": [10, 25.96875, 14.65057],
			"rotation": {"angle": 0, "axis": "y", "origin": [3.25, 31, 11.43182]},
			"faces": {
				"north": {"uv": [0, 0, 4, 0.9375], "texture": "#0"},
				"east": {"uv": [0, 0, 0.9375, 0.9375], "texture": "#0"},
				"south": {"uv": [0, 0, 4, 0.9375], "texture": "#0"},
				"west": {"uv": [0, 0, 0.9375, 0.9375], "texture": "#0"},
				"up": {"uv": [0, 0, 4, 0.9375], "texture": "#0"},
				"down": {"uv": [0, 0, 4, 0.9375], "texture": "#0"}
			}
		},
		{
			"from": [6.5, 19, 13.18182],
			"to": [7.5, 27, 15.18182],
			"rotation": {"angle": 0, "axis": "y", "origin": [3.75, 24, 11.43182]},
			"faces": {
				"north": {"uv": [0, 0, 1, 8], "texture": "#1"},
				"east": {"uv": [3, 0, 5, 8], "texture": "#1"},
				"south": {"uv": [0, 0, 1, 8], "texture": "#1"},
				"west": {"uv": [3, 0, 5, 8], "texture": "#1"},
				"up": {"uv": [0, 0, 1, 2], "texture": "#1"},
				"down": {"uv": [0, 0, 1, 2], "texture": "#1"}
			}
		},
		{
			"from": [8.5, 18.96875, 13.18182],
			"to": [9.5, 26.96875, 15.18182],
			"rotation": {"angle": 0, "axis": "y", "origin": [5.75, 24, 11.43182]},
			"faces": {
				"north": {"uv": [0, 0, 1, 8], "texture": "#1"},
				"east": {"uv": [3, 0, 5, 8], "texture": "#1"},
				"south": {"uv": [0, 0, 1, 8], "texture": "#1"},
				"west": {"uv": [3, 0, 5, 8], "texture": "#1"},
				"up": {"uv": [0, 0, 1, 2], "texture": "#1"},
				"down": {"uv": [0, 0, 1, 2], "texture": "#1"}
			}
		},
		{
			"from": [4, 18, 13.18182],
			"to": [12, 19, 15.18182],
			"rotation": {"angle": 0, "axis": "y", "origin": [3.25, 24, 11.43182]},
			"faces": {
				"north": {"uv": [0, 0, 8, 1], "texture": "#1"},
				"east": {"uv": [0, 0, 2, 1], "texture": "#1"},
				"south": {"uv": [0, 0, 8, 1], "texture": "#1"},
				"west": {"uv": [0, 0, 2, 1], "texture": "#1"},
				"up": {"uv": [0, 0, 8, 2], "texture": "#1"},
				"down": {"uv": [0, 0, 8, 2], "texture": "#1"}
			}
		},
		{
			"from": [4, 8, 13.68182],
			"to": [12, 23, 14.68182],
			"rotation": {"angle": 0, "axis": "y", "origin": [2.25, 14, 11.43182]},
			"faces": {
				"north": {"uv": [0, 0, 16, 11], "rotation": 90, "texture": "#0"},
				"east": {"uv": [0, 0, 1, 15], "texture": "#0"},
				"south": {"uv": [0, 0, 16, 11], "rotation": 90, "texture": "#0"},
				"west": {"uv": [0, 0, 1, 15], "texture": "#0"},
				"up": {"uv": [0, 0, 1, 11], "rotation": 90, "texture": "#0"},
				"down": {"uv": [0, 0, 1, 11], "rotation": 90, "texture": "#0"}
			}
		},
		{
			"from": [2, 13, 13.18182],
			"to": [4, 24, 15.18182],
			"rotation": {"angle": 0, "axis": "y", "origin": [0.25, 14, 11.43182]},
			"faces": {
				"north": {"uv": [3, 0, 6, 16], "texture": "#1"},
				"east": {"uv": [3, 0, 6, 16], "texture": "#1"},
				"south": {"uv": [3, 0, 6, 16], "texture": "#1"},
				"west": {"uv": [3, 0, 6, 16], "texture": "#1"},
				"up": {"uv": [3, 0, 6, 16], "texture": "#1"},
				"down": {"uv": [3, 0, 6, 16], "texture": "#1"}
			}
		},
		{
			"from": [12, 13, 13.18182],
			"to": [14, 24, 15.18182],
			"rotation": {"angle": 0, "axis": "y", "origin": [10.25, 14, 11.43182]},
			"faces": {
				"north": {"uv": [3, 0, 6, 16], "texture": "#1"},
				"east": {"uv": [3, 0, 6, 16], "texture": "#1"},
				"south": {"uv": [3, 0, 6, 16], "texture": "#1"},
				"west": {"uv": [3, 0, 6, 16], "texture": "#1"},
				"up": {"uv": [3, 0, 6, 16], "texture": "#1"},
				"down": {"uv": [3, 0, 6, 16], "texture": "#1"}
			}
		},
		{
			"from": [12, 13, 2.18182],
			"to": [14, 14, 13.18182],
			"rotation": {"angle": 0, "axis": "y", "origin": [6, 21, 11.43182]},
			"faces": {
				"north": {"uv": [2.25, 0, 4.25, 1], "texture": "#1"},
				"east": {"uv": [5, 0, 16, 1], "texture": "#1"},
				"south": {"uv": [2.25, 0, 4.25, 1], "texture": "#1"},
				"west": {"uv": [5, 0, 16, 1], "texture": "#1"},
				"up": {"uv": [0, 0, 3, 11], "texture": "#1"},
				"down": {"uv": [0, 0, 3, 11], "texture": "#1"}
			}
		},
		{
			"from": [2, 13, 2.18182],
			"to": [4, 14, 13.18182],
			"rotation": {"angle": 0, "axis": "y", "origin": [10.25, 21, 11.43182]},
			"faces": {
				"north": {"uv": [0, 0, 2, 1], "texture": "#1"},
				"east": {"uv": [0, 0, 11, 1], "texture": "#1"},
				"south": {"uv": [0, 0, 2, 1], "texture": "#1"},
				"west": {"uv": [0, 0, 11, 1], "texture": "#1"},
				"up": {"uv": [0, 0, 3, 11], "texture": "#1"},
				"down": {"uv": [0, 0, 3, 11], "texture": "#1"}
			}
		},
		{
			"from": [4, 6, 5.18182],
			"to": [12, 8, 13.68182],
			"rotation": {"angle": 0, "axis": "y", "origin": [10.25, 14, 11.43182]},
			"faces": {
				"north": {"uv": [0, 0, 8, 2], "texture": "#0"},
				"east": {"uv": [0, 0, 8.5, 2], "texture": "#0"},
				"south": {"uv": [0, 0, 8, 2], "texture": "#0"},
				"west": {"uv": [0, 0, 8.5, 2], "texture": "#0"},
				"up": {"uv": [0, 0, 8.5, 11], "rotation": 90, "texture": "#0"},
				"down": {"uv": [0, 0, 8.5, 11], "rotation": 90, "texture": "#0"}
			}
		},
		{
			"from": [4, 6, 3.18182],
			"to": [12, 8, 5.18182],
			"rotation": {"angle": 0, "axis": "y", "origin": [10.25, 14, 11.43182]},
			"faces": {
				"north": {"uv": [0, 0, 10, 2], "texture": "#1"},
				"east": {"uv": [0, 0, 2, 2], "texture": "#1"},
				"south": {"uv": [0, 0, 10, 2], "texture": "#1"},
				"west": {"uv": [0, 0, 2, 2], "texture": "#1"},
				"up": {"uv": [0, 0, 10, 2], "texture": "#1"},
				"down": {"uv": [0, 0, 8, 3], "texture": "#1"}
			}
		},
		{
			"from": [2, 6, 5.18182],
			"to": [4, 8, 13.18182],
			"rotation": {"angle": 0, "axis": "y", "origin": [10.25, 14, 11.43182]},
			"faces": {
				"north": {"uv": [0, 0, 2, 2], "texture": "#1"},
				"east": {"uv": [0, 0, 8, 3], "texture": "#1"},
				"south": {"uv": [0, 0, 2, 2], "texture": "#1"},
				"west": {"uv": [0, 0, 8, 3], "texture": "#1"},
				"up": {"uv": [5, 0, 8, 8], "texture": "#1"},
				"down": {"uv": [5, 0, 8, 8], "texture": "#1"}
			}
		},
		{
			"from": [12, 6, 5.18182],
			"to": [14, 8, 13.18182],
			"rotation": {"angle": 0, "axis": "y", "origin": [5.75, 14, 11.43182]},
			"faces": {
				"north": {"uv": [2, 0, 4, 2], "texture": "#1"},
				"east": {"uv": [0, 0, 8, 3], "texture": "#1"},
				"south": {"uv": [2, 0, 4, 2], "texture": "#1"},
				"west": {"uv": [0, 0, 8, 3], "texture": "#1"},
				"up": {"uv": [5, 0, 8, 8], "texture": "#1"},
				"down": {"uv": [5, 0, 8, 8], "texture": "#1"}
			}
		},
		{
			"from": [12, 0, 3.18182],
			"to": [14, 13, 5.18182],
			"rotation": {"angle": 0, "axis": "y", "origin": [6, 8, 11.43182]},
			"faces": {
				"north": {"uv": [3, 0, 6, 16], "texture": "#1"},
				"east": {"uv": [3, 0, 6, 16], "texture": "#1"},
				"south": {"uv": [3, 0, 6, 16], "texture": "#1"},
				"west": {"uv": [3, 0, 6, 16], "texture": "#1"},
				"up": {"uv": [3, 0, 6, 16], "texture": "#1"},
				"down": {"uv": [3, 0, 6, 16], "texture": "#1"}
			}
		},
		{
			"from": [12.5, 2, 5.18182],
			"to": [13.5, 3, 13.18182],
			"rotation": {"angle": 0, "axis": "y", "origin": [8, 2.5, 9.18182]},
			"faces": {
				"north": {"uv": [1, 0, 2, 1], "texture": "#0"},
				"east": {"uv": [8, 0, 16, 1], "texture": "#0"},
				"south": {"uv": [1, 0, 2, 1], "texture": "#0"},
				"west": {"uv": [8, 0, 16, 1], "texture": "#0"},
				"up": {"uv": [0, 1, 8, 2], "rotation": 270, "texture": "#0"},
				"down": {"uv": [0, 1, 8, 2], "rotation": 90, "texture": "#0"}
			}
		},
		{
			"from": [4, 2, 3.68182],
			"to": [12, 3, 4.68182],
			"rotation": {"angle": 0, "axis": "y", "origin": [10.25, 10, 11.93182]},
			"faces": {
				"north": {"uv": [0, 0, 8, 1], "texture": "#0"},
				"east": {"uv": [0, 0, 1, 1], "texture": "#0"},
				"south": {"uv": [0, 0, 8, 1], "texture": "#0"},
				"west": {"uv": [0, 0, 1, 1], "texture": "#0"},
				"up": {"uv": [0, 0, 8, 1], "texture": "#0"},
				"down": {"uv": [0, 0, 8, 1], "texture": "#0"}
			}
		},
		{
			"from": [2, 0, 3.18182],
			"to": [4, 13, 5.18182],
			"rotation": {"angle": 0, "axis": "y", "origin": [10.25, 8, 11.43182]},
			"faces": {
				"north": {"uv": [3, 0, 6, 16], "texture": "#1"},
				"east": {"uv": [3, 0, 6, 16], "texture": "#1"},
				"south": {"uv": [3, 0, 6, 16], "texture": "#1"},
				"west": {"uv": [3, 0, 6, 16], "texture": "#1"},
				"up": {"uv": [3, 0, 6, 16], "texture": "#1"},
				"down": {"uv": [3, 0, 6, 16], "texture": "#1"}
			}
		},
		{
			"from": [2.5, 2, 5.18182],
			"to": [3.5, 3, 13.18182],
			"rotation": {"angle": 0, "axis": "y", "origin": [8, 2.5, 9.18182]},
			"faces": {
				"north": {"uv": [0, 0, 1, 1], "texture": "#0"},
				"east": {"uv": [0, 0, 8, 1], "texture": "#0"},
				"south": {"uv": [0, 0, 1, 1], "texture": "#0"},
				"west": {"uv": [0, 0, 8, 1], "texture": "#0"},
				"up": {"uv": [0, 0, 8, 1], "rotation": 270, "texture": "#0"},
				"down": {"uv": [0, 0, 8, 1], "rotation": 90, "texture": "#0"}
			}
		},
		{
			"from": [4, 2, 13.68182],
			"to": [12, 3, 14.68182],
			"rotation": {"angle": 0, "axis": "y", "origin": [10.25, 10, 6.43182]},
			"faces": {
				"north": {"uv": [8, 0, 16, 1], "texture": "#0"},
				"east": {"uv": [1, 0, 2, 1], "texture": "#0"},
				"south": {"uv": [8, 0, 16, 1], "texture": "#0"},
				"west": {"uv": [1, 0, 2, 1], "texture": "#0"},
				"up": {"uv": [0, 1, 8, 2], "texture": "#0"},
				"down": {"uv": [0, 1, 8, 2], "texture": "#0"}
			}
		},
		{
			"from": [2, 0, 13.18182],
			"to": [4, 13, 15.18182],
			"rotation": {"angle": 0, "axis": "y", "origin": [10.25, 8, 7.18182]},
			"faces": {
				"north": {"uv": [3, 0, 6, 16], "texture": "#1"},
				"east": {"uv": [3, 0, 6, 16], "texture": "#1"},
				"south": {"uv": [3, 0, 6, 16], "texture": "#1"},
				"west": {"uv": [3, 0, 6, 16], "texture": "#1"},
				"up": {"uv": [3, 0, 6, 16], "texture": "#1"},
				"down": {"uv": [3, 0, 6, 16], "texture": "#1"}
			}
		},
		{
			"from": [4, 6, 13.68182],
			"to": [12, 8, 15.18182],
			"rotation": {"angle": 0, "axis": "y", "origin": [10.25, 8, 7.18182]},
			"faces": {
				"north": {"uv": [0, 0, 8, 2], "texture": "#1"},
				"east": {"uv": [2.25, 0, 3.75, 2], "texture": "#1"},
				"south": {"uv": [0, 0, 8, 2], "texture": "#1"},
				"west": {"uv": [2.25, 0, 3.75, 2], "texture": "#1"},
				"up": {"uv": [0, 2.25, 8, 3.75], "texture": "#1"},
				"down": {"uv": [0, 0, 8, 1.5], "texture": "#1"}
			}
		},
		{
			"from": [12, 0, 13.18182],
			"to": [14, 13, 15.18182],
			"rotation": {"angle": 0, "axis": "y", "origin": [6, 8, 7.18182]},
			"faces": {
				"north": {"uv": [3, 0, 6, 16], "texture": "#1"},
				"east": {"uv": [3, 0, 6, 16], "texture": "#1"},
				"south": {"uv": [3, 0, 6, 16], "texture": "#1"},
				"west": {"uv": [3, 0, 6, 16], "texture": "#1"},
				"up": {"uv": [3, 0, 6, 16], "texture": "#1"},
				"down": {"uv": [3, 0, 6, 16], "texture": "#1"}
			}
		},
		{
			"from": [2.5, 14, 3.43182],
			"to": [3.5, 14.5, 4.93182],
			"rotation": {"angle": 0, "axis": "y", "origin": [10.5, 22, 11.68182]},
			"faces": {
				"north": {"uv": [9, 1, 10, 2.5], "texture": "#2"},
				"east": {"uv": [9, 1, 10, 2.5], "texture": "#2"},
				"south": {"uv": [9, 1, 10, 2.5], "texture": "#2"},
				"west": {"uv": [9, 1, 10, 2.5], "texture": "#2"},
				"up": {"uv": [9, 1, 10, 2.5], "texture": "#2"},
				"down": {"uv": [9, 1, 10, 2.5], "texture": "#2"}
			}
		},
		{
			"from": [4.40625, 15.65625, 3.43182],
			"to": [4.75, 16.15625, 4.93182],
			"rotation": {"angle": 0, "axis": "z", "origin": [4.59375, 16.15625, 4.18182]},
			"faces": {
				"north": {"uv": [6, 1, 6.25, 1.5], "rotation": 90, "texture": "#2"},
				"east": {"uv": [6, 1, 6.25, 1.5], "rotation": 90, "texture": "#2"},
				"south": {"uv": [6, 1, 6.25, 1.5], "rotation": 90, "texture": "#2"},
				"west": {"uv": [6, 1, 6.25, 1.5], "rotation": 90, "texture": "#2"},
				"up": {"uv": [6, 1, 6.25, 1.5], "rotation": 90, "texture": "#2"},
				"down": {"uv": [6, 1, 6.25, 1.5], "rotation": 90, "texture": "#2"}
			}
		},
		{
			"from": [1.25, 15.65625, 3.43182],
			"to": [1.59375, 16.15625, 4.93182],
			"rotation": {"angle": 0, "axis": "z", "origin": [1.4375, 16.15625, 4.18182]},
			"faces": {
				"north": {"uv": [6, 1, 6.25, 1.5], "rotation": 90, "texture": "#2"},
				"east": {"uv": [6, 1, 6.25, 1.5], "rotation": 90, "texture": "#2"},
				"south": {"uv": [6, 1, 6.25, 1.5], "rotation": 90, "texture": "#2"},
				"west": {"uv": [6, 1, 6.25, 1.5], "rotation": 90, "texture": "#2"},
				"up": {"uv": [6, 1, 6.25, 1.5], "rotation": 90, "texture": "#2"},
				"down": {"uv": [6, 1, 6.25, 1.5], "rotation": 90, "texture": "#2"}
			}
		},
		{
			"from": [1.25, 16.15625, 3.93182],
			"to": [1.59375, 16.40625, 4.43182],
			"rotation": {"angle": 0, "axis": "z", "origin": [1.4375, 16.15625, 4.18182]},
			"faces": {
				"north": {"uv": [6, 1, 6.25, 1.5], "rotation": 90, "texture": "#2"},
				"east": {"uv": [6, 1, 6.25, 1.5], "rotation": 90, "texture": "#2"},
				"south": {"uv": [6, 1, 6.25, 1.5], "rotation": 90, "texture": "#2"},
				"west": {"uv": [6, 1, 6.25, 1.5], "rotation": 90, "texture": "#2"},
				"up": {"uv": [6, 1, 6.25, 1.5], "rotation": 90, "texture": "#2"},
				"down": {"uv": [6, 1, 6.25, 1.5], "rotation": 90, "texture": "#2"}
			}
		},
		{
			"from": [4.40625, 16.15625, 4.43182],
			"to": [4.75, 16.40625, 4.93182],
			"rotation": {"angle": 0, "axis": "z", "origin": [4.59375, 16.15625, 4.68182]},
			"faces": {
				"north": {"uv": [6, 1, 6.25, 1.5], "rotation": 90, "texture": "#2"},
				"east": {"uv": [6, 1, 6.25, 1.5], "rotation": 90, "texture": "#2"},
				"south": {"uv": [6, 1, 6.25, 1.5], "rotation": 90, "texture": "#2"},
				"west": {"uv": [6, 1, 6.25, 1.5], "rotation": 90, "texture": "#2"},
				"up": {"uv": [6, 1, 6.25, 1.5], "rotation": 90, "texture": "#2"},
				"down": {"uv": [6, 1, 6.25, 1.5], "rotation": 90, "texture": "#2"}
			}
		},
		{
			"from": [4.40625, 16.15625, 3.43182],
			"to": [4.75, 16.40625, 3.93182],
			"rotation": {"angle": 0, "axis": "z", "origin": [4.59375, 16.15625, 3.68182]},
			"faces": {
				"north": {"uv": [6, 1, 6.25, 1.5], "rotation": 90, "texture": "#2"},
				"east": {"uv": [6, 1, 6.25, 1.5], "rotation": 90, "texture": "#2"},
				"south": {"uv": [6, 1, 6.25, 1.5], "rotation": 90, "texture": "#2"},
				"west": {"uv": [6, 1, 6.25, 1.5], "rotation": 90, "texture": "#2"},
				"up": {"uv": [6, 1, 6.25, 1.5], "rotation": 90, "texture": "#2"},
				"down": {"uv": [6, 1, 6.25, 1.5], "rotation": 90, "texture": "#2"}
			}
		},
		{
			"from": [2, 14, 3.68182],
			"to": [4, 14.25, 4.68182],
			"rotation": {"angle": 0, "axis": "y", "origin": [10.5, 22, 11.68182]},
			"faces": {
				"north": {"uv": [0, 0, 2, 0.25], "texture": "#3"},
				"east": {"uv": [0, 0, 1, 0.25], "texture": "#3"},
				"south": {"uv": [0, 0, 2, 0.25], "texture": "#3"},
				"west": {"uv": [0, 0, 1, 0.25], "texture": "#3"},
				"up": {"uv": [0, 0, 2, 1], "texture": "#3"},
				"down": {"uv": [0, 0, 2, 1], "texture": "#3"}
			}
		},
		{
			"from": [1.38128, 14.6705, 3.68182],
			"to": [2.38128, 14.9205, 4.68182],
			"rotation": {"angle": -45, "axis": "z", "origin": [1.38128, 14.7955, 4.18182]},
			"faces": {
				"north": {"uv": [0, 0, 1, 0.25], "texture": "#3"},
				"east": {"uv": [0, 0, 1, 0.25], "texture": "#3"},
				"south": {"uv": [0, 0, 1, 0.25], "texture": "#3"},
				"west": {"uv": [0, 0, 1, 0.25], "texture": "#3"},
				"up": {"uv": [0, 0, 1, 1], "texture": "#3"},
				"down": {"uv": [0, 0, 1, 1], "texture": "#3"}
			}
		},
		{
			"from": [3.91161, 13.96339, 3.68182],
			"to": [4.91161, 14.21339, 4.68182],
			"rotation": {"angle": 45, "axis": "z", "origin": [3.91161, 14.08839, 4.18182]},
			"faces": {
				"north": {"uv": [0, 0, 1, 0.25], "texture": "#3"},
				"east": {"uv": [0, 0, 1, 0.25], "texture": "#3"},
				"south": {"uv": [0, 0, 1, 0.25], "texture": "#3"},
				"west": {"uv": [0, 0, 1, 0.25], "texture": "#3"},
				"up": {"uv": [0, 0, 1, 1], "texture": "#3"},
				"down": {"uv": [0, 0, 1, 1], "texture": "#3"}
			}
		},
		{
			"from": [4.45711, 14.70711, 3.68182],
			"to": [4.70711, 15.70711, 4.68182],
			"rotation": {"angle": 0, "axis": "z", "origin": [4.58211, 14.70711, 4.18182]},
			"faces": {
				"north": {"uv": [0, 0, 1, 0.25], "rotation": 90, "texture": "#3"},
				"east": {"uv": [0, 0, 1, 1], "rotation": 270, "texture": "#3"},
				"south": {"uv": [0, 0, 1, 0.25], "rotation": 270, "texture": "#3"},
				"west": {"uv": [0, 0, 1, 1], "rotation": 270, "texture": "#3"},
				"up": {"uv": [0, 0, 1, 0.25], "rotation": 270, "texture": "#3"},
				"down": {"uv": [0, 0, 1, 0.25], "rotation": 270, "texture": "#3"}
			}
		},
		{
			"from": [1.29289, 14.70711, 3.68182],
			"to": [1.54289, 15.70711, 4.68182],
			"rotation": {"angle": 0, "axis": "z", "origin": [1.41789, 14.70711, 4.18182]},
			"faces": {
				"north": {"uv": [0, 0, 1, 0.25], "rotation": 90, "texture": "#3"},
				"east": {"uv": [0, 0, 1, 1], "rotation": 270, "texture": "#3"},
				"south": {"uv": [0, 0, 1, 0.25], "rotation": 270, "texture": "#3"},
				"west": {"uv": [0, 0, 1, 1], "rotation": 270, "texture": "#3"},
				"up": {"uv": [0, 0, 1, 0.25], "rotation": 270, "texture": "#3"},
				"down": {"uv": [0, 0, 1, 0.25], "rotation": 270, "texture": "#3"}
			}
		},
		{
			"from": [12.5, 14, 3.43182],
			"to": [13.5, 14.5, 4.93182],
			"rotation": {"angle": 0, "axis": "y", "origin": [5.5, 22, 11.68182]},
			"faces": {
				"north": {"uv": [9, 1, 10, 2.5], "texture": "#2"},
				"east": {"uv": [9, 1, 10, 2.5], "texture": "#2"},
				"south": {"uv": [9, 1, 10, 2.5], "texture": "#2"},
				"west": {"uv": [9, 1, 10, 2.5], "texture": "#2"},
				"up": {"uv": [9, 1, 10, 2.5], "texture": "#2"},
				"down": {"uv": [9, 1, 10, 2.5], "texture": "#2"}
			}
		},
		{
			"from": [11.25, 15.65625, 3.43182],
			"to": [11.59375, 16.15625, 4.93182],
			"rotation": {"angle": 0, "axis": "z", "origin": [11.40625, 16.15625, 4.18182]},
			"faces": {
				"north": {"uv": [6, 1, 6.25, 1.5], "rotation": 90, "texture": "#2"},
				"east": {"uv": [6, 1, 6.25, 1.5], "rotation": 90, "texture": "#2"},
				"south": {"uv": [6, 1, 6.25, 1.5], "rotation": 90, "texture": "#2"},
				"west": {"uv": [6, 1, 6.25, 1.5], "rotation": 90, "texture": "#2"},
				"up": {"uv": [6, 1, 6.25, 1.5], "rotation": 90, "texture": "#2"},
				"down": {"uv": [6, 1, 6.25, 1.5], "rotation": 90, "texture": "#2"}
			}
		},
		{
			"from": [14.40625, 15.65625, 3.43182],
			"to": [14.75, 16.15625, 4.93182],
			"rotation": {"angle": 0, "axis": "z", "origin": [14.5625, 16.15625, 4.18182]},
			"faces": {
				"north": {"uv": [6, 1, 6.25, 1.5], "rotation": 90, "texture": "#2"},
				"east": {"uv": [6, 1, 6.25, 1.5], "rotation": 90, "texture": "#2"},
				"south": {"uv": [6, 1, 6.25, 1.5], "rotation": 90, "texture": "#2"},
				"west": {"uv": [6, 1, 6.25, 1.5], "rotation": 90, "texture": "#2"},
				"up": {"uv": [6, 1, 6.25, 1.5], "rotation": 90, "texture": "#2"},
				"down": {"uv": [6, 1, 6.25, 1.5], "rotation": 90, "texture": "#2"}
			}
		},
		{
			"from": [14.40625, 16.15625, 3.93182],
			"to": [14.75, 16.40625, 4.43182],
			"rotation": {"angle": 0, "axis": "z", "origin": [14.5625, 16.15625, 4.18182]},
			"faces": {
				"north": {"uv": [6, 1, 6.25, 1.5], "rotation": 90, "texture": "#2"},
				"east": {"uv": [6, 1, 6.25, 1.5], "rotation": 90, "texture": "#2"},
				"south": {"uv": [6, 1, 6.25, 1.5], "rotation": 90, "texture": "#2"},
				"west": {"uv": [6, 1, 6.25, 1.5], "rotation": 90, "texture": "#2"},
				"up": {"uv": [6, 1, 6.25, 1.5], "rotation": 90, "texture": "#2"},
				"down": {"uv": [6, 1, 6.25, 1.5], "rotation": 90, "texture": "#2"}
			}
		},
		{
			"from": [11.25, 16.15625, 4.43182],
			"to": [11.59375, 16.40625, 4.93182],
			"rotation": {"angle": 0, "axis": "z", "origin": [11.40625, 16.15625, 4.68182]},
			"faces": {
				"north": {"uv": [6, 1, 6.25, 1.5], "rotation": 90, "texture": "#2"},
				"east": {"uv": [6, 1, 6.25, 1.5], "rotation": 90, "texture": "#2"},
				"south": {"uv": [6, 1, 6.25, 1.5], "rotation": 90, "texture": "#2"},
				"west": {"uv": [6, 1, 6.25, 1.5], "rotation": 90, "texture": "#2"},
				"up": {"uv": [6, 1, 6.25, 1.5], "rotation": 90, "texture": "#2"},
				"down": {"uv": [6, 1, 6.25, 1.5], "rotation": 90, "texture": "#2"}
			}
		},
		{
			"from": [11.25, 16.15625, 3.43182],
			"to": [11.59375, 16.40625, 3.93182],
			"rotation": {"angle": 0, "axis": "z", "origin": [11.40625, 16.15625, 3.68182]},
			"faces": {
				"north": {"uv": [6, 1, 6.25, 1.5], "rotation": 90, "texture": "#2"},
				"east": {"uv": [6, 1, 6.25, 1.5], "rotation": 90, "texture": "#2"},
				"south": {"uv": [6, 1, 6.25, 1.5], "rotation": 90, "texture": "#2"},
				"west": {"uv": [6, 1, 6.25, 1.5], "rotation": 90, "texture": "#2"},
				"up": {"uv": [6, 1, 6.25, 1.5], "rotation": 90, "texture": "#2"},
				"down": {"uv": [6, 1, 6.25, 1.5], "rotation": 90, "texture": "#2"}
			}
		},
		{
			"from": [12, 14, 3.68182],
			"to": [14, 14.25, 4.68182],
			"rotation": {"angle": 0, "axis": "y", "origin": [5.5, 22, 11.68182]},
			"faces": {
				"north": {"uv": [2, 0, 0, 0.25], "texture": "#3"},
				"east": {"uv": [1, 0, 0, 0.25], "texture": "#3"},
				"south": {"uv": [2, 0, 0, 0.25], "texture": "#3"},
				"west": {"uv": [1, 0, 0, 0.25], "texture": "#3"},
				"up": {"uv": [2, 0, 0, 1], "texture": "#3"},
				"down": {"uv": [2, 0, 0, 1], "texture": "#3"}
			}
		},
		{
			"from": [13.61872, 14.6705, 3.68182],
			"to": [14.61872, 14.9205, 4.68182],
			"rotation": {"angle": 45, "axis": "z", "origin": [14.61872, 14.7955, 4.18182]},
			"faces": {
				"north": {"uv": [1, 0, 0, 0.25], "texture": "#3"},
				"east": {"uv": [1, 0, 0, 0.25], "texture": "#3"},
				"south": {"uv": [1, 0, 0, 0.25], "texture": "#3"},
				"west": {"uv": [1, 0, 0, 0.25], "texture": "#3"},
				"up": {"uv": [1, 0, 0, 1], "texture": "#3"},
				"down": {"uv": [1, 0, 0, 1], "texture": "#3"}
			}
		},
		{
			"from": [11.08839, 13.96339, 3.68182],
			"to": [12.08839, 14.21339, 4.68182],
			"rotation": {"angle": -45, "axis": "z", "origin": [12.08839, 14.08839, 4.18182]},
			"faces": {
				"north": {"uv": [1, 0, 0, 0.25], "texture": "#3"},
				"east": {"uv": [1, 0, 0, 0.25], "texture": "#3"},
				"south": {"uv": [1, 0, 0, 0.25], "texture": "#3"},
				"west": {"uv": [1, 0, 0, 0.25], "texture": "#3"},
				"up": {"uv": [1, 0, 0, 1], "texture": "#3"},
				"down": {"uv": [1, 0, 0, 1], "texture": "#3"}
			}
		},
		{
			"from": [11.29289, 14.70711, 3.68182],
			"to": [11.54289, 15.70711, 4.68182],
			"rotation": {"angle": 0, "axis": "z", "origin": [11.41789, 14.70711, 4.18182]},
			"faces": {
				"north": {"uv": [0, 0.25, 1, 0], "rotation": 90, "texture": "#3"},
				"east": {"uv": [0, 1, 1, 0], "rotation": 270, "texture": "#3"},
				"south": {"uv": [0, 0.25, 1, 0], "rotation": 270, "texture": "#3"},
				"west": {"uv": [0, 1, 1, 0], "rotation": 270, "texture": "#3"},
				"up": {"uv": [0, 0.25, 1, 0], "rotation": 270, "texture": "#3"},
				"down": {"uv": [0, 0.25, 1, 0], "rotation": 270, "texture": "#3"}
			}
		},
		{
			"from": [14.45711, 14.70711, 3.68182],
			"to": [14.70711, 15.70711, 4.68182],
			"rotation": {"angle": 0, "axis": "z", "origin": [14.58211, 14.70711, 4.18182]},
			"faces": {
				"north": {"uv": [0, 0.25, 1, 0], "rotation": 90, "texture": "#3"},
				"east": {"uv": [0, 1, 1, 0], "rotation": 270, "texture": "#3"},
				"south": {"uv": [0, 0.25, 1, 0], "rotation": 270, "texture": "#3"},
				"west": {"uv": [0, 1, 1, 0], "rotation": 270, "texture": "#3"},
				"up": {"uv": [0, 0.25, 1, 0], "rotation": 270, "texture": "#3"},
				"down": {"uv": [0, 0.25, 1, 0], "rotation": 270, "texture": "#3"}
			}
		},
		{
			"from": [2.5, 2.75, 2.68182],
			"to": [3.5, 4.25, 3.18182],
			"rotation": {"angle": 0, "axis": "y", "origin": [10.5, 11, -4.81818]},
			"faces": {
				"north": {"uv": [9, 1, 10, 2.5], "rotation": 180, "texture": "#2"},
				"east": {"uv": [9, 1, 10, 2.5], "rotation": 180, "texture": "#2"},
				"south": {"uv": [9, 1, 10, 2.5], "rotation": 180, "texture": "#2"},
				"west": {"uv": [9, 1, 10, 2.5], "rotation": 180, "texture": "#2"},
				"up": {"uv": [9, 1, 10, 2.5], "rotation": 180, "texture": "#2"},
				"down": {"uv": [9, 1, 10, 2.5], "rotation": 180, "texture": "#2"}
			}
		},
		{
			"from": [4.40625, 2.75, 1.02557],
			"to": [4.75, 4.25, 1.52557],
			"rotation": {"angle": 0, "axis": "z", "origin": [4.59375, 3.5, 1.02557]},
			"faces": {
				"north": {"uv": [6, 1, 6.25, 1.5], "rotation": 180, "texture": "#2"},
				"east": {"uv": [6, 1, 6.25, 1.5], "rotation": 180, "texture": "#2"},
				"south": {"uv": [6, 1, 6.25, 1.5], "rotation": 180, "texture": "#2"},
				"west": {"uv": [6, 1, 6.25, 1.5], "rotation": 180, "texture": "#2"},
				"up": {"uv": [6, 1, 6.25, 1.5], "rotation": 180, "texture": "#2"},
				"down": {"uv": [6, 1, 6.25, 1.5], "rotation": 180, "texture": "#2"}
			}
		},
		{
			"from": [1.25, 2.75, 1.02557],
			"to": [1.59375, 4.25, 1.52557],
			"rotation": {"angle": 0, "axis": "z", "origin": [1.4375, 3.5, 1.02557]},
			"faces": {
				"north": {"uv": [6, 1, 6.25, 1.5], "rotation": 180, "texture": "#2"},
				"east": {"uv": [6, 1, 6.25, 1.5], "rotation": 180, "texture": "#2"},
				"south": {"uv": [6, 1, 6.25, 1.5], "rotation": 180, "texture": "#2"},
				"west": {"uv": [6, 1, 6.25, 1.5], "rotation": 180, "texture": "#2"},
				"up": {"uv": [6, 1, 6.25, 1.5], "rotation": 180, "texture": "#2"},
				"down": {"uv": [6, 1, 6.25, 1.5], "rotation": 180, "texture": "#2"}
			}
		},
		{
			"from": [1.25, 3.25, 0.77557],
			"to": [1.59375, 3.75, 1.02557],
			"rotation": {"angle": 0, "axis": "z", "origin": [1.4375, 3.5, 1.02557]},
			"faces": {
				"north": {"uv": [6, 1, 6.25, 1.5], "rotation": 180, "texture": "#2"},
				"east": {"uv": [6, 1, 6.25, 1.5], "rotation": 180, "texture": "#2"},
				"south": {"uv": [6, 1, 6.25, 1.5], "rotation": 180, "texture": "#2"},
				"west": {"uv": [6, 1, 6.25, 1.5], "rotation": 180, "texture": "#2"},
				"up": {"uv": [6, 1, 6.25, 1.5], "rotation": 180, "texture": "#2"},
				"down": {"uv": [6, 1, 6.25, 1.5], "rotation": 180, "texture": "#2"}
			}
		},
		{
			"from": [4.40625, 3.75, 0.77557],
			"to": [4.75, 4.25, 1.02557],
			"rotation": {"angle": 0, "axis": "z", "origin": [4.59375, 4, 1.02557]},
			"faces": {
				"north": {"uv": [6, 1, 6.25, 1.5], "rotation": 180, "texture": "#2"},
				"east": {"uv": [6, 1, 6.25, 1.5], "rotation": 180, "texture": "#2"},
				"south": {"uv": [6, 1, 6.25, 1.5], "rotation": 180, "texture": "#2"},
				"west": {"uv": [6, 1, 6.25, 1.5], "rotation": 180, "texture": "#2"},
				"up": {"uv": [6, 1, 6.25, 1.5], "rotation": 180, "texture": "#2"},
				"down": {"uv": [6, 1, 6.25, 1.5], "rotation": 180, "texture": "#2"}
			}
		},
		{
			"from": [4.40625, 2.75, 0.77557],
			"to": [4.75, 3.25, 1.02557],
			"rotation": {"angle": 0, "axis": "z", "origin": [4.59375, 3, 1.02557]},
			"faces": {
				"north": {"uv": [6, 1, 6.25, 1.5], "rotation": 180, "texture": "#2"},
				"east": {"uv": [6, 1, 6.25, 1.5], "rotation": 180, "texture": "#2"},
				"south": {"uv": [6, 1, 6.25, 1.5], "rotation": 180, "texture": "#2"},
				"west": {"uv": [6, 1, 6.25, 1.5], "rotation": 180, "texture": "#2"},
				"up": {"uv": [6, 1, 6.25, 1.5], "rotation": 180, "texture": "#2"},
				"down": {"uv": [6, 1, 6.25, 1.5], "rotation": 180, "texture": "#2"}
			}
		},
		{
			"from": [2, 3, 2.93182],
			"to": [4, 4, 3.18182],
			"rotation": {"angle": 0, "axis": "y", "origin": [10.5, 11, -4.81818]},
			"faces": {
				"north": {"uv": [0, 0, 2, 1], "rotation": 180, "texture": "#3"},
				"east": {"uv": [0, 0, 1, 0.25], "rotation": 90, "texture": "#3"},
				"south": {"uv": [0, 0, 2, 1], "texture": "#3"},
				"west": {"uv": [0, 0, 1, 0.25], "rotation": 270, "texture": "#3"},
				"up": {"uv": [0, 0, 2, 0.25], "texture": "#3"},
				"down": {"uv": [0, 0, 2, 0.25], "rotation": 180, "texture": "#3"}
			}
		},
		{
			"from": [1.38128, 3, 2.26132],
			"to": [2.38128, 4, 2.51132],
			"rotation": {"angle": -45, "axis": "y", "origin": [1.38128, 3.5, 2.38632]},
			"faces": {
				"north": {"uv": [0, 0, 1, 1], "rotation": 180, "texture": "#3"},
				"east": {"uv": [0, 0, 1, 0.25], "rotation": 90, "texture": "#3"},
				"south": {"uv": [0, 0, 1, 1], "texture": "#3"},
				"west": {"uv": [0, 0, 1, 0.25], "rotation": 270, "texture": "#3"},
				"up": {"uv": [0, 0, 1, 0.25], "texture": "#3"},
				"down": {"uv": [0, 0, 1, 0.25], "rotation": 180, "texture": "#3"}
			}
		},
		{
			"from": [3.91161, 3, 2.96843],
			"to": [4.91161, 4, 3.21843],
			"rotation": {"angle": 45, "axis": "y", "origin": [3.91161, 3.5, 3.09343]},
			"faces": {
				"north": {"uv": [0, 0, 1, 1], "rotation": 180, "texture": "#3"},
				"east": {"uv": [0, 0, 1, 0.25], "rotation": 90, "texture": "#3"},
				"south": {"uv": [0, 0, 1, 1], "texture": "#3"},
				"west": {"uv": [0, 0, 1, 0.25], "rotation": 270, "texture": "#3"},
				"up": {"uv": [0, 0, 1, 0.25], "texture": "#3"},
				"down": {"uv": [0, 0, 1, 0.25], "rotation": 180, "texture": "#3"}
			}
		},
		{
			"from": [4.45711, 3, 1.47471],
			"to": [4.70711, 4, 2.47471],
			"rotation": {"angle": 0, "axis": "z", "origin": [4.58211, 3.5, 2.47471]},
			"faces": {
				"north": {"uv": [0, 0, 1, 0.25], "rotation": 90, "texture": "#3"},
				"east": {"uv": [0, 0, 1, 1], "texture": "#3"},
				"south": {"uv": [0, 0, 1, 0.25], "rotation": 270, "texture": "#3"},
				"west": {"uv": [0, 0, 1, 1], "rotation": 180, "texture": "#3"},
				"up": {"uv": [0, 0, 1, 0.25], "rotation": 270, "texture": "#3"},
				"down": {"uv": [0, 0, 1, 0.25], "rotation": 270, "texture": "#3"}
			}
		},
		{
			"from": [1.29289, 3, 1.47471],
			"to": [1.54289, 4, 2.47471],
			"rotation": {"angle": 0, "axis": "z", "origin": [1.41789, 3.5, 2.47471]},
			"faces": {
				"north": {"uv": [0, 0, 1, 0.25], "rotation": 90, "texture": "#3"},
				"east": {"uv": [0, 0, 1, 1], "texture": "#3"},
				"south": {"uv": [0, 0, 1, 0.25], "rotation": 270, "texture": "#3"},
				"west": {"uv": [0, 0, 1, 1], "rotation": 180, "texture": "#3"},
				"up": {"uv": [0, 0, 1, 0.25], "rotation": 270, "texture": "#3"},
				"down": {"uv": [0, 0, 1, 0.25], "rotation": 270, "texture": "#3"}
			}
		},
		{
			"from": [12.5, 2.75, 2.68182],
			"to": [13.5, 4.25, 3.18182],
			"rotation": {"angle": 0, "axis": "y", "origin": [5.5, 11, -4.81818]},
			"faces": {
				"north": {"uv": [9, 1, 10, 2.5], "rotation": 180, "texture": "#2"},
				"east": {"uv": [9, 1, 10, 2.5], "rotation": 180, "texture": "#2"},
				"south": {"uv": [9, 1, 10, 2.5], "rotation": 180, "texture": "#2"},
				"west": {"uv": [9, 1, 10, 2.5], "rotation": 180, "texture": "#2"},
				"up": {"uv": [9, 1, 10, 2.5], "rotation": 180, "texture": "#2"},
				"down": {"uv": [9, 1, 10, 2.5], "rotation": 180, "texture": "#2"}
			}
		},
		{
			"from": [11.25, 2.75, 1.02557],
			"to": [11.59375, 4.25, 1.52557],
			"rotation": {"angle": 0, "axis": "z", "origin": [11.40625, 3.5, 1.02557]},
			"faces": {
				"north": {"uv": [6, 1, 6.25, 1.5], "rotation": 180, "texture": "#2"},
				"east": {"uv": [6, 1, 6.25, 1.5], "rotation": 180, "texture": "#2"},
				"south": {"uv": [6, 1, 6.25, 1.5], "rotation": 180, "texture": "#2"},
				"west": {"uv": [6, 1, 6.25, 1.5], "rotation": 180, "texture": "#2"},
				"up": {"uv": [6, 1, 6.25, 1.5], "rotation": 180, "texture": "#2"},
				"down": {"uv": [6, 1, 6.25, 1.5], "rotation": 180, "texture": "#2"}
			}
		},
		{
			"from": [14.40625, 2.75, 1.02557],
			"to": [14.75, 4.25, 1.52557],
			"rotation": {"angle": 0, "axis": "z", "origin": [14.5625, 3.5, 1.02557]},
			"faces": {
				"north": {"uv": [6, 1, 6.25, 1.5], "rotation": 180, "texture": "#2"},
				"east": {"uv": [6, 1, 6.25, 1.5], "rotation": 180, "texture": "#2"},
				"south": {"uv": [6, 1, 6.25, 1.5], "rotation": 180, "texture": "#2"},
				"west": {"uv": [6, 1, 6.25, 1.5], "rotation": 180, "texture": "#2"},
				"up": {"uv": [6, 1, 6.25, 1.5], "rotation": 180, "texture": "#2"},
				"down": {"uv": [6, 1, 6.25, 1.5], "rotation": 180, "texture": "#2"}
			}
		},
		{
			"from": [14.40625, 3.25, 0.77557],
			"to": [14.75, 3.75, 1.02557],
			"rotation": {"angle": 0, "axis": "z", "origin": [14.5625, 3.5, 1.02557]},
			"faces": {
				"north": {"uv": [6, 1, 6.25, 1.5], "rotation": 180, "texture": "#2"},
				"east": {"uv": [6, 1, 6.25, 1.5], "rotation": 180, "texture": "#2"},
				"south": {"uv": [6, 1, 6.25, 1.5], "rotation": 180, "texture": "#2"},
				"west": {"uv": [6, 1, 6.25, 1.5], "rotation": 180, "texture": "#2"},
				"up": {"uv": [6, 1, 6.25, 1.5], "rotation": 180, "texture": "#2"},
				"down": {"uv": [6, 1, 6.25, 1.5], "rotation": 180, "texture": "#2"}
			}
		},
		{
			"from": [11.25, 3.75, 0.77557],
			"to": [11.59375, 4.25, 1.02557],
			"rotation": {"angle": 0, "axis": "z", "origin": [11.40625, 4, 1.02557]},
			"faces": {
				"north": {"uv": [6, 1, 6.25, 1.5], "rotation": 180, "texture": "#2"},
				"east": {"uv": [6, 1, 6.25, 1.5], "rotation": 180, "texture": "#2"},
				"south": {"uv": [6, 1, 6.25, 1.5], "rotation": 180, "texture": "#2"},
				"west": {"uv": [6, 1, 6.25, 1.5], "rotation": 180, "texture": "#2"},
				"up": {"uv": [6, 1, 6.25, 1.5], "rotation": 180, "texture": "#2"},
				"down": {"uv": [6, 1, 6.25, 1.5], "rotation": 180, "texture": "#2"}
			}
		},
		{
			"from": [11.25, 2.75, 0.77557],
			"to": [11.59375, 3.25, 1.02557],
			"rotation": {"angle": 0, "axis": "z", "origin": [11.40625, 3, 1.02557]},
			"faces": {
				"north": {"uv": [6, 1, 6.25, 1.5], "rotation": 180, "texture": "#2"},
				"east": {"uv": [6, 1, 6.25, 1.5], "rotation": 180, "texture": "#2"},
				"south": {"uv": [6, 1, 6.25, 1.5], "rotation": 180, "texture": "#2"},
				"west": {"uv": [6, 1, 6.25, 1.5], "rotation": 180, "texture": "#2"},
				"up": {"uv": [6, 1, 6.25, 1.5], "rotation": 180, "texture": "#2"},
				"down": {"uv": [6, 1, 6.25, 1.5], "rotation": 180, "texture": "#2"}
			}
		},
		{
			"from": [12, 3, 2.93182],
			"to": [14, 4, 3.18182],
			"rotation": {"angle": 0, "axis": "y", "origin": [5.5, 11, -4.81818]},
			"faces": {
				"north": {"uv": [2, 0, 4, 1], "rotation": 180, "texture": "#3"},
				"east": {"uv": [1, 0, 2, 0.25], "rotation": 90, "texture": "#3"},
				"south": {"uv": [2, 0, 4, 1], "texture": "#3"},
				"west": {"uv": [1, 0, 2, 0.25], "rotation": 270, "texture": "#3"},
				"up": {"uv": [2, 0, 4, 0.25], "texture": "#3"},
				"down": {"uv": [2, 0, 4, 0.25], "rotation": 180, "texture": "#3"}
			}
		},
		{
			"from": [13.61872, 3, 2.26132],
			"to": [14.61872, 4, 2.51132],
			"rotation": {"angle": 45, "axis": "y", "origin": [14.61872, 3.5, 2.38632]},
			"faces": {
				"north": {"uv": [1, 0, 2, 1], "rotation": 180, "texture": "#3"},
				"east": {"uv": [1, 0, 2, 0.25], "rotation": 90, "texture": "#3"},
				"south": {"uv": [1, 0, 2, 1], "texture": "#3"},
				"west": {"uv": [1, 0, 2, 0.25], "rotation": 270, "texture": "#3"},
				"up": {"uv": [1, 0, 2, 0.25], "texture": "#3"},
				"down": {"uv": [1, 0, 2, 0.25], "rotation": 180, "texture": "#3"}
			}
		},
		{
			"from": [11.08839, 3, 2.96843],
			"to": [12.08839, 4, 3.21843],
			"rotation": {"angle": -45, "axis": "y", "origin": [12.08839, 3.5, 3.09343]},
			"faces": {
				"north": {"uv": [1, 0, 2, 1], "rotation": 180, "texture": "#3"},
				"east": {"uv": [1, 0, 2, 0.25], "rotation": 90, "texture": "#3"},
				"south": {"uv": [1, 0, 2, 1], "texture": "#3"},
				"west": {"uv": [1, 0, 2, 0.25], "rotation": 270, "texture": "#3"},
				"up": {"uv": [1, 0, 2, 0.25], "texture": "#3"},
				"down": {"uv": [1, 0, 2, 0.25], "rotation": 180, "texture": "#3"}
			}
		},
		{
			"from": [11.29289, 3, 1.47471],
			"to": [11.54289, 4, 2.47471],
			"rotation": {"angle": 0, "axis": "z", "origin": [11.41789, 3.5, 2.47471]},
			"faces": {
				"north": {"uv": [0, 0.25, 1, 0.5], "rotation": 90, "texture": "#3"},
				"east": {"uv": [0, 1, 1, 2], "texture": "#3"},
				"south": {"uv": [0, 0.25, 1, 0.5], "rotation": 270, "texture": "#3"},
				"west": {"uv": [0, 1, 1, 2], "rotation": 180, "texture": "#3"},
				"up": {"uv": [0, 0.25, 1, 0.5], "rotation": 270, "texture": "#3"},
				"down": {"uv": [0, 0.25, 1, 0.5], "rotation": 270, "texture": "#3"}
			}
		},
		{
			"from": [14.45711, 3, 1.47471],
			"to": [14.70711, 4, 2.47471],
			"rotation": {"angle": 0, "axis": "z", "origin": [14.58211, 3.5, 2.47471]},
			"faces": {
				"north": {"uv": [0, 0.25, 1, 0.5], "rotation": 90, "texture": "#3"},
				"east": {"uv": [0, 1, 1, 2], "texture": "#3"},
				"south": {"uv": [0, 0.25, 1, 0.5], "rotation": 270, "texture": "#3"},
				"west": {"uv": [0, 1, 1, 2], "rotation": 180, "texture": "#3"},
				"up": {"uv": [0, 0.25, 1, 0.5], "rotation": 270, "texture": "#3"},
				"down": {"uv": [0, 0.25, 1, 0.5], "rotation": 270, "texture": "#3"}
			}
		},
		{
			"from": [4.32991, 15.75, 12.68182],
			"to": [5.32991, 17.25, 13.68182],
			"rotation": {"angle": 0, "axis": "y", "origin": [12.32991, 24, 5.18182]},
			"faces": {
				"north": {"uv": [9, 1, 10, 2.5], "rotation": 180, "texture": "#2"},
				"east": {"uv": [9, 1, 10, 2.5], "rotation": 180, "texture": "#2"},
				"south": {"uv": [9, 1, 10, 2.5], "rotation": 180, "texture": "#2"},
				"west": {"uv": [9, 1, 10, 2.5], "rotation": 180, "texture": "#2"},
				"up": {"uv": [9, 1, 10, 2.5], "rotation": 180, "texture": "#2"},
				"down": {"uv": [9, 1, 10, 2.5], "rotation": 180, "texture": "#2"}
			}
		},
		{
			"from": [10.67009, 15.75, 12.68182],
			"to": [11.67009, 17.25, 13.68182],
			"rotation": {"angle": 0, "axis": "y", "origin": [3.67009, 24, 5.18182]},
			"faces": {
				"north": {"uv": [9, 1, 10, 2.5], "rotation": 180, "texture": "#2"},
				"east": {"uv": [9, 1, 10, 2.5], "rotation": 180, "texture": "#2"},
				"south": {"uv": [9, 1, 10, 2.5], "rotation": 180, "texture": "#2"},
				"west": {"uv": [9, 1, 10, 2.5], "rotation": 180, "texture": "#2"},
				"up": {"uv": [9, 1, 10, 2.5], "rotation": 180, "texture": "#2"},
				"down": {"uv": [9, 1, 10, 2.5], "rotation": 180, "texture": "#2"}
			}
		},
		{
			"from": [1.2576, 13.74064, 8.24889],
			"to": [1.60135, 14.24064, 9.74889],
			"rotation": {"angle": 22.5, "axis": "x", "origin": [1.42815, 14.26535, 8.99889]},
			"faces": {
				"north": {"uv": [6, 1, 6.25, 1.5], "rotation": 270, "texture": "#2"},
				"east": {"uv": [6, 1, 6.25, 1.5], "rotation": 270, "texture": "#2"},
				"south": {"uv": [6, 1, 6.25, 1.5], "rotation": 270, "texture": "#2"},
				"west": {"uv": [6, 1, 6.25, 1.5], "rotation": 270, "texture": "#2"},
				"up": {"uv": [6, 1, 6.25, 1.5], "rotation": 270, "texture": "#2"},
				"down": {"uv": [6, 1, 6.25, 1.5], "rotation": 270, "texture": "#2"}
			}
		},
		{
			"from": [14.39865, 13.74064, 8.24889],
			"to": [14.7424, 14.24064, 9.74889],
			"rotation": {"angle": 22.5, "axis": "x", "origin": [14.57185, 14.26535, 8.99889]},
			"faces": {
				"north": {"uv": [6, 1, 6.25, 1.5], "rotation": 270, "texture": "#2"},
				"east": {"uv": [6, 1, 6.25, 1.5], "rotation": 270, "texture": "#2"},
				"south": {"uv": [6, 1, 6.25, 1.5], "rotation": 270, "texture": "#2"},
				"west": {"uv": [6, 1, 6.25, 1.5], "rotation": 270, "texture": "#2"},
				"up": {"uv": [6, 1, 6.25, 1.5], "rotation": 270, "texture": "#2"},
				"down": {"uv": [6, 1, 6.25, 1.5], "rotation": 270, "texture": "#2"}
			}
		},
		{
			"from": [1.2576, 13.49064, 8.74889],
			"to": [1.60135, 13.74064, 9.24889],
			"rotation": {"angle": 22.5, "axis": "x", "origin": [1.42815, 14.26535, 8.99889]},
			"faces": {
				"north": {"uv": [6, 1, 6.25, 1.5], "rotation": 270, "texture": "#2"},
				"east": {"uv": [6, 1, 6.25, 1.5], "rotation": 270, "texture": "#2"},
				"south": {"uv": [6, 1, 6.25, 1.5], "rotation": 270, "texture": "#2"},
				"west": {"uv": [6, 1, 6.25, 1.5], "rotation": 270, "texture": "#2"},
				"up": {"uv": [6, 1, 6.25, 1.5], "rotation": 270, "texture": "#2"},
				"down": {"uv": [6, 1, 6.25, 1.5], "rotation": 270, "texture": "#2"}
			}
		},
		{
			"from": [14.39865, 13.49064, 9.24889],
			"to": [14.7424, 13.74064, 9.74889],
			"rotation": {"angle": 22.5, "axis": "x", "origin": [14.57185, 14.26535, 8.99889]},
			"faces": {
				"north": {"uv": [6, 1, 6.25, 1.5], "rotation": 270, "texture": "#2"},
				"east": {"uv": [6, 1, 6.25, 1.5], "rotation": 270, "texture": "#2"},
				"south": {"uv": [6, 1, 6.25, 1.5], "rotation": 270, "texture": "#2"},
				"west": {"uv": [6, 1, 6.25, 1.5], "rotation": 270, "texture": "#2"},
				"up": {"uv": [6, 1, 6.25, 1.5], "rotation": 270, "texture": "#2"},
				"down": {"uv": [6, 1, 6.25, 1.5], "rotation": 270, "texture": "#2"}
			}
		},
		{
			"from": [14.39865, 13.49064, 8.24889],
			"to": [14.7424, 13.74064, 8.74889],
			"rotation": {"angle": 22.5, "axis": "x", "origin": [14.57185, 14.26535, 8.99889]},
			"faces": {
				"north": {"uv": [6, 1, 6.25, 1.5], "rotation": 270, "texture": "#2"},
				"east": {"uv": [6, 1, 6.25, 1.5], "rotation": 270, "texture": "#2"},
				"south": {"uv": [6, 1, 6.25, 1.5], "rotation": 270, "texture": "#2"},
				"west": {"uv": [6, 1, 6.25, 1.5], "rotation": 270, "texture": "#2"},
				"up": {"uv": [6, 1, 6.25, 1.5], "rotation": 270, "texture": "#2"},
				"down": {"uv": [6, 1, 6.25, 1.5], "rotation": 270, "texture": "#2"}
			}
		},
		{
			"from": [2.36116, 16, 12.93182],
			"to": [4.36116, 17, 13.18182],
			"rotation": {"angle": 0, "axis": "y", "origin": [2.16045, 16.5, 11.98951]},
			"faces": {
				"north": {"uv": [0, 0, 2, 1], "rotation": 180, "texture": "#3"},
				"east": {"uv": [0, 0, 1, 0.25], "rotation": 90, "texture": "#3"},
				"south": {"uv": [0, 0, 2, 1], "texture": "#3"},
				"west": {"uv": [0, 0, 1, 0.25], "rotation": 270, "texture": "#3"},
				"up": {"uv": [0, 0, 2, 0.25], "texture": "#3"},
				"down": {"uv": [0, 0, 2, 0.25], "rotation": 180, "texture": "#3"}
			}
		},
		{
			"from": [11.63884, 16, 12.93182],
			"to": [13.63884, 17, 13.18182],
			"rotation": {"angle": 0, "axis": "y", "origin": [13.83955, 16.5, 11.98951]},
			"faces": {
				"north": {"uv": [2, 0, 0, 1], "rotation": 180, "texture": "#3"},
				"east": {"uv": [0, 0.25, 1, 0], "rotation": 270, "texture": "#3"},
				"south": {"uv": [2, 0, 0, 1], "texture": "#3"},
				"west": {"uv": [0, 0.25, 1, 0], "rotation": 90, "texture": "#3"},
				"up": {"uv": [2, 0, 0, 0.25], "texture": "#3"},
				"down": {"uv": [2, 0, 0, 0.25], "rotation": 180, "texture": "#3"}
			}
		},
		{
			"from": [1.64546, 16, 12.44068],
			"to": [3.14546, 17, 12.69068],
			"rotation": {"angle": -45, "axis": "y", "origin": [2.16045, 16.5, 11.98951]},
			"faces": {
				"north": {"uv": [0, 0, 1.5, 1], "rotation": 180, "texture": "#3"},
				"east": {"uv": [0, 0, 1, 0.25], "rotation": 90, "texture": "#3"},
				"south": {"uv": [0, 0, 1.5, 1], "texture": "#3"},
				"west": {"uv": [0, 0, 1, 0.25], "rotation": 270, "texture": "#3"},
				"up": {"uv": [0, 0, 1.5, 0.25], "texture": "#3"},
				"down": {"uv": [0, 0, 1.5, 0.25], "rotation": 180, "texture": "#3"}
			}
		},
		{
			"from": [12.85454, 16, 12.44068],
			"to": [14.35454, 17, 12.69068],
			"rotation": {"angle": 45, "axis": "y", "origin": [13.83955, 16.5, 11.98951]},
			"faces": {
				"north": {"uv": [1.5, 0, 0, 1], "rotation": 180, "texture": "#3"},
				"east": {"uv": [0, 0.25, 1, 0], "rotation": 270, "texture": "#3"},
				"south": {"uv": [1.5, 0, 0, 1], "texture": "#3"},
				"west": {"uv": [0, 0.25, 1, 0], "rotation": 90, "texture": "#3"},
				"up": {"uv": [1.5, 0, 0, 0.25], "texture": "#3"},
				"down": {"uv": [1.5, 0, 0, 0.25], "rotation": 180, "texture": "#3"}
			}
		},
		{
			"from": [1.3005, 16, 11.12116],
			"to": [1.5505, 17, 12.12116],
			"rotation": {"angle": 0, "axis": "z", "origin": [2.8069, 16.5, 12.63596]},
			"faces": {
				"north": {"uv": [0, 0, 1, 0.25], "rotation": 90, "texture": "#3"},
				"east": {"uv": [0, 0, 1, 1], "texture": "#3"},
				"south": {"uv": [0, 0, 1, 0.25], "rotation": 270, "texture": "#3"},
				"west": {"uv": [0, 0, 1, 1], "rotation": 180, "texture": "#3"},
				"up": {"uv": [0, 0, 1, 0.25], "rotation": 270, "texture": "#3"},
				"down": {"uv": [0, 0, 1, 0.25], "rotation": 270, "texture": "#3"}
			}
		},
		{
			"from": [14.4495, 16, 11.12116],
			"to": [14.6995, 17, 12.12116],
			"rotation": {"angle": 0, "axis": "z", "origin": [13.1931, 16.5, 12.63596]},
			"faces": {
				"north": {"uv": [0, 0.25, 1, 0], "rotation": 90, "texture": "#3"},
				"east": {"uv": [1, 0, 0, 1], "rotation": 180, "texture": "#3"},
				"south": {"uv": [0, 0.25, 1, 0], "rotation": 270, "texture": "#3"},
				"west": {"uv": [1, 0, 0, 1], "texture": "#3"},
				"up": {"uv": [0, 0.25, 1, 0], "rotation": 270, "texture": "#3"},
				"down": {"uv": [0, 0.25, 1, 0], "rotation": 270, "texture": "#3"}
			}
		},
		{
			"from": [1.3005, 14.18978, 8.49889],
			"to": [1.5505, 16.18978, 9.49889],
			"rotation": {"angle": 22.5, "axis": "x", "origin": [1.42815, 14.26535, 8.99889]},
			"faces": {
				"north": {"uv": [0, 0, 2, 0.25], "rotation": 90, "texture": "#3"},
				"east": {"uv": [0, 0, 2, 1], "rotation": 90, "texture": "#3"},
				"south": {"uv": [0, 0, 2, 0.25], "rotation": 270, "texture": "#3"},
				"west": {"uv": [0, 0, 2, 1], "rotation": 90, "texture": "#3"},
				"up": {"uv": [0, 0, 1, 0.25], "rotation": 270, "texture": "#3"},
				"down": {"uv": [0, 0, 1, 0.25], "rotation": 270, "texture": "#3"}
			}
		},
		{
			"from": [14.4495, 14.18978, 8.49889],
			"to": [14.6995, 16.18978, 9.49889],
			"rotation": {"angle": 22.5, "axis": "x", "origin": [14.57185, 14.26535, 8.99889]},
			"faces": {
				"north": {"uv": [0, 0.25, 2, 0], "rotation": 90, "texture": "#3"},
				"east": {"uv": [0, 1, 2, 0], "rotation": 90, "texture": "#3"},
				"south": {"uv": [0, 0.25, 2, 0], "rotation": 270, "texture": "#3"},
				"west": {"uv": [0, 1, 2, 0], "rotation": 90, "texture": "#3"},
				"up": {"uv": [0, 0.25, 1, 0], "rotation": 270, "texture": "#3"},
				"down": {"uv": [0, 0.25, 1, 0], "rotation": 270, "texture": "#3"}
			}
		},
		{
			"from": [1.3005, 15.30161, 9.45899],
			"to": [1.5505, 16.30161, 11.45899],
			"rotation": {"angle": -22.5, "axis": "x", "origin": [1.42815, 15.80161, 9.53456]},
			"faces": {
				"north": {"uv": [0, 0, 1, 0.25], "rotation": 90, "texture": "#3"},
				"east": {"uv": [0, 0, 2, 1], "texture": "#3"},
				"south": {"uv": [0, 0, 1, 0.25], "rotation": 270, "texture": "#3"},
				"west": {"uv": [0, 0, 2, 1], "rotation": 180, "texture": "#3"},
				"up": {"uv": [0, 0, 2, 0.25], "rotation": 270, "texture": "#3"},
				"down": {"uv": [0, 0, 2, 0.25], "rotation": 270, "texture": "#3"}
			}
		},
		{
			"from": [14.4495, 15.30161, 9.45899],
			"to": [14.6995, 16.30161, 11.45899],
			"rotation": {"angle": -22.5, "axis": "x", "origin": [14.57185, 15.80161, 9.53456]},
			"faces": {
				"north": {"uv": [0, 0.25, 1, 0], "rotation": 90, "texture": "#3"},
				"east": {"uv": [2, 0, 0, 1], "rotation": 180, "texture": "#3"},
				"south": {"uv": [0, 0.25, 1, 0], "rotation": 270, "texture": "#3"},
				"west": {"uv": [2, 0, 0, 1], "texture": "#3"},
				"up": {"uv": [0, 0.25, 2, 0], "rotation": 270, "texture": "#3"},
				"down": {"uv": [0, 0.25, 2, 0], "rotation": 270, "texture": "#3"}
			}
		}
	],
	"display": {
		"thirdperson_righthand": {
			"rotation": [75, 45, 0],
			"translation": [-1.25, 2.75, 0],
			"scale": [0.375, 0.375, 0.375]
		},
		"thirdperson_lefthand": {
			"rotation": [75, 45, 0],
			"translation": [-1.25, 2.75, 0],
			"scale": [0.375, 0.375, 0.375]
		},
		"firstperson_righthand": {
			"rotation": [0, 97.25, 0],
			"translation": [0, 1.5, 0],
			"scale": [0.30234, 0.30234, 0.30234]
		},
		"firstperson_lefthand": {
			"rotation": [0, 97.25, 0],
			"translation": [0, 1.5, 0],
			"scale": [0.30234, 0.30234, 0.30234]
		},
		"ground": {
			"translation": [0, 3, 0],
			"scale": [0.63086, 0.63086, 0.63086]
		},
		"gui": {
			"rotation": [16, -146.25, 0],
			"translation": [0, -2.75, 0],
			"scale": [0.53516, 0.53516, 0.53516]
		},
		"head": {
			"translation": [0, -25.75, 0],
			"scale": [2.32617, 2.32617, 2.32617]
		},
		"fixed": {
			"rotation": [-90, 0, 0],
			"translation": [0, -3, -17.5],
			"scale": [2.32617, 2.32617, 2.32617]
		}
	},
	"groups": [
		{
			"name": "Chair",
			"origin": [5.75, 8, 5.75],
			"children": [
				{
					"name": "Helmet",
					"origin": [4.75, 29, 11.43182],
					"children": [0, 1, 2, 3, 4, 5, 6, 7, 8, 9, 10, 11, 12, 13, 14, 15, 16, 17, 18, 19, 20, 21, 22, 23, 24]
				},
				{
					"name": "Armature",
					"origin": [5.75, 24, 11.43182],
					"children": [25, 26, 27, 28]
				},
				{
					"name": "Frame",
					"origin": [6, 8, 7.18182],
					"children": [29, 30, 31, 32, 33, 34, 35, 36, 37, 38, 39, 40, 41, 42, 43, 44, 45, 46]
				},
				{
					"name": "Restraints",
					"origin": [8, 8, 8],
					"children": [
						{
							"name": "Arms",
							"origin": [8, 8, 8],
							"children": [
								{
									"name": "Right Arm",
									"origin": [1.41789, 14.70711, 4.18182],
									"children": [47, 48, 49, 50, 51, 52, 53, 54, 55, 56, 57]
								},
								{
									"name": "Left Arm",
									"origin": [1.41789, 14.70711, 4.18182],
									"children": [58, 59, 60, 61, 62, 63, 64, 65, 66, 67, 68]
								}
							]
						},
						{
							"name": "Legs",
							"origin": [8, 8, 8],
							"children": [
								{
									"name": "Right Leg",
									"origin": [1.41789, 14.70711, 4.18182],
									"children": [69, 70, 71, 72, 73, 74, 75, 76, 77, 78, 79]
								},
								{
									"name": "Left Leg",
									"origin": [1.41789, 14.70711, 4.18182],
									"children": [80, 81, 82, 83, 84, 85, 86, 87, 88, 89, 90]
								}
							]
						},
						{
							"name": "Chest",
							"origin": [1.41789, 14.70711, 4.18182],
							"children": [91, 92, 93, 94, 95, 96, 97, 98, 99, 100, 101, 102, 103, 104, 105, 106, 107]
						}
					]
				}
			]
		}
	]
}