{
	"credit": "Made with Blockbench",
	"textures": {
		"0": "block/MizunoArchive/black_wool",
		"particle": "block/MizunoArchive/black_wool"
	},
	"elements": [
		{
			"from": [4.75, 3, 3],
			"to": [7.75, 5, 3.5],
			"rotation": {"angle": 22.5, "axis": "z", "origin": [6.25129, 3.05656, 3.24416]},
			"faces": {
				"north": {"uv": [0, 0, 1, 1], "texture": "#0"},
				"east": {"uv": [0, 0, 1, 1], "texture": "#0"},
				"south": {"uv": [0, 0, 1, 1], "texture": "#0"},
				"west": {"uv": [0, 0, 1, 1], "texture": "#0"},
				"up": {"uv": [0, 0, 1, 1], "texture": "#0"},
				"down": {"uv": [0, 0, 1, 1], "texture": "#0"}
			}
		},
		{
			"from": [3.75, 4.5, 3.0625],
			"to": [13.75, 4.875, 3.4375],
			"rotation": {"angle": 22.5, "axis": "z", "origin": [6.25129, 3.05656, 3.24416]},
			"faces": {
				"north": {"uv": [0, 0, 1, 1], "texture": "#0"},
				"east": {"uv": [0, 0, 1, 1], "texture": "#0"},
				"south": {"uv": [0, 0, 1, 1], "texture": "#0"},
				"west": {"uv": [0, 0, 1, 1], "texture": "#0"},
				"up": {"uv": [0, 0, 1, 1], "texture": "#0"},
				"down": {"uv": [0, 0, 1, 1], "texture": "#0"}
			}
		},
		{
			"from": [3.76689, 4.4836, 12.56198],
			"to": [13.76689, 4.8586, 12.93698],
			"rotation": {"angle": 22.5, "axis": "z", "origin": [6.26818, 3.04016, 12.86863]},
			"faces": {
				"north": {"uv": [0, 0, 1, 1], "texture": "#0"},
				"east": {"uv": [0, 0, 1, 1], "texture": "#0"},
				"south": {"uv": [0, 0, 1, 1], "texture": "#0"},
				"west": {"uv": [0, 0, 1, 1], "texture": "#0"},
				"up": {"uv": [0, 0, 1, 1], "texture": "#0"},
				"down": {"uv": [0, 0, 1, 1], "texture": "#0"}
			}
		},
		{
			"from": [3.01293, 3.41653, 3.06301],
			"to": [3.40491, 3.8075, 12.93698],
			"rotation": {"angle": 0, "axis": "y", "origin": [3.19459, 1.98906, 10.56172]},
			"faces": {
				"north": {"uv": [0, 0, 1, 1], "texture": "#0"},
				"east": {"uv": [0, 0, 1, 1], "texture": "#0"},
				"south": {"uv": [0, 0, 1, 1], "texture": "#0"},
				"west": {"uv": [0, 0, 1, 1], "texture": "#0"},
				"up": {"uv": [0, 0, 1, 1], "rotation": 270, "texture": "#0"},
				"down": {"uv": [0, 0, 1, 1], "rotation": 90, "texture": "#0"}
			}
		},
		{
			"from": [12.5002, 7.23161, 3.06201],
			"to": [12.8584, 7.58982, 12.93698],
			"rotation": {"angle": 0, "axis": "y", "origin": [12.66506, 5.78817, 10.56072]},
			"faces": {
				"north": {"uv": [0, 0, 1, 1], "texture": "#0"},
				"east": {"uv": [0, 0, 1, 1], "texture": "#0"},
				"south": {"uv": [0, 0, 1, 1], "texture": "#0"},
				"west": {"uv": [0, 0, 1, 1], "texture": "#0"},
				"up": {"uv": [0, 0, 1, 1], "rotation": 270, "texture": "#0"},
				"down": {"uv": [0, 0, 1, 1], "rotation": 90, "texture": "#0"}
			}
		},
		{
			"from": [5.75, 2, 3],
			"to": [6.75, 3, 3.5],
			"rotation": {"angle": 22.5, "axis": "z", "origin": [6.25129, 3.05656, 3.24416]},
			"faces": {
				"north": {"uv": [0, 0, 1, 1], "texture": "#0"},
				"east": {"uv": [0, 0, 0.5, 1], "texture": "#0"},
				"south": {"uv": [0, 0, 1, 1], "texture": "#0"},
				"west": {"uv": [0, 0, 0.5, 1], "texture": "#0"},
				"up": {"uv": [0, 0, 1, 0.5], "texture": "#0"},
				"down": {"uv": [0, 0, 1, 0.5], "texture": "#0"}
			}
		},
		{
			"from": [5.22971, 1.955, 3],
			"to": [6.64429, 2.95413, 3.50123],
			"rotation": {"angle": -22.5, "axis": "z", "origin": [6.25129, 3.05656, 3.24416]},
			"faces": {
				"north": {"uv": [0, 0, 1.41458, 0.99913], "texture": "#0"},
				"east": {"uv": [0, 0, 0.50123, 0.99913], "texture": "#0"},
				"south": {"uv": [0, 0, 1.41458, 0.99913], "texture": "#0"},
				"west": {"uv": [0, 0, 0.50123, 0.99913], "texture": "#0"},
				"up": {"uv": [0, 0, 1.41458, 0.50123], "texture": "#0"},
				"down": {"uv": [0, 0, 1.41458, 0.50123], "texture": "#0"}
			}
		},
		{
			"from": [6.3503, 2.66369, 2.99775],
			"to": [7.34943, 4.07827, 3.49898],
			"rotation": {"angle": -22.5, "axis": "z", "origin": [6.25129, 3.05656, 3.24416]},
			"faces": {
				"north": {"uv": [0, 0, 1.41458, 0.99913], "rotation": 90, "texture": "#0"},
				"east": {"uv": [0, 0, 1.41458, 0.50123], "rotation": 270, "texture": "#0"},
				"south": {"uv": [0, 0, 1.41458, 0.99913], "rotation": 270, "texture": "#0"},
				"west": {"uv": [0, 0, 1.41458, 0.50123], "rotation": 270, "texture": "#0"},
				"up": {"uv": [0, 0, 0.50123, 0.99913], "rotation": 270, "texture": "#0"},
				"down": {"uv": [0, 0, 0.50123, 0.99913], "rotation": 270, "texture": "#0"}
			}
		}
	],
	"display": {
		"thirdperson_righthand": {
			"rotation": [80.75, 19.75, -49.25],
			"translation": [3.5, 0, 0],
			"scale": [0.66016, 0.66016, 0.66016]
		},
		"thirdperson_lefthand": {
			"rotation": [80.75, 19.75, 58],
			"translation": [-5.25, -3, 0],
			"scale": [0.66016, 0.66016, 0.66016]
		},
		"firstperson_righthand": {
			"rotation": [0, 125.25, 0],
			"translation": [0, 5, 0],
			"scale": [0.42383, 0.42383, 0.42383]
		},
		"firstperson_lefthand": {
			"rotation": [0, 496, 0],
			"translation": [-0.5, 5, 1.5],
			"scale": [0.42383, 0.42383, 0.42383]
		},
		"ground": {
			"translation": [0, 4.25, 0]
		},
		"gui": {
			"rotation": [30, -154, 0],
			"translation": [-0.5, 2.5, 0],
			"scale": [0.87891, 0.87891, 0.87891]
		},
		"head": {
			"translation": [0, 5.25, 0],
			"scale": [1.6, 1.6, 1.6]
		},
		"fixed": {
			"rotation": [-75.5, 0, -23],
			"translation": [2, 0, -6],
			"scale": [2, 2, 2]
		}
	}
}