{
	"credit": "Made with Blockbench",
	"textures": {
		"0": "block/Gloweyes_purpyel",
		"particle": "block/Gloweyes_purpyel"
	},
	"elements": [
		{
			"from": [1.5, 5.5, 15.875],
			"to": [14.5, 10.5, 15.875],
			"rotation": {"angle": 0, "axis": "z", "origin": [5.5, 12.5, 8]},
			"faces": {
				"north": {"uv": [1, 2, 15, 8], "texture": "#0"},
				"east": {"uv": [0, 0, 0, 8], "texture": "#0"},
				"south": {"uv": [0, 0, 16, 8], "texture": "#0"},
				"west": {"uv": [0, 0, 0, 8], "texture": "#0"},
				"up": {"uv": [0, 0, 16, 0], "texture": "#0"},
				"down": {"uv": [0, 0, 16, 0], "texture": "#0"}
			}
		}
	],
	"display": {
		"thirdperson_righthand": {
			"rotation": [75, 31.5, 0],
			"translation": [-2.5, 2.5, 0],
			"scale": [0.375, 0.375, 0.375]
		},
		"thirdperson_lefthand": {
			"rotation": [75, 31.5, 0],
			"translation": [-2.5, 2.5, 0],
			"scale": [0.375, 0.375, 0.375]
		},
		"firstperson_righthand": {
			"rotation": [0, -27, 0],
			"translation": [0, 4.5, 0],
			"scale": [0.4, 0.4, 0.4]
		},
		"firstperson_lefthand": {
			"rotation": [0, -27, 0],
			"translation": [0, 4.5, 0],
			"scale": [0.4, 0.4, 0.4]
		},
		"ground": {
			"translation": [0, 3, -8.25]
		},
		"gui": {
			"rotation": [30, -168, 0],
			"translation": [1.75, -3.5, 0],
			"scale": [1.09375, 1.09375, 1.09375]
		},
		"fixed": {
			"translation": [0, 0, -15],
			"scale": [2, 2, 2]
		}
	}
}