{
	"credit": "Made with Blockbench",
	"textures": {
		"0": "block/Gloweyes_purpyel",
		"particle": "block/Gloweyes_purpyel"
	},
	"elements": [
		{
			"from": [7, 10, 15.875],
			"to": [15, 13, 15.875],
			"rotation": {"angle": 0, "axis": "z", "origin": [7, 17, 8]},
			"faces": {
				"north": {"uv": [1, 8, 15, 14], "texture": "#0"},
				"east": {"uv": [1, 8, 15, 14], "texture": "#0"},
				"south": {"uv": [1, 8, 15, 14], "texture": "#0"},
				"west": {"uv": [1, 8, 15, 14], "texture": "#0"},
				"up": {"uv": [1, 8, 15, 14], "texture": "#0"},
				"down": {"uv": [1, 8, 15, 14], "texture": "#0"}
			}
		},
		{
			"from": [1, 5.25, 15.875],
			"to": [7, 7.25, 15.875],
			"rotation": {"angle": 0, "axis": "z", "origin": [1, 12.25, 8]},
			"faces": {
				"north": {"uv": [1, 8, 15, 14], "texture": "#0"},
				"east": {"uv": [1, 8, 15, 14], "texture": "#0"},
				"south": {"uv": [1, 8, 15, 14], "texture": "#0"},
				"west": {"uv": [1, 8, 15, 14], "texture": "#0"},
				"up": {"uv": [1, 8, 15, 14], "texture": "#0"},
				"down": {"uv": [1, 8, 15, 14], "texture": "#0"}
			}
		},
		{
			"from": [5.75, 2.25, 15.875],
			"to": [11.75, 4.25, 15.875],
			"rotation": {"angle": 0, "axis": "z", "origin": [5.75, 9.25, 8]},
			"faces": {
				"north": {"uv": [1, 8, 15, 14], "texture": "#0"},
				"east": {"uv": [1, 8, 15, 14], "texture": "#0"},
				"south": {"uv": [1, 8, 15, 14], "texture": "#0"},
				"west": {"uv": [1, 8, 15, 14], "texture": "#0"},
				"up": {"uv": [1, 8, 15, 14], "texture": "#0"},
				"down": {"uv": [1, 8, 15, 14], "texture": "#0"}
			}
		}
	],
	"display": {
		"thirdperson_righthand": {
			"rotation": [75, 31.5, 0],
			"translation": [-2.5, 2.5, 0],
			"scale": [0.375, 0.375, 0.375]
		},
		"thirdperson_lefthand": {
			"rotation": [75, 31.5, 0],
			"translation": [-2.5, 2.5, 0],
			"scale": [0.375, 0.375, 0.375]
		},
		"firstperson_righthand": {
			"rotation": [0, -27, 0],
			"translation": [0, 4.5, 0],
			"scale": [0.4, 0.4, 0.4]
		},
		"firstperson_lefthand": {
			"rotation": [0, -27, 0],
			"translation": [0, 4.5, 0],
			"scale": [0.4, 0.4, 0.4]
		},
		"ground": {
			"translation": [0, 3, -8.25]
		},
		"gui": {
			"rotation": [30, -168, 0],
			"translation": [1.75, -3.5, 0],
			"scale": [1.09375, 1.09375, 1.09375]
		},
		"fixed": {
			"translation": [0, 0, -15],
			"scale": [2, 2, 2]
		}
	}
}