{
	"credit": "Made with Blockbench",
	"textures": {
		"0": "block/MizunoArchive/anvil",
		"particle": "block/MizunoArchive/anvil"
	},
	"elements": [
		{
			"from": [-0.1, -15.44, 8.09484],
			"to": [7.58, -14.48, 9.05484],
			"rotation": {"angle": 0, "axis": "y", "origin": [7.58, -7.76, 15.77484]},
			"faces": {
				"north": {"uv": [0, 0, 8, 1], "texture": "#0"},
				"east": {"uv": [0, 0, 1, 1], "texture": "#0"},
				"south": {"uv": [0, 0, 8, 1], "texture": "#0"},
				"west": {"uv": [0, 0, 1, 1], "texture": "#0"},
				"up": {"uv": [0, 0, 8, 1], "texture": "#0"},
				"down": {"uv": [0, 0, 8, 1], "texture": "#0"}
			}
		},
		{
			"from": [-0.1, -4.6, 8.09484],
			"to": [6.62, -4.12, 9.05484],
			"rotation": {"angle": 0, "axis": "y", "origin": [7.58, 2.84, 15.77484]},
			"faces": {
				"north": {"uv": [0, 0, 7, 0.5], "texture": "#0"},
				"east": {"uv": [0, 0, 1, 0.5], "texture": "#0"},
				"south": {"uv": [0, 0, 7, 0.5], "texture": "#0"},
				"west": {"uv": [0, 0, 1, 0.5], "texture": "#0"},
				"up": {"uv": [0, 0, 7, 1], "texture": "#0"},
				"down": {"uv": [0, 0, 7, 1], "texture": "#0"}
			}
		},
		{
			"from": [-0.1, -12.32, 8.09484],
			"to": [6.62, -11.84, 9.05484],
			"rotation": {"angle": 0, "axis": "y", "origin": [7.58, -4.88, 15.77484]},
			"faces": {
				"north": {"uv": [0, 0, 7, 0.5], "texture": "#0"},
				"east": {"uv": [0, 0, 1, 0.5], "texture": "#0"},
				"south": {"uv": [0, 0, 7, 0.5], "texture": "#0"},
				"west": {"uv": [0, 0, 1, 0.5], "texture": "#0"},
				"up": {"uv": [0, 0, 7, 1], "texture": "#0"},
				"down": {"uv": [0, 0, 7, 1], "texture": "#0"}
			}
		},
		{
			"from": [-0.1, -1.72, 8.09484],
			"to": [6.62, -1.24, 9.05484],
			"rotation": {"angle": 0, "axis": "y", "origin": [7.58, 5.72, 15.77484]},
			"faces": {
				"north": {"uv": [0, 0, 7, 0.5], "texture": "#0"},
				"east": {"uv": [0, 0, 1, 0.5], "texture": "#0"},
				"south": {"uv": [0, 0, 7, 0.5], "texture": "#0"},
				"west": {"uv": [0, 0, 1, 0.5], "texture": "#0"},
				"up": {"uv": [0, 0, 7, 1], "texture": "#0"},
				"down": {"uv": [0, 0, 7, 1], "texture": "#0"}
			}
		},
		{
			"from": [-15.46, -15.44, 8.09484],
			"to": [-0.1, -14.48, 9.05484],
			"rotation": {"angle": 0, "axis": "y", "origin": [-0.58, -7.76, 15.77484]},
			"faces": {
				"north": {"uv": [0, 0, 16, 1], "texture": "#0"},
				"east": {"uv": [0, 0, 1, 1], "texture": "#0"},
				"south": {"uv": [0, 0, 16, 1], "texture": "#0"},
				"west": {"uv": [0, 0, 1, 1], "texture": "#0"},
				"up": {"uv": [0, 0, 16, 1], "texture": "#0"},
				"down": {"uv": [0, 0, 16, 1], "texture": "#0"}
			}
		},
		{
			"from": [-14.5, -4.6, 8.09484],
			"to": [-0.1, -4.12, 9.05484],
			"rotation": {"angle": 0, "axis": "y", "origin": [-0.58, 2.84, 15.77484]},
			"faces": {
				"north": {"uv": [0, 0, 15, 0.5], "texture": "#0"},
				"east": {"uv": [0, 0, 1, 0.5], "texture": "#0"},
				"south": {"uv": [0, 0, 15, 0.5], "texture": "#0"},
				"west": {"uv": [0, 0, 1, 0.5], "texture": "#0"},
				"up": {"uv": [0, 0, 15, 1], "texture": "#0"},
				"down": {"uv": [0, 0, 15, 1], "texture": "#0"}
			}
		},
		{
			"from": [-14.5, -12.32, 8.09484],
			"to": [-0.1, -11.84, 9.05484],
			"rotation": {"angle": 0, "axis": "y", "origin": [-0.58, -4.88, 15.77484]},
			"faces": {
				"north": {"uv": [0, 0, 15, 0.5], "texture": "#0"},
				"east": {"uv": [0, 0, 1, 0.5], "texture": "#0"},
				"south": {"uv": [0, 0, 15, 0.5], "texture": "#0"},
				"west": {"uv": [0, 0, 1, 0.5], "texture": "#0"},
				"up": {"uv": [0, 0, 15, 1], "texture": "#0"},
				"down": {"uv": [0, 0, 15, 1], "texture": "#0"}
			}
		},
		{
			"from": [-14.5, -1.72, 8.09484],
			"to": [-0.1, -1.24, 9.05484],
			"rotation": {"angle": 0, "axis": "y", "origin": [-0.58, 5.72, 15.77484]},
			"faces": {
				"north": {"uv": [0, 0, 15, 0.5], "texture": "#0"},
				"east": {"uv": [0, 0, 1, 0.5], "texture": "#0"},
				"south": {"uv": [0, 0, 15, 0.5], "texture": "#0"},
				"west": {"uv": [0, 0, 1, 0.5], "texture": "#0"},
				"up": {"uv": [0, 0, 15, 1], "texture": "#0"},
				"down": {"uv": [0, 0, 15, 1], "texture": "#0"}
			}
		},
		{
			"from": [-15.46, 9.72, 8.09484],
			"to": [-11.62, 10.68, 9.05484],
			"rotation": {"angle": 0, "axis": "y", "origin": [-0.58, 17.4, 15.77484]},
			"faces": {
				"north": {"uv": [0, 0, 4, 1], "texture": "#0"},
				"east": {"uv": [0, 0, 1, 1], "texture": "#0"},
				"south": {"uv": [0, 0, 4, 1], "texture": "#0"},
				"west": {"uv": [0, 0, 1, 1], "texture": "#0"},
				"up": {"uv": [0, 0, 4, 1], "texture": "#0"},
				"down": {"uv": [0, 0, 4, 1], "texture": "#0"}
			}
		},
		{
			"from": [-15.46, 5.6, 8.09484],
			"to": [-11.62, 6.08, 9.05484],
			"rotation": {"angle": 0, "axis": "y", "origin": [-0.58, 12.8, 15.77484]},
			"faces": {
				"north": {"uv": [0, 0, 4, 0.5], "texture": "#0"},
				"east": {"uv": [0, 0, 1, 0.5], "texture": "#0"},
				"south": {"uv": [0, 0, 4, 0.5], "texture": "#0"},
				"west": {"uv": [0, 0, 1, 0.5], "texture": "#0"},
				"up": {"uv": [0, 0, 4, 1], "texture": "#0"},
				"down": {"uv": [0, 0, 4, 1], "texture": "#0"}
			}
		},
		{
			"from": [-11.93956, 10.41535, 8.08991],
			"to": [-7.13956, 11.37535, 9.04991],
			"rotation": {"angle": 22.5, "axis": "z", "origin": [-10.04798, 10.87096, 8.62267]},
			"faces": {
				"north": {"uv": [0, 0, 5, 1], "texture": "#0"},
				"east": {"uv": [0, 0, 1, 1], "texture": "#0"},
				"south": {"uv": [0, 0, 5, 1], "texture": "#0"},
				"west": {"uv": [0, 0, 1, 1], "texture": "#0"},
				"up": {"uv": [0, 0, 5, 1], "texture": "#0"},
				"down": {"uv": [0, 0, 5, 1], "texture": "#0"}
			}
		},
		{
			"from": [-11.93956, 6.29535, 8.08991],
			"to": [-7.13956, 6.77535, 9.04991],
			"rotation": {"angle": 22.5, "axis": "z", "origin": [-10.04798, 6.27096, 8.62267]},
			"faces": {
				"north": {"uv": [0, 0, 5, 0.5], "texture": "#0"},
				"east": {"uv": [0, 0, 1, 0.5], "texture": "#0"},
				"south": {"uv": [0, 0, 5, 0.5], "texture": "#0"},
				"west": {"uv": [0, 0, 1, 0.5], "texture": "#0"},
				"up": {"uv": [0, 0, 5, 1], "texture": "#0"},
				"down": {"uv": [0, 0, 5, 1], "texture": "#0"}
			}
		},
		{
			"from": [-7.94258, 12.41405, 8.09008],
			"to": [-0.26258, 13.37405, 9.05008],
			"rotation": {"angle": 45, "axis": "z", "origin": [-6.53648, 12.90127, 8.61799]},
			"faces": {
				"north": {"uv": [0, 0, 8, 1], "texture": "#0"},
				"east": {"uv": [0, 0, 1, 1], "texture": "#0"},
				"south": {"uv": [0, 0, 8, 1], "texture": "#0"},
				"west": {"uv": [0, 0, 1, 1], "texture": "#0"},
				"up": {"uv": [0, 0, 8, 1], "texture": "#0"},
				"down": {"uv": [0, 0, 8, 1], "texture": "#0"}
			}
		},
		{
			"from": [-7.94258, 8.29405, 8.09008],
			"to": [-0.26258, 8.77405, 9.05008],
			"rotation": {"angle": 45, "axis": "z", "origin": [-6.53648, 8.30127, 8.61799]},
			"faces": {
				"north": {"uv": [0, 0, 8, 0.5], "texture": "#0"},
				"east": {"uv": [0, 0, 1, 0.5], "texture": "#0"},
				"south": {"uv": [0, 0, 8, 0.5], "texture": "#0"},
				"west": {"uv": [0, 0, 1, 0.5], "texture": "#0"},
				"up": {"uv": [0, 0, 8, 1], "texture": "#0"},
				"down": {"uv": [0, 0, 8, 1], "texture": "#0"}
			}
		},
		{
			"from": [-2.47531, 17.83909, 8.09006],
			"to": [2.32469, 18.79909, 9.05006],
			"rotation": {"angle": 22.5, "axis": "z", "origin": [0.37138, 18.33343, 8.61716]},
			"faces": {
				"north": {"uv": [0, 0, 5, 1], "texture": "#0"},
				"east": {"uv": [0, 0, 1, 1], "texture": "#0"},
				"south": {"uv": [0, 0, 5, 1], "texture": "#0"},
				"west": {"uv": [0, 0, 1, 1], "texture": "#0"},
				"up": {"uv": [0, 0, 5, 1], "texture": "#0"},
				"down": {"uv": [0, 0, 5, 1], "texture": "#0"}
			}
		},
		{
			"from": [-2.47531, 13.71909, 8.09006],
			"to": [2.32469, 14.19909, 9.05006],
			"rotation": {"angle": 22.5, "axis": "z", "origin": [0.37138, 13.73343, 8.61716]},
			"faces": {
				"north": {"uv": [0, 0, 5, 0.5], "texture": "#0"},
				"east": {"uv": [0, 0, 1, 0.5], "texture": "#0"},
				"south": {"uv": [0, 0, 5, 0.5], "texture": "#0"},
				"west": {"uv": [0, 0, 1, 0.5], "texture": "#0"},
				"up": {"uv": [0, 0, 5, 1], "texture": "#0"},
				"down": {"uv": [0, 0, 5, 1], "texture": "#0"}
			}
		},
		{
			"from": [1.99846, 18.552, 8.09484],
			"to": [7.58, 19.5096, 9.05096],
			"rotation": {"angle": 0, "axis": "z", "origin": [3.8803, 19.03778, 8.61637]},
			"faces": {
				"north": {"uv": [0, 0, 5.81411, 0.9975], "texture": "#0"},
				"east": {"uv": [0, 0, 0.99596, 0.9975], "texture": "#0"},
				"south": {"uv": [0, 0, 5.81411, 0.9975], "texture": "#0"},
				"west": {"uv": [0, 0, 0.99596, 0.9975], "texture": "#0"},
				"up": {"uv": [0, 0, 5.81411, 0.99596], "texture": "#0"},
				"down": {"uv": [0, 0, 5.81411, 0.99596], "texture": "#0"}
			}
		},
		{
			"from": [1.99846, 14.432, 8.09484],
			"to": [7.58, 14.9096, 9.05096],
			"rotation": {"angle": 0, "axis": "z", "origin": [3.8803, 14.43778, 8.61637]},
			"faces": {
				"north": {"uv": [0, 0, 5.81411, 0.4975], "texture": "#0"},
				"east": {"uv": [0, 0, 0.99596, 0.4975], "texture": "#0"},
				"south": {"uv": [0, 0, 5.81411, 0.4975], "texture": "#0"},
				"west": {"uv": [0, 0, 0.99596, 0.4975], "texture": "#0"},
				"up": {"uv": [0, 0, 5.81411, 0.99596], "texture": "#0"},
				"down": {"uv": [0, 0, 5.81411, 0.99596], "texture": "#0"}
			}
		},
		{
			"from": [-15.46, -14.48, 8.09484],
			"to": [-14.5, 0.88, 9.05484],
			"rotation": {"angle": 0, "axis": "y", "origin": [-0.58, -7.76, 15.77484]},
			"faces": {
				"north": {"uv": [0, 0, 1, 16], "texture": "#0"},
				"east": {"uv": [0, 0, 1, 16], "texture": "#0"},
				"south": {"uv": [0, 0, 1, 16], "texture": "#0"},
				"west": {"uv": [0, 0, 1, 16], "texture": "#0"},
				"up": {"uv": [0, 0, 1, 1], "texture": "#0"},
				"down": {"uv": [0, 0, 1, 1], "texture": "#0"}
			}
		},
		{
			"from": [-15.46, 0.88, 8.09484],
			"to": [-14.5, 9.72, 9.05484],
			"rotation": {"angle": 0, "axis": "y", "origin": [-0.58, 6.64, 15.77484]},
			"faces": {
				"north": {"uv": [0, 0, 1, 4], "texture": "#0"},
				"east": {"uv": [0, 0, 1, 4], "texture": "#0"},
				"south": {"uv": [0, 0, 1, 4], "texture": "#0"},
				"west": {"uv": [0, 0, 1, 4], "texture": "#0"},
				"up": {"uv": [0, 0, 1, 1], "texture": "#0"},
				"down": {"uv": [0, 0, 1, 1], "texture": "#0"}
			}
		},
		{
			"from": [6.62, -14.48, 8.09484],
			"to": [7.58, 0.88, 9.05484],
			"rotation": {"angle": 0, "axis": "y", "origin": [21.5, -7.76, 15.77484]},
			"faces": {
				"north": {"uv": [0, 0, 1, 16], "texture": "#0"},
				"east": {"uv": [0, 0, 1, 16], "texture": "#0"},
				"south": {"uv": [0, 0, 1, 16], "texture": "#0"},
				"west": {"uv": [0, 0, 1, 16], "texture": "#0"},
				"up": {"uv": [0, 0, 1, 1], "texture": "#0"},
				"down": {"uv": [0, 0, 1, 1], "texture": "#0"}
			}
		},
		{
			"from": [6.62, 0.88, 8.09484],
			"to": [7.58, 18.552, 9.05484],
			"rotation": {"angle": 0, "axis": "y", "origin": [21.5, 6.64, 15.77484]},
			"faces": {
				"north": {"uv": [0, 0, 1, 13.2], "texture": "#0"},
				"east": {"uv": [0, 0, 1, 13.2], "texture": "#0"},
				"south": {"uv": [0, 0, 1, 13.2], "texture": "#0"},
				"west": {"uv": [0, 0, 1, 13.2], "texture": "#0"},
				"up": {"uv": [0, 0, 1, 1], "texture": "#0"},
				"down": {"uv": [0, 0, 1, 1], "texture": "#0"}
			}
		},
		{
			"from": [4.22, -14.48, 8.33484],
			"to": [4.7, 5.88, 8.81484],
			"rotation": {"angle": 0, "axis": "y", "origin": [18.86, -7.76, 15.77484]},
			"faces": {
				"north": {"uv": [0, 0, 0.5, 16], "texture": "#0"},
				"east": {"uv": [0, 0, 0.5, 16], "texture": "#0"},
				"south": {"uv": [0, 0, 0.5, 16], "texture": "#0"},
				"west": {"uv": [0, 0, 0.5, 16], "texture": "#0"},
				"up": {"uv": [0, 0, 0.5, 0.5], "texture": "#0"},
				"down": {"uv": [0, 0, 0.5, 0.5], "texture": "#0"}
			}
		},
		{
			"from": [1.34, -14.48, 8.33484],
			"to": [1.82, 5.88, 8.81484],
			"rotation": {"angle": 0, "axis": "y", "origin": [15.98, -7.76, 15.77484]},
			"faces": {
				"north": {"uv": [0, 0, 0.5, 16], "texture": "#0"},
				"east": {"uv": [0, 0, 0.5, 16], "texture": "#0"},
				"south": {"uv": [0, 0, 0.5, 16], "texture": "#0"},
				"west": {"uv": [0, 0, 0.5, 16], "texture": "#0"},
				"up": {"uv": [0, 0, 0.5, 0.5], "texture": "#0"},
				"down": {"uv": [0, 0, 0.5, 0.5], "texture": "#0"}
			}
		},
		{
			"from": [-1.54, -14.48, 8.33484],
			"to": [-1.06, 5.88, 8.81484],
			"rotation": {"angle": 0, "axis": "y", "origin": [13.1, -7.76, 15.77484]},
			"faces": {
				"north": {"uv": [0, 0, 0.5, 16], "texture": "#0"},
				"east": {"uv": [0, 0, 0.5, 16], "texture": "#0"},
				"south": {"uv": [0, 0, 0.5, 16], "texture": "#0"},
				"west": {"uv": [0, 0, 0.5, 16], "texture": "#0"},
				"up": {"uv": [0, 0, 0.5, 0.5], "texture": "#0"},
				"down": {"uv": [0, 0, 0.5, 0.5], "texture": "#0"}
			}
		},
		{
			"from": [-4.42, -14.48, 8.33484],
			"to": [-3.94, 5.88, 8.81484],
			"rotation": {"angle": 0, "axis": "y", "origin": [10.22, -7.76, 15.77484]},
			"faces": {
				"north": {"uv": [0, 0, 0.5, 16], "texture": "#0"},
				"east": {"uv": [0, 0, 0.5, 16], "texture": "#0"},
				"south": {"uv": [0, 0, 0.5, 16], "texture": "#0"},
				"west": {"uv": [0, 0, 0.5, 16], "texture": "#0"},
				"up": {"uv": [0, 0, 0.5, 0.5], "texture": "#0"},
				"down": {"uv": [0, 0, 0.5, 0.5], "texture": "#0"}
			}
		},
		{
			"from": [-7.3, -14.48, 8.33484],
			"to": [-6.82, 5.88, 8.81484],
			"rotation": {"angle": 0, "axis": "y", "origin": [7.34, -7.76, 15.77484]},
			"faces": {
				"north": {"uv": [0, 0, 0.5, 16], "texture": "#0"},
				"east": {"uv": [0, 0, 0.5, 16], "texture": "#0"},
				"south": {"uv": [0, 0, 0.5, 16], "texture": "#0"},
				"west": {"uv": [0, 0, 0.5, 16], "texture": "#0"},
				"up": {"uv": [0, 0, 0.5, 0.5], "texture": "#0"},
				"down": {"uv": [0, 0, 0.5, 0.5], "texture": "#0"}
			}
		},
		{
			"from": [-10.18, -14.48, 8.33484],
			"to": [-9.7, 5.88, 8.81484],
			"rotation": {"angle": 0, "axis": "y", "origin": [4.46, -7.76, 15.77484]},
			"faces": {
				"north": {"uv": [0, 0, 0.5, 16], "texture": "#0"},
				"east": {"uv": [0, 0, 0.5, 16], "texture": "#0"},
				"south": {"uv": [0, 0, 0.5, 16], "texture": "#0"},
				"west": {"uv": [0, 0, 0.5, 16], "texture": "#0"},
				"up": {"uv": [0, 0, 0.5, 0.5], "texture": "#0"},
				"down": {"uv": [0, 0, 0.5, 0.5], "texture": "#0"}
			}
		},
		{
			"from": [-13.06, -14.48, 8.33484],
			"to": [-12.58, 5.88, 8.81484],
			"rotation": {"angle": 0, "axis": "y", "origin": [1.58, -7.76, 15.77484]},
			"faces": {
				"north": {"uv": [0, 0, 0.5, 16], "texture": "#0"},
				"east": {"uv": [0, 0, 0.5, 16], "texture": "#0"},
				"south": {"uv": [0, 0, 0.5, 16], "texture": "#0"},
				"west": {"uv": [0, 0, 0.5, 16], "texture": "#0"},
				"up": {"uv": [0, 0, 0.5, 0.5], "texture": "#0"},
				"down": {"uv": [0, 0, 0.5, 0.5], "texture": "#0"}
			}
		},
		{
			"from": [4.22, 0.88, 8.33484],
			"to": [4.7, 18.852, 8.81484],
			"rotation": {"angle": 0, "axis": "y", "origin": [18.86, 6.64, 15.77484]},
			"faces": {
				"north": {"uv": [0, 0, 0.5, 13.2], "texture": "#0"},
				"east": {"uv": [0, 0, 0.5, 13.2], "texture": "#0"},
				"south": {"uv": [0, 0, 0.5, 13.2], "texture": "#0"},
				"west": {"uv": [0, 0, 0.5, 13.2], "texture": "#0"},
				"up": {"uv": [0, 0, 0.5, 0.5], "texture": "#0"},
				"down": {"uv": [0, 0, 0.5, 0.5], "texture": "#0"}
			}
		},
		{
			"from": [1.34, 0.88, 8.33484],
			"to": [1.82, 18.552, 8.81484],
			"rotation": {"angle": 0, "axis": "y", "origin": [15.98, 6.64, 15.77484]},
			"faces": {
				"north": {"uv": [0, 0, 0.5, 13.2], "texture": "#0"},
				"east": {"uv": [0, 0, 0.5, 13.2], "texture": "#0"},
				"south": {"uv": [0, 0, 0.5, 13.2], "texture": "#0"},
				"west": {"uv": [0, 0, 0.5, 13.2], "texture": "#0"},
				"up": {"uv": [0, 0, 0.5, 0.5], "texture": "#0"},
				"down": {"uv": [0, 0, 0.5, 0.5], "texture": "#0"}
			}
		},
		{
			"from": [-1.54, 0.88, 8.33484],
			"to": [-1.06, 17.592, 8.81484],
			"rotation": {"angle": 0, "axis": "y", "origin": [13.1, 6.64, 15.77484]},
			"faces": {
				"north": {"uv": [0, 0, 0.5, 12.2], "texture": "#0"},
				"east": {"uv": [0, 0, 0.5, 12.2], "texture": "#0"},
				"south": {"uv": [0, 0, 0.5, 12.2], "texture": "#0"},
				"west": {"uv": [0, 0, 0.5, 12.2], "texture": "#0"},
				"up": {"uv": [0, 0, 0.5, 0.5], "texture": "#0"},
				"down": {"uv": [0, 0, 0.5, 0.5], "texture": "#0"}
			}
		},
		{
			"from": [-4.42, 0.88, 8.33484],
			"to": [-3.94, 14.952, 8.81484],
			"rotation": {"angle": 0, "axis": "y", "origin": [10.22, 6.64, 15.77484]},
			"faces": {
				"north": {"uv": [0, 0, 0.5, 9.45], "texture": "#0"},
				"east": {"uv": [0, 0, 0.5, 9.45], "texture": "#0"},
				"south": {"uv": [0, 0, 0.5, 9.45], "texture": "#0"},
				"west": {"uv": [0, 0, 0.5, 9.45], "texture": "#0"},
				"up": {"uv": [0, 0, 0.5, 0.5], "texture": "#0"},
				"down": {"uv": [0, 0, 0.5, 0.5], "texture": "#0"}
			}
		},
		{
			"from": [-7.3, 0.88, 8.33484],
			"to": [-6.82, 12.132, 8.81484],
			"rotation": {"angle": 0, "axis": "y", "origin": [7.34, 6.64, 15.77484]},
			"faces": {
				"north": {"uv": [0, 0, 0.5, 6.2], "texture": "#0"},
				"east": {"uv": [0, 0, 0.5, 6.2], "texture": "#0"},
				"south": {"uv": [0, 0, 0.5, 6.2], "texture": "#0"},
				"west": {"uv": [0, 0, 0.5, 6.2], "texture": "#0"},
				"up": {"uv": [0, 0, 0.5, 0.5], "texture": "#0"},
				"down": {"uv": [0, 0, 0.5, 0.5], "texture": "#0"}
			}
		},
		{
			"from": [-10.18, 0.88, 8.33484],
			"to": [-9.7, 10.872, 8.81484],
			"rotation": {"angle": 0, "axis": "y", "origin": [4.46, 6.64, 15.77484]},
			"faces": {
				"north": {"uv": [0, 0, 0.5, 5.2], "texture": "#0"},
				"east": {"uv": [0, 0, 0.5, 5.2], "texture": "#0"},
				"south": {"uv": [0, 0, 0.5, 5.2], "texture": "#0"},
				"west": {"uv": [0, 0, 0.5, 5.2], "texture": "#0"},
				"up": {"uv": [0, 0, 0.5, 0.5], "texture": "#0"},
				"down": {"uv": [0, 0, 0.5, 0.5], "texture": "#0"}
			}
		},
		{
			"from": [-13.06, 0.88, 8.33484],
			"to": [-12.58, 10.152, 8.81484],
			"rotation": {"angle": 0, "axis": "y", "origin": [1.58, 6.64, 15.77484]},
			"faces": {
				"north": {"uv": [0, 0, 0.5, 4.45], "texture": "#0"},
				"east": {"uv": [0, 0, 0.5, 4.45], "texture": "#0"},
				"south": {"uv": [0, 0, 0.5, 4.45], "texture": "#0"},
				"west": {"uv": [0, 0, 0.5, 4.45], "texture": "#0"},
				"up": {"uv": [0, 0, 0.5, 0.5], "texture": "#0"},
				"down": {"uv": [0, 0, 0.5, 0.5], "texture": "#0"}
			}
		},
		{
			"from": [6.74133, -1.21725, 5.65556],
			"to": [7.3835, -0.65214, 6.22067],
			"rotation": {"angle": 0, "axis": "y", "origin": [7.3835, -3.47769, 7.35089]},
			"faces": {
				"north": {"uv": [0, 0, 1, 1], "rotation": 180, "texture": "#0"},
				"east": {"uv": [0, 0, 1, 1], "rotation": 270, "texture": "#0"},
				"south": {"uv": [0, 0, 1, 1], "texture": "#0"},
				"west": {"uv": [0, 0, 1, 1], "rotation": 90, "texture": "#0"},
				"up": {"uv": [0, 0, 1, 1], "rotation": 180, "texture": "#0"},
				"down": {"uv": [0, 0, 1, 1], "texture": "#0"}
			}
		},
		{
			"from": [6.74076, -4.4247, 5.66721],
			"to": [7.38293, -3.85959, 6.23232],
			"rotation": {"angle": 0, "axis": "y", "origin": [7.38293, -1.59915, 7.36254]},
			"faces": {
				"north": {"uv": [0, 1, 1, 2], "rotation": 180, "texture": "#0"},
				"east": {"uv": [1, 0, 2, 1], "rotation": 270, "texture": "#0"},
				"south": {"uv": [0, 1, 1, 2], "texture": "#0"},
				"west": {"uv": [1, 0, 2, 1], "rotation": 90, "texture": "#0"},
				"up": {"uv": [1, 0, 2, 1], "rotation": 180, "texture": "#0"},
				"down": {"uv": [1, 0, 2, 1], "texture": "#0"}
			}
		},
		{
			"from": [6.74136, -0.78113, 5.74407],
			"to": [7.38353, -0.21602, 6.30918],
			"rotation": {"angle": 22.5, "axis": "x", "origin": [7.0602, -0.49414, 6.02418]},
			"faces": {
				"north": {"uv": [0, 0, 1, 1], "texture": "#0"},
				"east": {"uv": [0, 0, 1, 1], "texture": "#0"},
				"south": {"uv": [0, 0, 1, 1], "texture": "#0"},
				"west": {"uv": [0, 0, 1, 1], "texture": "#0"},
				"up": {"uv": [0, 0, 1, 1], "texture": "#0"},
				"down": {"uv": [0, 0, 1, 1], "texture": "#0"}
			}
		},
		{
			"from": [6.73125, -1.65334, 5.75294],
			"to": [7.37342, -1.08823, 6.31805],
			"rotation": {"angle": -22.5, "axis": "x", "origin": [7.05008, -1.37523, 6.03303]},
			"faces": {
				"north": {"uv": [0, 1, 1, 2], "texture": "#0"},
				"east": {"uv": [0, 1, 1, 2], "texture": "#0"},
				"south": {"uv": [0, 1, 1, 2], "texture": "#0"},
				"west": {"uv": [0, 1, 1, 2], "texture": "#0"},
				"up": {"uv": [1, 0, 2, 1], "rotation": 180, "texture": "#0"},
				"down": {"uv": [1, 0, 2, 1], "rotation": 180, "texture": "#0"}
			}
		},
		{
			"from": [6.73814, -4.86101, 7.85666],
			"to": [7.38031, -3.9119, 8.42177],
			"rotation": {"angle": 22.5, "axis": "x", "origin": [7.05698, -4.5829, 8.14168]},
			"faces": {
				"north": {"uv": [0, 0, 1, 1], "rotation": 180, "texture": "#0"},
				"east": {"uv": [1, 1, 2, 2], "texture": "#0"},
				"south": {"uv": [0, 0, 1, 1], "rotation": 180, "texture": "#0"},
				"west": {"uv": [1, 1, 2, 2], "texture": "#0"},
				"up": {"uv": [1, 1, 2, 2], "rotation": 180, "texture": "#0"},
				"down": {"uv": [1, 1, 2, 2], "rotation": 180, "texture": "#0"}
			}
		},
		{
			"from": [6.73515, -1.21701, 7.93713],
			"to": [7.37732, -0.6519, 8.50224],
			"rotation": {"angle": 0, "axis": "x", "origin": [7.05556, -0.92873, 8.23465]},
			"faces": {
				"north": {"uv": [0, 1, 1, 2], "rotation": 180, "texture": "#0"},
				"east": {"uv": [1, 2, 2, 3], "texture": "#0"},
				"south": {"uv": [0, 1, 1, 2], "rotation": 180, "texture": "#0"},
				"west": {"uv": [1, 2, 2, 3], "texture": "#0"},
				"up": {"uv": [2, 1, 3, 2], "texture": "#0"},
				"down": {"uv": [2, 1, 3, 2], "texture": "#0"}
			}
		},
		{
			"from": [6.74149, -0.78095, 7.84302],
			"to": [7.38366, -0.21584, 8.40813],
			"rotation": {"angle": -22.5, "axis": "x", "origin": [7.06034, -0.49395, 8.12803]},
			"faces": {
				"north": {"uv": [0, 1, 1, 2], "rotation": 180, "texture": "#0"},
				"east": {"uv": [1, 0, 2, 1], "texture": "#0"},
				"south": {"uv": [0, 1, 1, 2], "rotation": 180, "texture": "#0"},
				"west": {"uv": [1, 0, 2, 1], "texture": "#0"},
				"up": {"uv": [0, 1, 1, 2], "texture": "#0"},
				"down": {"uv": [0, 1, 1, 2], "texture": "#0"}
			}
		},
		{
			"from": [6.74038, -4.86081, 5.75601],
			"to": [7.38255, -4.2957, 6.32112],
			"rotation": {"angle": -22.5, "axis": "x", "origin": [7.05923, -4.58269, 6.0361]},
			"faces": {
				"north": {"uv": [0, 1, 1, 2], "texture": "#0"},
				"east": {"uv": [0, 1, 1, 2], "texture": "#0"},
				"south": {"uv": [0, 1, 1, 2], "texture": "#0"},
				"west": {"uv": [0, 1, 1, 2], "texture": "#0"},
				"up": {"uv": [1, 0, 2, 1], "rotation": 180, "texture": "#0"},
				"down": {"uv": [1, 0, 2, 1], "rotation": 180, "texture": "#0"}
			}
		},
		{
			"from": [6.74152, -1.65304, 7.84305],
			"to": [7.38369, -1.08792, 8.40816],
			"rotation": {"angle": 22.5, "axis": "x", "origin": [7.06037, -1.37492, 8.12807]},
			"faces": {
				"north": {"uv": [0, 0, 1, 1], "rotation": 180, "texture": "#0"},
				"east": {"uv": [1, 1, 2, 2], "texture": "#0"},
				"south": {"uv": [0, 0, 1, 1], "rotation": 180, "texture": "#0"},
				"west": {"uv": [1, 1, 2, 2], "texture": "#0"},
				"up": {"uv": [1, 1, 2, 2], "rotation": 180, "texture": "#0"},
				"down": {"uv": [1, 1, 2, 2], "rotation": 180, "texture": "#0"}
			}
		},
		{
			"from": [6.74112, -3.98858, 5.75542],
			"to": [7.38329, -3.42347, 6.32053],
			"rotation": {"angle": 22.5, "axis": "x", "origin": [7.05998, -3.70159, 6.03551]},
			"faces": {
				"north": {"uv": [0, 0, 1, 1], "texture": "#0"},
				"east": {"uv": [0, 0, 1, 1], "texture": "#0"},
				"south": {"uv": [0, 0, 1, 1], "texture": "#0"},
				"west": {"uv": [0, 0, 1, 1], "texture": "#0"},
				"up": {"uv": [0, 0, 1, 1], "texture": "#0"},
				"down": {"uv": [0, 0, 1, 1], "texture": "#0"}
			}
		},
		{
			"from": [6.74138, -0.41209, 5.99274],
			"to": [7.38355, 0.15302, 6.55785],
			"rotation": {"angle": 45, "axis": "x", "origin": [7.06022, -0.1251, 6.27284]},
			"faces": {
				"north": {"uv": [0, 0, 1, 1], "texture": "#0"},
				"east": {"uv": [0, 0, 1, 1], "texture": "#0"},
				"south": {"uv": [0, 0, 1, 1], "texture": "#0"},
				"west": {"uv": [0, 0, 1, 1], "texture": "#0"},
				"up": {"uv": [0, 0, 1, 1], "texture": "#0"},
				"down": {"uv": [0, 0, 1, 1], "texture": "#0"}
			}
		},
		{
			"from": [6.73852, -5.22998, 7.60772],
			"to": [7.38069, -4.66487, 8.17283],
			"rotation": {"angle": 45, "axis": "x", "origin": [7.05736, -4.95187, 7.89273]},
			"faces": {
				"north": {"uv": [0, 0, 1, 1], "rotation": 180, "texture": "#0"},
				"east": {"uv": [1, 1, 2, 2], "texture": "#0"},
				"south": {"uv": [0, 0, 1, 1], "rotation": 180, "texture": "#0"},
				"west": {"uv": [1, 1, 2, 2], "texture": "#0"},
				"up": {"uv": [1, 1, 2, 2], "rotation": 180, "texture": "#0"},
				"down": {"uv": [1, 1, 2, 2], "rotation": 180, "texture": "#0"}
			}
		},
		{
			"from": [6.74147, -0.41197, 7.59436],
			"to": [7.38364, 0.15314, 8.15947],
			"rotation": {"angle": -45, "axis": "x", "origin": [7.06031, -0.12497, 7.87938]},
			"faces": {
				"north": {"uv": [0, 1, 1, 2], "rotation": 180, "texture": "#0"},
				"east": {"uv": [1, 0, 2, 1], "texture": "#0"},
				"south": {"uv": [0, 1, 1, 2], "rotation": 180, "texture": "#0"},
				"west": {"uv": [1, 0, 2, 1], "texture": "#0"},
				"up": {"uv": [0, 1, 1, 2], "texture": "#0"},
				"down": {"uv": [0, 1, 1, 2], "texture": "#0"}
			}
		},
		{
			"from": [6.74002, -5.22985, 6.00496],
			"to": [7.38219, -4.66474, 6.57007],
			"rotation": {"angle": -45, "axis": "x", "origin": [7.05885, -4.95174, 6.28505]},
			"faces": {
				"north": {"uv": [0, 1, 1, 2], "texture": "#0"},
				"east": {"uv": [0, 1, 1, 2], "texture": "#0"},
				"south": {"uv": [0, 1, 1, 2], "texture": "#0"},
				"west": {"uv": [0, 1, 1, 2], "texture": "#0"},
				"up": {"uv": [1, 0, 2, 1], "rotation": 180, "texture": "#0"},
				"down": {"uv": [1, 0, 2, 1], "rotation": 180, "texture": "#0"}
			}
		},
		{
			"from": [6.74152, -4.28249, 7.59441],
			"to": [7.38369, -1.45694, 8.15952],
			"rotation": {"angle": 45, "axis": "x", "origin": [7.06037, -1.74394, 7.87942]},
			"faces": {
				"north": {"uv": [0, 0, 1, 5], "rotation": 180, "texture": "#0"},
				"east": {"uv": [1, 1, 2, 6], "texture": "#0"},
				"south": {"uv": [0, 0, 1, 5], "rotation": 180, "texture": "#0"},
				"west": {"uv": [1, 1, 2, 6], "texture": "#0"},
				"up": {"uv": [1, 1, 2, 2], "rotation": 180, "texture": "#0"},
				"down": {"uv": [1, 1, 2, 2], "rotation": 180, "texture": "#0"}
			}
		},
		{
			"from": [6.7414, -0.1643, 6.35679],
			"to": [7.38357, 0.40081, 6.9219],
			"rotation": {"angle": -22.5, "axis": "x", "origin": [7.06025, 0.12071, 6.64379]},
			"faces": {
				"north": {"uv": [0, 0, 1, 1], "rotation": 180, "texture": "#0"},
				"east": {"uv": [0, 0, 1, 1], "rotation": 270, "texture": "#0"},
				"south": {"uv": [0, 0, 1, 1], "texture": "#0"},
				"west": {"uv": [0, 0, 1, 1], "rotation": 90, "texture": "#0"},
				"up": {"uv": [0, 0, 1, 1], "rotation": 180, "texture": "#0"},
				"down": {"uv": [0, 0, 1, 1], "texture": "#0"}
			}
		},
		{
			"from": [6.73889, -5.4777, 7.24339],
			"to": [7.38106, -4.91259, 7.8085],
			"rotation": {"angle": -22.5, "axis": "x", "origin": [7.05774, -5.19761, 7.52149]},
			"faces": {
				"north": {"uv": [0, 0, 1, 1], "rotation": 180, "texture": "#0"},
				"east": {"uv": [1, 1, 2, 2], "rotation": 270, "texture": "#0"},
				"south": {"uv": [0, 0, 1, 1], "texture": "#0"},
				"west": {"uv": [1, 1, 2, 2], "rotation": 90, "texture": "#0"},
				"up": {"uv": [1, 1, 2, 2], "rotation": 180, "texture": "#0"},
				"down": {"uv": [1, 1, 2, 2], "texture": "#0"}
			}
		},
		{
			"from": [6.74145, -0.16425, 7.23031],
			"to": [7.38362, 0.40086, 7.79542],
			"rotation": {"angle": 22.5, "axis": "x", "origin": [7.06028, 0.12076, 7.50843]},
			"faces": {
				"north": {"uv": [0, 1, 1, 2], "rotation": 180, "texture": "#0"},
				"east": {"uv": [0, 1, 1, 2], "rotation": 270, "texture": "#0"},
				"south": {"uv": [0, 1, 1, 2], "texture": "#0"},
				"west": {"uv": [0, 1, 1, 2], "rotation": 90, "texture": "#0"},
				"up": {"uv": [0, 1, 1, 2], "rotation": 180, "texture": "#0"},
				"down": {"uv": [0, 1, 1, 2], "texture": "#0"}
			}
		},
		{
			"from": [6.73963, -5.47764, 6.36929],
			"to": [7.3818, -4.91253, 6.9344],
			"rotation": {"angle": 22.5, "axis": "x", "origin": [7.05847, -5.19755, 6.65629]},
			"faces": {
				"north": {"uv": [0, 1, 1, 2], "rotation": 180, "texture": "#0"},
				"east": {"uv": [1, 0, 2, 1], "rotation": 270, "texture": "#0"},
				"south": {"uv": [0, 1, 1, 2], "texture": "#0"},
				"west": {"uv": [1, 0, 2, 1], "rotation": 90, "texture": "#0"},
				"up": {"uv": [1, 0, 2, 1], "rotation": 180, "texture": "#0"},
				"down": {"uv": [1, 0, 2, 1], "texture": "#0"}
			}
		},
		{
			"from": [6.74142, -0.07917, 6.79355],
			"to": [7.38359, 0.48594, 7.35866],
			"rotation": {"angle": 0, "axis": "x", "origin": [7.06026, 0.20585, 7.08055]},
			"faces": {
				"north": {"uv": [0, 0, 1, 1], "rotation": 180, "texture": "#0"},
				"east": {"uv": [0, 0, 1, 1], "rotation": 270, "texture": "#0"},
				"south": {"uv": [0, 0, 1, 1], "texture": "#0"},
				"west": {"uv": [0, 0, 1, 1], "rotation": 90, "texture": "#0"},
				"up": {"uv": [0, 0, 1, 1], "rotation": 180, "texture": "#0"},
				"down": {"uv": [0, 0, 1, 1], "texture": "#0"}
			}
		},
		{
			"from": [6.73926, -5.56278, 6.80634],
			"to": [7.38143, -4.99767, 7.37145],
			"rotation": {"angle": 0, "axis": "x", "origin": [7.05811, -5.28269, 7.08444]},
			"faces": {
				"north": {"uv": [0, 0, 1, 1], "rotation": 180, "texture": "#0"},
				"east": {"uv": [1, 1, 2, 2], "rotation": 270, "texture": "#0"},
				"south": {"uv": [0, 0, 1, 1], "texture": "#0"},
				"west": {"uv": [1, 1, 2, 2], "rotation": 90, "texture": "#0"},
				"up": {"uv": [1, 1, 2, 2], "rotation": 180, "texture": "#0"},
				"down": {"uv": [1, 1, 2, 2], "texture": "#0"}
			}
		},
		{
			"from": [6.74133, -1.21725, 10.77933],
			"to": [7.3835, -0.65214, 11.34444],
			"rotation": {"angle": 0, "axis": "y", "origin": [7.3835, -3.47769, 9.64911]},
			"faces": {
				"north": {"uv": [1, 0, 0, 1], "texture": "#0"},
				"east": {"uv": [0, 1, 1, 0], "rotation": 270, "texture": "#0"},
				"south": {"uv": [1, 0, 0, 1], "rotation": 180, "texture": "#0"},
				"west": {"uv": [0, 1, 1, 0], "rotation": 90, "texture": "#0"},
				"up": {"uv": [0, 1, 1, 0], "rotation": 180, "texture": "#0"},
				"down": {"uv": [0, 1, 1, 0], "texture": "#0"}
			}
		},
		{
			"from": [6.74076, -4.4247, 10.76768],
			"to": [7.38293, -3.85959, 11.33279],
			"rotation": {"angle": 0, "axis": "y", "origin": [7.38293, -1.59915, 9.63746]},
			"faces": {
				"north": {"uv": [1, 1, 0, 2], "texture": "#0"},
				"east": {"uv": [1, 1, 2, 0], "rotation": 270, "texture": "#0"},
				"south": {"uv": [1, 1, 0, 2], "rotation": 180, "texture": "#0"},
				"west": {"uv": [1, 1, 2, 0], "rotation": 90, "texture": "#0"},
				"up": {"uv": [1, 1, 2, 0], "rotation": 180, "texture": "#0"},
				"down": {"uv": [1, 1, 2, 0], "texture": "#0"}
			}
		},
		{
			"from": [6.74136, -0.78113, 10.69082],
			"to": [7.38353, -0.21602, 11.25593],
			"rotation": {"angle": -22.5, "axis": "x", "origin": [7.0602, -0.49414, 10.97582]},
			"faces": {
				"north": {"uv": [1, 0, 0, 1], "texture": "#0"},
				"east": {"uv": [1, 0, 0, 1], "texture": "#0"},
				"south": {"uv": [1, 0, 0, 1], "texture": "#0"},
				"west": {"uv": [1, 0, 0, 1], "texture": "#0"},
				"up": {"uv": [0, 1, 1, 0], "texture": "#0"},
				"down": {"uv": [0, 1, 1, 0], "texture": "#0"}
			}
		},
		{
			"from": [6.73125, -1.65334, 10.68195],
			"to": [7.37342, -1.08823, 11.24706],
			"rotation": {"angle": 22.5, "axis": "x", "origin": [7.05008, -1.37523, 10.96697]},
			"faces": {
				"north": {"uv": [1, 1, 0, 2], "texture": "#0"},
				"east": {"uv": [1, 1, 0, 2], "texture": "#0"},
				"south": {"uv": [1, 1, 0, 2], "texture": "#0"},
				"west": {"uv": [1, 1, 0, 2], "texture": "#0"},
				"up": {"uv": [1, 1, 2, 0], "rotation": 180, "texture": "#0"},
				"down": {"uv": [1, 1, 2, 0], "rotation": 180, "texture": "#0"}
			}
		},
		{
			"from": [6.73814, -4.86101, 8.57823],
			"to": [7.38031, -3.9119, 9.14334],
			"rotation": {"angle": -22.5, "axis": "x", "origin": [7.05698, -4.5829, 8.85832]},
			"faces": {
				"north": {"uv": [1, 0, 0, 1], "rotation": 180, "texture": "#0"},
				"east": {"uv": [2, 1, 1, 2], "texture": "#0"},
				"south": {"uv": [1, 0, 0, 1], "rotation": 180, "texture": "#0"},
				"west": {"uv": [2, 1, 1, 2], "texture": "#0"},
				"up": {"uv": [1, 2, 2, 1], "rotation": 180, "texture": "#0"},
				"down": {"uv": [1, 2, 2, 1], "rotation": 180, "texture": "#0"}
			}
		},
		{
			"from": [6.73515, -1.21701, 8.49776],
			"to": [7.37732, -0.6519, 9.06287],
			"rotation": {"angle": 0, "axis": "x", "origin": [7.05556, -0.92873, 8.76535]},
			"faces": {
				"north": {"uv": [1, 1, 0, 2], "rotation": 180, "texture": "#0"},
				"east": {"uv": [2, 2, 1, 3], "texture": "#0"},
				"south": {"uv": [1, 1, 0, 2], "rotation": 180, "texture": "#0"},
				"west": {"uv": [2, 2, 1, 3], "texture": "#0"},
				"up": {"uv": [2, 2, 3, 1], "texture": "#0"},
				"down": {"uv": [2, 2, 3, 1], "texture": "#0"}
			}
		},
		{
			"from": [6.74149, -0.78095, 8.59187],
			"to": [7.38366, -0.21584, 9.15698],
			"rotation": {"angle": 22.5, "axis": "x", "origin": [7.06034, -0.49395, 8.87197]},
			"faces": {
				"north": {"uv": [1, 1, 0, 2], "rotation": 180, "texture": "#0"},
				"east": {"uv": [2, 0, 1, 1], "texture": "#0"},
				"south": {"uv": [1, 1, 0, 2], "rotation": 180, "texture": "#0"},
				"west": {"uv": [2, 0, 1, 1], "texture": "#0"},
				"up": {"uv": [0, 2, 1, 1], "texture": "#0"},
				"down": {"uv": [0, 2, 1, 1], "texture": "#0"}
			}
		},
		{
			"from": [6.74038, -4.86081, 10.67888],
			"to": [7.38255, -4.2957, 11.24399],
			"rotation": {"angle": 22.5, "axis": "x", "origin": [7.05923, -4.58269, 10.9639]},
			"faces": {
				"north": {"uv": [1, 1, 0, 2], "texture": "#0"},
				"east": {"uv": [1, 1, 0, 2], "texture": "#0"},
				"south": {"uv": [1, 1, 0, 2], "texture": "#0"},
				"west": {"uv": [1, 1, 0, 2], "texture": "#0"},
				"up": {"uv": [1, 1, 2, 0], "rotation": 180, "texture": "#0"},
				"down": {"uv": [1, 1, 2, 0], "rotation": 180, "texture": "#0"}
			}
		},
		{
			"from": [6.74152, -1.65304, 8.59184],
			"to": [7.38369, -1.08792, 9.15695],
			"rotation": {"angle": -22.5, "axis": "x", "origin": [7.06037, -1.37492, 8.87193]},
			"faces": {
				"north": {"uv": [1, 0, 0, 1], "rotation": 180, "texture": "#0"},
				"east": {"uv": [2, 1, 1, 2], "texture": "#0"},
				"south": {"uv": [1, 0, 0, 1], "rotation": 180, "texture": "#0"},
				"west": {"uv": [2, 1, 1, 2], "texture": "#0"},
				"up": {"uv": [1, 2, 2, 1], "rotation": 180, "texture": "#0"},
				"down": {"uv": [1, 2, 2, 1], "rotation": 180, "texture": "#0"}
			}
		},
		{
			"from": [6.74112, -3.98858, 10.67947],
			"to": [7.38329, -3.42347, 11.24458],
			"rotation": {"angle": -22.5, "axis": "x", "origin": [7.05998, -3.70159, 10.96449]},
			"faces": {
				"north": {"uv": [1, 0, 0, 1], "texture": "#0"},
				"east": {"uv": [1, 0, 0, 1], "texture": "#0"},
				"south": {"uv": [1, 0, 0, 1], "texture": "#0"},
				"west": {"uv": [1, 0, 0, 1], "texture": "#0"},
				"up": {"uv": [0, 1, 1, 0], "texture": "#0"},
				"down": {"uv": [0, 1, 1, 0], "texture": "#0"}
			}
		},
		{
			"from": [6.74138, -0.41209, 10.44215],
			"to": [7.38355, 0.15302, 11.00726],
			"rotation": {"angle": -45, "axis": "x", "origin": [7.06022, -0.1251, 10.72716]},
			"faces": {
				"north": {"uv": [1, 0, 0, 1], "texture": "#0"},
				"east": {"uv": [1, 0, 0, 1], "texture": "#0"},
				"south": {"uv": [1, 0, 0, 1], "texture": "#0"},
				"west": {"uv": [1, 0, 0, 1], "texture": "#0"},
				"up": {"uv": [0, 1, 1, 0], "texture": "#0"},
				"down": {"uv": [0, 1, 1, 0], "texture": "#0"}
			}
		},
		{
			"from": [6.73852, -5.22998, 8.82717],
			"to": [7.38069, -4.66487, 9.39228],
			"rotation": {"angle": -45, "axis": "x", "origin": [7.05736, -4.95187, 9.10727]},
			"faces": {
				"north": {"uv": [1, 0, 0, 1], "rotation": 180, "texture": "#0"},
				"east": {"uv": [2, 1, 1, 2], "texture": "#0"},
				"south": {"uv": [1, 0, 0, 1], "rotation": 180, "texture": "#0"},
				"west": {"uv": [2, 1, 1, 2], "texture": "#0"},
				"up": {"uv": [1, 2, 2, 1], "rotation": 180, "texture": "#0"},
				"down": {"uv": [1, 2, 2, 1], "rotation": 180, "texture": "#0"}
			}
		},
		{
			"from": [6.74147, -0.41197, 8.84053],
			"to": [7.38364, 0.15314, 9.40564],
			"rotation": {"angle": 45, "axis": "x", "origin": [7.06031, -0.12497, 9.12062]},
			"faces": {
				"north": {"uv": [1, 1, 0, 2], "rotation": 180, "texture": "#0"},
				"east": {"uv": [2, 0, 1, 1], "texture": "#0"},
				"south": {"uv": [1, 1, 0, 2], "rotation": 180, "texture": "#0"},
				"west": {"uv": [2, 0, 1, 1], "texture": "#0"},
				"up": {"uv": [0, 2, 1, 1], "texture": "#0"},
				"down": {"uv": [0, 2, 1, 1], "texture": "#0"}
			}
		},
		{
			"from": [6.74002, -5.22985, 10.42993],
			"to": [7.38219, -4.66474, 10.99504],
			"rotation": {"angle": 45, "axis": "x", "origin": [7.05885, -4.95174, 10.71495]},
			"faces": {
				"north": {"uv": [1, 1, 0, 2], "texture": "#0"},
				"east": {"uv": [1, 1, 0, 2], "texture": "#0"},
				"south": {"uv": [1, 1, 0, 2], "texture": "#0"},
				"west": {"uv": [1, 1, 0, 2], "texture": "#0"},
				"up": {"uv": [1, 1, 2, 0], "rotation": 180, "texture": "#0"},
				"down": {"uv": [1, 1, 2, 0], "rotation": 180, "texture": "#0"}
			}
		},
		{
			"from": [6.74152, -4.28249, 8.84048],
			"to": [7.38369, -1.45694, 9.40559],
			"rotation": {"angle": -45, "axis": "x", "origin": [7.06037, -1.74394, 9.12058]},
			"faces": {
				"north": {"uv": [1, 0, 0, 5], "rotation": 180, "texture": "#0"},
				"east": {"uv": [2, 1, 1, 6], "texture": "#0"},
				"south": {"uv": [1, 0, 0, 5], "rotation": 180, "texture": "#0"},
				"west": {"uv": [2, 1, 1, 6], "texture": "#0"},
				"up": {"uv": [1, 2, 2, 1], "rotation": 180, "texture": "#0"},
				"down": {"uv": [1, 2, 2, 1], "rotation": 180, "texture": "#0"}
			}
		},
		{
			"from": [6.7414, -0.1643, 10.0781],
			"to": [7.38357, 0.40081, 10.64321],
			"rotation": {"angle": 22.5, "axis": "x", "origin": [7.06025, 0.12071, 10.35621]},
			"faces": {
				"north": {"uv": [1, 0, 0, 1], "texture": "#0"},
				"east": {"uv": [0, 1, 1, 0], "rotation": 270, "texture": "#0"},
				"south": {"uv": [1, 0, 0, 1], "rotation": 180, "texture": "#0"},
				"west": {"uv": [0, 1, 1, 0], "rotation": 90, "texture": "#0"},
				"up": {"uv": [0, 1, 1, 0], "rotation": 180, "texture": "#0"},
				"down": {"uv": [0, 1, 1, 0], "texture": "#0"}
			}
		},
		{
			"from": [6.73889, -5.4777, 9.1915],
			"to": [7.38106, -4.91259, 9.75661],
			"rotation": {"angle": 22.5, "axis": "x", "origin": [7.05774, -5.19761, 9.47851]},
			"faces": {
				"north": {"uv": [1, 0, 0, 1], "texture": "#0"},
				"east": {"uv": [1, 2, 2, 1], "rotation": 270, "texture": "#0"},
				"south": {"uv": [1, 0, 0, 1], "rotation": 180, "texture": "#0"},
				"west": {"uv": [1, 2, 2, 1], "rotation": 90, "texture": "#0"},
				"up": {"uv": [1, 2, 2, 1], "rotation": 180, "texture": "#0"},
				"down": {"uv": [1, 2, 2, 1], "texture": "#0"}
			}
		},
		{
			"from": [6.74145, -0.16425, 9.20458],
			"to": [7.38362, 0.40086, 9.76969],
			"rotation": {"angle": -22.5, "axis": "x", "origin": [7.06028, 0.12076, 9.49157]},
			"faces": {
				"north": {"uv": [1, 1, 0, 2], "texture": "#0"},
				"east": {"uv": [0, 2, 1, 1], "rotation": 270, "texture": "#0"},
				"south": {"uv": [1, 1, 0, 2], "rotation": 180, "texture": "#0"},
				"west": {"uv": [0, 2, 1, 1], "rotation": 90, "texture": "#0"},
				"up": {"uv": [0, 2, 1, 1], "rotation": 180, "texture": "#0"},
				"down": {"uv": [0, 2, 1, 1], "texture": "#0"}
			}
		},
		{
			"from": [6.73963, -5.47764, 10.0656],
			"to": [7.3818, -4.91253, 10.63071],
			"rotation": {"angle": -22.5, "axis": "x", "origin": [7.05847, -5.19755, 10.34371]},
			"faces": {
				"north": {"uv": [1, 1, 0, 2], "texture": "#0"},
				"east": {"uv": [1, 1, 2, 0], "rotation": 270, "texture": "#0"},
				"south": {"uv": [1, 1, 0, 2], "rotation": 180, "texture": "#0"},
				"west": {"uv": [1, 1, 2, 0], "rotation": 90, "texture": "#0"},
				"up": {"uv": [1, 1, 2, 0], "rotation": 180, "texture": "#0"},
				"down": {"uv": [1, 1, 2, 0], "texture": "#0"}
			}
		},
		{
			"from": [6.74142, -0.07917, 9.64134],
			"to": [7.38359, 0.48594, 10.20645],
			"rotation": {"angle": 0, "axis": "x", "origin": [7.06026, 0.20585, 9.91945]},
			"faces": {
				"north": {"uv": [1, 0, 0, 1], "texture": "#0"},
				"east": {"uv": [0, 1, 1, 0], "rotation": 270, "texture": "#0"},
				"south": {"uv": [1, 0, 0, 1], "rotation": 180, "texture": "#0"},
				"west": {"uv": [0, 1, 1, 0], "rotation": 90, "texture": "#0"},
				"up": {"uv": [0, 1, 1, 0], "rotation": 180, "texture": "#0"},
				"down": {"uv": [0, 1, 1, 0], "texture": "#0"}
			}
		},
		{
			"from": [6.73926, -5.56278, 9.62855],
			"to": [7.38143, -4.99767, 10.19366],
			"rotation": {"angle": 0, "axis": "x", "origin": [7.05811, -5.28269, 9.91556]},
			"faces": {
				"north": {"uv": [1, 0, 0, 1], "texture": "#0"},
				"east": {"uv": [1, 2, 2, 1], "rotation": 270, "texture": "#0"},
				"south": {"uv": [1, 0, 0, 1], "rotation": 180, "texture": "#0"},
				"west": {"uv": [1, 2, 2, 1], "rotation": 90, "texture": "#0"},
				"up": {"uv": [1, 2, 2, 1], "rotation": 180, "texture": "#0"},
				"down": {"uv": [1, 2, 2, 1], "texture": "#0"}
			}
		},
		{
			"from": [8.42, -15.44, 8.09484],
			"to": [16.1, -14.48, 9.05484],
			"rotation": {"angle": 0, "axis": "y", "origin": [8.42, -7.76, 15.77484]},
			"faces": {
				"north": {"uv": [8, 0, 0, 1], "texture": "#0"},
				"east": {"uv": [1, 0, 0, 1], "texture": "#0"},
				"south": {"uv": [8, 0, 0, 1], "texture": "#0"},
				"west": {"uv": [1, 0, 0, 1], "texture": "#0"},
				"up": {"uv": [8, 0, 0, 1], "texture": "#0"},
				"down": {"uv": [8, 0, 0, 1], "texture": "#0"}
			}
		},
		{
			"from": [9.38, -4.6, 8.09484],
			"to": [16.1, -4.12, 9.05484],
			"rotation": {"angle": 0, "axis": "y", "origin": [8.42, 2.84, 15.77484]},
			"faces": {
				"north": {"uv": [7, 0, 0, 0.5], "texture": "#0"},
				"east": {"uv": [1, 0, 0, 0.5], "texture": "#0"},
				"south": {"uv": [7, 0, 0, 0.5], "texture": "#0"},
				"west": {"uv": [1, 0, 0, 0.5], "texture": "#0"},
				"up": {"uv": [7, 0, 0, 1], "texture": "#0"},
				"down": {"uv": [7, 0, 0, 1], "texture": "#0"}
			}
		},
		{
			"from": [9.38, -12.32, 8.09484],
			"to": [16.1, -11.84, 9.05484],
			"rotation": {"angle": 0, "axis": "y", "origin": [8.42, -4.88, 15.77484]},
			"faces": {
				"north": {"uv": [7, 0, 0, 0.5], "texture": "#0"},
				"east": {"uv": [1, 0, 0, 0.5], "texture": "#0"},
				"south": {"uv": [7, 0, 0, 0.5], "texture": "#0"},
				"west": {"uv": [1, 0, 0, 0.5], "texture": "#0"},
				"up": {"uv": [7, 0, 0, 1], "texture": "#0"},
				"down": {"uv": [7, 0, 0, 1], "texture": "#0"}
			}
		},
		{
			"from": [9.38, -1.72, 8.09484],
			"to": [16.1, -1.24, 9.05484],
			"rotation": {"angle": 0, "axis": "y", "origin": [8.42, 5.72, 15.77484]},
			"faces": {
				"north": {"uv": [7, 0, 0, 0.5], "texture": "#0"},
				"east": {"uv": [1, 0, 0, 0.5], "texture": "#0"},
				"south": {"uv": [7, 0, 0, 0.5], "texture": "#0"},
				"west": {"uv": [1, 0, 0, 0.5], "texture": "#0"},
				"up": {"uv": [7, 0, 0, 1], "texture": "#0"},
				"down": {"uv": [7, 0, 0, 1], "texture": "#0"}
			}
		},
		{
			"from": [16.1, -15.44, 8.09484],
			"to": [31.46, -14.48, 9.05484],
			"rotation": {"angle": 0, "axis": "y", "origin": [16.58, -7.76, 15.77484]},
			"faces": {
				"north": {"uv": [16, 0, 0, 1], "texture": "#0"},
				"east": {"uv": [1, 0, 0, 1], "texture": "#0"},
				"south": {"uv": [16, 0, 0, 1], "texture": "#0"},
				"west": {"uv": [1, 0, 0, 1], "texture": "#0"},
				"up": {"uv": [16, 0, 0, 1], "texture": "#0"},
				"down": {"uv": [16, 0, 0, 1], "texture": "#0"}
			}
		},
		{
			"from": [16.1, -4.6, 8.09484],
			"to": [30.5, -4.12, 9.05484],
			"rotation": {"angle": 0, "axis": "y", "origin": [16.58, 2.84, 15.77484]},
			"faces": {
				"north": {"uv": [15, 0, 0, 0.5], "texture": "#0"},
				"east": {"uv": [1, 0, 0, 0.5], "texture": "#0"},
				"south": {"uv": [15, 0, 0, 0.5], "texture": "#0"},
				"west": {"uv": [1, 0, 0, 0.5], "texture": "#0"},
				"up": {"uv": [15, 0, 0, 1], "texture": "#0"},
				"down": {"uv": [15, 0, 0, 1], "texture": "#0"}
			}
		},
		{
			"from": [16.1, -12.32, 8.09484],
			"to": [30.5, -11.84, 9.05484],
			"rotation": {"angle": 0, "axis": "y", "origin": [16.58, -4.88, 15.77484]},
			"faces": {
				"north": {"uv": [15, 0, 0, 0.5], "texture": "#0"},
				"east": {"uv": [1, 0, 0, 0.5], "texture": "#0"},
				"south": {"uv": [15, 0, 0, 0.5], "texture": "#0"},
				"west": {"uv": [1, 0, 0, 0.5], "texture": "#0"},
				"up": {"uv": [15, 0, 0, 1], "texture": "#0"},
				"down": {"uv": [15, 0, 0, 1], "texture": "#0"}
			}
		},
		{
			"from": [16.1, -1.72, 8.09484],
			"to": [30.5, -1.24, 9.05484],
			"rotation": {"angle": 0, "axis": "y", "origin": [16.58, 5.72, 15.77484]},
			"faces": {
				"north": {"uv": [15, 0, 0, 0.5], "texture": "#0"},
				"east": {"uv": [1, 0, 0, 0.5], "texture": "#0"},
				"south": {"uv": [15, 0, 0, 0.5], "texture": "#0"},
				"west": {"uv": [1, 0, 0, 0.5], "texture": "#0"},
				"up": {"uv": [15, 0, 0, 1], "texture": "#0"},
				"down": {"uv": [15, 0, 0, 1], "texture": "#0"}
			}
		},
		{
			"from": [27.62, 9.72, 8.09484],
			"to": [31.46, 10.68, 9.05484],
			"rotation": {"angle": 0, "axis": "y", "origin": [16.58, 17.4, 15.77484]},
			"faces": {
				"north": {"uv": [4, 0, 0, 1], "texture": "#0"},
				"east": {"uv": [1, 0, 0, 1], "texture": "#0"},
				"south": {"uv": [4, 0, 0, 1], "texture": "#0"},
				"west": {"uv": [1, 0, 0, 1], "texture": "#0"},
				"up": {"uv": [4, 0, 0, 1], "texture": "#0"},
				"down": {"uv": [4, 0, 0, 1], "texture": "#0"}
			}
		},
		{
			"from": [27.62, 5.6, 8.09484],
			"to": [31.46, 6.08, 9.05484],
			"rotation": {"angle": 0, "axis": "y", "origin": [16.58, 12.8, 15.77484]},
			"faces": {
				"north": {"uv": [4, 0, 0, 0.5], "texture": "#0"},
				"east": {"uv": [1, 0, 0, 0.5], "texture": "#0"},
				"south": {"uv": [4, 0, 0, 0.5], "texture": "#0"},
				"west": {"uv": [1, 0, 0, 0.5], "texture": "#0"},
				"up": {"uv": [4, 0, 0, 1], "texture": "#0"},
				"down": {"uv": [4, 0, 0, 1], "texture": "#0"}
			}
		},
		{
			"from": [23.13956, 10.41535, 8.08991],
			"to": [27.93956, 11.37535, 9.04991],
			"rotation": {"angle": -22.5, "axis": "z", "origin": [26.04798, 10.87096, 8.62267]},
			"faces": {
				"north": {"uv": [5, 0, 0, 1], "texture": "#0"},
				"east": {"uv": [1, 0, 0, 1], "texture": "#0"},
				"south": {"uv": [5, 0, 0, 1], "texture": "#0"},
				"west": {"uv": [1, 0, 0, 1], "texture": "#0"},
				"up": {"uv": [5, 0, 0, 1], "texture": "#0"},
				"down": {"uv": [5, 0, 0, 1], "texture": "#0"}
			}
		},
		{
			"from": [23.13956, 6.29535, 8.08991],
			"to": [27.93956, 6.77535, 9.04991],
			"rotation": {"angle": -22.5, "axis": "z", "origin": [26.04798, 6.27096, 8.62267]},
			"faces": {
				"north": {"uv": [5, 0, 0, 0.5], "texture": "#0"},
				"east": {"uv": [1, 0, 0, 0.5], "texture": "#0"},
				"south": {"uv": [5, 0, 0, 0.5], "texture": "#0"},
				"west": {"uv": [1, 0, 0, 0.5], "texture": "#0"},
				"up": {"uv": [5, 0, 0, 1], "texture": "#0"},
				"down": {"uv": [5, 0, 0, 1], "texture": "#0"}
			}
		},
		{
			"from": [16.26258, 12.41405, 8.09008],
			"to": [23.94258, 13.37405, 9.05008],
			"rotation": {"angle": -45, "axis": "z", "origin": [22.53648, 12.90127, 8.61799]},
			"faces": {
				"north": {"uv": [8, 0, 0, 1], "texture": "#0"},
				"east": {"uv": [1, 0, 0, 1], "texture": "#0"},
				"south": {"uv": [8, 0, 0, 1], "texture": "#0"},
				"west": {"uv": [1, 0, 0, 1], "texture": "#0"},
				"up": {"uv": [8, 0, 0, 1], "texture": "#0"},
				"down": {"uv": [8, 0, 0, 1], "texture": "#0"}
			}
		},
		{
			"from": [16.26258, 8.29405, 8.09008],
			"to": [23.94258, 8.77405, 9.05008],
			"rotation": {"angle": -45, "axis": "z", "origin": [22.53648, 8.30127, 8.61799]},
			"faces": {
				"north": {"uv": [8, 0, 0, 0.5], "texture": "#0"},
				"east": {"uv": [1, 0, 0, 0.5], "texture": "#0"},
				"south": {"uv": [8, 0, 0, 0.5], "texture": "#0"},
				"west": {"uv": [1, 0, 0, 0.5], "texture": "#0"},
				"up": {"uv": [8, 0, 0, 1], "texture": "#0"},
				"down": {"uv": [8, 0, 0, 1], "texture": "#0"}
			}
		},
		{
			"from": [13.67531, 17.83909, 8.09006],
			"to": [18.47531, 18.79909, 9.05006],
			"rotation": {"angle": -22.5, "axis": "z", "origin": [15.62862, 18.33343, 8.61716]},
			"faces": {
				"north": {"uv": [5, 0, 0, 1], "texture": "#0"},
				"east": {"uv": [1, 0, 0, 1], "texture": "#0"},
				"south": {"uv": [5, 0, 0, 1], "texture": "#0"},
				"west": {"uv": [1, 0, 0, 1], "texture": "#0"},
				"up": {"uv": [5, 0, 0, 1], "texture": "#0"},
				"down": {"uv": [5, 0, 0, 1], "texture": "#0"}
			}
		},
		{
			"from": [13.67531, 13.71909, 8.09006],
			"to": [18.47531, 14.19909, 9.05006],
			"rotation": {"angle": -22.5, "axis": "z", "origin": [15.62862, 13.73343, 8.61716]},
			"faces": {
				"north": {"uv": [5, 0, 0, 0.5], "texture": "#0"},
				"east": {"uv": [1, 0, 0, 0.5], "texture": "#0"},
				"south": {"uv": [5, 0, 0, 0.5], "texture": "#0"},
				"west": {"uv": [1, 0, 0, 0.5], "texture": "#0"},
				"up": {"uv": [5, 0, 0, 1], "texture": "#0"},
				"down": {"uv": [5, 0, 0, 1], "texture": "#0"}
			}
		},
		{
			"from": [8.42, 18.552, 8.09484],
			"to": [14.00154, 19.5096, 9.05096],
			"rotation": {"angle": 0, "axis": "z", "origin": [12.1197, 19.03778, 8.61637]},
			"faces": {
				"north": {"uv": [5.81411, 0, 0, 0.9975], "texture": "#0"},
				"east": {"uv": [0.99596, 0, 0, 0.9975], "texture": "#0"},
				"south": {"uv": [5.81411, 0, 0, 0.9975], "texture": "#0"},
				"west": {"uv": [0.99596, 0, 0, 0.9975], "texture": "#0"},
				"up": {"uv": [5.81411, 0, 0, 0.99596], "texture": "#0"},
				"down": {"uv": [5.81411, 0, 0, 0.99596], "texture": "#0"}
			}
		},
		{
			"from": [8.42, 14.432, 8.09484],
			"to": [14.00154, 14.9096, 9.05096],
			"rotation": {"angle": 0, "axis": "z", "origin": [12.1197, 14.43778, 8.61637]},
			"faces": {
				"north": {"uv": [5.81411, 0, 0, 0.4975], "texture": "#0"},
				"east": {"uv": [0.99596, 0, 0, 0.4975], "texture": "#0"},
				"south": {"uv": [5.81411, 0, 0, 0.4975], "texture": "#0"},
				"west": {"uv": [0.99596, 0, 0, 0.4975], "texture": "#0"},
				"up": {"uv": [5.81411, 0, 0, 0.99596], "texture": "#0"},
				"down": {"uv": [5.81411, 0, 0, 0.99596], "texture": "#0"}
			}
		},
		{
			"from": [30.5, -14.48, 8.09484],
			"to": [31.46, 0.88, 9.05484],
			"rotation": {"angle": 0, "axis": "y", "origin": [16.58, -7.76, 15.77484]},
			"faces": {
				"north": {"uv": [1, 0, 0, 16], "texture": "#0"},
				"east": {"uv": [1, 0, 0, 16], "texture": "#0"},
				"south": {"uv": [1, 0, 0, 16], "texture": "#0"},
				"west": {"uv": [1, 0, 0, 16], "texture": "#0"},
				"up": {"uv": [1, 0, 0, 1], "texture": "#0"},
				"down": {"uv": [1, 0, 0, 1], "texture": "#0"}
			}
		},
		{
			"from": [30.5, 0.88, 8.09484],
			"to": [31.46, 9.72, 9.05484],
			"rotation": {"angle": 0, "axis": "y", "origin": [16.58, 6.64, 15.77484]},
			"faces": {
				"north": {"uv": [1, 0, 0, 4], "texture": "#0"},
				"east": {"uv": [1, 0, 0, 4], "texture": "#0"},
				"south": {"uv": [1, 0, 0, 4], "texture": "#0"},
				"west": {"uv": [1, 0, 0, 4], "texture": "#0"},
				"up": {"uv": [1, 0, 0, 1], "texture": "#0"},
				"down": {"uv": [1, 0, 0, 1], "texture": "#0"}
			}
		},
		{
			"from": [8.42, -14.48, 8.09484],
			"to": [9.38, 0.88, 9.05484],
			"rotation": {"angle": 0, "axis": "y", "origin": [-5.5, -7.76, 15.77484]},
			"faces": {
				"north": {"uv": [1, 0, 0, 16], "texture": "#0"},
				"east": {"uv": [1, 0, 0, 16], "texture": "#0"},
				"south": {"uv": [1, 0, 0, 16], "texture": "#0"},
				"west": {"uv": [1, 0, 0, 16], "texture": "#0"},
				"up": {"uv": [1, 0, 0, 1], "texture": "#0"},
				"down": {"uv": [1, 0, 0, 1], "texture": "#0"}
			}
		},
		{
			"from": [8.42, 0.88, 8.09484],
			"to": [9.38, 18.552, 9.05484],
			"rotation": {"angle": 0, "axis": "y", "origin": [-5.5, 6.64, 15.77484]},
			"faces": {
				"north": {"uv": [1, 0, 0, 13.2], "texture": "#0"},
				"east": {"uv": [1, 0, 0, 13.2], "texture": "#0"},
				"south": {"uv": [1, 0, 0, 13.2], "texture": "#0"},
				"west": {"uv": [1, 0, 0, 13.2], "texture": "#0"},
				"up": {"uv": [1, 0, 0, 1], "texture": "#0"},
				"down": {"uv": [1, 0, 0, 1], "texture": "#0"}
			}
		},
		{
			"from": [11.3, -14.48, 8.33484],
			"to": [11.78, 5.88, 8.81484],
			"rotation": {"angle": 0, "axis": "y", "origin": [-2.86, -7.76, 15.77484]},
			"faces": {
				"north": {"uv": [0.5, 0, 0, 16], "texture": "#0"},
				"east": {"uv": [0.5, 0, 0, 16], "texture": "#0"},
				"south": {"uv": [0.5, 0, 0, 16], "texture": "#0"},
				"west": {"uv": [0.5, 0, 0, 16], "texture": "#0"},
				"up": {"uv": [0.5, 0, 0, 0.5], "texture": "#0"},
				"down": {"uv": [0.5, 0, 0, 0.5], "texture": "#0"}
			}
		},
		{
			"from": [14.18, -14.48, 8.33484],
			"to": [14.66, 5.88, 8.81484],
			"rotation": {"angle": 0, "axis": "y", "origin": [0.02, -7.76, 15.77484]},
			"faces": {
				"north": {"uv": [0.5, 0, 0, 16], "texture": "#0"},
				"east": {"uv": [0.5, 0, 0, 16], "texture": "#0"},
				"south": {"uv": [0.5, 0, 0, 16], "texture": "#0"},
				"west": {"uv": [0.5, 0, 0, 16], "texture": "#0"},
				"up": {"uv": [0.5, 0, 0, 0.5], "texture": "#0"},
				"down": {"uv": [0.5, 0, 0, 0.5], "texture": "#0"}
			}
		},
		{
			"from": [17.06, -14.48, 8.33484],
			"to": [17.54, 5.88, 8.81484],
			"rotation": {"angle": 0, "axis": "y", "origin": [2.9, -7.76, 15.77484]},
			"faces": {
				"north": {"uv": [0.5, 0, 0, 16], "texture": "#0"},
				"east": {"uv": [0.5, 0, 0, 16], "texture": "#0"},
				"south": {"uv": [0.5, 0, 0, 16], "texture": "#0"},
				"west": {"uv": [0.5, 0, 0, 16], "texture": "#0"},
				"up": {"uv": [0.5, 0, 0, 0.5], "texture": "#0"},
				"down": {"uv": [0.5, 0, 0, 0.5], "texture": "#0"}
			}
		},
		{
			"from": [19.94, -14.48, 8.33484],
			"to": [20.42, 5.88, 8.81484],
			"rotation": {"angle": 0, "axis": "y", "origin": [5.78, -7.76, 15.77484]},
			"faces": {
				"north": {"uv": [0.5, 0, 0, 16], "texture": "#0"},
				"east": {"uv": [0.5, 0, 0, 16], "texture": "#0"},
				"south": {"uv": [0.5, 0, 0, 16], "texture": "#0"},
				"west": {"uv": [0.5, 0, 0, 16], "texture": "#0"},
				"up": {"uv": [0.5, 0, 0, 0.5], "texture": "#0"},
				"down": {"uv": [0.5, 0, 0, 0.5], "texture": "#0"}
			}
		},
		{
			"from": [22.82, -14.48, 8.33484],
			"to": [23.3, 5.88, 8.81484],
			"rotation": {"angle": 0, "axis": "y", "origin": [8.66, -7.76, 15.77484]},
			"faces": {
				"north": {"uv": [0.5, 0, 0, 16], "texture": "#0"},
				"east": {"uv": [0.5, 0, 0, 16], "texture": "#0"},
				"south": {"uv": [0.5, 0, 0, 16], "texture": "#0"},
				"west": {"uv": [0.5, 0, 0, 16], "texture": "#0"},
				"up": {"uv": [0.5, 0, 0, 0.5], "texture": "#0"},
				"down": {"uv": [0.5, 0, 0, 0.5], "texture": "#0"}
			}
		},
		{
			"from": [25.7, -14.48, 8.33484],
			"to": [26.18, 5.88, 8.81484],
			"rotation": {"angle": 0, "axis": "y", "origin": [11.54, -7.76, 15.77484]},
			"faces": {
				"north": {"uv": [0.5, 0, 0, 16], "texture": "#0"},
				"east": {"uv": [0.5, 0, 0, 16], "texture": "#0"},
				"south": {"uv": [0.5, 0, 0, 16], "texture": "#0"},
				"west": {"uv": [0.5, 0, 0, 16], "texture": "#0"},
				"up": {"uv": [0.5, 0, 0, 0.5], "texture": "#0"},
				"down": {"uv": [0.5, 0, 0, 0.5], "texture": "#0"}
			}
		},
		{
			"from": [28.58, -14.48, 8.33484],
			"to": [29.06, 5.88, 8.81484],
			"rotation": {"angle": 0, "axis": "y", "origin": [14.42, -7.76, 15.77484]},
			"faces": {
				"north": {"uv": [0.5, 0, 0, 16], "texture": "#0"},
				"east": {"uv": [0.5, 0, 0, 16], "texture": "#0"},
				"south": {"uv": [0.5, 0, 0, 16], "texture": "#0"},
				"west": {"uv": [0.5, 0, 0, 16], "texture": "#0"},
				"up": {"uv": [0.5, 0, 0, 0.5], "texture": "#0"},
				"down": {"uv": [0.5, 0, 0, 0.5], "texture": "#0"}
			}
		},
		{
			"from": [11.3, 0.88, 8.33484],
			"to": [11.78, 18.852, 8.81484],
			"rotation": {"angle": 0, "axis": "y", "origin": [-2.86, 6.64, 15.77484]},
			"faces": {
				"north": {"uv": [0.5, 0, 0, 13.2], "texture": "#0"},
				"east": {"uv": [0.5, 0, 0, 13.2], "texture": "#0"},
				"south": {"uv": [0.5, 0, 0, 13.2], "texture": "#0"},
				"west": {"uv": [0.5, 0, 0, 13.2], "texture": "#0"},
				"up": {"uv": [0.5, 0, 0, 0.5], "texture": "#0"},
				"down": {"uv": [0.5, 0, 0, 0.5], "texture": "#0"}
			}
		},
		{
			"from": [14.18, 0.88, 8.33484],
			"to": [14.66, 18.552, 8.81484],
			"rotation": {"angle": 0, "axis": "y", "origin": [0.02, 6.64, 15.77484]},
			"faces": {
				"north": {"uv": [0.5, 0, 0, 13.2], "texture": "#0"},
				"east": {"uv": [0.5, 0, 0, 13.2], "texture": "#0"},
				"south": {"uv": [0.5, 0, 0, 13.2], "texture": "#0"},
				"west": {"uv": [0.5, 0, 0, 13.2], "texture": "#0"},
				"up": {"uv": [0.5, 0, 0, 0.5], "texture": "#0"},
				"down": {"uv": [0.5, 0, 0, 0.5], "texture": "#0"}
			}
		},
		{
			"from": [17.06, 0.88, 8.33484],
			"to": [17.54, 17.592, 8.81484],
			"rotation": {"angle": 0, "axis": "y", "origin": [2.9, 6.64, 15.77484]},
			"faces": {
				"north": {"uv": [0.5, 0, 0, 12.2], "texture": "#0"},
				"east": {"uv": [0.5, 0, 0, 12.2], "texture": "#0"},
				"south": {"uv": [0.5, 0, 0, 12.2], "texture": "#0"},
				"west": {"uv": [0.5, 0, 0, 12.2], "texture": "#0"},
				"up": {"uv": [0.5, 0, 0, 0.5], "texture": "#0"},
				"down": {"uv": [0.5, 0, 0, 0.5], "texture": "#0"}
			}
		},
		{
			"from": [19.94, 0.88, 8.33484],
			"to": [20.42, 14.952, 8.81484],
			"rotation": {"angle": 0, "axis": "y", "origin": [5.78, 6.64, 15.77484]},
			"faces": {
				"north": {"uv": [0.5, 0, 0, 9.45], "texture": "#0"},
				"east": {"uv": [0.5, 0, 0, 9.45], "texture": "#0"},
				"south": {"uv": [0.5, 0, 0, 9.45], "texture": "#0"},
				"west": {"uv": [0.5, 0, 0, 9.45], "texture": "#0"},
				"up": {"uv": [0.5, 0, 0, 0.5], "texture": "#0"},
				"down": {"uv": [0.5, 0, 0, 0.5], "texture": "#0"}
			}
		},
		{
			"from": [22.82, 0.88, 8.33484],
			"to": [23.3, 12.132, 8.81484],
			"rotation": {"angle": 0, "axis": "y", "origin": [8.66, 6.64, 15.77484]},
			"faces": {
				"north": {"uv": [0.5, 0, 0, 6.2], "texture": "#0"},
				"east": {"uv": [0.5, 0, 0, 6.2], "texture": "#0"},
				"south": {"uv": [0.5, 0, 0, 6.2], "texture": "#0"},
				"west": {"uv": [0.5, 0, 0, 6.2], "texture": "#0"},
				"up": {"uv": [0.5, 0, 0, 0.5], "texture": "#0"},
				"down": {"uv": [0.5, 0, 0, 0.5], "texture": "#0"}
			}
		},
		{
			"from": [25.7, 0.88, 8.33484],
			"to": [26.18, 10.872, 8.81484],
			"rotation": {"angle": 0, "axis": "y", "origin": [11.54, 6.64, 15.77484]},
			"faces": {
				"north": {"uv": [0.5, 0, 0, 5.2], "texture": "#0"},
				"east": {"uv": [0.5, 0, 0, 5.2], "texture": "#0"},
				"south": {"uv": [0.5, 0, 0, 5.2], "texture": "#0"},
				"west": {"uv": [0.5, 0, 0, 5.2], "texture": "#0"},
				"up": {"uv": [0.5, 0, 0, 0.5], "texture": "#0"},
				"down": {"uv": [0.5, 0, 0, 0.5], "texture": "#0"}
			}
		},
		{
			"from": [28.58, 0.88, 8.33484],
			"to": [29.06, 10.152, 8.81484],
			"rotation": {"angle": 0, "axis": "y", "origin": [14.42, 6.64, 15.77484]},
			"faces": {
				"north": {"uv": [0.5, 0, 0, 4.45], "texture": "#0"},
				"east": {"uv": [0.5, 0, 0, 4.45], "texture": "#0"},
				"south": {"uv": [0.5, 0, 0, 4.45], "texture": "#0"},
				"west": {"uv": [0.5, 0, 0, 4.45], "texture": "#0"},
				"up": {"uv": [0.5, 0, 0, 0.5], "texture": "#0"},
				"down": {"uv": [0.5, 0, 0, 0.5], "texture": "#0"}
			}
		},
		{
			"from": [8.6165, -1.21725, 5.65556],
			"to": [9.25867, -0.65214, 6.22067],
			"rotation": {"angle": 0, "axis": "y", "origin": [8.6165, -3.47769, 7.35089]},
			"faces": {
				"north": {"uv": [1, 0, 0, 1], "rotation": 180, "texture": "#0"},
				"east": {"uv": [0, 1, 1, 0], "rotation": 90, "texture": "#0"},
				"south": {"uv": [1, 0, 0, 1], "texture": "#0"},
				"west": {"uv": [0, 1, 1, 0], "rotation": 270, "texture": "#0"},
				"up": {"uv": [1, 0, 0, 1], "rotation": 180, "texture": "#0"},
				"down": {"uv": [1, 0, 0, 1], "texture": "#0"}
			}
		},
		{
			"from": [8.61707, -4.4247, 5.66721],
			"to": [9.25924, -3.85959, 6.23232],
			"rotation": {"angle": 0, "axis": "y", "origin": [8.61707, -1.59915, 7.36254]},
			"faces": {
				"north": {"uv": [1, 1, 0, 2], "rotation": 180, "texture": "#0"},
				"east": {"uv": [1, 1, 2, 0], "rotation": 90, "texture": "#0"},
				"south": {"uv": [1, 1, 0, 2], "texture": "#0"},
				"west": {"uv": [1, 1, 2, 0], "rotation": 270, "texture": "#0"},
				"up": {"uv": [2, 0, 1, 1], "rotation": 180, "texture": "#0"},
				"down": {"uv": [2, 0, 1, 1], "texture": "#0"}
			}
		},
		{
			"from": [8.61647, -0.78113, 5.74407],
			"to": [9.25864, -0.21602, 6.30918],
			"rotation": {"angle": 22.5, "axis": "x", "origin": [8.9398, -0.49414, 6.02418]},
			"faces": {
				"north": {"uv": [1, 0, 0, 1], "texture": "#0"},
				"east": {"uv": [1, 0, 0, 1], "texture": "#0"},
				"south": {"uv": [1, 0, 0, 1], "texture": "#0"},
				"west": {"uv": [1, 0, 0, 1], "texture": "#0"},
				"up": {"uv": [1, 0, 0, 1], "texture": "#0"},
				"down": {"uv": [1, 0, 0, 1], "texture": "#0"}
			}
		},
		{
			"from": [8.62658, -1.65334, 5.75294],
			"to": [9.26875, -1.08823, 6.31805],
			"rotation": {"angle": -22.5, "axis": "x", "origin": [8.94992, -1.37523, 6.03303]},
			"faces": {
				"north": {"uv": [1, 1, 0, 2], "texture": "#0"},
				"east": {"uv": [1, 1, 0, 2], "texture": "#0"},
				"south": {"uv": [1, 1, 0, 2], "texture": "#0"},
				"west": {"uv": [1, 1, 0, 2], "texture": "#0"},
				"up": {"uv": [2, 0, 1, 1], "rotation": 180, "texture": "#0"},
				"down": {"uv": [2, 0, 1, 1], "rotation": 180, "texture": "#0"}
			}
		},
		{
			"from": [8.61969, -4.86101, 7.85666],
			"to": [9.26186, -3.9119, 8.42177],
			"rotation": {"angle": 22.5, "axis": "x", "origin": [8.94302, -4.5829, 8.14168]},
			"faces": {
				"north": {"uv": [1, 0, 0, 1], "rotation": 180, "texture": "#0"},
				"east": {"uv": [2, 1, 1, 2], "texture": "#0"},
				"south": {"uv": [1, 0, 0, 1], "rotation": 180, "texture": "#0"},
				"west": {"uv": [2, 1, 1, 2], "texture": "#0"},
				"up": {"uv": [2, 1, 1, 2], "rotation": 180, "texture": "#0"},
				"down": {"uv": [2, 1, 1, 2], "rotation": 180, "texture": "#0"}
			}
		},
		{
			"from": [8.62268, -1.21701, 7.93713],
			"to": [9.26485, -0.6519, 8.50224],
			"rotation": {"angle": 0, "axis": "x", "origin": [8.94444, -0.92873, 8.23465]},
			"faces": {
				"north": {"uv": [1, 1, 0, 2], "rotation": 180, "texture": "#0"},
				"east": {"uv": [2, 2, 1, 3], "texture": "#0"},
				"south": {"uv": [1, 1, 0, 2], "rotation": 180, "texture": "#0"},
				"west": {"uv": [2, 2, 1, 3], "texture": "#0"},
				"up": {"uv": [3, 1, 2, 2], "texture": "#0"},
				"down": {"uv": [3, 1, 2, 2], "texture": "#0"}
			}
		},
		{
			"from": [8.61634, -0.78095, 7.84302],
			"to": [9.25851, -0.21584, 8.40813],
			"rotation": {"angle": -22.5, "axis": "x", "origin": [8.93966, -0.49395, 8.12803]},
			"faces": {
				"north": {"uv": [1, 1, 0, 2], "rotation": 180, "texture": "#0"},
				"east": {"uv": [2, 0, 1, 1], "texture": "#0"},
				"south": {"uv": [1, 1, 0, 2], "rotation": 180, "texture": "#0"},
				"west": {"uv": [2, 0, 1, 1], "texture": "#0"},
				"up": {"uv": [1, 1, 0, 2], "texture": "#0"},
				"down": {"uv": [1, 1, 0, 2], "texture": "#0"}
			}
		},
		{
			"from": [8.61745, -4.86081, 5.75601],
			"to": [9.25962, -4.2957, 6.32112],
			"rotation": {"angle": -22.5, "axis": "x", "origin": [8.94077, -4.58269, 6.0361]},
			"faces": {
				"north": {"uv": [1, 1, 0, 2], "texture": "#0"},
				"east": {"uv": [1, 1, 0, 2], "texture": "#0"},
				"south": {"uv": [1, 1, 0, 2], "texture": "#0"},
				"west": {"uv": [1, 1, 0, 2], "texture": "#0"},
				"up": {"uv": [2, 0, 1, 1], "rotation": 180, "texture": "#0"},
				"down": {"uv": [2, 0, 1, 1], "rotation": 180, "texture": "#0"}
			}
		},
		{
			"from": [8.61631, -1.65304, 7.84305],
			"to": [9.25848, -1.08792, 8.40816],
			"rotation": {"angle": 22.5, "axis": "x", "origin": [8.93963, -1.37492, 8.12807]},
			"faces": {
				"north": {"uv": [1, 0, 0, 1], "rotation": 180, "texture": "#0"},
				"east": {"uv": [2, 1, 1, 2], "texture": "#0"},
				"south": {"uv": [1, 0, 0, 1], "rotation": 180, "texture": "#0"},
				"west": {"uv": [2, 1, 1, 2], "texture": "#0"},
				"up": {"uv": [2, 1, 1, 2], "rotation": 180, "texture": "#0"},
				"down": {"uv": [2, 1, 1, 2], "rotation": 180, "texture": "#0"}
			}
		},
		{
			"from": [8.61671, -3.98858, 5.75542],
			"to": [9.25888, -3.42347, 6.32053],
			"rotation": {"angle": 22.5, "axis": "x", "origin": [8.94002, -3.70159, 6.03551]},
			"faces": {
				"north": {"uv": [1, 0, 0, 1], "texture": "#0"},
				"east": {"uv": [1, 0, 0, 1], "texture": "#0"},
				"south": {"uv": [1, 0, 0, 1], "texture": "#0"},
				"west": {"uv": [1, 0, 0, 1], "texture": "#0"},
				"up": {"uv": [1, 0, 0, 1], "texture": "#0"},
				"down": {"uv": [1, 0, 0, 1], "texture": "#0"}
			}
		},
		{
			"from": [8.61645, -0.41209, 5.99274],
			"to": [9.25862, 0.15302, 6.55785],
			"rotation": {"angle": 45, "axis": "x", "origin": [8.93978, -0.1251, 6.27284]},
			"faces": {
				"north": {"uv": [1, 0, 0, 1], "texture": "#0"},
				"east": {"uv": [1, 0, 0, 1], "texture": "#0"},
				"south": {"uv": [1, 0, 0, 1], "texture": "#0"},
				"west": {"uv": [1, 0, 0, 1], "texture": "#0"},
				"up": {"uv": [1, 0, 0, 1], "texture": "#0"},
				"down": {"uv": [1, 0, 0, 1], "texture": "#0"}
			}
		},
		{
			"from": [8.61931, -5.22998, 7.60772],
			"to": [9.26148, -4.66487, 8.17283],
			"rotation": {"angle": 45, "axis": "x", "origin": [8.94264, -4.95187, 7.89273]},
			"faces": {
				"north": {"uv": [1, 0, 0, 1], "rotation": 180, "texture": "#0"},
				"east": {"uv": [2, 1, 1, 2], "texture": "#0"},
				"south": {"uv": [1, 0, 0, 1], "rotation": 180, "texture": "#0"},
				"west": {"uv": [2, 1, 1, 2], "texture": "#0"},
				"up": {"uv": [2, 1, 1, 2], "rotation": 180, "texture": "#0"},
				"down": {"uv": [2, 1, 1, 2], "rotation": 180, "texture": "#0"}
			}
		},
		{
			"from": [8.61636, -0.41197, 7.59436],
			"to": [9.25853, 0.15314, 8.15947],
			"rotation": {"angle": -45, "axis": "x", "origin": [8.93969, -0.12497, 7.87938]},
			"faces": {
				"north": {"uv": [1, 1, 0, 2], "rotation": 180, "texture": "#0"},
				"east": {"uv": [2, 0, 1, 1], "texture": "#0"},
				"south": {"uv": [1, 1, 0, 2], "rotation": 180, "texture": "#0"},
				"west": {"uv": [2, 0, 1, 1], "texture": "#0"},
				"up": {"uv": [1, 1, 0, 2], "texture": "#0"},
				"down": {"uv": [1, 1, 0, 2], "texture": "#0"}
			}
		},
		{
			"from": [8.61781, -5.22985, 6.00496],
			"to": [9.25998, -4.66474, 6.57007],
			"rotation": {"angle": -45, "axis": "x", "origin": [8.94115, -4.95174, 6.28505]},
			"faces": {
				"north": {"uv": [1, 1, 0, 2], "texture": "#0"},
				"east": {"uv": [1, 1, 0, 2], "texture": "#0"},
				"south": {"uv": [1, 1, 0, 2], "texture": "#0"},
				"west": {"uv": [1, 1, 0, 2], "texture": "#0"},
				"up": {"uv": [2, 0, 1, 1], "rotation": 180, "texture": "#0"},
				"down": {"uv": [2, 0, 1, 1], "rotation": 180, "texture": "#0"}
			}
		},
		{
			"from": [8.61631, -4.28249, 7.59441],
			"to": [9.25848, -1.45694, 8.15952],
			"rotation": {"angle": 45, "axis": "x", "origin": [8.93963, -1.74394, 7.87942]},
			"faces": {
				"north": {"uv": [1, 0, 0, 5], "rotation": 180, "texture": "#0"},
				"east": {"uv": [2, 1, 1, 6], "texture": "#0"},
				"south": {"uv": [1, 0, 0, 5], "rotation": 180, "texture": "#0"},
				"west": {"uv": [2, 1, 1, 6], "texture": "#0"},
				"up": {"uv": [2, 1, 1, 2], "rotation": 180, "texture": "#0"},
				"down": {"uv": [2, 1, 1, 2], "rotation": 180, "texture": "#0"}
			}
		},
		{
			"from": [8.61643, -0.1643, 6.35679],
			"to": [9.2586, 0.40081, 6.9219],
			"rotation": {"angle": -22.5, "axis": "x", "origin": [8.93975, 0.12071, 6.64379]},
			"faces": {
				"north": {"uv": [1, 0, 0, 1], "rotation": 180, "texture": "#0"},
				"east": {"uv": [0, 1, 1, 0], "rotation": 90, "texture": "#0"},
				"south": {"uv": [1, 0, 0, 1], "texture": "#0"},
				"west": {"uv": [0, 1, 1, 0], "rotation": 270, "texture": "#0"},
				"up": {"uv": [1, 0, 0, 1], "rotation": 180, "texture": "#0"},
				"down": {"uv": [1, 0, 0, 1], "texture": "#0"}
			}
		},
		{
			"from": [8.61894, -5.4777, 7.24339],
			"to": [9.26111, -4.91259, 7.8085],
			"rotation": {"angle": -22.5, "axis": "x", "origin": [8.94226, -5.19761, 7.52149]},
			"faces": {
				"north": {"uv": [1, 0, 0, 1], "rotation": 180, "texture": "#0"},
				"east": {"uv": [1, 2, 2, 1], "rotation": 90, "texture": "#0"},
				"south": {"uv": [1, 0, 0, 1], "texture": "#0"},
				"west": {"uv": [1, 2, 2, 1], "rotation": 270, "texture": "#0"},
				"up": {"uv": [2, 1, 1, 2], "rotation": 180, "texture": "#0"},
				"down": {"uv": [2, 1, 1, 2], "texture": "#0"}
			}
		},
		{
			"from": [8.61638, -0.16425, 7.23031],
			"to": [9.25855, 0.40086, 7.79542],
			"rotation": {"angle": 22.5, "axis": "x", "origin": [8.93972, 0.12076, 7.50843]},
			"faces": {
				"north": {"uv": [1, 1, 0, 2], "rotation": 180, "texture": "#0"},
				"east": {"uv": [0, 2, 1, 1], "rotation": 90, "texture": "#0"},
				"south": {"uv": [1, 1, 0, 2], "texture": "#0"},
				"west": {"uv": [0, 2, 1, 1], "rotation": 270, "texture": "#0"},
				"up": {"uv": [1, 1, 0, 2], "rotation": 180, "texture": "#0"},
				"down": {"uv": [1, 1, 0, 2], "texture": "#0"}
			}
		},
		{
			"from": [8.6182, -5.47764, 6.36929],
			"to": [9.26037, -4.91253, 6.9344],
			"rotation": {"angle": 22.5, "axis": "x", "origin": [8.94153, -5.19755, 6.65629]},
			"faces": {
				"north": {"uv": [1, 1, 0, 2], "rotation": 180, "texture": "#0"},
				"east": {"uv": [1, 1, 2, 0], "rotation": 90, "texture": "#0"},
				"south": {"uv": [1, 1, 0, 2], "texture": "#0"},
				"west": {"uv": [1, 1, 2, 0], "rotation": 270, "texture": "#0"},
				"up": {"uv": [2, 0, 1, 1], "rotation": 180, "texture": "#0"},
				"down": {"uv": [2, 0, 1, 1], "texture": "#0"}
			}
		},
		{
			"from": [8.61641, -0.07917, 6.79355],
			"to": [9.25858, 0.48594, 7.35866],
			"rotation": {"angle": 0, "axis": "x", "origin": [8.93974, 0.20585, 7.08055]},
			"faces": {
				"north": {"uv": [1, 0, 0, 1], "rotation": 180, "texture": "#0"},
				"east": {"uv": [0, 1, 1, 0], "rotation": 90, "texture": "#0"},
				"south": {"uv": [1, 0, 0, 1], "texture": "#0"},
				"west": {"uv": [0, 1, 1, 0], "rotation": 270, "texture": "#0"},
				"up": {"uv": [1, 0, 0, 1], "rotation": 180, "texture": "#0"},
				"down": {"uv": [1, 0, 0, 1], "texture": "#0"}
			}
		},
		{
			"from": [8.61857, -5.56278, 6.80634],
			"to": [9.26074, -4.99767, 7.37145],
			"rotation": {"angle": 0, "axis": "x", "origin": [8.94189, -5.28269, 7.08444]},
			"faces": {
				"north": {"uv": [1, 0, 0, 1], "rotation": 180, "texture": "#0"},
				"east": {"uv": [1, 2, 2, 1], "rotation": 90, "texture": "#0"},
				"south": {"uv": [1, 0, 0, 1], "texture": "#0"},
				"west": {"uv": [1, 2, 2, 1], "rotation": 270, "texture": "#0"},
				"up": {"uv": [2, 1, 1, 2], "rotation": 180, "texture": "#0"},
				"down": {"uv": [2, 1, 1, 2], "texture": "#0"}
			}
		},
		{
			"from": [8.6165, -1.21725, 10.77933],
			"to": [9.25867, -0.65214, 11.34444],
			"rotation": {"angle": 0, "axis": "y", "origin": [8.6165, -3.47769, 9.64911]},
			"faces": {
				"north": {"uv": [0, 0, 1, 1], "texture": "#0"},
				"east": {"uv": [0, 0, 1, 1], "rotation": 90, "texture": "#0"},
				"south": {"uv": [0, 0, 1, 1], "rotation": 180, "texture": "#0"},
				"west": {"uv": [0, 0, 1, 1], "rotation": 270, "texture": "#0"},
				"up": {"uv": [1, 1, 0, 0], "rotation": 180, "texture": "#0"},
				"down": {"uv": [1, 1, 0, 0], "texture": "#0"}
			}
		},
		{
			"from": [8.61707, -4.4247, 10.76768],
			"to": [9.25924, -3.85959, 11.33279],
			"rotation": {"angle": 0, "axis": "y", "origin": [8.61707, -1.59915, 9.63746]},
			"faces": {
				"north": {"uv": [0, 1, 1, 2], "texture": "#0"},
				"east": {"uv": [1, 0, 2, 1], "rotation": 90, "texture": "#0"},
				"south": {"uv": [0, 1, 1, 2], "rotation": 180, "texture": "#0"},
				"west": {"uv": [1, 0, 2, 1], "rotation": 270, "texture": "#0"},
				"up": {"uv": [2, 1, 1, 0], "rotation": 180, "texture": "#0"},
				"down": {"uv": [2, 1, 1, 0], "texture": "#0"}
			}
		},
		{
			"from": [8.61647, -0.78113, 10.69082],
			"to": [9.25864, -0.21602, 11.25593],
			"rotation": {"angle": -22.5, "axis": "x", "origin": [8.9398, -0.49414, 10.97582]},
			"faces": {
				"north": {"uv": [0, 0, 1, 1], "texture": "#0"},
				"east": {"uv": [0, 0, 1, 1], "texture": "#0"},
				"south": {"uv": [0, 0, 1, 1], "texture": "#0"},
				"west": {"uv": [0, 0, 1, 1], "texture": "#0"},
				"up": {"uv": [1, 1, 0, 0], "texture": "#0"},
				"down": {"uv": [1, 1, 0, 0], "texture": "#0"}
			}
		},
		{
			"from": [8.62658, -1.65334, 10.68195],
			"to": [9.26875, -1.08823, 11.24706],
			"rotation": {"angle": 22.5, "axis": "x", "origin": [8.94992, -1.37523, 10.96697]},
			"faces": {
				"north": {"uv": [0, 1, 1, 2], "texture": "#0"},
				"east": {"uv": [0, 1, 1, 2], "texture": "#0"},
				"south": {"uv": [0, 1, 1, 2], "texture": "#0"},
				"west": {"uv": [0, 1, 1, 2], "texture": "#0"},
				"up": {"uv": [2, 1, 1, 0], "rotation": 180, "texture": "#0"},
				"down": {"uv": [2, 1, 1, 0], "rotation": 180, "texture": "#0"}
			}
		},
		{
			"from": [8.61969, -4.86101, 8.57823],
			"to": [9.26186, -3.9119, 9.14334],
			"rotation": {"angle": -22.5, "axis": "x", "origin": [8.94302, -4.5829, 8.85832]},
			"faces": {
				"north": {"uv": [0, 0, 1, 1], "rotation": 180, "texture": "#0"},
				"east": {"uv": [1, 1, 2, 2], "texture": "#0"},
				"south": {"uv": [0, 0, 1, 1], "rotation": 180, "texture": "#0"},
				"west": {"uv": [1, 1, 2, 2], "texture": "#0"},
				"up": {"uv": [2, 2, 1, 1], "rotation": 180, "texture": "#0"},
				"down": {"uv": [2, 2, 1, 1], "rotation": 180, "texture": "#0"}
			}
		},
		{
			"from": [8.62268, -1.21701, 8.49776],
			"to": [9.26485, -0.6519, 9.06287],
			"rotation": {"angle": 0, "axis": "x", "origin": [8.94444, -0.92873, 8.76535]},
			"faces": {
				"north": {"uv": [0, 1, 1, 2], "rotation": 180, "texture": "#0"},
				"east": {"uv": [1, 2, 2, 3], "texture": "#0"},
				"south": {"uv": [0, 1, 1, 2], "rotation": 180, "texture": "#0"},
				"west": {"uv": [1, 2, 2, 3], "texture": "#0"},
				"up": {"uv": [3, 2, 2, 1], "texture": "#0"},
				"down": {"uv": [3, 2, 2, 1], "texture": "#0"}
			}
		},
		{
			"from": [8.61634, -0.78095, 8.59187],
			"to": [9.25851, -0.21584, 9.15698],
			"rotation": {"angle": 22.5, "axis": "x", "origin": [8.93966, -0.49395, 8.87197]},
			"faces": {
				"north": {"uv": [0, 1, 1, 2], "rotation": 180, "texture": "#0"},
				"east": {"uv": [1, 0, 2, 1], "texture": "#0"},
				"south": {"uv": [0, 1, 1, 2], "rotation": 180, "texture": "#0"},
				"west": {"uv": [1, 0, 2, 1], "texture": "#0"},
				"up": {"uv": [1, 2, 0, 1], "texture": "#0"},
				"down": {"uv": [1, 2, 0, 1], "texture": "#0"}
			}
		},
		{
			"from": [8.61745, -4.86081, 10.67888],
			"to": [9.25962, -4.2957, 11.24399],
			"rotation": {"angle": 22.5, "axis": "x", "origin": [8.94077, -4.58269, 10.9639]},
			"faces": {
				"north": {"uv": [0, 1, 1, 2], "texture": "#0"},
				"east": {"uv": [0, 1, 1, 2], "texture": "#0"},
				"south": {"uv": [0, 1, 1, 2], "texture": "#0"},
				"west": {"uv": [0, 1, 1, 2], "texture": "#0"},
				"up": {"uv": [2, 1, 1, 0], "rotation": 180, "texture": "#0"},
				"down": {"uv": [2, 1, 1, 0], "rotation": 180, "texture": "#0"}
			}
		},
		{
			"from": [8.61631, -1.65304, 8.59184],
			"to": [9.25848, -1.08792, 9.15695],
			"rotation": {"angle": -22.5, "axis": "x", "origin": [8.93963, -1.37492, 8.87193]},
			"faces": {
				"north": {"uv": [0, 0, 1, 1], "rotation": 180, "texture": "#0"},
				"east": {"uv": [1, 1, 2, 2], "texture": "#0"},
				"south": {"uv": [0, 0, 1, 1], "rotation": 180, "texture": "#0"},
				"west": {"uv": [1, 1, 2, 2], "texture": "#0"},
				"up": {"uv": [2, 2, 1, 1], "rotation": 180, "texture": "#0"},
				"down": {"uv": [2, 2, 1, 1], "rotation": 180, "texture": "#0"}
			}
		},
		{
			"from": [8.61671, -3.98858, 10.67947],
			"to": [9.25888, -3.42347, 11.24458],
			"rotation": {"angle": -22.5, "axis": "x", "origin": [8.94002, -3.70159, 10.96449]},
			"faces": {
				"north": {"uv": [0, 0, 1, 1], "texture": "#0"},
				"east": {"uv": [0, 0, 1, 1], "texture": "#0"},
				"south": {"uv": [0, 0, 1, 1], "texture": "#0"},
				"west": {"uv": [0, 0, 1, 1], "texture": "#0"},
				"up": {"uv": [1, 1, 0, 0], "texture": "#0"},
				"down": {"uv": [1, 1, 0, 0], "texture": "#0"}
			}
		},
		{
			"from": [8.61645, -0.41209, 10.44215],
			"to": [9.25862, 0.15302, 11.00726],
			"rotation": {"angle": -45, "axis": "x", "origin": [8.93978, -0.1251, 10.72716]},
			"faces": {
				"north": {"uv": [0, 0, 1, 1], "texture": "#0"},
				"east": {"uv": [0, 0, 1, 1], "texture": "#0"},
				"south": {"uv": [0, 0, 1, 1], "texture": "#0"},
				"west": {"uv": [0, 0, 1, 1], "texture": "#0"},
				"up": {"uv": [1, 1, 0, 0], "texture": "#0"},
				"down": {"uv": [1, 1, 0, 0], "texture": "#0"}
			}
		},
		{
			"from": [8.61931, -5.22998, 8.82717],
			"to": [9.26148, -4.66487, 9.39228],
			"rotation": {"angle": -45, "axis": "x", "origin": [8.94264, -4.95187, 9.10727]},
			"faces": {
				"north": {"uv": [0, 0, 1, 1], "rotation": 180, "texture": "#0"},
				"east": {"uv": [1, 1, 2, 2], "texture": "#0"},
				"south": {"uv": [0, 0, 1, 1], "rotation": 180, "texture": "#0"},
				"west": {"uv": [1, 1, 2, 2], "texture": "#0"},
				"up": {"uv": [2, 2, 1, 1], "rotation": 180, "texture": "#0"},
				"down": {"uv": [2, 2, 1, 1], "rotation": 180, "texture": "#0"}
			}
		},
		{
			"from": [8.61636, -0.41197, 8.84053],
			"to": [9.25853, 0.15314, 9.40564],
			"rotation": {"angle": 45, "axis": "x", "origin": [8.93969, -0.12497, 9.12062]},
			"faces": {
				"north": {"uv": [0, 1, 1, 2], "rotation": 180, "texture": "#0"},
				"east": {"uv": [1, 0, 2, 1], "texture": "#0"},
				"south": {"uv": [0, 1, 1, 2], "rotation": 180, "texture": "#0"},
				"west": {"uv": [1, 0, 2, 1], "texture": "#0"},
				"up": {"uv": [1, 2, 0, 1], "texture": "#0"},
				"down": {"uv": [1, 2, 0, 1], "texture": "#0"}
			}
		},
		{
			"from": [8.61781, -5.22985, 10.42993],
			"to": [9.25998, -4.66474, 10.99504],
			"rotation": {"angle": 45, "axis": "x", "origin": [8.94115, -4.95174, 10.71495]},
			"faces": {
				"north": {"uv": [0, 1, 1, 2], "texture": "#0"},
				"east": {"uv": [0, 1, 1, 2], "texture": "#0"},
				"south": {"uv": [0, 1, 1, 2], "texture": "#0"},
				"west": {"uv": [0, 1, 1, 2], "texture": "#0"},
				"up": {"uv": [2, 1, 1, 0], "rotation": 180, "texture": "#0"},
				"down": {"uv": [2, 1, 1, 0], "rotation": 180, "texture": "#0"}
			}
		},
		{
			"from": [8.61631, -4.28249, 8.84048],
			"to": [9.25848, -1.45694, 9.40559],
			"rotation": {"angle": -45, "axis": "x", "origin": [8.93963, -1.74394, 9.12058]},
			"faces": {
				"north": {"uv": [0, 0, 1, 5], "rotation": 180, "texture": "#0"},
				"east": {"uv": [1, 1, 2, 6], "texture": "#0"},
				"south": {"uv": [0, 0, 1, 5], "rotation": 180, "texture": "#0"},
				"west": {"uv": [1, 1, 2, 6], "texture": "#0"},
				"up": {"uv": [2, 2, 1, 1], "rotation": 180, "texture": "#0"},
				"down": {"uv": [2, 2, 1, 1], "rotation": 180, "texture": "#0"}
			}
		},
		{
			"from": [8.61643, -0.1643, 10.0781],
			"to": [9.2586, 0.40081, 10.64321],
			"rotation": {"angle": 22.5, "axis": "x", "origin": [8.93975, 0.12071, 10.35621]},
			"faces": {
				"north": {"uv": [0, 0, 1, 1], "texture": "#0"},
				"east": {"uv": [0, 0, 1, 1], "rotation": 90, "texture": "#0"},
				"south": {"uv": [0, 0, 1, 1], "rotation": 180, "texture": "#0"},
				"west": {"uv": [0, 0, 1, 1], "rotation": 270, "texture": "#0"},
				"up": {"uv": [1, 1, 0, 0], "rotation": 180, "texture": "#0"},
				"down": {"uv": [1, 1, 0, 0], "texture": "#0"}
			}
		},
		{
			"from": [8.61894, -5.4777, 9.1915],
			"to": [9.26111, -4.91259, 9.75661],
			"rotation": {"angle": 22.5, "axis": "x", "origin": [8.94226, -5.19761, 9.47851]},
			"faces": {
				"north": {"uv": [0, 0, 1, 1], "texture": "#0"},
				"east": {"uv": [1, 1, 2, 2], "rotation": 90, "texture": "#0"},
				"south": {"uv": [0, 0, 1, 1], "rotation": 180, "texture": "#0"},
				"west": {"uv": [1, 1, 2, 2], "rotation": 270, "texture": "#0"},
				"up": {"uv": [2, 2, 1, 1], "rotation": 180, "texture": "#0"},
				"down": {"uv": [2, 2, 1, 1], "texture": "#0"}
			}
		},
		{
			"from": [8.61638, -0.16425, 9.20458],
			"to": [9.25855, 0.40086, 9.76969],
			"rotation": {"angle": -22.5, "axis": "x", "origin": [8.93972, 0.12076, 9.49157]},
			"faces": {
				"north": {"uv": [0, 1, 1, 2], "texture": "#0"},
				"east": {"uv": [0, 1, 1, 2], "rotation": 90, "texture": "#0"},
				"south": {"uv": [0, 1, 1, 2], "rotation": 180, "texture": "#0"},
				"west": {"uv": [0, 1, 1, 2], "rotation": 270, "texture": "#0"},
				"up": {"uv": [1, 2, 0, 1], "rotation": 180, "texture": "#0"},
				"down": {"uv": [1, 2, 0, 1], "texture": "#0"}
			}
		},
		{
			"from": [8.6182, -5.47764, 10.0656],
			"to": [9.26037, -4.91253, 10.63071],
			"rotation": {"angle": -22.5, "axis": "x", "origin": [8.94153, -5.19755, 10.34371]},
			"faces": {
				"north": {"uv": [0, 1, 1, 2], "texture": "#0"},
				"east": {"uv": [1, 0, 2, 1], "rotation": 90, "texture": "#0"},
				"south": {"uv": [0, 1, 1, 2], "rotation": 180, "texture": "#0"},
				"west": {"uv": [1, 0, 2, 1], "rotation": 270, "texture": "#0"},
				"up": {"uv": [2, 1, 1, 0], "rotation": 180, "texture": "#0"},
				"down": {"uv": [2, 1, 1, 0], "texture": "#0"}
			}
		},
		{
			"from": [8.61641, -0.07917, 9.64134],
			"to": [9.25858, 0.48594, 10.20645],
			"rotation": {"angle": 0, "axis": "x", "origin": [8.93974, 0.20585, 9.91945]},
			"faces": {
				"north": {"uv": [0, 0, 1, 1], "texture": "#0"},
				"east": {"uv": [0, 0, 1, 1], "rotation": 90, "texture": "#0"},
				"south": {"uv": [0, 0, 1, 1], "rotation": 180, "texture": "#0"},
				"west": {"uv": [0, 0, 1, 1], "rotation": 270, "texture": "#0"},
				"up": {"uv": [1, 1, 0, 0], "rotation": 180, "texture": "#0"},
				"down": {"uv": [1, 1, 0, 0], "texture": "#0"}
			}
		},
		{
			"from": [8.61857, -5.56278, 9.62855],
			"to": [9.26074, -4.99767, 10.19366],
			"rotation": {"angle": 0, "axis": "x", "origin": [8.94189, -5.28269, 9.91556]},
			"faces": {
				"north": {"uv": [0, 0, 1, 1], "texture": "#0"},
				"east": {"uv": [1, 1, 2, 2], "rotation": 90, "texture": "#0"},
				"south": {"uv": [0, 0, 1, 1], "rotation": 180, "texture": "#0"},
				"west": {"uv": [1, 1, 2, 2], "rotation": 270, "texture": "#0"},
				"up": {"uv": [2, 2, 1, 1], "rotation": 180, "texture": "#0"},
				"down": {"uv": [2, 2, 1, 1], "texture": "#0"}
			}
		}
	],
	"display": {
		"thirdperson_righthand": {
			"rotation": [75, 14.25, 0],
			"translation": [-0.75, 1, 1],
			"scale": [0.20898, 0.20898, 0.20898]
		},
		"thirdperson_lefthand": {
			"rotation": [75, 14.25, 0],
			"translation": [-0.75, 1, 1],
			"scale": [0.20898, 0.20898, 0.20898]
		},
		"firstperson_righthand": {
			"rotation": [0, 109.75, 0],
			"translation": [0.5, 4, 0],
			"scale": [0.18125, 0.18125, 0.18125]
		},
		"firstperson_lefthand": {
			"rotation": [0, 109.75, 0],
			"translation": [0.5, 4, 0],
			"scale": [0.18125, 0.18125, 0.18125]
		},
		"ground": {
			"translation": [0, 3, 0],
			"scale": [0.25, 0.25, 0.25]
		},
		"gui": {
			"rotation": [30, -149, 0],
			"translation": [1, 3, 0],
			"scale": [0.375, 0.375, 0.375]
		},
		"head": {
			"translation": [0, 13.25, -1],
			"scale": [0.25391, 0.25391, 0.25391]
		},
		"fixed": {
			"rotation": [-90, 0, 0],
			"translation": [0, 0, -46.75],
			"scale": [2, 2, 2]
		}
	},
	"groups": [
		{
			"name": "Door",
			"origin": [8, 8, 8],
			"children": [
				{
					"name": "Frame",
					"origin": [22.5, 23, 8],
					"children": [0, 1, 2, 3, 4, 5, 6, 7, 8, 9, 10, 11, 12, 13, 14, 15, 16, 17, 18, 19, 20, 21]
				},
				{
					"name": "Bars",
					"origin": [18.5, 23, 8],
					"children": [22, 23, 24, 25, 26, 27, 28, 29, 30, 31, 32, 33, 34, 35]
				},
				{
					"name": "Scroll",
					"origin": [7.97545, 7.54883, 11.19349],
					"children": [36, 37, 38, 39, 40, 41, 42, 43, 44, 45, 46, 47, 48, 49, 50, 51, 52, 53, 54, 55, 56]
				},
				{
					"name": "Scroll",
					"origin": [7.97545, 7.54883, 11.19349],
					"children": [57, 58, 59, 60, 61, 62, 63, 64, 65, 66, 67, 68, 69, 70, 71, 72, 73, 74, 75, 76, 77]
				}
			]
		},
		{
			"name": "Door",
			"origin": [8, 8, 8],
			"children": [
				{
					"name": "Frame",
					"origin": [22.5, 23, 8],
					"children": [78, 79, 80, 81, 82, 83, 84, 85, 86, 87, 88, 89, 90, 91, 92, 93, 94, 95, 96, 97, 98, 99]
				},
				{
					"name": "Bars",
					"origin": [18.5, 23, 8],
					"children": [100, 101, 102, 103, 104, 105, 106, 107, 108, 109, 110, 111, 112, 113]
				},
				{
					"name": "Scroll",
					"origin": [7.97545, 7.54883, 11.19349],
					"children": [114, 115, 116, 117, 118, 119, 120, 121, 122, 123, 124, 125, 126, 127, 128, 129, 130, 131, 132, 133, 134]
				},
				{
					"name": "Scroll",
					"origin": [7.97545, 7.54883, 11.19349],
					"children": [135, 136, 137, 138, 139, 140, 141, 142, 143, 144, 145, 146, 147, 148, 149, 150, 151, 152, 153, 154, 155]
				}
			]
		}
	]
}