{
	"credit": "Made with Blockbench",
	"textures": {
		"0": "block/MizunoArchive/anvil",
		"particle": "block/MizunoArchive/anvil"
	},
	"elements": [
		{
			"from": [5.39488, -15.64397, 8.09484],
			"to": [16.04858, -14.31226, 9.05484],
			"rotation": {"angle": 0, "axis": "y", "origin": [16.04858, -4.99027, 15.77484]},
			"faces": {
				"north": {"uv": [0, 0, 8, 1], "texture": "#0"},
				"east": {"uv": [0, 0, 1, 1], "texture": "#0"},
				"south": {"uv": [0, 0, 8, 1], "texture": "#0"},
				"west": {"uv": [0, 0, 1, 1], "texture": "#0"},
				"up": {"uv": [0, 0, 8, 1], "texture": "#0"},
				"down": {"uv": [0, 0, 8, 1], "texture": "#0"}
			}
		},
		{
			"from": [5.39488, 12.10003, 8.09484],
			"to": [16.04858, 13.43174, 9.05484],
			"rotation": {"angle": 0, "axis": "y", "origin": [16.04858, 22.75373, 15.77484]},
			"faces": {
				"north": {"uv": [0, 0, 8, 1], "texture": "#0"},
				"east": {"uv": [0, 0, 1, 1], "texture": "#0"},
				"south": {"uv": [0, 0, 8, 1], "texture": "#0"},
				"west": {"uv": [0, 0, 1, 1], "texture": "#0"},
				"up": {"uv": [0, 0, 8, 1], "texture": "#0"},
				"down": {"uv": [0, 0, 8, 1], "texture": "#0"}
			}
		},
		{
			"from": [5.39488, 3.55488, 8.09484],
			"to": [14.71686, 4.22074, 9.05484],
			"rotation": {"angle": 0, "axis": "y", "origin": [16.04858, 13.87565, 15.77484]},
			"faces": {
				"north": {"uv": [0, 0, 7, 0.5], "texture": "#0"},
				"east": {"uv": [0, 0, 1, 0.5], "texture": "#0"},
				"south": {"uv": [0, 0, 7, 0.5], "texture": "#0"},
				"west": {"uv": [0, 0, 1, 0.5], "texture": "#0"},
				"up": {"uv": [0, 0, 7, 1], "texture": "#0"},
				"down": {"uv": [0, 0, 7, 1], "texture": "#0"}
			}
		},
		{
			"from": [5.39488, -11.3159, 8.09484],
			"to": [14.71686, -10.65005, 9.05484],
			"rotation": {"angle": 0, "axis": "y", "origin": [16.04858, -0.99514, 15.77484]},
			"faces": {
				"north": {"uv": [0, 0, 7, 0.5], "texture": "#0"},
				"east": {"uv": [0, 0, 1, 0.5], "texture": "#0"},
				"south": {"uv": [0, 0, 7, 0.5], "texture": "#0"},
				"west": {"uv": [0, 0, 1, 0.5], "texture": "#0"},
				"up": {"uv": [0, 0, 7, 1], "texture": "#0"},
				"down": {"uv": [0, 0, 7, 1], "texture": "#0"}
			}
		},
		{
			"from": [5.39488, 7.55002, 8.09484],
			"to": [14.71686, 8.21587, 9.05484],
			"rotation": {"angle": 0, "axis": "y", "origin": [16.04858, 17.87078, 15.77484]},
			"faces": {
				"north": {"uv": [0, 0, 7, 0.5], "texture": "#0"},
				"east": {"uv": [0, 0, 1, 0.5], "texture": "#0"},
				"south": {"uv": [0, 0, 7, 0.5], "texture": "#0"},
				"west": {"uv": [0, 0, 1, 0.5], "texture": "#0"},
				"up": {"uv": [0, 0, 7, 1], "texture": "#0"},
				"down": {"uv": [0, 0, 7, 1], "texture": "#0"}
			}
		},
		{
			"from": [-15.91251, -15.64397, 8.09484],
			"to": [5.39488, -14.31226, 9.05484],
			"rotation": {"angle": 0, "axis": "y", "origin": [4.72902, -4.99027, 15.77484]},
			"faces": {
				"north": {"uv": [0, 0, 16, 1], "texture": "#0"},
				"east": {"uv": [0, 0, 1, 1], "texture": "#0"},
				"south": {"uv": [0, 0, 16, 1], "texture": "#0"},
				"west": {"uv": [0, 0, 1, 1], "texture": "#0"},
				"up": {"uv": [0, 0, 16, 1], "texture": "#0"},
				"down": {"uv": [0, 0, 16, 1], "texture": "#0"}
			}
		},
		{
			"from": [-15.91251, 12.10003, 8.09484],
			"to": [5.39488, 13.43174, 9.05484],
			"rotation": {"angle": 0, "axis": "y", "origin": [4.72902, 22.75373, 15.77484]},
			"faces": {
				"north": {"uv": [0, 0, 16, 1], "texture": "#0"},
				"east": {"uv": [0, 0, 1, 1], "texture": "#0"},
				"south": {"uv": [0, 0, 16, 1], "texture": "#0"},
				"west": {"uv": [0, 0, 1, 1], "texture": "#0"},
				"up": {"uv": [0, 0, 16, 1], "texture": "#0"},
				"down": {"uv": [0, 0, 16, 1], "texture": "#0"}
			}
		},
		{
			"from": [-14.5808, 3.55488, 8.09484],
			"to": [5.39488, 4.22074, 9.05484],
			"rotation": {"angle": 0, "axis": "y", "origin": [4.72902, 13.87565, 15.77484]},
			"faces": {
				"north": {"uv": [0, 0, 15, 0.5], "texture": "#0"},
				"east": {"uv": [0, 0, 1, 0.5], "texture": "#0"},
				"south": {"uv": [0, 0, 15, 0.5], "texture": "#0"},
				"west": {"uv": [0, 0, 1, 0.5], "texture": "#0"},
				"up": {"uv": [0, 0, 15, 1], "texture": "#0"},
				"down": {"uv": [0, 0, 15, 1], "texture": "#0"}
			}
		},
		{
			"from": [-14.5808, -11.3159, 8.09484],
			"to": [5.39488, -10.65005, 9.05484],
			"rotation": {"angle": 0, "axis": "y", "origin": [4.72902, -0.99514, 15.77484]},
			"faces": {
				"north": {"uv": [0, 0, 15, 0.5], "texture": "#0"},
				"east": {"uv": [0, 0, 1, 0.5], "texture": "#0"},
				"south": {"uv": [0, 0, 15, 0.5], "texture": "#0"},
				"west": {"uv": [0, 0, 1, 0.5], "texture": "#0"},
				"up": {"uv": [0, 0, 15, 1], "texture": "#0"},
				"down": {"uv": [0, 0, 15, 1], "texture": "#0"}
			}
		},
		{
			"from": [-14.5808, 7.55002, 8.09484],
			"to": [5.39488, 8.21587, 9.05484],
			"rotation": {"angle": 0, "axis": "y", "origin": [4.72902, 17.87078, 15.77484]},
			"faces": {
				"north": {"uv": [0, 0, 15, 0.5], "texture": "#0"},
				"east": {"uv": [0, 0, 1, 0.5], "texture": "#0"},
				"south": {"uv": [0, 0, 15, 0.5], "texture": "#0"},
				"west": {"uv": [0, 0, 1, 0.5], "texture": "#0"},
				"up": {"uv": [0, 0, 15, 1], "texture": "#0"},
				"down": {"uv": [0, 0, 15, 1], "texture": "#0"}
			}
		},
		{
			"from": [-15.91251, -14.31226, 8.09484],
			"to": [-14.5808, 6.99514, 9.05484],
			"rotation": {"angle": 0, "axis": "y", "origin": [4.72902, -4.99027, 15.77484]},
			"faces": {
				"north": {"uv": [0, 0, 1, 16], "texture": "#0"},
				"east": {"uv": [0, 0, 1, 16], "texture": "#0"},
				"south": {"uv": [0, 0, 1, 16], "texture": "#0"},
				"west": {"uv": [0, 0, 1, 16], "texture": "#0"},
				"up": {"uv": [0, 0, 1, 1], "texture": "#0"},
				"down": {"uv": [0, 0, 1, 1], "texture": "#0"}
			}
		},
		{
			"from": [-15.91251, 6.99514, 8.13331],
			"to": [-14.58071, 12.04648, 9.05484],
			"rotation": {"angle": 0, "axis": "y", "origin": [4.72902, 14.98541, 15.77484]},
			"faces": {
				"north": {"uv": [0, 0, 1, 4], "texture": "#0"},
				"east": {"uv": [0, 0, 1, 4], "texture": "#0"},
				"south": {"uv": [0, 0, 1, 4], "texture": "#0"},
				"west": {"uv": [0, 0, 1, 4], "texture": "#0"},
				"up": {"uv": [0, 0, 1, 1], "texture": "#0"},
				"down": {"uv": [0, 0, 1, 1], "texture": "#0"}
			}
		},
		{
			"from": [14.71677, 7.04869, 8.09484],
			"to": [16.04858, 12.10003, 9.01637],
			"rotation": {"angle": 0, "axis": "y", "origin": [35.35831, 15.03896, 15.73637]},
			"faces": {
				"north": {"uv": [0, 0, 1, 4], "texture": "#0"},
				"east": {"uv": [0, 0, 1, 4], "texture": "#0"},
				"south": {"uv": [0, 0, 1, 4], "texture": "#0"},
				"west": {"uv": [0, 0, 1, 4], "texture": "#0"},
				"up": {"uv": [0, 0, 1, 1], "texture": "#0"},
				"down": {"uv": [0, 0, 1, 1], "texture": "#0"}
			}
		},
		{
			"from": [14.71686, -14.31226, 8.09484],
			"to": [16.04858, 7.04869, 9.05484],
			"rotation": {"angle": 0, "axis": "y", "origin": [35.3584, -4.99027, 15.77484]},
			"faces": {
				"north": {"uv": [0, 0, 1, 16], "texture": "#0"},
				"east": {"uv": [0, 0, 1, 16], "texture": "#0"},
				"south": {"uv": [0, 0, 1, 16], "texture": "#0"},
				"west": {"uv": [0, 0, 1, 16], "texture": "#0"},
				"up": {"uv": [0, 0, 1, 1], "texture": "#0"},
				"down": {"uv": [0, 0, 1, 1], "texture": "#0"}
			}
		},
		{
			"from": [11.38758, -14.31226, 8.33484],
			"to": [12.05344, 13.93114, 8.81484],
			"rotation": {"angle": 0, "axis": "y", "origin": [31.69619, -4.99027, 15.77484]},
			"faces": {
				"north": {"uv": [0, 0, 0.5, 16], "texture": "#0"},
				"east": {"uv": [0, 0, 0.5, 16], "texture": "#0"},
				"south": {"uv": [0, 0, 0.5, 16], "texture": "#0"},
				"west": {"uv": [0, 0, 0.5, 16], "texture": "#0"},
				"up": {"uv": [0, 0, 0.5, 0.5], "texture": "#0"},
				"down": {"uv": [0, 0, 0.5, 0.5], "texture": "#0"}
			}
		},
		{
			"from": [7.39245, -14.31226, 8.33484],
			"to": [8.0583, 13.93114, 8.81484],
			"rotation": {"angle": 0, "axis": "y", "origin": [27.70106, -4.99027, 15.77484]},
			"faces": {
				"north": {"uv": [0, 0, 0.5, 16], "texture": "#0"},
				"east": {"uv": [0, 0, 0.5, 16], "texture": "#0"},
				"south": {"uv": [0, 0, 0.5, 16], "texture": "#0"},
				"west": {"uv": [0, 0, 0.5, 16], "texture": "#0"},
				"up": {"uv": [0, 0, 0.5, 0.5], "texture": "#0"},
				"down": {"uv": [0, 0, 0.5, 0.5], "texture": "#0"}
			}
		},
		{
			"from": [3.39731, -14.31226, 8.33484],
			"to": [4.06317, 13.93114, 8.81484],
			"rotation": {"angle": 0, "axis": "y", "origin": [23.70592, -4.99027, 15.77484]},
			"faces": {
				"north": {"uv": [0, 0, 0.5, 16], "texture": "#0"},
				"east": {"uv": [0, 0, 0.5, 16], "texture": "#0"},
				"south": {"uv": [0, 0, 0.5, 16], "texture": "#0"},
				"west": {"uv": [0, 0, 0.5, 16], "texture": "#0"},
				"up": {"uv": [0, 0, 0.5, 0.5], "texture": "#0"},
				"down": {"uv": [0, 0, 0.5, 0.5], "texture": "#0"}
			}
		},
		{
			"from": [-0.59782, -14.31226, 8.33484],
			"to": [0.06803, 13.93114, 8.81484],
			"rotation": {"angle": 0, "axis": "y", "origin": [19.71078, -4.99027, 15.77484]},
			"faces": {
				"north": {"uv": [0, 0, 0.5, 16], "texture": "#0"},
				"east": {"uv": [0, 0, 0.5, 16], "texture": "#0"},
				"south": {"uv": [0, 0, 0.5, 16], "texture": "#0"},
				"west": {"uv": [0, 0, 0.5, 16], "texture": "#0"},
				"up": {"uv": [0, 0, 0.5, 0.5], "texture": "#0"},
				"down": {"uv": [0, 0, 0.5, 0.5], "texture": "#0"}
			}
		},
		{
			"from": [-4.59296, -14.31226, 8.33484],
			"to": [-3.9271, 13.93114, 8.81484],
			"rotation": {"angle": 0, "axis": "y", "origin": [15.71565, -4.99027, 15.77484]},
			"faces": {
				"north": {"uv": [0, 0, 0.5, 16], "texture": "#0"},
				"east": {"uv": [0, 0, 0.5, 16], "texture": "#0"},
				"south": {"uv": [0, 0, 0.5, 16], "texture": "#0"},
				"west": {"uv": [0, 0, 0.5, 16], "texture": "#0"},
				"up": {"uv": [0, 0, 0.5, 0.5], "texture": "#0"},
				"down": {"uv": [0, 0, 0.5, 0.5], "texture": "#0"}
			}
		},
		{
			"from": [-8.5881, -14.31226, 8.33484],
			"to": [-7.92224, 13.93114, 8.81484],
			"rotation": {"angle": 0, "axis": "y", "origin": [11.72051, -4.99027, 15.77484]},
			"faces": {
				"north": {"uv": [0, 0, 0.5, 16], "texture": "#0"},
				"east": {"uv": [0, 0, 0.5, 16], "texture": "#0"},
				"south": {"uv": [0, 0, 0.5, 16], "texture": "#0"},
				"west": {"uv": [0, 0, 0.5, 16], "texture": "#0"},
				"up": {"uv": [0, 0, 0.5, 0.5], "texture": "#0"},
				"down": {"uv": [0, 0, 0.5, 0.5], "texture": "#0"}
			}
		},
		{
			"from": [-12.58323, -14.31226, 8.33484],
			"to": [-11.91738, 13.93114, 8.81484],
			"rotation": {"angle": 0, "axis": "y", "origin": [7.72538, -4.99027, 15.77484]},
			"faces": {
				"north": {"uv": [0, 0, 0.5, 16], "texture": "#0"},
				"east": {"uv": [0, 0, 0.5, 16], "texture": "#0"},
				"south": {"uv": [0, 0, 0.5, 16], "texture": "#0"},
				"west": {"uv": [0, 0, 0.5, 16], "texture": "#0"},
				"up": {"uv": [0, 0, 0.5, 0.5], "texture": "#0"},
				"down": {"uv": [0, 0, 0.5, 0.5], "texture": "#0"}
			}
		},
		{
			"from": [-8.58807, 11.66717, 8.34487],
			"to": [-7.92222, 19.1192, 8.82487],
			"rotation": {"angle": 0, "axis": "y", "origin": [11.72054, 12.72144, 15.78487]},
			"faces": {
				"north": {"uv": [0, 0, 0.48, 5.372], "texture": "#0"},
				"east": {"uv": [0, 0, 0.48, 9.072], "texture": "#0"},
				"south": {"uv": [0, 0, 0.48, 9.072], "texture": "#0"},
				"west": {"uv": [0, 0, 0.48, 9.072], "texture": "#0"},
				"up": {"uv": [0, 0, 0.48, 9.072], "texture": "#0"},
				"down": {"uv": [0, 0, 0.48, 9.072], "texture": "#0"}
			}
		},
		{
			"from": [-0.5979, 11.69513, 8.32482],
			"to": [0.06796, 19.14717, 8.80482],
			"rotation": {"angle": 0, "axis": "y", "origin": [19.71071, 12.7494, 15.76482]},
			"faces": {
				"north": {"uv": [0, 0, 0.48, 5.372], "texture": "#0"},
				"east": {"uv": [0, 0, 0.48, 9.072], "texture": "#0"},
				"south": {"uv": [0, 0, 0.48, 9.072], "texture": "#0"},
				"west": {"uv": [0, 0, 0.48, 9.072], "texture": "#0"},
				"up": {"uv": [0, 0, 0.48, 9.072], "texture": "#0"},
				"down": {"uv": [0, 0, 0.48, 9.072], "texture": "#0"}
			}
		},
		{
			"from": [7.39247, 11.69508, 8.32479],
			"to": [8.05833, 19.14712, 8.80479],
			"rotation": {"angle": 0, "axis": "y", "origin": [27.70108, 12.74935, 15.76479]},
			"faces": {
				"north": {"uv": [0, 0, 0.48, 5.372], "texture": "#0"},
				"east": {"uv": [0, 0, 0.48, 9.072], "texture": "#0"},
				"south": {"uv": [0, 0, 0.48, 9.072], "texture": "#0"},
				"west": {"uv": [0, 0, 0.48, 9.072], "texture": "#0"},
				"up": {"uv": [0, 0, 0.48, 9.072], "texture": "#0"},
				"down": {"uv": [0, 0, 0.48, 9.072], "texture": "#0"}
			}
		},
		{
			"from": [-12.58322, 13.17415, 8.33986],
			"to": [-11.91736, 17.32465, 8.81986],
			"rotation": {"angle": 0, "axis": "y", "origin": [7.72539, 14.22842, 15.77986]},
			"faces": {
				"north": {"uv": [0, 0, 0.48, 4.992], "texture": "#0"},
				"east": {"uv": [0, 0, 0.48, 4.992], "texture": "#0"},
				"south": {"uv": [0, 0, 0.48, 4.992], "texture": "#0"},
				"west": {"uv": [0, 0, 0.48, 4.992], "texture": "#0"},
				"up": {"uv": [0, 0, 0.48, 4.992], "texture": "#0"},
				"down": {"uv": [0, 0, 0.48, 4.992], "texture": "#0"}
			}
		},
		{
			"from": [-4.59301, 13.19512, 8.32481],
			"to": [-3.92715, 17.34562, 8.80481],
			"rotation": {"angle": 0, "axis": "y", "origin": [15.7156, 14.24939, 15.76481]},
			"faces": {
				"north": {"uv": [0, 0, 0.48, 4.992], "texture": "#0"},
				"east": {"uv": [0, 0, 0.48, 4.992], "texture": "#0"},
				"south": {"uv": [0, 0, 0.48, 4.992], "texture": "#0"},
				"west": {"uv": [0, 0, 0.48, 4.992], "texture": "#0"},
				"up": {"uv": [0, 0, 0.48, 4.992], "texture": "#0"},
				"down": {"uv": [0, 0, 0.48, 4.992], "texture": "#0"}
			}
		},
		{
			"from": [3.39746, 13.18106, 8.33479],
			"to": [4.06331, 17.33157, 8.81479],
			"rotation": {"angle": 0, "axis": "y", "origin": [23.70607, 14.23534, 15.77479]},
			"faces": {
				"north": {"uv": [0, 0, 0.48, 4.992], "texture": "#0"},
				"east": {"uv": [0, 0, 0.48, 4.992], "texture": "#0"},
				"south": {"uv": [0, 0, 0.48, 4.992], "texture": "#0"},
				"west": {"uv": [0, 0, 0.48, 4.992], "texture": "#0"},
				"up": {"uv": [0, 0, 0.48, 4.992], "texture": "#0"},
				"down": {"uv": [0, 0, 0.48, 4.992], "texture": "#0"}
			}
		},
		{
			"from": [11.38783, 13.18102, 8.33475],
			"to": [12.05368, 16.42984, 8.81475],
			"rotation": {"angle": 0, "axis": "y", "origin": [31.69644, 14.23529, 15.77475]},
			"faces": {
				"north": {"uv": [0, 0, 0.48, 4.992], "texture": "#0"},
				"east": {"uv": [0, 0, 0.48, 4.992], "texture": "#0"},
				"south": {"uv": [0, 0, 0.48, 4.992], "texture": "#0"},
				"west": {"uv": [0, 0, 0.48, 4.992], "texture": "#0"},
				"up": {"uv": [0, 0, 0.48, 4.992], "texture": "#0"},
				"down": {"uv": [0, 0, 0.48, 4.992], "texture": "#0"}
			}
		},
		{
			"from": [10.13935, 16.09414, 8.33475],
			"to": [11.52655, 17.48134, 8.81475],
			"rotation": {"angle": 45, "axis": "z", "origin": [10.47519, 18.15941, 8.57983]},
			"faces": {
				"north": {"uv": [0, 0, 2, 2], "texture": "#0"},
				"east": {"uv": [0, 0, 2, 2], "texture": "#0"},
				"south": {"uv": [0, 0, 2, 2], "texture": "#0"},
				"west": {"uv": [0, 0, 2, 2], "texture": "#0"},
				"up": {"uv": [0, 0, 2, 2], "texture": "#0"},
				"down": {"uv": [0, 0, 2, 2], "texture": "#0"}
			}
		},
		{
			"from": [2.16295, 16.09414, 8.33475],
			"to": [3.55015, 17.48134, 8.81475],
			"rotation": {"angle": 45, "axis": "z", "origin": [2.49879, 18.15941, 8.57983]},
			"faces": {
				"north": {"uv": [0, 0, 2, 2], "texture": "#0"},
				"east": {"uv": [0, 0, 2, 2], "texture": "#0"},
				"south": {"uv": [0, 0, 2, 2], "texture": "#0"},
				"west": {"uv": [0, 0, 2, 2], "texture": "#0"},
				"up": {"uv": [0, 0, 2, 2], "texture": "#0"},
				"down": {"uv": [0, 0, 2, 2], "texture": "#0"}
			}
		},
		{
			"from": [-5.81345, 16.09414, 8.33475],
			"to": [-4.42625, 17.48134, 8.81475],
			"rotation": {"angle": 45, "axis": "z", "origin": [-5.47761, 18.15941, 8.57983]},
			"faces": {
				"north": {"uv": [0, 0, 2, 2], "texture": "#0"},
				"east": {"uv": [0, 0, 2, 2], "texture": "#0"},
				"south": {"uv": [0, 0, 2, 2], "texture": "#0"},
				"west": {"uv": [0, 0, 2, 2], "texture": "#0"},
				"up": {"uv": [0, 0, 2, 2], "texture": "#0"},
				"down": {"uv": [0, 0, 2, 2], "texture": "#0"}
			}
		},
		{
			"from": [-13.78985, 16.09414, 8.33475],
			"to": [-12.40265, 17.48134, 8.81475],
			"rotation": {"angle": 45, "axis": "z", "origin": [-13.45401, 18.15941, 8.57983]},
			"faces": {
				"north": {"uv": [0, 0, 2, 2], "texture": "#0"},
				"east": {"uv": [0, 0, 2, 2], "texture": "#0"},
				"south": {"uv": [0, 0, 2, 2], "texture": "#0"},
				"west": {"uv": [0, 0, 2, 2], "texture": "#0"},
				"up": {"uv": [0, 0, 2, 2], "texture": "#0"},
				"down": {"uv": [0, 0, 2, 2], "texture": "#0"}
			}
		},
		{
			"from": [-9.80165, 18.75574, 8.33475],
			"to": [-8.41445, 20.14294, 8.81475],
			"rotation": {"angle": 45, "axis": "z", "origin": [-9.46581, 20.82101, 8.57983]},
			"faces": {
				"north": {"uv": [0, 0, 2, 2], "texture": "#0"},
				"east": {"uv": [0, 0, 2, 2], "texture": "#0"},
				"south": {"uv": [0, 0, 2, 2], "texture": "#0"},
				"west": {"uv": [0, 0, 2, 2], "texture": "#0"},
				"up": {"uv": [0, 0, 2, 2], "texture": "#0"},
				"down": {"uv": [0, 0, 2, 2], "texture": "#0"}
			}
		},
		{
			"from": [-1.79057, 18.75574, 8.33475],
			"to": [-0.40337, 20.14294, 8.81475],
			"rotation": {"angle": 45, "axis": "z", "origin": [-1.45473, 20.82101, 8.57983]},
			"faces": {
				"north": {"uv": [0, 0, 2, 2], "texture": "#0"},
				"east": {"uv": [0, 0, 2, 2], "texture": "#0"},
				"south": {"uv": [0, 0, 2, 2], "texture": "#0"},
				"west": {"uv": [0, 0, 2, 2], "texture": "#0"},
				"up": {"uv": [0, 0, 2, 2], "texture": "#0"},
				"down": {"uv": [0, 0, 2, 2], "texture": "#0"}
			}
		},
		{
			"from": [6.15115, 18.75574, 8.33475],
			"to": [7.53835, 20.14294, 8.81475],
			"rotation": {"angle": 45, "axis": "z", "origin": [6.48699, 20.82101, 8.57983]},
			"faces": {
				"north": {"uv": [0, 0, 2, 2], "texture": "#0"},
				"east": {"uv": [0, 0, 2, 2], "texture": "#0"},
				"south": {"uv": [0, 0, 2, 2], "texture": "#0"},
				"west": {"uv": [0, 0, 2, 2], "texture": "#0"},
				"up": {"uv": [0, 0, 2, 2], "texture": "#0"},
				"down": {"uv": [0, 0, 2, 2], "texture": "#0"}
			}
		},
		{
			"from": [10.71719, 16.32913, 8.34],
			"to": [12.67898, 17.44246, 8.82],
			"rotation": {"angle": 0, "axis": "z", "origin": [11.69719, 17.43244, 8.58261]},
			"faces": {
				"north": {"uv": [0, 0, 2, 2], "texture": "#0"},
				"east": {"uv": [0, 0, 2, 2], "texture": "#0"},
				"south": {"uv": [0, 0, 2, 2], "texture": "#0"},
				"west": {"uv": [0, 0, 2, 2], "texture": "#0"},
				"up": {"uv": [0, 0, 2, 2], "texture": "#0"},
				"down": {"uv": [0, 0, 2, 2], "texture": "#0"}
			}
		},
		{
			"from": [2.74079, 16.32913, 8.34],
			"to": [4.70258, 17.44246, 8.82],
			"rotation": {"angle": 0, "axis": "z", "origin": [3.72079, 17.43244, 8.58261]},
			"faces": {
				"north": {"uv": [0, 0, 2, 2], "texture": "#0"},
				"east": {"uv": [0, 0, 2, 2], "texture": "#0"},
				"south": {"uv": [0, 0, 2, 2], "texture": "#0"},
				"west": {"uv": [0, 0, 2, 2], "texture": "#0"},
				"up": {"uv": [0, 0, 2, 2], "texture": "#0"},
				"down": {"uv": [0, 0, 2, 2], "texture": "#0"}
			}
		},
		{
			"from": [-5.23561, 16.32913, 8.34],
			"to": [-3.27382, 17.44246, 8.82],
			"rotation": {"angle": 0, "axis": "z", "origin": [-4.25561, 17.43244, 8.58261]},
			"faces": {
				"north": {"uv": [0, 0, 2, 2], "texture": "#0"},
				"east": {"uv": [0, 0, 2, 2], "texture": "#0"},
				"south": {"uv": [0, 0, 2, 2], "texture": "#0"},
				"west": {"uv": [0, 0, 2, 2], "texture": "#0"},
				"up": {"uv": [0, 0, 2, 2], "texture": "#0"},
				"down": {"uv": [0, 0, 2, 2], "texture": "#0"}
			}
		},
		{
			"from": [-13.21201, 16.32913, 8.34],
			"to": [-11.25022, 17.44246, 8.82],
			"rotation": {"angle": 0, "axis": "z", "origin": [-12.23201, 17.43244, 8.58261]},
			"faces": {
				"north": {"uv": [0, 0, 2, 2], "texture": "#0"},
				"east": {"uv": [0, 0, 2, 2], "texture": "#0"},
				"south": {"uv": [0, 0, 2, 2], "texture": "#0"},
				"west": {"uv": [0, 0, 2, 2], "texture": "#0"},
				"up": {"uv": [0, 0, 2, 2], "texture": "#0"},
				"down": {"uv": [0, 0, 2, 2], "texture": "#0"}
			}
		},
		{
			"from": [-9.22381, 18.99073, 8.34],
			"to": [-7.26202, 20.10406, 8.82],
			"rotation": {"angle": 0, "axis": "z", "origin": [-8.24381, 20.09404, 8.58261]},
			"faces": {
				"north": {"uv": [0, 0, 2, 2], "texture": "#0"},
				"east": {"uv": [0, 0, 2, 2], "texture": "#0"},
				"south": {"uv": [0, 0, 2, 2], "texture": "#0"},
				"west": {"uv": [0, 0, 2, 2], "texture": "#0"},
				"up": {"uv": [0, 0, 2, 2], "texture": "#0"},
				"down": {"uv": [0, 0, 2, 2], "texture": "#0"}
			}
		},
		{
			"from": [-1.21273, 18.99073, 8.34],
			"to": [0.74906, 20.10406, 8.82],
			"rotation": {"angle": 0, "axis": "z", "origin": [-0.23273, 20.09404, 8.58261]},
			"faces": {
				"north": {"uv": [0, 0, 2, 2], "texture": "#0"},
				"east": {"uv": [0, 0, 2, 2], "texture": "#0"},
				"south": {"uv": [0, 0, 2, 2], "texture": "#0"},
				"west": {"uv": [0, 0, 2, 2], "texture": "#0"},
				"up": {"uv": [0, 0, 2, 2], "texture": "#0"},
				"down": {"uv": [0, 0, 2, 2], "texture": "#0"}
			}
		},
		{
			"from": [6.72899, 18.99073, 8.34],
			"to": [8.69078, 20.10406, 8.82],
			"rotation": {"angle": 0, "axis": "z", "origin": [7.70899, 20.09404, 8.58261]},
			"faces": {
				"north": {"uv": [0, 0, 2, 2], "texture": "#0"},
				"east": {"uv": [0, 0, 2, 2], "texture": "#0"},
				"south": {"uv": [0, 0, 2, 2], "texture": "#0"},
				"west": {"uv": [0, 0, 2, 2], "texture": "#0"},
				"up": {"uv": [0, 0, 2, 2], "texture": "#0"},
				"down": {"uv": [0, 0, 2, 2], "texture": "#0"}
			}
		},
		{
			"from": [3.47018, -5.93566, 8.25694],
			"to": [4.55199, -4.85385, 8.89911],
			"rotation": {"angle": 0, "axis": "z", "origin": [6.8199, -3.35787, 8.56011]},
			"faces": {
				"north": {"uv": [0, 1, 1, 0], "rotation": 180, "texture": "#0"},
				"east": {"uv": [0, 1, 1, 0], "rotation": 180, "texture": "#0"},
				"south": {"uv": [0, 1, 1, 0], "rotation": 180, "texture": "#0"},
				"west": {"uv": [0, 1, 1, 0], "rotation": 180, "texture": "#0"},
				"up": {"uv": [1, 0, 0, 1], "rotation": 270, "texture": "#0"},
				"down": {"uv": [1, 0, 0, 1], "rotation": 90, "texture": "#0"}
			}
		},
		{
			"from": [9.61032, -5.91334, 8.25637],
			"to": [10.69213, -4.83153, 8.89854],
			"rotation": {"angle": 0, "axis": "z", "origin": [6.8199, -3.35787, 8.56011]},
			"faces": {
				"north": {"uv": [1, 1, 2, 0], "rotation": 180, "texture": "#0"},
				"east": {"uv": [1, 1, 2, 0], "rotation": 180, "texture": "#0"},
				"south": {"uv": [1, 1, 2, 0], "rotation": 180, "texture": "#0"},
				"west": {"uv": [1, 1, 2, 0], "rotation": 180, "texture": "#0"},
				"up": {"uv": [1, 1, 0, 2], "rotation": 270, "texture": "#0"},
				"down": {"uv": [1, 1, 0, 2], "rotation": 90, "texture": "#0"}
			}
		},
		{
			"from": [3.62975, -7.02133, 8.25697],
			"to": [4.71156, -5.93952, 8.89914],
			"rotation": {"angle": -22.5, "axis": "z", "origin": [6.8199, -3.35787, 8.56011]},
			"faces": {
				"north": {"uv": [1, 0, 0, 1], "rotation": 90, "texture": "#0"},
				"east": {"uv": [0, 1, 1, 0], "rotation": 180, "texture": "#0"},
				"south": {"uv": [1, 0, 0, 1], "rotation": 270, "texture": "#0"},
				"west": {"uv": [0, 1, 1, 0], "texture": "#0"},
				"up": {"uv": [1, 0, 0, 1], "rotation": 270, "texture": "#0"},
				"down": {"uv": [1, 0, 0, 1], "rotation": 270, "texture": "#0"}
			}
		},
		{
			"from": [3.74469, -4.85586, 8.24686],
			"to": [5.083, -3.77405, 8.88903],
			"rotation": {"angle": 22.5, "axis": "z", "origin": [6.8199, -3.35787, 8.56011]},
			"faces": {
				"north": {"uv": [1, 1, 0, 2], "rotation": 90, "texture": "#0"},
				"east": {"uv": [1, 1, 2, 0], "texture": "#0"},
				"south": {"uv": [1, 1, 0, 2], "rotation": 270, "texture": "#0"},
				"west": {"uv": [1, 1, 2, 0], "rotation": 180, "texture": "#0"},
				"up": {"uv": [1, 1, 0, 2], "rotation": 270, "texture": "#0"},
				"down": {"uv": [1, 1, 0, 2], "rotation": 270, "texture": "#0"}
			}
		},
		{
			"from": [9.03642, -0.29033, 8.25376],
			"to": [10.37473, 0.79148, 8.89593],
			"rotation": {"angle": -22.5, "axis": "z", "origin": [6.8199, -3.35787, 8.56011]},
			"faces": {
				"north": {"uv": [2, 1, 1, 2], "rotation": 90, "texture": "#0"},
				"east": {"uv": [1, 2, 2, 1], "texture": "#0"},
				"south": {"uv": [2, 1, 1, 2], "rotation": 270, "texture": "#0"},
				"west": {"uv": [1, 2, 2, 1], "rotation": 180, "texture": "#0"},
				"up": {"uv": [1, 0, 0, 1], "rotation": 90, "texture": "#0"},
				"down": {"uv": [1, 0, 0, 1], "rotation": 90, "texture": "#0"}
			}
		},
		{
			"from": [3.46974, -1.56796, 8.25076],
			"to": [4.55155, -0.48615, 8.89294],
			"rotation": {"angle": 0, "axis": "z", "origin": [6.8199, -3.35787, 8.56011]},
			"faces": {
				"north": {"uv": [2, 2, 1, 3], "rotation": 90, "texture": "#0"},
				"east": {"uv": [2, 2, 3, 1], "rotation": 180, "texture": "#0"},
				"south": {"uv": [2, 2, 1, 3], "rotation": 270, "texture": "#0"},
				"west": {"uv": [2, 2, 3, 1], "texture": "#0"},
				"up": {"uv": [1, 1, 0, 2], "rotation": 90, "texture": "#0"},
				"down": {"uv": [1, 1, 0, 2], "rotation": 90, "texture": "#0"}
			}
		},
		{
			"from": [3.73781, -0.51442, 8.25711],
			"to": [4.81963, 0.56739, 8.89928],
			"rotation": {"angle": 22.5, "axis": "z", "origin": [6.8199, -3.35787, 8.56011]},
			"faces": {
				"north": {"uv": [2, 0, 1, 1], "rotation": 90, "texture": "#0"},
				"east": {"uv": [0, 2, 1, 1], "rotation": 180, "texture": "#0"},
				"south": {"uv": [2, 0, 1, 1], "rotation": 270, "texture": "#0"},
				"west": {"uv": [0, 2, 1, 1], "texture": "#0"},
				"up": {"uv": [1, 1, 0, 2], "rotation": 90, "texture": "#0"},
				"down": {"uv": [1, 1, 0, 2], "rotation": 90, "texture": "#0"}
			}
		},
		{
			"from": [9.41971, -7.20016, 8.256],
			"to": [10.50152, -6.11835, 8.89817],
			"rotation": {"angle": 22.5, "axis": "z", "origin": [6.8199, -3.35787, 8.56011]},
			"faces": {
				"north": {"uv": [1, 1, 0, 2], "rotation": 90, "texture": "#0"},
				"east": {"uv": [1, 1, 2, 0], "texture": "#0"},
				"south": {"uv": [1, 1, 0, 2], "rotation": 270, "texture": "#0"},
				"west": {"uv": [1, 1, 2, 0], "rotation": 180, "texture": "#0"},
				"up": {"uv": [1, 1, 0, 2], "rotation": 270, "texture": "#0"},
				"down": {"uv": [1, 1, 0, 2], "rotation": 270, "texture": "#0"}
			}
		},
		{
			"from": [3.62923, -2.66451, 8.25714],
			"to": [4.71104, -1.5827, 8.89931],
			"rotation": {"angle": -22.5, "axis": "z", "origin": [6.8199, -3.35787, 8.56011]},
			"faces": {
				"north": {"uv": [2, 1, 1, 2], "rotation": 90, "texture": "#0"},
				"east": {"uv": [1, 2, 2, 1], "texture": "#0"},
				"south": {"uv": [2, 1, 1, 2], "rotation": 270, "texture": "#0"},
				"west": {"uv": [1, 2, 2, 1], "rotation": 180, "texture": "#0"},
				"up": {"uv": [1, 0, 0, 1], "rotation": 90, "texture": "#0"},
				"down": {"uv": [1, 0, 0, 1], "rotation": 90, "texture": "#0"}
			}
		},
		{
			"from": [9.29419, -4.65153, 8.25674],
			"to": [10.376, -3.56972, 8.89891],
			"rotation": {"angle": -22.5, "axis": "z", "origin": [6.8199, -3.35787, 8.56011]},
			"faces": {
				"north": {"uv": [1, 0, 0, 1], "rotation": 90, "texture": "#0"},
				"east": {"uv": [0, 1, 1, 0], "rotation": 180, "texture": "#0"},
				"south": {"uv": [1, 0, 0, 1], "rotation": 270, "texture": "#0"},
				"west": {"uv": [0, 1, 1, 0], "texture": "#0"},
				"up": {"uv": [1, 0, 0, 1], "rotation": 270, "texture": "#0"},
				"down": {"uv": [1, 0, 0, 1], "rotation": 270, "texture": "#0"}
			}
		},
		{
			"from": [2.21447, -1.81243, 8.25699],
			"to": [3.29628, -0.73062, 8.89916],
			"rotation": {"angle": 45, "axis": "z", "origin": [6.8199, -3.35787, 8.56011]},
			"faces": {
				"north": {"uv": [1, 0, 0, 1], "texture": "#0"},
				"east": {"uv": [1, 0, 0, 1], "texture": "#0"},
				"south": {"uv": [1, 0, 0, 1], "texture": "#0"},
				"west": {"uv": [1, 0, 0, 1], "texture": "#0"},
				"up": {"uv": [0, 1, 1, 0], "rotation": 90, "texture": "#0"},
				"down": {"uv": [0, 1, 1, 0], "rotation": 270, "texture": "#0"}
			}
		},
		{
			"from": [10.93152, -6.13639, 8.25413],
			"to": [12.01334, -5.05458, 8.8963],
			"rotation": {"angle": 45, "axis": "z", "origin": [6.8199, -3.35787, 8.56011]},
			"faces": {
				"north": {"uv": [2, 1, 1, 2], "texture": "#0"},
				"east": {"uv": [1, 0, 0, 1], "rotation": 180, "texture": "#0"},
				"south": {"uv": [2, 1, 1, 2], "texture": "#0"},
				"west": {"uv": [1, 0, 0, 1], "rotation": 180, "texture": "#0"},
				"up": {"uv": [1, 2, 2, 1], "rotation": 270, "texture": "#0"},
				"down": {"uv": [1, 2, 2, 1], "rotation": 90, "texture": "#0"}
			}
		},
		{
			"from": [4.39278, 0.3662, 8.25708],
			"to": [5.47459, 1.44801, 8.89925],
			"rotation": {"angle": 45, "axis": "z", "origin": [6.8199, -3.35787, 8.56011]},
			"faces": {
				"north": {"uv": [2, 0, 1, 1], "rotation": 90, "texture": "#0"},
				"east": {"uv": [0, 2, 1, 1], "rotation": 180, "texture": "#0"},
				"south": {"uv": [2, 0, 1, 1], "rotation": 270, "texture": "#0"},
				"west": {"uv": [0, 2, 1, 1], "texture": "#0"},
				"up": {"uv": [1, 1, 0, 2], "rotation": 90, "texture": "#0"},
				"down": {"uv": [1, 1, 0, 2], "rotation": 90, "texture": "#0"}
			}
		},
		{
			"from": [8.75133, -8.31622, 8.25563],
			"to": [9.83314, -7.2344, 8.8978],
			"rotation": {"angle": 45, "axis": "z", "origin": [6.8199, -3.35787, 8.56011]},
			"faces": {
				"north": {"uv": [1, 1, 0, 2], "rotation": 90, "texture": "#0"},
				"east": {"uv": [1, 1, 2, 0], "texture": "#0"},
				"south": {"uv": [1, 1, 0, 2], "rotation": 270, "texture": "#0"},
				"west": {"uv": [1, 1, 2, 0], "rotation": 180, "texture": "#0"},
				"up": {"uv": [1, 1, 0, 2], "rotation": 270, "texture": "#0"},
				"down": {"uv": [1, 1, 0, 2], "rotation": 270, "texture": "#0"}
			}
		},
		{
			"from": [6.57112, -6.13927, 8.25714],
			"to": [7.65293, -0.73022, 8.89931],
			"rotation": {"angle": 45, "axis": "z", "origin": [6.8199, -3.35787, 8.56011]},
			"faces": {
				"north": {"uv": [2, 1, 1, 6], "texture": "#0"},
				"east": {"uv": [1, 0, 0, 5], "rotation": 180, "texture": "#0"},
				"south": {"uv": [2, 1, 1, 6], "texture": "#0"},
				"west": {"uv": [1, 0, 0, 5], "rotation": 180, "texture": "#0"},
				"up": {"uv": [1, 2, 2, 1], "rotation": 270, "texture": "#0"},
				"down": {"uv": [1, 2, 2, 1], "rotation": 90, "texture": "#0"}
			}
		},
		{
			"from": [1.55958, -2.693, 8.25702],
			"to": [2.6414, -1.61118, 8.89919],
			"rotation": {"angle": 22.5, "axis": "z", "origin": [6.8199, -3.35787, 8.56011]},
			"faces": {
				"north": {"uv": [0, 1, 1, 0], "rotation": 180, "texture": "#0"},
				"east": {"uv": [0, 1, 1, 0], "rotation": 180, "texture": "#0"},
				"south": {"uv": [0, 1, 1, 0], "rotation": 180, "texture": "#0"},
				"west": {"uv": [0, 1, 1, 0], "rotation": 180, "texture": "#0"},
				"up": {"uv": [1, 0, 0, 1], "rotation": 270, "texture": "#0"},
				"down": {"uv": [1, 0, 0, 1], "rotation": 90, "texture": "#0"}
			}
		},
		{
			"from": [11.59922, -5.01975, 8.25451],
			"to": [12.68103, -3.93794, 8.89668],
			"rotation": {"angle": 22.5, "axis": "z", "origin": [6.8199, -3.35787, 8.56011]},
			"faces": {
				"north": {"uv": [1, 2, 2, 1], "rotation": 180, "texture": "#0"},
				"east": {"uv": [1, 2, 2, 1], "rotation": 180, "texture": "#0"},
				"south": {"uv": [1, 2, 2, 1], "rotation": 180, "texture": "#0"},
				"west": {"uv": [1, 2, 2, 1], "rotation": 180, "texture": "#0"},
				"up": {"uv": [1, 0, 0, 1], "rotation": 270, "texture": "#0"},
				"down": {"uv": [1, 0, 0, 1], "rotation": 90, "texture": "#0"}
			}
		},
		{
			"from": [1.45109, -4.84292, 8.25706],
			"to": [2.5329, -3.76111, 8.89923],
			"rotation": {"angle": -22.5, "axis": "z", "origin": [6.8199, -3.35787, 8.56011]},
			"faces": {
				"north": {"uv": [0, 2, 1, 1], "rotation": 180, "texture": "#0"},
				"east": {"uv": [0, 2, 1, 1], "rotation": 180, "texture": "#0"},
				"south": {"uv": [0, 2, 1, 1], "rotation": 180, "texture": "#0"},
				"west": {"uv": [0, 2, 1, 1], "rotation": 180, "texture": "#0"},
				"up": {"uv": [1, 1, 0, 2], "rotation": 270, "texture": "#0"},
				"down": {"uv": [1, 1, 0, 2], "rotation": 90, "texture": "#0"}
			}
		},
		{
			"from": [11.47198, -2.47092, 8.25525],
			"to": [12.55379, -1.38911, 8.89742],
			"rotation": {"angle": -22.5, "axis": "z", "origin": [6.8199, -3.35787, 8.56011]},
			"faces": {
				"north": {"uv": [1, 1, 2, 0], "rotation": 180, "texture": "#0"},
				"east": {"uv": [1, 1, 2, 0], "rotation": 180, "texture": "#0"},
				"south": {"uv": [1, 1, 2, 0], "rotation": 180, "texture": "#0"},
				"west": {"uv": [1, 1, 2, 0], "rotation": 180, "texture": "#0"},
				"up": {"uv": [1, 1, 0, 2], "rotation": 270, "texture": "#0"},
				"down": {"uv": [1, 1, 0, 2], "rotation": 90, "texture": "#0"}
			}
		},
		{
			"from": [1.29151, -3.75715, 8.25703],
			"to": [2.37332, -2.67534, 8.8992],
			"rotation": {"angle": 0, "axis": "z", "origin": [6.8199, -3.35787, 8.56011]},
			"faces": {
				"north": {"uv": [0, 1, 1, 0], "rotation": 180, "texture": "#0"},
				"east": {"uv": [0, 1, 1, 0], "rotation": 180, "texture": "#0"},
				"south": {"uv": [0, 1, 1, 0], "rotation": 180, "texture": "#0"},
				"west": {"uv": [0, 1, 1, 0], "rotation": 180, "texture": "#0"},
				"up": {"uv": [1, 0, 0, 1], "rotation": 270, "texture": "#0"},
				"down": {"uv": [1, 0, 0, 1], "rotation": 90, "texture": "#0"}
			}
		},
		{
			"from": [11.78899, -3.73267, 8.25487],
			"to": [12.8708, -2.65085, 8.89705],
			"rotation": {"angle": 0, "axis": "z", "origin": [6.8199, -3.35787, 8.56011]},
			"faces": {
				"north": {"uv": [1, 2, 2, 1], "rotation": 180, "texture": "#0"},
				"east": {"uv": [1, 2, 2, 1], "rotation": 180, "texture": "#0"},
				"south": {"uv": [1, 2, 2, 1], "rotation": 180, "texture": "#0"},
				"west": {"uv": [1, 2, 2, 1], "rotation": 180, "texture": "#0"},
				"up": {"uv": [1, 0, 0, 1], "rotation": 270, "texture": "#0"},
				"down": {"uv": [1, 0, 0, 1], "rotation": 90, "texture": "#0"}
			}
		},
		{
			"from": [-5.13727, -5.93566, 8.25694],
			"to": [-4.05546, -4.85385, 8.89911],
			"rotation": {"angle": 0, "axis": "z", "origin": [-7.40518, -3.35787, 8.56011]},
			"faces": {
				"north": {"uv": [1, 1, 0, 0], "rotation": 180, "texture": "#0"},
				"east": {"uv": [1, 1, 0, 0], "rotation": 180, "texture": "#0"},
				"south": {"uv": [1, 1, 0, 0], "rotation": 180, "texture": "#0"},
				"west": {"uv": [1, 1, 0, 0], "rotation": 180, "texture": "#0"},
				"up": {"uv": [1, 1, 0, 0], "rotation": 270, "texture": "#0"},
				"down": {"uv": [1, 1, 0, 0], "rotation": 90, "texture": "#0"}
			}
		},
		{
			"from": [-11.27741, -5.91334, 8.25637],
			"to": [-10.1956, -4.83153, 8.89854],
			"rotation": {"angle": 0, "axis": "z", "origin": [-7.40518, -3.35787, 8.56011]},
			"faces": {
				"north": {"uv": [2, 1, 1, 0], "rotation": 180, "texture": "#0"},
				"east": {"uv": [2, 1, 1, 0], "rotation": 180, "texture": "#0"},
				"south": {"uv": [2, 1, 1, 0], "rotation": 180, "texture": "#0"},
				"west": {"uv": [2, 1, 1, 0], "rotation": 180, "texture": "#0"},
				"up": {"uv": [1, 2, 0, 1], "rotation": 270, "texture": "#0"},
				"down": {"uv": [1, 2, 0, 1], "rotation": 90, "texture": "#0"}
			}
		},
		{
			"from": [-5.29684, -7.02133, 8.25697],
			"to": [-4.21503, -5.93952, 8.89914],
			"rotation": {"angle": 22.5, "axis": "z", "origin": [-7.40518, -3.35787, 8.56011]},
			"faces": {
				"north": {"uv": [1, 1, 0, 0], "rotation": 90, "texture": "#0"},
				"east": {"uv": [1, 1, 0, 0], "texture": "#0"},
				"south": {"uv": [1, 1, 0, 0], "rotation": 270, "texture": "#0"},
				"west": {"uv": [1, 1, 0, 0], "rotation": 180, "texture": "#0"},
				"up": {"uv": [1, 1, 0, 0], "rotation": 270, "texture": "#0"},
				"down": {"uv": [1, 1, 0, 0], "rotation": 270, "texture": "#0"}
			}
		},
		{
			"from": [-5.66828, -4.85586, 8.24686],
			"to": [-4.32997, -3.77405, 8.88903],
			"rotation": {"angle": -22.5, "axis": "z", "origin": [-7.40518, -3.35787, 8.56011]},
			"faces": {
				"north": {"uv": [1, 2, 0, 1], "rotation": 90, "texture": "#0"},
				"east": {"uv": [2, 1, 1, 0], "rotation": 180, "texture": "#0"},
				"south": {"uv": [1, 2, 0, 1], "rotation": 270, "texture": "#0"},
				"west": {"uv": [2, 1, 1, 0], "texture": "#0"},
				"up": {"uv": [1, 2, 0, 1], "rotation": 270, "texture": "#0"},
				"down": {"uv": [1, 2, 0, 1], "rotation": 270, "texture": "#0"}
			}
		},
		{
			"from": [-10.96001, -0.29033, 8.25376],
			"to": [-9.6217, 0.79148, 8.89593],
			"rotation": {"angle": 22.5, "axis": "z", "origin": [-7.40518, -3.35787, 8.56011]},
			"faces": {
				"north": {"uv": [2, 2, 1, 1], "rotation": 90, "texture": "#0"},
				"east": {"uv": [2, 2, 1, 1], "rotation": 180, "texture": "#0"},
				"south": {"uv": [2, 2, 1, 1], "rotation": 270, "texture": "#0"},
				"west": {"uv": [2, 2, 1, 1], "texture": "#0"},
				"up": {"uv": [1, 1, 0, 0], "rotation": 90, "texture": "#0"},
				"down": {"uv": [1, 1, 0, 0], "rotation": 90, "texture": "#0"}
			}
		},
		{
			"from": [-5.13683, -1.56796, 8.25076],
			"to": [-4.05502, -0.48615, 8.89294],
			"rotation": {"angle": 0, "axis": "z", "origin": [-7.40518, -3.35787, 8.56011]},
			"faces": {
				"north": {"uv": [2, 3, 1, 2], "rotation": 90, "texture": "#0"},
				"east": {"uv": [3, 2, 2, 1], "texture": "#0"},
				"south": {"uv": [2, 3, 1, 2], "rotation": 270, "texture": "#0"},
				"west": {"uv": [3, 2, 2, 1], "rotation": 180, "texture": "#0"},
				"up": {"uv": [1, 2, 0, 1], "rotation": 90, "texture": "#0"},
				"down": {"uv": [1, 2, 0, 1], "rotation": 90, "texture": "#0"}
			}
		},
		{
			"from": [-5.40491, -0.51442, 8.25711],
			"to": [-4.32309, 0.56739, 8.89928],
			"rotation": {"angle": -22.5, "axis": "z", "origin": [-7.40518, -3.35787, 8.56011]},
			"faces": {
				"north": {"uv": [2, 1, 1, 0], "rotation": 90, "texture": "#0"},
				"east": {"uv": [1, 2, 0, 1], "texture": "#0"},
				"south": {"uv": [2, 1, 1, 0], "rotation": 270, "texture": "#0"},
				"west": {"uv": [1, 2, 0, 1], "rotation": 180, "texture": "#0"},
				"up": {"uv": [1, 2, 0, 1], "rotation": 90, "texture": "#0"},
				"down": {"uv": [1, 2, 0, 1], "rotation": 90, "texture": "#0"}
			}
		},
		{
			"from": [-11.0868, -7.20016, 8.256],
			"to": [-10.00499, -6.11835, 8.89817],
			"rotation": {"angle": -22.5, "axis": "z", "origin": [-7.40518, -3.35787, 8.56011]},
			"faces": {
				"north": {"uv": [1, 2, 0, 1], "rotation": 90, "texture": "#0"},
				"east": {"uv": [2, 1, 1, 0], "rotation": 180, "texture": "#0"},
				"south": {"uv": [1, 2, 0, 1], "rotation": 270, "texture": "#0"},
				"west": {"uv": [2, 1, 1, 0], "texture": "#0"},
				"up": {"uv": [1, 2, 0, 1], "rotation": 270, "texture": "#0"},
				"down": {"uv": [1, 2, 0, 1], "rotation": 270, "texture": "#0"}
			}
		},
		{
			"from": [-5.29632, -2.66451, 8.25714],
			"to": [-4.21451, -1.5827, 8.89931],
			"rotation": {"angle": 22.5, "axis": "z", "origin": [-7.40518, -3.35787, 8.56011]},
			"faces": {
				"north": {"uv": [2, 2, 1, 1], "rotation": 90, "texture": "#0"},
				"east": {"uv": [2, 2, 1, 1], "rotation": 180, "texture": "#0"},
				"south": {"uv": [2, 2, 1, 1], "rotation": 270, "texture": "#0"},
				"west": {"uv": [2, 2, 1, 1], "texture": "#0"},
				"up": {"uv": [1, 1, 0, 0], "rotation": 90, "texture": "#0"},
				"down": {"uv": [1, 1, 0, 0], "rotation": 90, "texture": "#0"}
			}
		},
		{
			"from": [-10.96128, -4.65153, 8.25674],
			"to": [-9.87947, -3.56972, 8.89891],
			"rotation": {"angle": 22.5, "axis": "z", "origin": [-7.40518, -3.35787, 8.56011]},
			"faces": {
				"north": {"uv": [1, 1, 0, 0], "rotation": 90, "texture": "#0"},
				"east": {"uv": [1, 1, 0, 0], "texture": "#0"},
				"south": {"uv": [1, 1, 0, 0], "rotation": 270, "texture": "#0"},
				"west": {"uv": [1, 1, 0, 0], "rotation": 180, "texture": "#0"},
				"up": {"uv": [1, 1, 0, 0], "rotation": 270, "texture": "#0"},
				"down": {"uv": [1, 1, 0, 0], "rotation": 270, "texture": "#0"}
			}
		},
		{
			"from": [-3.88156, -1.81243, 8.25699],
			"to": [-2.79975, -0.73062, 8.89916],
			"rotation": {"angle": -45, "axis": "z", "origin": [-7.40518, -3.35787, 8.56011]},
			"faces": {
				"north": {"uv": [0, 0, 1, 1], "texture": "#0"},
				"east": {"uv": [0, 0, 1, 1], "texture": "#0"},
				"south": {"uv": [0, 0, 1, 1], "texture": "#0"},
				"west": {"uv": [0, 0, 1, 1], "texture": "#0"},
				"up": {"uv": [0, 0, 1, 1], "rotation": 90, "texture": "#0"},
				"down": {"uv": [0, 0, 1, 1], "rotation": 270, "texture": "#0"}
			}
		},
		{
			"from": [-12.59862, -6.13639, 8.25413],
			"to": [-11.5168, -5.05458, 8.8963],
			"rotation": {"angle": -45, "axis": "z", "origin": [-7.40518, -3.35787, 8.56011]},
			"faces": {
				"north": {"uv": [1, 1, 2, 2], "texture": "#0"},
				"east": {"uv": [0, 0, 1, 1], "rotation": 180, "texture": "#0"},
				"south": {"uv": [1, 1, 2, 2], "texture": "#0"},
				"west": {"uv": [0, 0, 1, 1], "rotation": 180, "texture": "#0"},
				"up": {"uv": [1, 1, 2, 2], "rotation": 270, "texture": "#0"},
				"down": {"uv": [1, 1, 2, 2], "rotation": 90, "texture": "#0"}
			}
		},
		{
			"from": [-6.05987, 0.3662, 8.25708],
			"to": [-4.97806, 1.44801, 8.89925],
			"rotation": {"angle": -45, "axis": "z", "origin": [-7.40518, -3.35787, 8.56011]},
			"faces": {
				"north": {"uv": [2, 1, 1, 0], "rotation": 90, "texture": "#0"},
				"east": {"uv": [1, 2, 0, 1], "texture": "#0"},
				"south": {"uv": [2, 1, 1, 0], "rotation": 270, "texture": "#0"},
				"west": {"uv": [1, 2, 0, 1], "rotation": 180, "texture": "#0"},
				"up": {"uv": [1, 2, 0, 1], "rotation": 90, "texture": "#0"},
				"down": {"uv": [1, 2, 0, 1], "rotation": 90, "texture": "#0"}
			}
		},
		{
			"from": [-10.41842, -8.31622, 8.25563],
			"to": [-9.33661, -7.2344, 8.8978],
			"rotation": {"angle": -45, "axis": "z", "origin": [-7.40518, -3.35787, 8.56011]},
			"faces": {
				"north": {"uv": [1, 2, 0, 1], "rotation": 90, "texture": "#0"},
				"east": {"uv": [2, 1, 1, 0], "rotation": 180, "texture": "#0"},
				"south": {"uv": [1, 2, 0, 1], "rotation": 270, "texture": "#0"},
				"west": {"uv": [2, 1, 1, 0], "texture": "#0"},
				"up": {"uv": [1, 2, 0, 1], "rotation": 270, "texture": "#0"},
				"down": {"uv": [1, 2, 0, 1], "rotation": 270, "texture": "#0"}
			}
		},
		{
			"from": [-8.23821, -6.13927, 8.25714],
			"to": [-7.1564, -0.73022, 8.89931],
			"rotation": {"angle": -45, "axis": "z", "origin": [-7.40518, -3.35787, 8.56011]},
			"faces": {
				"north": {"uv": [1, 1, 2, 6], "texture": "#0"},
				"east": {"uv": [0, 0, 1, 5], "rotation": 180, "texture": "#0"},
				"south": {"uv": [1, 1, 2, 6], "texture": "#0"},
				"west": {"uv": [0, 0, 1, 5], "rotation": 180, "texture": "#0"},
				"up": {"uv": [1, 1, 2, 2], "rotation": 270, "texture": "#0"},
				"down": {"uv": [1, 1, 2, 2], "rotation": 90, "texture": "#0"}
			}
		},
		{
			"from": [-3.22668, -2.693, 8.25702],
			"to": [-2.14486, -1.61118, 8.89919],
			"rotation": {"angle": -22.5, "axis": "z", "origin": [-7.40518, -3.35787, 8.56011]},
			"faces": {
				"north": {"uv": [1, 1, 0, 0], "rotation": 180, "texture": "#0"},
				"east": {"uv": [1, 1, 0, 0], "rotation": 180, "texture": "#0"},
				"south": {"uv": [1, 1, 0, 0], "rotation": 180, "texture": "#0"},
				"west": {"uv": [1, 1, 0, 0], "rotation": 180, "texture": "#0"},
				"up": {"uv": [1, 1, 0, 0], "rotation": 270, "texture": "#0"},
				"down": {"uv": [1, 1, 0, 0], "rotation": 90, "texture": "#0"}
			}
		},
		{
			"from": [-13.26631, -5.01975, 8.25451],
			"to": [-12.1845, -3.93794, 8.89668],
			"rotation": {"angle": -22.5, "axis": "z", "origin": [-7.40518, -3.35787, 8.56011]},
			"faces": {
				"north": {"uv": [2, 2, 1, 1], "rotation": 180, "texture": "#0"},
				"east": {"uv": [2, 2, 1, 1], "rotation": 180, "texture": "#0"},
				"south": {"uv": [2, 2, 1, 1], "rotation": 180, "texture": "#0"},
				"west": {"uv": [2, 2, 1, 1], "rotation": 180, "texture": "#0"},
				"up": {"uv": [1, 1, 0, 0], "rotation": 270, "texture": "#0"},
				"down": {"uv": [1, 1, 0, 0], "rotation": 90, "texture": "#0"}
			}
		},
		{
			"from": [-3.11818, -4.84292, 8.25706],
			"to": [-2.03637, -3.76111, 8.89923],
			"rotation": {"angle": 22.5, "axis": "z", "origin": [-7.40518, -3.35787, 8.56011]},
			"faces": {
				"north": {"uv": [1, 2, 0, 1], "rotation": 180, "texture": "#0"},
				"east": {"uv": [1, 2, 0, 1], "rotation": 180, "texture": "#0"},
				"south": {"uv": [1, 2, 0, 1], "rotation": 180, "texture": "#0"},
				"west": {"uv": [1, 2, 0, 1], "rotation": 180, "texture": "#0"},
				"up": {"uv": [1, 2, 0, 1], "rotation": 270, "texture": "#0"},
				"down": {"uv": [1, 2, 0, 1], "rotation": 90, "texture": "#0"}
			}
		},
		{
			"from": [-13.13907, -2.47092, 8.25525],
			"to": [-12.05726, -1.38911, 8.89742],
			"rotation": {"angle": 22.5, "axis": "z", "origin": [-7.40518, -3.35787, 8.56011]},
			"faces": {
				"north": {"uv": [2, 1, 1, 0], "rotation": 180, "texture": "#0"},
				"east": {"uv": [2, 1, 1, 0], "rotation": 180, "texture": "#0"},
				"south": {"uv": [2, 1, 1, 0], "rotation": 180, "texture": "#0"},
				"west": {"uv": [2, 1, 1, 0], "rotation": 180, "texture": "#0"},
				"up": {"uv": [1, 2, 0, 1], "rotation": 270, "texture": "#0"},
				"down": {"uv": [1, 2, 0, 1], "rotation": 90, "texture": "#0"}
			}
		},
		{
			"from": [-2.9586, -3.75715, 8.25703],
			"to": [-1.87679, -2.67534, 8.8992],
			"rotation": {"angle": 0, "axis": "z", "origin": [-7.40518, -3.35787, 8.56011]},
			"faces": {
				"north": {"uv": [1, 1, 0, 0], "rotation": 180, "texture": "#0"},
				"east": {"uv": [1, 1, 0, 0], "rotation": 180, "texture": "#0"},
				"south": {"uv": [1, 1, 0, 0], "rotation": 180, "texture": "#0"},
				"west": {"uv": [1, 1, 0, 0], "rotation": 180, "texture": "#0"},
				"up": {"uv": [1, 1, 0, 0], "rotation": 270, "texture": "#0"},
				"down": {"uv": [1, 1, 0, 0], "rotation": 90, "texture": "#0"}
			}
		},
		{
			"from": [-13.45608, -3.73267, 8.25487],
			"to": [-12.37427, -2.65085, 8.89705],
			"rotation": {"angle": 0, "axis": "z", "origin": [-7.40518, -3.35787, 8.56011]},
			"faces": {
				"north": {"uv": [2, 2, 1, 1], "rotation": 180, "texture": "#0"},
				"east": {"uv": [2, 2, 1, 1], "rotation": 180, "texture": "#0"},
				"south": {"uv": [2, 2, 1, 1], "rotation": 180, "texture": "#0"},
				"west": {"uv": [2, 2, 1, 1], "rotation": 180, "texture": "#0"},
				"up": {"uv": [1, 1, 0, 0], "rotation": 270, "texture": "#0"},
				"down": {"uv": [1, 1, 0, 0], "rotation": 90, "texture": "#0"}
			}
		}
	],
	"display": {
		"thirdperson_righthand": {
			"rotation": [75, 14.25, 0],
			"translation": [1.25, 1, 1],
			"scale": [0.20898, 0.20898, 0.20898]
		},
		"thirdperson_lefthand": {
			"rotation": [75, 14.25, 0],
			"translation": [1.25, 1, 1],
			"scale": [0.20898, 0.20898, 0.20898]
		},
		"firstperson_righthand": {
			"rotation": [0, 129.75, 0],
			"translation": [-0.75, 5, 0],
			"scale": [0.18125, 0.18125, 0.18125]
		},
		"firstperson_lefthand": {
			"rotation": [0, 129.75, 0],
			"translation": [1, 5, 2.25],
			"scale": [0.18125, 0.18125, 0.18125]
		},
		"ground": {
			"translation": [2.25, 3, 0],
			"scale": [0.25, 0.25, 0.25]
		},
		"gui": {
			"rotation": [30, -149, 0],
			"translation": [-2.5, 1.75, 0],
			"scale": [0.375, 0.375, 0.375]
		},
		"head": {
			"translation": [2.5, 16, -1],
			"scale": [0.37109, 0.37109, 0.37109]
		},
		"fixed": {
			"rotation": [-90, 0, 0],
			"translation": [0, 0, -46.75],
			"scale": [2, 2, 2]
		}
	},
	"groups": [
		{
			"name": "Door",
			"origin": [8, 8, 8],
			"children": [
				{
					"name": "Frame",
					"origin": [22.5, 23, 8],
					"children": [0, 1, 2, 3, 4, 5, 6, 7, 8, 9, 10, 11, 12, 13]
				},
				{
					"name": "Bars",
					"origin": [18.5, 23, 8],
					"children": [14, 15, 16, 17, 18, 19, 20, 21, 22, 23, 24, 25, 26, 27, 28, 29, 30, 31, 32, 33, 34, 35, 36, 37, 38, 39, 40, 41]
				},
				{
					"name": "Scroll",
					"origin": [7.97545, 7.54883, 11.19349],
					"children": [42, 43, 44, 45, 46, 47, 48, 49, 50, 51, 52, 53, 54, 55, 56, 57, 58, 59, 60, 61, 62]
				},
				{
					"name": "Scroll",
					"origin": [7.97545, 7.54883, 11.19349],
					"children": [63, 64, 65, 66, 67, 68, 69, 70, 71, 72, 73, 74, 75, 76, 77, 78, 79, 80, 81, 82, 83]
				}
			]
		}
	]
}