{
	"credit": "Made with Blockbench",
	"textures": {
		"0": "block/MizunoArchive/anvil",
		"particle": "block/MizunoArchive/anvil"
	},
	"elements": [
		{
			"from": [15.9, -15.44, 8.09484],
			"to": [23.58, -14.48, 9.05484],
			"rotation": {"angle": 0, "axis": "y", "origin": [23.58, -7.76, 15.77484]},
			"faces": {
				"north": {"uv": [0, 0, 8, 1], "texture": "#0"},
				"east": {"uv": [0, 0, 1, 1], "texture": "#0"},
				"south": {"uv": [0, 0, 8, 1], "texture": "#0"},
				"west": {"uv": [0, 0, 1, 1], "texture": "#0"},
				"up": {"uv": [0, 0, 8, 1], "texture": "#0"},
				"down": {"uv": [0, 0, 8, 1], "texture": "#0"}
			}
		},
		{
			"from": [15.9, -4.6, 8.09484],
			"to": [22.62, -4.12, 9.05484],
			"rotation": {"angle": 0, "axis": "y", "origin": [23.58, 2.84, 15.77484]},
			"faces": {
				"north": {"uv": [0, 0, 7, 0.5], "texture": "#0"},
				"east": {"uv": [0, 0, 1, 0.5], "texture": "#0"},
				"south": {"uv": [0, 0, 7, 0.5], "texture": "#0"},
				"west": {"uv": [0, 0, 1, 0.5], "texture": "#0"},
				"up": {"uv": [0, 0, 7, 1], "texture": "#0"},
				"down": {"uv": [0, 0, 7, 1], "texture": "#0"}
			}
		},
		{
			"from": [15.9, -12.32, 8.09484],
			"to": [22.62, -11.84, 9.05484],
			"rotation": {"angle": 0, "axis": "y", "origin": [23.58, -4.88, 15.77484]},
			"faces": {
				"north": {"uv": [0, 0, 7, 0.5], "texture": "#0"},
				"east": {"uv": [0, 0, 1, 0.5], "texture": "#0"},
				"south": {"uv": [0, 0, 7, 0.5], "texture": "#0"},
				"west": {"uv": [0, 0, 1, 0.5], "texture": "#0"},
				"up": {"uv": [0, 0, 7, 1], "texture": "#0"},
				"down": {"uv": [0, 0, 7, 1], "texture": "#0"}
			}
		},
		{
			"from": [15.9, -1.72, 8.09484],
			"to": [22.62, -1.24, 9.05484],
			"rotation": {"angle": 0, "axis": "y", "origin": [23.58, 5.72, 15.77484]},
			"faces": {
				"north": {"uv": [0, 0, 7, 0.5], "texture": "#0"},
				"east": {"uv": [0, 0, 1, 0.5], "texture": "#0"},
				"south": {"uv": [0, 0, 7, 0.5], "texture": "#0"},
				"west": {"uv": [0, 0, 1, 0.5], "texture": "#0"},
				"up": {"uv": [0, 0, 7, 1], "texture": "#0"},
				"down": {"uv": [0, 0, 7, 1], "texture": "#0"}
			}
		},
		{
			"from": [0.54, -15.44, 8.09484],
			"to": [15.9, -14.48, 9.05484],
			"rotation": {"angle": 0, "axis": "y", "origin": [15.42, -7.76, 15.77484]},
			"faces": {
				"north": {"uv": [0, 0, 16, 1], "texture": "#0"},
				"east": {"uv": [0, 0, 1, 1], "texture": "#0"},
				"south": {"uv": [0, 0, 16, 1], "texture": "#0"},
				"west": {"uv": [0, 0, 1, 1], "texture": "#0"},
				"up": {"uv": [0, 0, 16, 1], "texture": "#0"},
				"down": {"uv": [0, 0, 16, 1], "texture": "#0"}
			}
		},
		{
			"from": [1.5, -4.6, 8.09484],
			"to": [15.9, -4.12, 9.05484],
			"rotation": {"angle": 0, "axis": "y", "origin": [15.42, 2.84, 15.77484]},
			"faces": {
				"north": {"uv": [0, 0, 15, 0.5], "texture": "#0"},
				"east": {"uv": [0, 0, 1, 0.5], "texture": "#0"},
				"south": {"uv": [0, 0, 15, 0.5], "texture": "#0"},
				"west": {"uv": [0, 0, 1, 0.5], "texture": "#0"},
				"up": {"uv": [0, 0, 15, 1], "texture": "#0"},
				"down": {"uv": [0, 0, 15, 1], "texture": "#0"}
			}
		},
		{
			"from": [1.5, -12.32, 8.09484],
			"to": [15.9, -11.84, 9.05484],
			"rotation": {"angle": 0, "axis": "y", "origin": [15.42, -4.88, 15.77484]},
			"faces": {
				"north": {"uv": [0, 0, 15, 0.5], "texture": "#0"},
				"east": {"uv": [0, 0, 1, 0.5], "texture": "#0"},
				"south": {"uv": [0, 0, 15, 0.5], "texture": "#0"},
				"west": {"uv": [0, 0, 1, 0.5], "texture": "#0"},
				"up": {"uv": [0, 0, 15, 1], "texture": "#0"},
				"down": {"uv": [0, 0, 15, 1], "texture": "#0"}
			}
		},
		{
			"from": [1.5, -1.72, 8.09484],
			"to": [15.9, -1.24, 9.05484],
			"rotation": {"angle": 0, "axis": "y", "origin": [15.42, 5.72, 15.77484]},
			"faces": {
				"north": {"uv": [0, 0, 15, 0.5], "texture": "#0"},
				"east": {"uv": [0, 0, 1, 0.5], "texture": "#0"},
				"south": {"uv": [0, 0, 15, 0.5], "texture": "#0"},
				"west": {"uv": [0, 0, 1, 0.5], "texture": "#0"},
				"up": {"uv": [0, 0, 15, 1], "texture": "#0"},
				"down": {"uv": [0, 0, 15, 1], "texture": "#0"}
			}
		},
		{
			"from": [0.54, 9.72, 8.09484],
			"to": [4.38, 10.68, 9.05484],
			"rotation": {"angle": 0, "axis": "y", "origin": [15.42, 17.4, 15.77484]},
			"faces": {
				"north": {"uv": [0, 0, 4, 1], "texture": "#0"},
				"east": {"uv": [0, 0, 1, 1], "texture": "#0"},
				"south": {"uv": [0, 0, 4, 1], "texture": "#0"},
				"west": {"uv": [0, 0, 1, 1], "texture": "#0"},
				"up": {"uv": [0, 0, 4, 1], "texture": "#0"},
				"down": {"uv": [0, 0, 4, 1], "texture": "#0"}
			}
		},
		{
			"from": [0.54, 5.6, 8.09484],
			"to": [4.38, 6.08, 9.05484],
			"rotation": {"angle": 0, "axis": "y", "origin": [15.42, 12.8, 15.77484]},
			"faces": {
				"north": {"uv": [0, 0, 4, 0.5], "texture": "#0"},
				"east": {"uv": [0, 0, 1, 0.5], "texture": "#0"},
				"south": {"uv": [0, 0, 4, 0.5], "texture": "#0"},
				"west": {"uv": [0, 0, 1, 0.5], "texture": "#0"},
				"up": {"uv": [0, 0, 4, 1], "texture": "#0"},
				"down": {"uv": [0, 0, 4, 1], "texture": "#0"}
			}
		},
		{
			"from": [4.06044, 10.41535, 8.08991],
			"to": [8.86044, 11.37535, 9.04991],
			"rotation": {"angle": 22.5, "axis": "z", "origin": [5.95202, 10.87096, 8.62267]},
			"faces": {
				"north": {"uv": [0, 0, 5, 1], "texture": "#0"},
				"east": {"uv": [0, 0, 1, 1], "texture": "#0"},
				"south": {"uv": [0, 0, 5, 1], "texture": "#0"},
				"west": {"uv": [0, 0, 1, 1], "texture": "#0"},
				"up": {"uv": [0, 0, 5, 1], "texture": "#0"},
				"down": {"uv": [0, 0, 5, 1], "texture": "#0"}
			}
		},
		{
			"from": [4.06044, 6.29535, 8.08991],
			"to": [8.86044, 6.77535, 9.04991],
			"rotation": {"angle": 22.5, "axis": "z", "origin": [5.95202, 6.27096, 8.62267]},
			"faces": {
				"north": {"uv": [0, 0, 5, 0.5], "texture": "#0"},
				"east": {"uv": [0, 0, 1, 0.5], "texture": "#0"},
				"south": {"uv": [0, 0, 5, 0.5], "texture": "#0"},
				"west": {"uv": [0, 0, 1, 0.5], "texture": "#0"},
				"up": {"uv": [0, 0, 5, 1], "texture": "#0"},
				"down": {"uv": [0, 0, 5, 1], "texture": "#0"}
			}
		},
		{
			"from": [8.05742, 12.41405, 8.09008],
			"to": [15.73742, 13.37405, 9.05008],
			"rotation": {"angle": 45, "axis": "z", "origin": [9.46352, 12.90127, 8.61799]},
			"faces": {
				"north": {"uv": [0, 0, 8, 1], "texture": "#0"},
				"east": {"uv": [0, 0, 1, 1], "texture": "#0"},
				"south": {"uv": [0, 0, 8, 1], "texture": "#0"},
				"west": {"uv": [0, 0, 1, 1], "texture": "#0"},
				"up": {"uv": [0, 0, 8, 1], "texture": "#0"},
				"down": {"uv": [0, 0, 8, 1], "texture": "#0"}
			}
		},
		{
			"from": [8.05742, 8.29405, 8.09008],
			"to": [15.73742, 8.77405, 9.05008],
			"rotation": {"angle": 45, "axis": "z", "origin": [9.46352, 8.30127, 8.61799]},
			"faces": {
				"north": {"uv": [0, 0, 8, 0.5], "texture": "#0"},
				"east": {"uv": [0, 0, 1, 0.5], "texture": "#0"},
				"south": {"uv": [0, 0, 8, 0.5], "texture": "#0"},
				"west": {"uv": [0, 0, 1, 0.5], "texture": "#0"},
				"up": {"uv": [0, 0, 8, 1], "texture": "#0"},
				"down": {"uv": [0, 0, 8, 1], "texture": "#0"}
			}
		},
		{
			"from": [13.52469, 17.83909, 8.09006],
			"to": [18.32469, 18.79909, 9.05006],
			"rotation": {"angle": 22.5, "axis": "z", "origin": [16.37138, 18.33343, 8.61716]},
			"faces": {
				"north": {"uv": [0, 0, 5, 1], "texture": "#0"},
				"east": {"uv": [0, 0, 1, 1], "texture": "#0"},
				"south": {"uv": [0, 0, 5, 1], "texture": "#0"},
				"west": {"uv": [0, 0, 1, 1], "texture": "#0"},
				"up": {"uv": [0, 0, 5, 1], "texture": "#0"},
				"down": {"uv": [0, 0, 5, 1], "texture": "#0"}
			}
		},
		{
			"from": [13.52469, 13.71909, 8.09006],
			"to": [18.32469, 14.19909, 9.05006],
			"rotation": {"angle": 22.5, "axis": "z", "origin": [16.37138, 13.73343, 8.61716]},
			"faces": {
				"north": {"uv": [0, 0, 5, 0.5], "texture": "#0"},
				"east": {"uv": [0, 0, 1, 0.5], "texture": "#0"},
				"south": {"uv": [0, 0, 5, 0.5], "texture": "#0"},
				"west": {"uv": [0, 0, 1, 0.5], "texture": "#0"},
				"up": {"uv": [0, 0, 5, 1], "texture": "#0"},
				"down": {"uv": [0, 0, 5, 1], "texture": "#0"}
			}
		},
		{
			"from": [17.99846, 18.552, 8.09484],
			"to": [23.58, 19.5096, 9.05096],
			"rotation": {"angle": 0, "axis": "z", "origin": [19.8803, 19.03778, 8.61637]},
			"faces": {
				"north": {"uv": [0, 0, 5.81411, 0.9975], "texture": "#0"},
				"east": {"uv": [0, 0, 0.99596, 0.9975], "texture": "#0"},
				"south": {"uv": [0, 0, 5.81411, 0.9975], "texture": "#0"},
				"west": {"uv": [0, 0, 0.99596, 0.9975], "texture": "#0"},
				"up": {"uv": [0, 0, 5.81411, 0.99596], "texture": "#0"},
				"down": {"uv": [0, 0, 5.81411, 0.99596], "texture": "#0"}
			}
		},
		{
			"from": [17.99846, 14.432, 8.09484],
			"to": [23.58, 14.9096, 9.05096],
			"rotation": {"angle": 0, "axis": "z", "origin": [19.8803, 14.43778, 8.61637]},
			"faces": {
				"north": {"uv": [0, 0, 5.81411, 0.4975], "texture": "#0"},
				"east": {"uv": [0, 0, 0.99596, 0.4975], "texture": "#0"},
				"south": {"uv": [0, 0, 5.81411, 0.4975], "texture": "#0"},
				"west": {"uv": [0, 0, 0.99596, 0.4975], "texture": "#0"},
				"up": {"uv": [0, 0, 5.81411, 0.99596], "texture": "#0"},
				"down": {"uv": [0, 0, 5.81411, 0.99596], "texture": "#0"}
			}
		},
		{
			"from": [0.54, -14.48, 8.09484],
			"to": [1.5, 0.88, 9.05484],
			"rotation": {"angle": 0, "axis": "y", "origin": [15.42, -7.76, 15.77484]},
			"faces": {
				"north": {"uv": [0, 0, 1, 16], "texture": "#0"},
				"east": {"uv": [0, 0, 1, 16], "texture": "#0"},
				"south": {"uv": [0, 0, 1, 16], "texture": "#0"},
				"west": {"uv": [0, 0, 1, 16], "texture": "#0"},
				"up": {"uv": [0, 0, 1, 1], "texture": "#0"},
				"down": {"uv": [0, 0, 1, 1], "texture": "#0"}
			}
		},
		{
			"from": [0.54, 0.88, 8.09484],
			"to": [1.5, 9.72, 9.05484],
			"rotation": {"angle": 0, "axis": "y", "origin": [15.42, 6.64, 15.77484]},
			"faces": {
				"north": {"uv": [0, 0, 1, 4], "texture": "#0"},
				"east": {"uv": [0, 0, 1, 4], "texture": "#0"},
				"south": {"uv": [0, 0, 1, 4], "texture": "#0"},
				"west": {"uv": [0, 0, 1, 4], "texture": "#0"},
				"up": {"uv": [0, 0, 1, 1], "texture": "#0"},
				"down": {"uv": [0, 0, 1, 1], "texture": "#0"}
			}
		},
		{
			"from": [22.62, -14.48, 8.09484],
			"to": [23.58, 0.88, 9.05484],
			"rotation": {"angle": 0, "axis": "y", "origin": [37.5, -7.76, 15.77484]},
			"faces": {
				"north": {"uv": [0, 0, 1, 16], "texture": "#0"},
				"east": {"uv": [0, 0, 1, 16], "texture": "#0"},
				"south": {"uv": [0, 0, 1, 16], "texture": "#0"},
				"west": {"uv": [0, 0, 1, 16], "texture": "#0"},
				"up": {"uv": [0, 0, 1, 1], "texture": "#0"},
				"down": {"uv": [0, 0, 1, 1], "texture": "#0"}
			}
		},
		{
			"from": [22.62, 0.88, 8.09484],
			"to": [23.58, 18.552, 9.05484],
			"rotation": {"angle": 0, "axis": "y", "origin": [37.5, 6.64, 15.77484]},
			"faces": {
				"north": {"uv": [0, 0, 1, 13.2], "texture": "#0"},
				"east": {"uv": [0, 0, 1, 13.2], "texture": "#0"},
				"south": {"uv": [0, 0, 1, 13.2], "texture": "#0"},
				"west": {"uv": [0, 0, 1, 13.2], "texture": "#0"},
				"up": {"uv": [0, 0, 1, 1], "texture": "#0"},
				"down": {"uv": [0, 0, 1, 1], "texture": "#0"}
			}
		},
		{
			"from": [20.22, -14.48, 8.33484],
			"to": [20.7, 5.88, 8.81484],
			"rotation": {"angle": 0, "axis": "y", "origin": [34.86, -7.76, 15.77484]},
			"faces": {
				"north": {"uv": [0, 0, 0.5, 16], "texture": "#0"},
				"east": {"uv": [0, 0, 0.5, 16], "texture": "#0"},
				"south": {"uv": [0, 0, 0.5, 16], "texture": "#0"},
				"west": {"uv": [0, 0, 0.5, 16], "texture": "#0"},
				"up": {"uv": [0, 0, 0.5, 0.5], "texture": "#0"},
				"down": {"uv": [0, 0, 0.5, 0.5], "texture": "#0"}
			}
		},
		{
			"from": [17.34, -14.48, 8.33484],
			"to": [17.82, 5.88, 8.81484],
			"rotation": {"angle": 0, "axis": "y", "origin": [31.98, -7.76, 15.77484]},
			"faces": {
				"north": {"uv": [0, 0, 0.5, 16], "texture": "#0"},
				"east": {"uv": [0, 0, 0.5, 16], "texture": "#0"},
				"south": {"uv": [0, 0, 0.5, 16], "texture": "#0"},
				"west": {"uv": [0, 0, 0.5, 16], "texture": "#0"},
				"up": {"uv": [0, 0, 0.5, 0.5], "texture": "#0"},
				"down": {"uv": [0, 0, 0.5, 0.5], "texture": "#0"}
			}
		},
		{
			"from": [14.46, -14.48, 8.33484],
			"to": [14.94, 5.88, 8.81484],
			"rotation": {"angle": 0, "axis": "y", "origin": [29.1, -7.76, 15.77484]},
			"faces": {
				"north": {"uv": [0, 0, 0.5, 16], "texture": "#0"},
				"east": {"uv": [0, 0, 0.5, 16], "texture": "#0"},
				"south": {"uv": [0, 0, 0.5, 16], "texture": "#0"},
				"west": {"uv": [0, 0, 0.5, 16], "texture": "#0"},
				"up": {"uv": [0, 0, 0.5, 0.5], "texture": "#0"},
				"down": {"uv": [0, 0, 0.5, 0.5], "texture": "#0"}
			}
		},
		{
			"from": [11.58, -14.48, 8.33484],
			"to": [12.06, 5.88, 8.81484],
			"rotation": {"angle": 0, "axis": "y", "origin": [26.22, -7.76, 15.77484]},
			"faces": {
				"north": {"uv": [0, 0, 0.5, 16], "texture": "#0"},
				"east": {"uv": [0, 0, 0.5, 16], "texture": "#0"},
				"south": {"uv": [0, 0, 0.5, 16], "texture": "#0"},
				"west": {"uv": [0, 0, 0.5, 16], "texture": "#0"},
				"up": {"uv": [0, 0, 0.5, 0.5], "texture": "#0"},
				"down": {"uv": [0, 0, 0.5, 0.5], "texture": "#0"}
			}
		},
		{
			"from": [8.7, -14.48, 8.33484],
			"to": [9.18, 5.88, 8.81484],
			"rotation": {"angle": 0, "axis": "y", "origin": [23.34, -7.76, 15.77484]},
			"faces": {
				"north": {"uv": [0, 0, 0.5, 16], "texture": "#0"},
				"east": {"uv": [0, 0, 0.5, 16], "texture": "#0"},
				"south": {"uv": [0, 0, 0.5, 16], "texture": "#0"},
				"west": {"uv": [0, 0, 0.5, 16], "texture": "#0"},
				"up": {"uv": [0, 0, 0.5, 0.5], "texture": "#0"},
				"down": {"uv": [0, 0, 0.5, 0.5], "texture": "#0"}
			}
		},
		{
			"from": [5.82, -14.48, 8.33484],
			"to": [6.3, 5.88, 8.81484],
			"rotation": {"angle": 0, "axis": "y", "origin": [20.46, -7.76, 15.77484]},
			"faces": {
				"north": {"uv": [0, 0, 0.5, 16], "texture": "#0"},
				"east": {"uv": [0, 0, 0.5, 16], "texture": "#0"},
				"south": {"uv": [0, 0, 0.5, 16], "texture": "#0"},
				"west": {"uv": [0, 0, 0.5, 16], "texture": "#0"},
				"up": {"uv": [0, 0, 0.5, 0.5], "texture": "#0"},
				"down": {"uv": [0, 0, 0.5, 0.5], "texture": "#0"}
			}
		},
		{
			"from": [2.94, -14.48, 8.33484],
			"to": [3.42, 5.88, 8.81484],
			"rotation": {"angle": 0, "axis": "y", "origin": [17.58, -7.76, 15.77484]},
			"faces": {
				"north": {"uv": [0, 0, 0.5, 16], "texture": "#0"},
				"east": {"uv": [0, 0, 0.5, 16], "texture": "#0"},
				"south": {"uv": [0, 0, 0.5, 16], "texture": "#0"},
				"west": {"uv": [0, 0, 0.5, 16], "texture": "#0"},
				"up": {"uv": [0, 0, 0.5, 0.5], "texture": "#0"},
				"down": {"uv": [0, 0, 0.5, 0.5], "texture": "#0"}
			}
		},
		{
			"from": [20.22, 0.88, 8.33484],
			"to": [20.7, 18.852, 8.81484],
			"rotation": {"angle": 0, "axis": "y", "origin": [34.86, 6.64, 15.77484]},
			"faces": {
				"north": {"uv": [0, 0, 0.5, 13.2], "texture": "#0"},
				"east": {"uv": [0, 0, 0.5, 13.2], "texture": "#0"},
				"south": {"uv": [0, 0, 0.5, 13.2], "texture": "#0"},
				"west": {"uv": [0, 0, 0.5, 13.2], "texture": "#0"},
				"up": {"uv": [0, 0, 0.5, 0.5], "texture": "#0"},
				"down": {"uv": [0, 0, 0.5, 0.5], "texture": "#0"}
			}
		},
		{
			"from": [17.34, 0.88, 8.33484],
			"to": [17.82, 18.552, 8.81484],
			"rotation": {"angle": 0, "axis": "y", "origin": [31.98, 6.64, 15.77484]},
			"faces": {
				"north": {"uv": [0, 0, 0.5, 13.2], "texture": "#0"},
				"east": {"uv": [0, 0, 0.5, 13.2], "texture": "#0"},
				"south": {"uv": [0, 0, 0.5, 13.2], "texture": "#0"},
				"west": {"uv": [0, 0, 0.5, 13.2], "texture": "#0"},
				"up": {"uv": [0, 0, 0.5, 0.5], "texture": "#0"},
				"down": {"uv": [0, 0, 0.5, 0.5], "texture": "#0"}
			}
		},
		{
			"from": [14.46, 0.88, 8.33484],
			"to": [14.94, 17.592, 8.81484],
			"rotation": {"angle": 0, "axis": "y", "origin": [29.1, 6.64, 15.77484]},
			"faces": {
				"north": {"uv": [0, 0, 0.5, 12.2], "texture": "#0"},
				"east": {"uv": [0, 0, 0.5, 12.2], "texture": "#0"},
				"south": {"uv": [0, 0, 0.5, 12.2], "texture": "#0"},
				"west": {"uv": [0, 0, 0.5, 12.2], "texture": "#0"},
				"up": {"uv": [0, 0, 0.5, 0.5], "texture": "#0"},
				"down": {"uv": [0, 0, 0.5, 0.5], "texture": "#0"}
			}
		},
		{
			"from": [11.58, 0.88, 8.33484],
			"to": [12.06, 14.952, 8.81484],
			"rotation": {"angle": 0, "axis": "y", "origin": [26.22, 6.64, 15.77484]},
			"faces": {
				"north": {"uv": [0, 0, 0.5, 9.45], "texture": "#0"},
				"east": {"uv": [0, 0, 0.5, 9.45], "texture": "#0"},
				"south": {"uv": [0, 0, 0.5, 9.45], "texture": "#0"},
				"west": {"uv": [0, 0, 0.5, 9.45], "texture": "#0"},
				"up": {"uv": [0, 0, 0.5, 0.5], "texture": "#0"},
				"down": {"uv": [0, 0, 0.5, 0.5], "texture": "#0"}
			}
		},
		{
			"from": [8.7, 0.88, 8.33484],
			"to": [9.18, 12.132, 8.81484],
			"rotation": {"angle": 0, "axis": "y", "origin": [23.34, 6.64, 15.77484]},
			"faces": {
				"north": {"uv": [0, 0, 0.5, 6.2], "texture": "#0"},
				"east": {"uv": [0, 0, 0.5, 6.2], "texture": "#0"},
				"south": {"uv": [0, 0, 0.5, 6.2], "texture": "#0"},
				"west": {"uv": [0, 0, 0.5, 6.2], "texture": "#0"},
				"up": {"uv": [0, 0, 0.5, 0.5], "texture": "#0"},
				"down": {"uv": [0, 0, 0.5, 0.5], "texture": "#0"}
			}
		},
		{
			"from": [5.82, 0.88, 8.33484],
			"to": [6.3, 10.872, 8.81484],
			"rotation": {"angle": 0, "axis": "y", "origin": [20.46, 6.64, 15.77484]},
			"faces": {
				"north": {"uv": [0, 0, 0.5, 5.2], "texture": "#0"},
				"east": {"uv": [0, 0, 0.5, 5.2], "texture": "#0"},
				"south": {"uv": [0, 0, 0.5, 5.2], "texture": "#0"},
				"west": {"uv": [0, 0, 0.5, 5.2], "texture": "#0"},
				"up": {"uv": [0, 0, 0.5, 0.5], "texture": "#0"},
				"down": {"uv": [0, 0, 0.5, 0.5], "texture": "#0"}
			}
		},
		{
			"from": [2.94, 0.88, 8.33484],
			"to": [3.42, 10.152, 8.81484],
			"rotation": {"angle": 0, "axis": "y", "origin": [17.58, 6.64, 15.77484]},
			"faces": {
				"north": {"uv": [0, 0, 0.5, 4.45], "texture": "#0"},
				"east": {"uv": [0, 0, 0.5, 4.45], "texture": "#0"},
				"south": {"uv": [0, 0, 0.5, 4.45], "texture": "#0"},
				"west": {"uv": [0, 0, 0.5, 4.45], "texture": "#0"},
				"up": {"uv": [0, 0, 0.5, 0.5], "texture": "#0"},
				"down": {"uv": [0, 0, 0.5, 0.5], "texture": "#0"}
			}
		},
		{
			"from": [22.74133, -1.21725, 5.65556],
			"to": [23.3835, -0.65214, 6.22067],
			"rotation": {"angle": 0, "axis": "y", "origin": [23.3835, -3.47769, 7.35089]},
			"faces": {
				"north": {"uv": [0, 0, 1, 1], "rotation": 180, "texture": "#0"},
				"east": {"uv": [0, 0, 1, 1], "rotation": 270, "texture": "#0"},
				"south": {"uv": [0, 0, 1, 1], "texture": "#0"},
				"west": {"uv": [0, 0, 1, 1], "rotation": 90, "texture": "#0"},
				"up": {"uv": [0, 0, 1, 1], "rotation": 180, "texture": "#0"},
				"down": {"uv": [0, 0, 1, 1], "texture": "#0"}
			}
		},
		{
			"from": [22.74076, -4.4247, 5.66721],
			"to": [23.38293, -3.85959, 6.23232],
			"rotation": {"angle": 0, "axis": "y", "origin": [23.38293, -1.59915, 7.36254]},
			"faces": {
				"north": {"uv": [0, 1, 1, 2], "rotation": 180, "texture": "#0"},
				"east": {"uv": [1, 0, 2, 1], "rotation": 270, "texture": "#0"},
				"south": {"uv": [0, 1, 1, 2], "texture": "#0"},
				"west": {"uv": [1, 0, 2, 1], "rotation": 90, "texture": "#0"},
				"up": {"uv": [1, 0, 2, 1], "rotation": 180, "texture": "#0"},
				"down": {"uv": [1, 0, 2, 1], "texture": "#0"}
			}
		},
		{
			"from": [22.74136, -0.78113, 5.74407],
			"to": [23.38353, -0.21602, 6.30918],
			"rotation": {"angle": 22.5, "axis": "x", "origin": [23.0602, -0.49414, 6.02418]},
			"faces": {
				"north": {"uv": [0, 0, 1, 1], "texture": "#0"},
				"east": {"uv": [0, 0, 1, 1], "texture": "#0"},
				"south": {"uv": [0, 0, 1, 1], "texture": "#0"},
				"west": {"uv": [0, 0, 1, 1], "texture": "#0"},
				"up": {"uv": [0, 0, 1, 1], "texture": "#0"},
				"down": {"uv": [0, 0, 1, 1], "texture": "#0"}
			}
		},
		{
			"from": [22.73125, -1.65334, 5.75294],
			"to": [23.37342, -1.08823, 6.31805],
			"rotation": {"angle": -22.5, "axis": "x", "origin": [23.05008, -1.37523, 6.03303]},
			"faces": {
				"north": {"uv": [0, 1, 1, 2], "texture": "#0"},
				"east": {"uv": [0, 1, 1, 2], "texture": "#0"},
				"south": {"uv": [0, 1, 1, 2], "texture": "#0"},
				"west": {"uv": [0, 1, 1, 2], "texture": "#0"},
				"up": {"uv": [1, 0, 2, 1], "rotation": 180, "texture": "#0"},
				"down": {"uv": [1, 0, 2, 1], "rotation": 180, "texture": "#0"}
			}
		},
		{
			"from": [22.73814, -4.86101, 7.85666],
			"to": [23.38031, -3.9119, 8.42177],
			"rotation": {"angle": 22.5, "axis": "x", "origin": [23.05698, -4.5829, 8.14168]},
			"faces": {
				"north": {"uv": [0, 0, 1, 1], "rotation": 180, "texture": "#0"},
				"east": {"uv": [1, 1, 2, 2], "texture": "#0"},
				"south": {"uv": [0, 0, 1, 1], "rotation": 180, "texture": "#0"},
				"west": {"uv": [1, 1, 2, 2], "texture": "#0"},
				"up": {"uv": [1, 1, 2, 2], "rotation": 180, "texture": "#0"},
				"down": {"uv": [1, 1, 2, 2], "rotation": 180, "texture": "#0"}
			}
		},
		{
			"from": [22.73515, -1.21701, 7.93713],
			"to": [23.37732, -0.6519, 8.50224],
			"rotation": {"angle": 0, "axis": "x", "origin": [23.05556, -0.92873, 8.23465]},
			"faces": {
				"north": {"uv": [0, 1, 1, 2], "rotation": 180, "texture": "#0"},
				"east": {"uv": [1, 2, 2, 3], "texture": "#0"},
				"south": {"uv": [0, 1, 1, 2], "rotation": 180, "texture": "#0"},
				"west": {"uv": [1, 2, 2, 3], "texture": "#0"},
				"up": {"uv": [2, 1, 3, 2], "texture": "#0"},
				"down": {"uv": [2, 1, 3, 2], "texture": "#0"}
			}
		},
		{
			"from": [22.74149, -0.78095, 7.84302],
			"to": [23.38366, -0.21584, 8.40813],
			"rotation": {"angle": -22.5, "axis": "x", "origin": [23.06034, -0.49395, 8.12803]},
			"faces": {
				"north": {"uv": [0, 1, 1, 2], "rotation": 180, "texture": "#0"},
				"east": {"uv": [1, 0, 2, 1], "texture": "#0"},
				"south": {"uv": [0, 1, 1, 2], "rotation": 180, "texture": "#0"},
				"west": {"uv": [1, 0, 2, 1], "texture": "#0"},
				"up": {"uv": [0, 1, 1, 2], "texture": "#0"},
				"down": {"uv": [0, 1, 1, 2], "texture": "#0"}
			}
		},
		{
			"from": [22.74038, -4.86081, 5.75601],
			"to": [23.38255, -4.2957, 6.32112],
			"rotation": {"angle": -22.5, "axis": "x", "origin": [23.05923, -4.58269, 6.0361]},
			"faces": {
				"north": {"uv": [0, 1, 1, 2], "texture": "#0"},
				"east": {"uv": [0, 1, 1, 2], "texture": "#0"},
				"south": {"uv": [0, 1, 1, 2], "texture": "#0"},
				"west": {"uv": [0, 1, 1, 2], "texture": "#0"},
				"up": {"uv": [1, 0, 2, 1], "rotation": 180, "texture": "#0"},
				"down": {"uv": [1, 0, 2, 1], "rotation": 180, "texture": "#0"}
			}
		},
		{
			"from": [22.74152, -1.65304, 7.84305],
			"to": [23.38369, -1.08792, 8.40816],
			"rotation": {"angle": 22.5, "axis": "x", "origin": [23.06037, -1.37492, 8.12807]},
			"faces": {
				"north": {"uv": [0, 0, 1, 1], "rotation": 180, "texture": "#0"},
				"east": {"uv": [1, 1, 2, 2], "texture": "#0"},
				"south": {"uv": [0, 0, 1, 1], "rotation": 180, "texture": "#0"},
				"west": {"uv": [1, 1, 2, 2], "texture": "#0"},
				"up": {"uv": [1, 1, 2, 2], "rotation": 180, "texture": "#0"},
				"down": {"uv": [1, 1, 2, 2], "rotation": 180, "texture": "#0"}
			}
		},
		{
			"from": [22.74112, -3.98858, 5.75542],
			"to": [23.38329, -3.42347, 6.32053],
			"rotation": {"angle": 22.5, "axis": "x", "origin": [23.05998, -3.70159, 6.03551]},
			"faces": {
				"north": {"uv": [0, 0, 1, 1], "texture": "#0"},
				"east": {"uv": [0, 0, 1, 1], "texture": "#0"},
				"south": {"uv": [0, 0, 1, 1], "texture": "#0"},
				"west": {"uv": [0, 0, 1, 1], "texture": "#0"},
				"up": {"uv": [0, 0, 1, 1], "texture": "#0"},
				"down": {"uv": [0, 0, 1, 1], "texture": "#0"}
			}
		},
		{
			"from": [22.74138, -0.41209, 5.99274],
			"to": [23.38355, 0.15302, 6.55785],
			"rotation": {"angle": 45, "axis": "x", "origin": [23.06022, -0.1251, 6.27284]},
			"faces": {
				"north": {"uv": [0, 0, 1, 1], "texture": "#0"},
				"east": {"uv": [0, 0, 1, 1], "texture": "#0"},
				"south": {"uv": [0, 0, 1, 1], "texture": "#0"},
				"west": {"uv": [0, 0, 1, 1], "texture": "#0"},
				"up": {"uv": [0, 0, 1, 1], "texture": "#0"},
				"down": {"uv": [0, 0, 1, 1], "texture": "#0"}
			}
		},
		{
			"from": [22.73852, -5.22998, 7.60772],
			"to": [23.38069, -4.66487, 8.17283],
			"rotation": {"angle": 45, "axis": "x", "origin": [23.05736, -4.95187, 7.89273]},
			"faces": {
				"north": {"uv": [0, 0, 1, 1], "rotation": 180, "texture": "#0"},
				"east": {"uv": [1, 1, 2, 2], "texture": "#0"},
				"south": {"uv": [0, 0, 1, 1], "rotation": 180, "texture": "#0"},
				"west": {"uv": [1, 1, 2, 2], "texture": "#0"},
				"up": {"uv": [1, 1, 2, 2], "rotation": 180, "texture": "#0"},
				"down": {"uv": [1, 1, 2, 2], "rotation": 180, "texture": "#0"}
			}
		},
		{
			"from": [22.74147, -0.41197, 7.59436],
			"to": [23.38364, 0.15314, 8.15947],
			"rotation": {"angle": -45, "axis": "x", "origin": [23.06031, -0.12497, 7.87938]},
			"faces": {
				"north": {"uv": [0, 1, 1, 2], "rotation": 180, "texture": "#0"},
				"east": {"uv": [1, 0, 2, 1], "texture": "#0"},
				"south": {"uv": [0, 1, 1, 2], "rotation": 180, "texture": "#0"},
				"west": {"uv": [1, 0, 2, 1], "texture": "#0"},
				"up": {"uv": [0, 1, 1, 2], "texture": "#0"},
				"down": {"uv": [0, 1, 1, 2], "texture": "#0"}
			}
		},
		{
			"from": [22.74002, -5.22985, 6.00496],
			"to": [23.38219, -4.66474, 6.57007],
			"rotation": {"angle": -45, "axis": "x", "origin": [23.05885, -4.95174, 6.28505]},
			"faces": {
				"north": {"uv": [0, 1, 1, 2], "texture": "#0"},
				"east": {"uv": [0, 1, 1, 2], "texture": "#0"},
				"south": {"uv": [0, 1, 1, 2], "texture": "#0"},
				"west": {"uv": [0, 1, 1, 2], "texture": "#0"},
				"up": {"uv": [1, 0, 2, 1], "rotation": 180, "texture": "#0"},
				"down": {"uv": [1, 0, 2, 1], "rotation": 180, "texture": "#0"}
			}
		},
		{
			"from": [22.74152, -4.28249, 7.59441],
			"to": [23.38369, -1.45694, 8.15952],
			"rotation": {"angle": 45, "axis": "x", "origin": [23.06037, -1.74394, 7.87942]},
			"faces": {
				"north": {"uv": [0, 0, 1, 5], "rotation": 180, "texture": "#0"},
				"east": {"uv": [1, 1, 2, 6], "texture": "#0"},
				"south": {"uv": [0, 0, 1, 5], "rotation": 180, "texture": "#0"},
				"west": {"uv": [1, 1, 2, 6], "texture": "#0"},
				"up": {"uv": [1, 1, 2, 2], "rotation": 180, "texture": "#0"},
				"down": {"uv": [1, 1, 2, 2], "rotation": 180, "texture": "#0"}
			}
		},
		{
			"from": [22.7414, -0.1643, 6.35679],
			"to": [23.38357, 0.40081, 6.9219],
			"rotation": {"angle": -22.5, "axis": "x", "origin": [23.06025, 0.12071, 6.64379]},
			"faces": {
				"north": {"uv": [0, 0, 1, 1], "rotation": 180, "texture": "#0"},
				"east": {"uv": [0, 0, 1, 1], "rotation": 270, "texture": "#0"},
				"south": {"uv": [0, 0, 1, 1], "texture": "#0"},
				"west": {"uv": [0, 0, 1, 1], "rotation": 90, "texture": "#0"},
				"up": {"uv": [0, 0, 1, 1], "rotation": 180, "texture": "#0"},
				"down": {"uv": [0, 0, 1, 1], "texture": "#0"}
			}
		},
		{
			"from": [22.73889, -5.4777, 7.24339],
			"to": [23.38106, -4.91259, 7.8085],
			"rotation": {"angle": -22.5, "axis": "x", "origin": [23.05774, -5.19761, 7.52149]},
			"faces": {
				"north": {"uv": [0, 0, 1, 1], "rotation": 180, "texture": "#0"},
				"east": {"uv": [1, 1, 2, 2], "rotation": 270, "texture": "#0"},
				"south": {"uv": [0, 0, 1, 1], "texture": "#0"},
				"west": {"uv": [1, 1, 2, 2], "rotation": 90, "texture": "#0"},
				"up": {"uv": [1, 1, 2, 2], "rotation": 180, "texture": "#0"},
				"down": {"uv": [1, 1, 2, 2], "texture": "#0"}
			}
		},
		{
			"from": [22.74145, -0.16425, 7.23031],
			"to": [23.38362, 0.40086, 7.79542],
			"rotation": {"angle": 22.5, "axis": "x", "origin": [23.06028, 0.12076, 7.50843]},
			"faces": {
				"north": {"uv": [0, 1, 1, 2], "rotation": 180, "texture": "#0"},
				"east": {"uv": [0, 1, 1, 2], "rotation": 270, "texture": "#0"},
				"south": {"uv": [0, 1, 1, 2], "texture": "#0"},
				"west": {"uv": [0, 1, 1, 2], "rotation": 90, "texture": "#0"},
				"up": {"uv": [0, 1, 1, 2], "rotation": 180, "texture": "#0"},
				"down": {"uv": [0, 1, 1, 2], "texture": "#0"}
			}
		},
		{
			"from": [22.73963, -5.47764, 6.36929],
			"to": [23.3818, -4.91253, 6.9344],
			"rotation": {"angle": 22.5, "axis": "x", "origin": [23.05847, -5.19755, 6.65629]},
			"faces": {
				"north": {"uv": [0, 1, 1, 2], "rotation": 180, "texture": "#0"},
				"east": {"uv": [1, 0, 2, 1], "rotation": 270, "texture": "#0"},
				"south": {"uv": [0, 1, 1, 2], "texture": "#0"},
				"west": {"uv": [1, 0, 2, 1], "rotation": 90, "texture": "#0"},
				"up": {"uv": [1, 0, 2, 1], "rotation": 180, "texture": "#0"},
				"down": {"uv": [1, 0, 2, 1], "texture": "#0"}
			}
		},
		{
			"from": [22.74142, -0.07917, 6.79355],
			"to": [23.38359, 0.48594, 7.35866],
			"rotation": {"angle": 0, "axis": "x", "origin": [23.06026, 0.20585, 7.08055]},
			"faces": {
				"north": {"uv": [0, 0, 1, 1], "rotation": 180, "texture": "#0"},
				"east": {"uv": [0, 0, 1, 1], "rotation": 270, "texture": "#0"},
				"south": {"uv": [0, 0, 1, 1], "texture": "#0"},
				"west": {"uv": [0, 0, 1, 1], "rotation": 90, "texture": "#0"},
				"up": {"uv": [0, 0, 1, 1], "rotation": 180, "texture": "#0"},
				"down": {"uv": [0, 0, 1, 1], "texture": "#0"}
			}
		},
		{
			"from": [22.73926, -5.56278, 6.80634],
			"to": [23.38143, -4.99767, 7.37145],
			"rotation": {"angle": 0, "axis": "x", "origin": [23.05811, -5.28269, 7.08444]},
			"faces": {
				"north": {"uv": [0, 0, 1, 1], "rotation": 180, "texture": "#0"},
				"east": {"uv": [1, 1, 2, 2], "rotation": 270, "texture": "#0"},
				"south": {"uv": [0, 0, 1, 1], "texture": "#0"},
				"west": {"uv": [1, 1, 2, 2], "rotation": 90, "texture": "#0"},
				"up": {"uv": [1, 1, 2, 2], "rotation": 180, "texture": "#0"},
				"down": {"uv": [1, 1, 2, 2], "texture": "#0"}
			}
		},
		{
			"from": [22.74133, -1.21725, 10.77933],
			"to": [23.3835, -0.65214, 11.34444],
			"rotation": {"angle": 0, "axis": "y", "origin": [23.3835, -3.47769, 9.64911]},
			"faces": {
				"north": {"uv": [1, 0, 0, 1], "texture": "#0"},
				"east": {"uv": [0, 1, 1, 0], "rotation": 270, "texture": "#0"},
				"south": {"uv": [1, 0, 0, 1], "rotation": 180, "texture": "#0"},
				"west": {"uv": [0, 1, 1, 0], "rotation": 90, "texture": "#0"},
				"up": {"uv": [0, 1, 1, 0], "rotation": 180, "texture": "#0"},
				"down": {"uv": [0, 1, 1, 0], "texture": "#0"}
			}
		},
		{
			"from": [22.74076, -4.4247, 10.76768],
			"to": [23.38293, -3.85959, 11.33279],
			"rotation": {"angle": 0, "axis": "y", "origin": [23.38293, -1.59915, 9.63746]},
			"faces": {
				"north": {"uv": [1, 1, 0, 2], "texture": "#0"},
				"east": {"uv": [1, 1, 2, 0], "rotation": 270, "texture": "#0"},
				"south": {"uv": [1, 1, 0, 2], "rotation": 180, "texture": "#0"},
				"west": {"uv": [1, 1, 2, 0], "rotation": 90, "texture": "#0"},
				"up": {"uv": [1, 1, 2, 0], "rotation": 180, "texture": "#0"},
				"down": {"uv": [1, 1, 2, 0], "texture": "#0"}
			}
		},
		{
			"from": [22.74136, -0.78113, 10.69082],
			"to": [23.38353, -0.21602, 11.25593],
			"rotation": {"angle": -22.5, "axis": "x", "origin": [23.0602, -0.49414, 10.97582]},
			"faces": {
				"north": {"uv": [1, 0, 0, 1], "texture": "#0"},
				"east": {"uv": [1, 0, 0, 1], "texture": "#0"},
				"south": {"uv": [1, 0, 0, 1], "texture": "#0"},
				"west": {"uv": [1, 0, 0, 1], "texture": "#0"},
				"up": {"uv": [0, 1, 1, 0], "texture": "#0"},
				"down": {"uv": [0, 1, 1, 0], "texture": "#0"}
			}
		},
		{
			"from": [22.73125, -1.65334, 10.68195],
			"to": [23.37342, -1.08823, 11.24706],
			"rotation": {"angle": 22.5, "axis": "x", "origin": [23.05008, -1.37523, 10.96697]},
			"faces": {
				"north": {"uv": [1, 1, 0, 2], "texture": "#0"},
				"east": {"uv": [1, 1, 0, 2], "texture": "#0"},
				"south": {"uv": [1, 1, 0, 2], "texture": "#0"},
				"west": {"uv": [1, 1, 0, 2], "texture": "#0"},
				"up": {"uv": [1, 1, 2, 0], "rotation": 180, "texture": "#0"},
				"down": {"uv": [1, 1, 2, 0], "rotation": 180, "texture": "#0"}
			}
		},
		{
			"from": [22.73814, -4.86101, 8.57823],
			"to": [23.38031, -3.9119, 9.14334],
			"rotation": {"angle": -22.5, "axis": "x", "origin": [23.05698, -4.5829, 8.85832]},
			"faces": {
				"north": {"uv": [1, 0, 0, 1], "rotation": 180, "texture": "#0"},
				"east": {"uv": [2, 1, 1, 2], "texture": "#0"},
				"south": {"uv": [1, 0, 0, 1], "rotation": 180, "texture": "#0"},
				"west": {"uv": [2, 1, 1, 2], "texture": "#0"},
				"up": {"uv": [1, 2, 2, 1], "rotation": 180, "texture": "#0"},
				"down": {"uv": [1, 2, 2, 1], "rotation": 180, "texture": "#0"}
			}
		},
		{
			"from": [22.73515, -1.21701, 8.49776],
			"to": [23.37732, -0.6519, 9.06287],
			"rotation": {"angle": 0, "axis": "x", "origin": [23.05556, -0.92873, 8.76535]},
			"faces": {
				"north": {"uv": [1, 1, 0, 2], "rotation": 180, "texture": "#0"},
				"east": {"uv": [2, 2, 1, 3], "texture": "#0"},
				"south": {"uv": [1, 1, 0, 2], "rotation": 180, "texture": "#0"},
				"west": {"uv": [2, 2, 1, 3], "texture": "#0"},
				"up": {"uv": [2, 2, 3, 1], "texture": "#0"},
				"down": {"uv": [2, 2, 3, 1], "texture": "#0"}
			}
		},
		{
			"from": [22.74149, -0.78095, 8.59187],
			"to": [23.38366, -0.21584, 9.15698],
			"rotation": {"angle": 22.5, "axis": "x", "origin": [23.06034, -0.49395, 8.87197]},
			"faces": {
				"north": {"uv": [1, 1, 0, 2], "rotation": 180, "texture": "#0"},
				"east": {"uv": [2, 0, 1, 1], "texture": "#0"},
				"south": {"uv": [1, 1, 0, 2], "rotation": 180, "texture": "#0"},
				"west": {"uv": [2, 0, 1, 1], "texture": "#0"},
				"up": {"uv": [0, 2, 1, 1], "texture": "#0"},
				"down": {"uv": [0, 2, 1, 1], "texture": "#0"}
			}
		},
		{
			"from": [22.74038, -4.86081, 10.67888],
			"to": [23.38255, -4.2957, 11.24399],
			"rotation": {"angle": 22.5, "axis": "x", "origin": [23.05923, -4.58269, 10.9639]},
			"faces": {
				"north": {"uv": [1, 1, 0, 2], "texture": "#0"},
				"east": {"uv": [1, 1, 0, 2], "texture": "#0"},
				"south": {"uv": [1, 1, 0, 2], "texture": "#0"},
				"west": {"uv": [1, 1, 0, 2], "texture": "#0"},
				"up": {"uv": [1, 1, 2, 0], "rotation": 180, "texture": "#0"},
				"down": {"uv": [1, 1, 2, 0], "rotation": 180, "texture": "#0"}
			}
		},
		{
			"from": [22.74152, -1.65304, 8.59184],
			"to": [23.38369, -1.08792, 9.15695],
			"rotation": {"angle": -22.5, "axis": "x", "origin": [23.06037, -1.37492, 8.87193]},
			"faces": {
				"north": {"uv": [1, 0, 0, 1], "rotation": 180, "texture": "#0"},
				"east": {"uv": [2, 1, 1, 2], "texture": "#0"},
				"south": {"uv": [1, 0, 0, 1], "rotation": 180, "texture": "#0"},
				"west": {"uv": [2, 1, 1, 2], "texture": "#0"},
				"up": {"uv": [1, 2, 2, 1], "rotation": 180, "texture": "#0"},
				"down": {"uv": [1, 2, 2, 1], "rotation": 180, "texture": "#0"}
			}
		},
		{
			"from": [22.74112, -3.98858, 10.67947],
			"to": [23.38329, -3.42347, 11.24458],
			"rotation": {"angle": -22.5, "axis": "x", "origin": [23.05998, -3.70159, 10.96449]},
			"faces": {
				"north": {"uv": [1, 0, 0, 1], "texture": "#0"},
				"east": {"uv": [1, 0, 0, 1], "texture": "#0"},
				"south": {"uv": [1, 0, 0, 1], "texture": "#0"},
				"west": {"uv": [1, 0, 0, 1], "texture": "#0"},
				"up": {"uv": [0, 1, 1, 0], "texture": "#0"},
				"down": {"uv": [0, 1, 1, 0], "texture": "#0"}
			}
		},
		{
			"from": [22.74138, -0.41209, 10.44215],
			"to": [23.38355, 0.15302, 11.00726],
			"rotation": {"angle": -45, "axis": "x", "origin": [23.06022, -0.1251, 10.72716]},
			"faces": {
				"north": {"uv": [1, 0, 0, 1], "texture": "#0"},
				"east": {"uv": [1, 0, 0, 1], "texture": "#0"},
				"south": {"uv": [1, 0, 0, 1], "texture": "#0"},
				"west": {"uv": [1, 0, 0, 1], "texture": "#0"},
				"up": {"uv": [0, 1, 1, 0], "texture": "#0"},
				"down": {"uv": [0, 1, 1, 0], "texture": "#0"}
			}
		},
		{
			"from": [22.73852, -5.22998, 8.82717],
			"to": [23.38069, -4.66487, 9.39228],
			"rotation": {"angle": -45, "axis": "x", "origin": [23.05736, -4.95187, 9.10727]},
			"faces": {
				"north": {"uv": [1, 0, 0, 1], "rotation": 180, "texture": "#0"},
				"east": {"uv": [2, 1, 1, 2], "texture": "#0"},
				"south": {"uv": [1, 0, 0, 1], "rotation": 180, "texture": "#0"},
				"west": {"uv": [2, 1, 1, 2], "texture": "#0"},
				"up": {"uv": [1, 2, 2, 1], "rotation": 180, "texture": "#0"},
				"down": {"uv": [1, 2, 2, 1], "rotation": 180, "texture": "#0"}
			}
		},
		{
			"from": [22.74147, -0.41197, 8.84053],
			"to": [23.38364, 0.15314, 9.40564],
			"rotation": {"angle": 45, "axis": "x", "origin": [23.06031, -0.12497, 9.12062]},
			"faces": {
				"north": {"uv": [1, 1, 0, 2], "rotation": 180, "texture": "#0"},
				"east": {"uv": [2, 0, 1, 1], "texture": "#0"},
				"south": {"uv": [1, 1, 0, 2], "rotation": 180, "texture": "#0"},
				"west": {"uv": [2, 0, 1, 1], "texture": "#0"},
				"up": {"uv": [0, 2, 1, 1], "texture": "#0"},
				"down": {"uv": [0, 2, 1, 1], "texture": "#0"}
			}
		},
		{
			"from": [22.74002, -5.22985, 10.42993],
			"to": [23.38219, -4.66474, 10.99504],
			"rotation": {"angle": 45, "axis": "x", "origin": [23.05885, -4.95174, 10.71495]},
			"faces": {
				"north": {"uv": [1, 1, 0, 2], "texture": "#0"},
				"east": {"uv": [1, 1, 0, 2], "texture": "#0"},
				"south": {"uv": [1, 1, 0, 2], "texture": "#0"},
				"west": {"uv": [1, 1, 0, 2], "texture": "#0"},
				"up": {"uv": [1, 1, 2, 0], "rotation": 180, "texture": "#0"},
				"down": {"uv": [1, 1, 2, 0], "rotation": 180, "texture": "#0"}
			}
		},
		{
			"from": [22.74152, -4.28249, 8.84048],
			"to": [23.38369, -1.45694, 9.40559],
			"rotation": {"angle": -45, "axis": "x", "origin": [23.06037, -1.74394, 9.12058]},
			"faces": {
				"north": {"uv": [1, 0, 0, 5], "rotation": 180, "texture": "#0"},
				"east": {"uv": [2, 1, 1, 6], "texture": "#0"},
				"south": {"uv": [1, 0, 0, 5], "rotation": 180, "texture": "#0"},
				"west": {"uv": [2, 1, 1, 6], "texture": "#0"},
				"up": {"uv": [1, 2, 2, 1], "rotation": 180, "texture": "#0"},
				"down": {"uv": [1, 2, 2, 1], "rotation": 180, "texture": "#0"}
			}
		},
		{
			"from": [22.7414, -0.1643, 10.0781],
			"to": [23.38357, 0.40081, 10.64321],
			"rotation": {"angle": 22.5, "axis": "x", "origin": [23.06025, 0.12071, 10.35621]},
			"faces": {
				"north": {"uv": [1, 0, 0, 1], "texture": "#0"},
				"east": {"uv": [0, 1, 1, 0], "rotation": 270, "texture": "#0"},
				"south": {"uv": [1, 0, 0, 1], "rotation": 180, "texture": "#0"},
				"west": {"uv": [0, 1, 1, 0], "rotation": 90, "texture": "#0"},
				"up": {"uv": [0, 1, 1, 0], "rotation": 180, "texture": "#0"},
				"down": {"uv": [0, 1, 1, 0], "texture": "#0"}
			}
		},
		{
			"from": [22.73889, -5.4777, 9.1915],
			"to": [23.38106, -4.91259, 9.75661],
			"rotation": {"angle": 22.5, "axis": "x", "origin": [23.05774, -5.19761, 9.47851]},
			"faces": {
				"north": {"uv": [1, 0, 0, 1], "texture": "#0"},
				"east": {"uv": [1, 2, 2, 1], "rotation": 270, "texture": "#0"},
				"south": {"uv": [1, 0, 0, 1], "rotation": 180, "texture": "#0"},
				"west": {"uv": [1, 2, 2, 1], "rotation": 90, "texture": "#0"},
				"up": {"uv": [1, 2, 2, 1], "rotation": 180, "texture": "#0"},
				"down": {"uv": [1, 2, 2, 1], "texture": "#0"}
			}
		},
		{
			"from": [22.74145, -0.16425, 9.20458],
			"to": [23.38362, 0.40086, 9.76969],
			"rotation": {"angle": -22.5, "axis": "x", "origin": [23.06028, 0.12076, 9.49157]},
			"faces": {
				"north": {"uv": [1, 1, 0, 2], "texture": "#0"},
				"east": {"uv": [0, 2, 1, 1], "rotation": 270, "texture": "#0"},
				"south": {"uv": [1, 1, 0, 2], "rotation": 180, "texture": "#0"},
				"west": {"uv": [0, 2, 1, 1], "rotation": 90, "texture": "#0"},
				"up": {"uv": [0, 2, 1, 1], "rotation": 180, "texture": "#0"},
				"down": {"uv": [0, 2, 1, 1], "texture": "#0"}
			}
		},
		{
			"from": [22.73963, -5.47764, 10.0656],
			"to": [23.3818, -4.91253, 10.63071],
			"rotation": {"angle": -22.5, "axis": "x", "origin": [23.05847, -5.19755, 10.34371]},
			"faces": {
				"north": {"uv": [1, 1, 0, 2], "texture": "#0"},
				"east": {"uv": [1, 1, 2, 0], "rotation": 270, "texture": "#0"},
				"south": {"uv": [1, 1, 0, 2], "rotation": 180, "texture": "#0"},
				"west": {"uv": [1, 1, 2, 0], "rotation": 90, "texture": "#0"},
				"up": {"uv": [1, 1, 2, 0], "rotation": 180, "texture": "#0"},
				"down": {"uv": [1, 1, 2, 0], "texture": "#0"}
			}
		},
		{
			"from": [22.74142, -0.07917, 9.64134],
			"to": [23.38359, 0.48594, 10.20645],
			"rotation": {"angle": 0, "axis": "x", "origin": [23.06026, 0.20585, 9.91945]},
			"faces": {
				"north": {"uv": [1, 0, 0, 1], "texture": "#0"},
				"east": {"uv": [0, 1, 1, 0], "rotation": 270, "texture": "#0"},
				"south": {"uv": [1, 0, 0, 1], "rotation": 180, "texture": "#0"},
				"west": {"uv": [0, 1, 1, 0], "rotation": 90, "texture": "#0"},
				"up": {"uv": [0, 1, 1, 0], "rotation": 180, "texture": "#0"},
				"down": {"uv": [0, 1, 1, 0], "texture": "#0"}
			}
		},
		{
			"from": [22.73926, -5.56278, 9.62855],
			"to": [23.38143, -4.99767, 10.19366],
			"rotation": {"angle": 0, "axis": "x", "origin": [23.05811, -5.28269, 9.91556]},
			"faces": {
				"north": {"uv": [1, 0, 0, 1], "texture": "#0"},
				"east": {"uv": [1, 2, 2, 1], "rotation": 270, "texture": "#0"},
				"south": {"uv": [1, 0, 0, 1], "rotation": 180, "texture": "#0"},
				"west": {"uv": [1, 2, 2, 1], "rotation": 90, "texture": "#0"},
				"up": {"uv": [1, 2, 2, 1], "rotation": 180, "texture": "#0"},
				"down": {"uv": [1, 2, 2, 1], "texture": "#0"}
			}
		}
	],
	"display": {
		"thirdperson_righthand": {
			"rotation": [75, 14.25, 0],
			"translation": [-0.75, 1, 1],
			"scale": [0.20898, 0.20898, 0.20898]
		},
		"thirdperson_lefthand": {
			"rotation": [75, 14.25, 0],
			"translation": [-0.75, 1, 1],
			"scale": [0.20898, 0.20898, 0.20898]
		},
		"firstperson_righthand": {
			"rotation": [0, 109.75, 0],
			"translation": [0.5, 4, 0],
			"scale": [0.18125, 0.18125, 0.18125]
		},
		"firstperson_lefthand": {
			"rotation": [0, 109.75, 0],
			"translation": [0.5, 4, 0],
			"scale": [0.18125, 0.18125, 0.18125]
		},
		"ground": {
			"translation": [0, 3, 0],
			"scale": [0.25, 0.25, 0.25]
		},
		"gui": {
			"rotation": [30, -149, 0],
			"translation": [1, 3, 0],
			"scale": [0.375, 0.375, 0.375]
		},
		"head": {
			"translation": [0, 13.25, -1],
			"scale": [0.25391, 0.25391, 0.25391]
		},
		"fixed": {
			"rotation": [-90, 27.5, 0],
			"translation": [-2.75, -6.25, -46.75],
			"scale": [2, 2, 2]
		}
	},
	"groups": [
		{
			"name": "Door",
			"origin": [8, 8, 8],
			"children": [
				{
					"name": "Frame",
					"origin": [22.5, 23, 8],
					"children": [0, 1, 2, 3, 4, 5, 6, 7, 8, 9, 10, 11, 12, 13, 14, 15, 16, 17, 18, 19, 20, 21]
				},
				{
					"name": "Bars",
					"origin": [18.5, 23, 8],
					"children": [22, 23, 24, 25, 26, 27, 28, 29, 30, 31, 32, 33, 34, 35]
				},
				{
					"name": "Scroll",
					"origin": [7.97545, 7.54883, 11.19349],
					"children": [36, 37, 38, 39, 40, 41, 42, 43, 44, 45, 46, 47, 48, 49, 50, 51, 52, 53, 54, 55, 56]
				},
				{
					"name": "Scroll",
					"origin": [7.97545, 7.54883, 11.19349],
					"children": [57, 58, 59, 60, 61, 62, 63, 64, 65, 66, 67, 68, 69, 70, 71, 72, 73, 74, 75, 76, 77]
				}
			]
		}
	]
}