{
	"credit": "Made with Blockbench",
	"textures": {
		"0": "block/MizunoArchive/sea_lantern1",
		"1": "block/MizunoArchive/white_stained_glass",
		"2": "block/MizunoArchive/lead_knot",
		"particle": "block/MizunoArchive/sea_lantern1"
	},
	"elements": [
		{
			"name": "octagon",
			"from": [7.32997, 8.53, 14.44602],
			"to": [8.92003, 10.07, 14.69602],
			"rotation": {"angle": -22.5, "axis": "y", "origin": [8, 11.76, 8]},
			"faces": {
				"east": {"uv": [1, 14, 0, 15], "texture": "#0"},
				"south": {"uv": [1, 14, 0, 15], "texture": "#0"},
				"west": {"uv": [1, 14, 0, 15], "texture": "#0"},
				"up": {"uv": [1, 14, 0, 15], "texture": "#0"},
				"down": {"uv": [1, 14, 0, 15], "texture": "#0"}
			}
		},
		{
			"name": "octagon",
			"from": [7.07997, 8.53, 14.44602],
			"to": [8.67003, 10.07, 14.69602],
			"rotation": {"angle": 22.5, "axis": "y", "origin": [8, 11.76, 8]},
			"faces": {
				"east": {"uv": [0, 14, 1, 15], "texture": "#0"},
				"south": {"uv": [0, 14, 1, 15], "texture": "#0"},
				"west": {"uv": [0, 14, 1, 15], "texture": "#0"},
				"up": {"uv": [0, 14, 1, 15], "texture": "#0"},
				"down": {"uv": [0, 14, 1, 15], "texture": "#0"}
			}
		},
		{
			"name": "octagon",
			"from": [7.20803, 5.58, 14.80005],
			"to": [8.79808, 7.87, 15.05005],
			"rotation": {"angle": 0, "axis": "y", "origin": [5.61801, 9.28514, 14.11635]},
			"faces": {
				"north": {"uv": [1, 14, 0, 15], "texture": "#0"},
				"east": {"uv": [1, 14, 0, 15], "texture": "#0"},
				"south": {"uv": [1, 14, 0, 15], "texture": "#0"},
				"west": {"uv": [1, 14, 0, 15], "texture": "#0"},
				"up": {"uv": [1, 14, 0, 15], "texture": "#0"},
				"down": {"uv": [1, 14, 0, 15], "texture": "#0"}
			}
		},
		{
			"name": "octagon",
			"from": [5.32997, 1.53, 1.55398],
			"to": [10.67003, 13.07, 2.35974],
			"rotation": {"angle": 22.5, "axis": "y", "origin": [8, 11.76, 8]},
			"faces": {
				"north": {"uv": [3, 3, 13, 13], "texture": "#1"},
				"south": {"uv": [3, 3, 13, 13], "texture": "#1"},
				"up": {"uv": [3, 3, 13, 13], "texture": "#1"},
				"down": {"uv": [3, 3, 13, 13], "texture": "#1"}
			}
		},
		{
			"name": "octagon",
			"from": [5.94997, 0.29, 1.55398],
			"to": [10.05003, 1.53, 2.35974],
			"rotation": {"angle": 22.5, "axis": "y", "origin": [8, 11.14, 8]},
			"faces": {
				"north": {"uv": [3, 3, 13, 13], "texture": "#1"},
				"east": {"uv": [3, 3, 13, 13], "texture": "#1"},
				"south": {"uv": [3, 3, 13, 13], "texture": "#1"},
				"west": {"uv": [3, 3, 13, 13], "texture": "#1"},
				"down": {"uv": [3, 3, 13, 13], "texture": "#1"}
			}
		},
		{
			"name": "octagon",
			"from": [6.56997, -0.33, 1.55398],
			"to": [9.43003, 0.29, 2.35974],
			"rotation": {"angle": 22.5, "axis": "y", "origin": [8, 10.52, 8]},
			"faces": {
				"north": {"uv": [3, 3, 13, 13], "texture": "#1"},
				"east": {"uv": [3, 3, 13, 13], "texture": "#1"},
				"south": {"uv": [3, 3, 13, 13], "texture": "#1"},
				"west": {"uv": [3, 3, 13, 13], "texture": "#1"},
				"down": {"uv": [3, 3, 13, 13], "texture": "#1", "cullface": "down"}
			}
		},
		{
			"name": "octagon",
			"from": [5.32997, 1.53, 1.55398],
			"to": [10.67003, 13.07, 2.35974],
			"rotation": {"angle": -22.5, "axis": "y", "origin": [8, 11.76, 8]},
			"faces": {
				"north": {"uv": [3, 3, 13, 13], "texture": "#1"},
				"south": {"uv": [3, 3, 13, 13], "texture": "#1"},
				"up": {"uv": [3, 3, 13, 13], "texture": "#1"},
				"down": {"uv": [3, 3, 13, 13], "texture": "#1"}
			}
		},
		{
			"name": "octagon",
			"from": [5.94997, 0.29, 1.55398],
			"to": [10.05003, 1.53, 2.35974],
			"rotation": {"angle": -22.5, "axis": "y", "origin": [8, 13.93, 8]},
			"faces": {
				"north": {"uv": [3, 3, 13, 13], "texture": "#1"},
				"east": {"uv": [3, 3, 13, 13], "texture": "#1"},
				"south": {"uv": [3, 3, 13, 13], "texture": "#1"},
				"west": {"uv": [3, 3, 13, 13], "texture": "#1"},
				"down": {"uv": [3, 3, 13, 13], "texture": "#1"}
			}
		},
		{
			"name": "octagon",
			"from": [6.56997, -0.33, 1.55398],
			"to": [9.43003, 0.29, 2.35974],
			"rotation": {"angle": -22.5, "axis": "y", "origin": [8, 13.93, 8]},
			"faces": {
				"north": {"uv": [3, 3, 13, 13], "texture": "#1"},
				"east": {"uv": [3, 3, 13, 13], "texture": "#1"},
				"south": {"uv": [3, 3, 13, 13], "texture": "#1"},
				"west": {"uv": [3, 3, 13, 13], "texture": "#1"},
				"down": {"uv": [3, 3, 13, 13], "texture": "#1", "cullface": "down"}
			}
		},
		{
			"name": "octagon",
			"from": [5.32997, 1.53, 13.64026],
			"to": [10.67003, 13.07, 14.44602],
			"rotation": {"angle": 22.5, "axis": "y", "origin": [8, 11.76, 8]},
			"faces": {
				"north": {"uv": [3, 3, 13, 13], "texture": "#1"},
				"south": {"uv": [3, 3, 13, 13], "texture": "#1"},
				"up": {"uv": [3, 3, 13, 13], "texture": "#1"},
				"down": {"uv": [3, 3, 13, 13], "texture": "#1"}
			}
		},
		{
			"name": "octagon",
			"from": [5.94997, 0.29, 13.64026],
			"to": [10.05003, 1.53, 14.44602],
			"rotation": {"angle": 22.5, "axis": "y", "origin": [8, 11.76, 8]},
			"faces": {
				"north": {"uv": [3, 3, 13, 13], "texture": "#1"},
				"east": {"uv": [3, 3, 13, 13], "texture": "#1"},
				"south": {"uv": [3, 3, 13, 13], "texture": "#1"},
				"west": {"uv": [3, 3, 13, 13], "texture": "#1"},
				"down": {"uv": [3, 3, 13, 13], "texture": "#1"}
			}
		},
		{
			"name": "octagon",
			"from": [6.56997, -0.33, 13.64026],
			"to": [9.61603, 0.29, 14.44602],
			"rotation": {"angle": 22.5, "axis": "y", "origin": [8, 10.52, 8]},
			"faces": {
				"north": {"uv": [3, 3, 13, 13], "texture": "#1"},
				"east": {"uv": [3, 3, 13, 13], "texture": "#1"},
				"south": {"uv": [3, 3, 13, 13], "texture": "#1"},
				"west": {"uv": [3, 3, 13, 13], "texture": "#1"},
				"down": {"uv": [3, 3, 13, 13], "texture": "#1", "cullface": "down"}
			}
		},
		{
			"name": "octagon",
			"from": [5.32997, 1.53, 13.64026],
			"to": [10.67003, 13.07, 14.44602],
			"rotation": {"angle": -22.5, "axis": "y", "origin": [8, 11.76, 8]},
			"faces": {
				"north": {"uv": [3, 3, 13, 13], "texture": "#1"},
				"south": {"uv": [3, 3, 13, 13], "texture": "#1"},
				"up": {"uv": [3, 3, 13, 13], "texture": "#1"},
				"down": {"uv": [3, 3, 13, 13], "texture": "#1"}
			}
		},
		{
			"name": "octagon",
			"from": [5.94997, 0.29, 13.64026],
			"to": [10.05003, 1.53, 14.44602],
			"rotation": {"angle": -22.5, "axis": "y", "origin": [8, 11.76, 8]},
			"faces": {
				"north": {"uv": [3, 3, 13, 13], "texture": "#1"},
				"east": {"uv": [3, 3, 13, 13], "texture": "#1"},
				"south": {"uv": [3, 3, 13, 13], "texture": "#1"},
				"west": {"uv": [3, 3, 13, 13], "texture": "#1"},
				"down": {"uv": [3, 3, 13, 13], "texture": "#1"}
			}
		},
		{
			"name": "octagon",
			"from": [6.56997, -0.33, 13.64026],
			"to": [9.61603, 0.29, 14.44602],
			"rotation": {"angle": -22.5, "axis": "y", "origin": [8, 10.52, 8]},
			"faces": {
				"north": {"uv": [3, 3, 13, 13], "texture": "#1"},
				"east": {"uv": [3, 3, 13, 13], "texture": "#1"},
				"south": {"uv": [3, 3, 13, 13], "texture": "#1"},
				"west": {"uv": [3, 3, 13, 13], "texture": "#1"},
				"down": {"uv": [3, 3, 13, 13], "texture": "#1", "cullface": "down"}
			}
		},
		{
			"name": "octagon",
			"from": [1.55398, 1.53, 5.32997],
			"to": [2.35974, 13.07, 10.67003],
			"rotation": {"angle": 22.5, "axis": "y", "origin": [8, 11.76, 8]},
			"faces": {
				"east": {"uv": [3, 3, 13, 13], "texture": "#1"},
				"west": {"uv": [3, 3, 13, 13], "texture": "#1"},
				"up": {"uv": [3, 3, 13, 13], "texture": "#1"},
				"down": {"uv": [3, 3, 13, 13], "texture": "#1"}
			}
		},
		{
			"name": "octagon",
			"from": [1.55398, 0.29, 5.94997],
			"to": [2.35974, 1.53, 10.05003],
			"rotation": {"angle": 22.5, "axis": "y", "origin": [8, 11.76, 8]},
			"faces": {
				"north": {"uv": [3, 3, 13, 13], "texture": "#1"},
				"east": {"uv": [3, 3, 13, 13], "texture": "#1"},
				"south": {"uv": [3, 3, 13, 13], "texture": "#1"},
				"west": {"uv": [3, 3, 13, 13], "texture": "#1"},
				"down": {"uv": [3, 3, 13, 13], "texture": "#1"}
			}
		},
		{
			"name": "octagon",
			"from": [1.55398, -0.33, 6.56997],
			"to": [2.35974, 0.29, 9.43003],
			"rotation": {"angle": 22.5, "axis": "y", "origin": [8, 11.76, 8]},
			"faces": {
				"north": {"uv": [3, 3, 13, 13], "texture": "#1"},
				"east": {"uv": [3, 3, 13, 13], "texture": "#1"},
				"south": {"uv": [3, 3, 13, 13], "texture": "#1"},
				"west": {"uv": [3, 3, 13, 13], "texture": "#1"},
				"down": {"uv": [3, 3, 13, 13], "texture": "#1", "cullface": "down"}
			}
		},
		{
			"name": "octagon",
			"from": [1.55398, 1.53, 5.32997],
			"to": [2.35974, 13.07, 10.67003],
			"rotation": {"angle": -22.5, "axis": "y", "origin": [8, 11.76, 8]},
			"faces": {
				"east": {"uv": [3, 3, 13, 13], "texture": "#1"},
				"west": {"uv": [3, 3, 13, 13], "texture": "#1"},
				"up": {"uv": [3, 3, 13, 13], "texture": "#1"},
				"down": {"uv": [3, 3, 13, 13], "texture": "#1"}
			}
		},
		{
			"name": "octagon",
			"from": [1.55398, 0.29, 5.94997],
			"to": [2.35974, 1.53, 10.05003],
			"rotation": {"angle": -22.5, "axis": "y", "origin": [8, 11.14, 8]},
			"faces": {
				"north": {"uv": [3, 3, 13, 13], "texture": "#1"},
				"east": {"uv": [3, 3, 13, 13], "texture": "#1"},
				"south": {"uv": [3, 3, 13, 13], "texture": "#1"},
				"west": {"uv": [3, 3, 13, 13], "texture": "#1"},
				"down": {"uv": [3, 3, 13, 13], "texture": "#1"}
			}
		},
		{
			"name": "octagon",
			"from": [1.55398, -0.33, 6.56997],
			"to": [2.35974, 0.29, 9.43003],
			"rotation": {"angle": -22.5, "axis": "y", "origin": [8, 10.52, 8]},
			"faces": {
				"north": {"uv": [3, 3, 13, 13], "texture": "#1"},
				"east": {"uv": [3, 3, 13, 13], "texture": "#1"},
				"south": {"uv": [3, 3, 13, 13], "texture": "#1"},
				"west": {"uv": [3, 3, 13, 13], "texture": "#1"},
				"down": {"uv": [3, 3, 13, 13], "texture": "#1", "cullface": "down"}
			}
		},
		{
			"name": "octagon",
			"from": [13.64026, 1.53, 5.32997],
			"to": [14.44602, 13.07, 10.67003],
			"rotation": {"angle": 22.5, "axis": "y", "origin": [8, 11.76, 8]},
			"faces": {
				"east": {"uv": [3, 3, 13, 13], "texture": "#1"},
				"west": {"uv": [3, 3, 13, 13], "texture": "#1"},
				"up": {"uv": [3, 3, 13, 13], "texture": "#1"},
				"down": {"uv": [3, 3, 13, 13], "texture": "#1"}
			}
		},
		{
			"name": "octagon",
			"from": [13.64026, 0.29, 5.94997],
			"to": [14.44602, 1.53, 10.05003],
			"rotation": {"angle": 22.5, "axis": "y", "origin": [8, 13.93, 8]},
			"faces": {
				"north": {"uv": [3, 3, 13, 13], "texture": "#1"},
				"east": {"uv": [3, 3, 13, 13], "texture": "#1"},
				"south": {"uv": [3, 3, 13, 13], "texture": "#1"},
				"west": {"uv": [3, 3, 13, 13], "texture": "#1"},
				"down": {"uv": [3, 3, 13, 13], "texture": "#1"}
			}
		},
		{
			"name": "octagon",
			"from": [13.64026, -0.33, 6.56997],
			"to": [14.44602, 0.29, 9.43003],
			"rotation": {"angle": 22.5, "axis": "y", "origin": [8, 13.93, 8]},
			"faces": {
				"north": {"uv": [3, 3, 13, 13], "texture": "#1"},
				"east": {"uv": [3, 3, 13, 13], "texture": "#1"},
				"south": {"uv": [3, 3, 13, 13], "texture": "#1"},
				"west": {"uv": [3, 3, 13, 13], "texture": "#1"},
				"down": {"uv": [3, 3, 13, 13], "texture": "#1", "cullface": "down"}
			}
		},
		{
			"name": "octagon",
			"from": [13.64026, 1.53, 5.32997],
			"to": [14.44602, 13.07, 10.67003],
			"rotation": {"angle": -22.5, "axis": "y", "origin": [8, 11.76, 8]},
			"faces": {
				"east": {"uv": [3, 3, 13, 13], "texture": "#1"},
				"west": {"uv": [3, 3, 13, 13], "texture": "#1"},
				"up": {"uv": [3, 3, 13, 13], "texture": "#1"},
				"down": {"uv": [3, 3, 13, 13], "texture": "#1"}
			}
		},
		{
			"name": "octagon",
			"from": [15.64026, -3.47, 5.32997],
			"to": [17.44602, 1.82, 10.67003],
			"rotation": {"angle": 45, "axis": "z", "origin": [8, 0.76, 8]},
			"faces": {
				"north": {"uv": [3, 3, 13, 13], "texture": "#1"},
				"east": {"uv": [3, 3, 13, 13], "texture": "#1"},
				"south": {"uv": [3, 3, 13, 13], "texture": "#1"},
				"west": {"uv": [3, 3, 13, 13], "texture": "#1"},
				"up": {"uv": [3, 3, 13, 13], "texture": "#1"},
				"down": {"uv": [3, 3, 13, 13], "texture": "#1", "cullface": "east"}
			}
		},
		{
			"name": "octagon",
			"from": [-1.44602, -3.47, 5.32997],
			"to": [0.35974, 1.82, 10.67003],
			"rotation": {"angle": -45, "axis": "z", "origin": [8, 0.76, 8]},
			"faces": {
				"north": {"uv": [13, 3, 3, 13], "texture": "#1"},
				"east": {"uv": [13, 3, 3, 13], "texture": "#1"},
				"south": {"uv": [13, 3, 3, 13], "texture": "#1"},
				"west": {"uv": [13, 3, 3, 13], "texture": "#1"},
				"up": {"uv": [13, 3, 3, 13], "texture": "#1"},
				"down": {"uv": [13, 3, 3, 13], "texture": "#1", "cullface": "west"}
			}
		},
		{
			"name": "octagon",
			"from": [15.64026, -4.47, 6.32997],
			"to": [17.44602, -3.47, 9.67003],
			"rotation": {"angle": 45, "axis": "z", "origin": [8, 0.76, 8]},
			"faces": {
				"north": {"uv": [3, 3, 13, 13], "texture": "#1", "cullface": "east"},
				"east": {"uv": [3, 3, 13, 13], "texture": "#1", "cullface": "east"},
				"south": {"uv": [3, 3, 13, 13], "texture": "#1", "cullface": "east"},
				"west": {"uv": [3, 3, 13, 13], "texture": "#1", "cullface": "east"},
				"down": {"uv": [3, 3, 13, 13], "texture": "#1", "cullface": "east"}
			}
		},
		{
			"name": "octagon",
			"from": [-1.44602, -4.47, 6.32997],
			"to": [0.35974, -3.47, 9.67003],
			"rotation": {"angle": -45, "axis": "z", "origin": [8, 0.76, 8]},
			"faces": {
				"north": {"uv": [13, 3, 3, 13], "texture": "#1", "cullface": "west"},
				"east": {"uv": [13, 3, 3, 13], "texture": "#1", "cullface": "west"},
				"south": {"uv": [13, 3, 3, 13], "texture": "#1", "cullface": "west"},
				"west": {"uv": [13, 3, 3, 13], "texture": "#1", "cullface": "west"},
				"down": {"uv": [13, 3, 3, 13], "texture": "#1", "cullface": "west"}
			}
		},
		{
			"name": "octagon",
			"from": [13.64026, 0.29, 5.94997],
			"to": [14.44602, 1.53, 10.05003],
			"rotation": {"angle": -22.5, "axis": "y", "origin": [8, 11.76, 8]},
			"faces": {
				"north": {"uv": [3, 3, 13, 13], "texture": "#1"},
				"east": {"uv": [3, 3, 13, 13], "texture": "#1"},
				"south": {"uv": [3, 3, 13, 13], "texture": "#1"},
				"west": {"uv": [3, 3, 13, 13], "texture": "#1"},
				"down": {"uv": [3, 3, 13, 13], "texture": "#1"}
			}
		},
		{
			"name": "octagon",
			"from": [13.64026, -0.33, 6.56997],
			"to": [14.44602, 0.29, 9.43003],
			"rotation": {"angle": -22.5, "axis": "y", "origin": [8, 10.52, 8]},
			"faces": {
				"north": {"uv": [3, 3, 13, 13], "texture": "#1"},
				"east": {"uv": [3, 3, 13, 13], "texture": "#1"},
				"south": {"uv": [3, 3, 13, 13], "texture": "#1"},
				"west": {"uv": [3, 3, 13, 13], "texture": "#1"},
				"down": {"uv": [3, 3, 13, 13], "texture": "#1", "cullface": "down"}
			}
		},
		{
			"name": "octagon",
			"from": [5.65787, 13.07, 2.3456],
			"to": [10.34213, 14.31, 3.0524],
			"rotation": {"angle": 22.5, "axis": "y", "origin": [8, 14, 8]},
			"faces": {
				"north": {"uv": [3, 3, 13, 13], "texture": "#1"},
				"south": {"uv": [3, 3, 13, 13], "texture": "#1"},
				"up": {"uv": [3, 3, 13, 13], "texture": "#1"},
				"down": {"uv": [3, 3, 13, 13], "texture": "#1"}
			}
		},
		{
			"name": "octagon",
			"from": [5.65787, 13.07, 2.3456],
			"to": [10.34213, 14.31, 3.0524],
			"rotation": {"angle": -22.5, "axis": "y", "origin": [8, 14, 8]},
			"faces": {
				"north": {"uv": [3, 3, 13, 13], "texture": "#1"},
				"south": {"uv": [3, 3, 13, 13], "texture": "#1"},
				"up": {"uv": [3, 3, 13, 13], "texture": "#1"},
				"down": {"uv": [3, 3, 13, 13], "texture": "#1"}
			}
		},
		{
			"name": "octagon",
			"from": [5.65787, 13.07, 12.9476],
			"to": [10.34213, 14.31, 13.6544],
			"rotation": {"angle": 22.5, "axis": "y", "origin": [8, 14, 8]},
			"faces": {
				"north": {"uv": [3, 3, 13, 13], "texture": "#1"},
				"south": {"uv": [3, 3, 13, 13], "texture": "#1"},
				"up": {"uv": [3, 3, 13, 13], "texture": "#1"},
				"down": {"uv": [3, 3, 13, 13], "texture": "#1"}
			}
		},
		{
			"name": "octagon",
			"from": [5.65787, 13.07, 12.9476],
			"to": [10.34213, 14.31, 13.6544],
			"rotation": {"angle": -22.5, "axis": "y", "origin": [8, 14, 8]},
			"faces": {
				"north": {"uv": [3, 3, 13, 13], "texture": "#1"},
				"south": {"uv": [3, 3, 13, 13], "texture": "#1"},
				"up": {"uv": [3, 3, 13, 13], "texture": "#1"},
				"down": {"uv": [3, 3, 13, 13], "texture": "#1"}
			}
		},
		{
			"name": "octagon",
			"from": [2.3456, 13.07, 5.65787],
			"to": [3.0524, 14.31, 10.34213],
			"rotation": {"angle": 22.5, "axis": "y", "origin": [8, 14, 8]},
			"faces": {
				"east": {"uv": [3, 3, 13, 13], "texture": "#1"},
				"west": {"uv": [3, 3, 13, 13], "texture": "#1"},
				"up": {"uv": [3, 3, 13, 13], "texture": "#1"},
				"down": {"uv": [3, 3, 13, 13], "texture": "#1"}
			}
		},
		{
			"name": "octagon",
			"from": [2.3456, 13.07, 5.65787],
			"to": [3.0524, 14.31, 10.34213],
			"rotation": {"angle": -22.5, "axis": "y", "origin": [8, 14, 8]},
			"faces": {
				"east": {"uv": [3, 3, 13, 13], "texture": "#1"},
				"west": {"uv": [3, 3, 13, 13], "texture": "#1"},
				"up": {"uv": [3, 3, 13, 13], "texture": "#1"},
				"down": {"uv": [3, 3, 13, 13], "texture": "#1"}
			}
		},
		{
			"name": "octagon",
			"from": [12.9476, 13.07, 5.65787],
			"to": [13.6544, 14.31, 10.34213],
			"rotation": {"angle": 22.5, "axis": "y", "origin": [8, 14, 8]},
			"faces": {
				"east": {"uv": [3, 3, 13, 13], "texture": "#1"},
				"west": {"uv": [3, 3, 13, 13], "texture": "#1"},
				"up": {"uv": [3, 3, 13, 13], "texture": "#1"},
				"down": {"uv": [3, 3, 13, 13], "texture": "#1"}
			}
		},
		{
			"name": "octagon",
			"from": [12.9476, 13.07, 5.65787],
			"to": [13.6544, 14.31, 10.34213],
			"rotation": {"angle": -22.5, "axis": "y", "origin": [8, 14, 8]},
			"faces": {
				"east": {"uv": [3, 3, 13, 13], "texture": "#1"},
				"west": {"uv": [3, 3, 13, 13], "texture": "#1"},
				"up": {"uv": [3, 3, 13, 13], "texture": "#1"},
				"down": {"uv": [3, 3, 13, 13], "texture": "#1"}
			}
		},
		{
			"name": "octagon",
			"from": [5.9455, 14.31, 3.04],
			"to": [10.0545, 14.93, 3.66],
			"rotation": {"angle": 22.5, "axis": "y", "origin": [8, 14.62, 8]},
			"faces": {
				"north": {"uv": [3, 3, 13, 13], "texture": "#1"},
				"south": {"uv": [3, 3, 13, 13], "texture": "#1"},
				"up": {"uv": [3, 3, 13, 13], "texture": "#1"},
				"down": {"uv": [3, 3, 13, 13], "texture": "#1"}
			}
		},
		{
			"name": "octagon",
			"from": [5.9455, 14.31, 3.04],
			"to": [10.0545, 14.93, 3.66],
			"rotation": {"angle": -22.5, "axis": "y", "origin": [8, 14.62, 8]},
			"faces": {
				"north": {"uv": [3, 3, 13, 13], "texture": "#1"},
				"south": {"uv": [3, 3, 13, 13], "texture": "#1"},
				"up": {"uv": [3, 3, 13, 13], "texture": "#1"},
				"down": {"uv": [3, 3, 13, 13], "texture": "#1"}
			}
		},
		{
			"name": "octagon",
			"from": [5.9455, 14.31, 12.34],
			"to": [10.0545, 14.93, 12.96],
			"rotation": {"angle": 22.5, "axis": "y", "origin": [8, 14.62, 8]},
			"faces": {
				"north": {"uv": [3, 3, 13, 13], "texture": "#1"},
				"south": {"uv": [3, 3, 13, 13], "texture": "#1"},
				"up": {"uv": [3, 3, 13, 13], "texture": "#1"},
				"down": {"uv": [3, 3, 13, 13], "texture": "#1"}
			}
		},
		{
			"name": "octagon",
			"from": [5.9455, 14.31, 12.34],
			"to": [10.0545, 14.93, 12.96],
			"rotation": {"angle": -22.5, "axis": "y", "origin": [8, 14.62, 8]},
			"faces": {
				"north": {"uv": [3, 3, 13, 13], "texture": "#1"},
				"south": {"uv": [3, 3, 13, 13], "texture": "#1"},
				"up": {"uv": [3, 3, 13, 13], "texture": "#1"},
				"down": {"uv": [3, 3, 13, 13], "texture": "#1"}
			}
		},
		{
			"name": "octagon",
			"from": [3.04, 14.31, 5.9455],
			"to": [3.66, 14.93, 10.0545],
			"rotation": {"angle": 22.5, "axis": "y", "origin": [8, 14.62, 8]},
			"faces": {
				"east": {"uv": [3, 3, 13, 13], "texture": "#1"},
				"west": {"uv": [3, 3, 13, 13], "texture": "#1"},
				"up": {"uv": [3, 3, 13, 13], "texture": "#1"},
				"down": {"uv": [3, 3, 13, 13], "texture": "#1"}
			}
		},
		{
			"name": "octagon",
			"from": [3.04, 14.31, 5.9455],
			"to": [3.66, 14.93, 10.0545],
			"rotation": {"angle": -22.5, "axis": "y", "origin": [8, 14.62, 8]},
			"faces": {
				"east": {"uv": [3, 3, 13, 13], "texture": "#1"},
				"west": {"uv": [3, 3, 13, 13], "texture": "#1"},
				"up": {"uv": [3, 3, 13, 13], "texture": "#1"},
				"down": {"uv": [3, 3, 13, 13], "texture": "#1"}
			}
		},
		{
			"name": "octagon",
			"from": [12.34, 14.31, 5.9455],
			"to": [12.96, 14.93, 10.0545],
			"rotation": {"angle": 22.5, "axis": "y", "origin": [8, 14.62, 8]},
			"faces": {
				"east": {"uv": [3, 3, 13, 13], "texture": "#1"},
				"west": {"uv": [3, 3, 13, 13], "texture": "#1"},
				"up": {"uv": [3, 3, 13, 13], "texture": "#1"},
				"down": {"uv": [3, 3, 13, 13], "texture": "#1"}
			}
		},
		{
			"name": "octagon",
			"from": [12.34, 14.31, 5.9455],
			"to": [12.96, 14.93, 10.0545],
			"rotation": {"angle": -22.5, "axis": "y", "origin": [8, 14.62, 8]},
			"faces": {
				"east": {"uv": [3, 3, 13, 13], "texture": "#1"},
				"west": {"uv": [3, 3, 13, 13], "texture": "#1"},
				"up": {"uv": [3, 3, 13, 13], "texture": "#1"},
				"down": {"uv": [3, 3, 13, 13], "texture": "#1"}
			}
		},
		{
			"name": "octagon",
			"from": [6.20519, 14.8872, 3.66694],
			"to": [9.79481, 15.532, 12.33306],
			"rotation": {"angle": 22.5, "axis": "y", "origin": [8, 15.2096, 8]},
			"faces": {
				"north": {"uv": [3, 3, 13, 13], "texture": "#1"},
				"south": {"uv": [3, 3, 13, 13], "texture": "#1"},
				"up": {"uv": [3, 3, 13, 13], "texture": "#1"},
				"down": {"uv": [3, 3, 13, 13], "texture": "#1"}
			}
		},
		{
			"name": "octagon",
			"from": [7.65, 15.4872, 7.65],
			"to": [8.35, 23.4872, 8.35],
			"rotation": {"angle": 0, "axis": "y", "origin": [9.29481, 15.8096, 11.83306]},
			"faces": {
				"north": {"uv": [7, 3, 8, 7], "texture": "#2"},
				"east": {"uv": [7, 3, 8, 7], "texture": "#2"},
				"south": {"uv": [7, 3, 8, 7], "texture": "#2"},
				"west": {"uv": [7, 3, 8, 7], "texture": "#2"},
				"down": {"uv": [7, 3, 8, 7], "texture": "#2"}
			}
		},
		{
			"name": "octagon",
			"from": [7.65, 23.4872, 7.65],
			"to": [8.35, 31.4872, 8.35],
			"rotation": {"angle": 0, "axis": "y", "origin": [9.29481, 23.8096, 11.83306]},
			"faces": {
				"north": {"uv": [7, 3, 8, 7], "texture": "#2", "cullface": "up"},
				"east": {"uv": [7, 3, 8, 7], "texture": "#2", "cullface": "up"},
				"south": {"uv": [7, 3, 8, 7], "texture": "#2", "cullface": "up"},
				"west": {"uv": [7, 3, 8, 7], "texture": "#2", "cullface": "up"},
				"up": {"uv": [7, 3, 8, 7], "texture": "#2", "cullface": "up"}
			}
		},
		{
			"name": "octagon",
			"from": [6.20519, 14.8872, 3.66694],
			"to": [9.79481, 15.532, 12.33306],
			"rotation": {"angle": -22.5, "axis": "y", "origin": [8, 15.2096, 8]},
			"faces": {
				"north": {"uv": [3, 3, 13, 13], "texture": "#1"},
				"south": {"uv": [3, 3, 13, 13], "texture": "#1"},
				"up": {"uv": [3, 3, 13, 13], "texture": "#1"},
				"down": {"uv": [3, 3, 13, 13], "texture": "#1"}
			}
		},
		{
			"name": "octagon",
			"from": [3.66694, 14.8872, 6.20519],
			"to": [12.33306, 15.532, 9.79481],
			"rotation": {"angle": 22.5, "axis": "y", "origin": [8, 15.2096, 8]},
			"faces": {
				"east": {"uv": [3, 3, 13, 13], "texture": "#1"},
				"west": {"uv": [3, 3, 13, 13], "texture": "#1"},
				"up": {"uv": [3, 3, 13, 13], "texture": "#1"},
				"down": {"uv": [3, 3, 13, 13], "texture": "#1"}
			}
		},
		{
			"name": "octagon",
			"from": [3.66694, 14.8872, 6.20519],
			"to": [12.33306, 15.532, 9.79481],
			"rotation": {"angle": -22.5, "axis": "y", "origin": [8, 15.2096, 8]},
			"faces": {
				"east": {"uv": [3, 3, 13, 13], "texture": "#1"},
				"west": {"uv": [3, 3, 13, 13], "texture": "#1"},
				"up": {"uv": [3, 3, 13, 13], "texture": "#1"},
				"down": {"uv": [3, 3, 13, 13], "texture": "#1"}
			}
		},
		{
			"name": "octagon",
			"from": [6.48131, 7.8, 4.33357],
			"to": [9.51869, 15.24, 11.66643],
			"rotation": {"angle": 22.5, "axis": "y", "origin": [8, 9.04, 8]},
			"faces": {
				"north": {"uv": [4, 4, 12.078, 13], "texture": "#0"},
				"south": {"uv": [4, 4, 12.078, 13], "texture": "#0"},
				"down": {"uv": [4, 4, 5, 5], "texture": "#0"}
			}
		},
		{
			"name": "octagon",
			"from": [6.48131, 7.8, 4.33357],
			"to": [9.51869, 15.24, 11.66643],
			"rotation": {"angle": -22.5, "axis": "y", "origin": [8, 9.04, 8]},
			"faces": {
				"north": {"uv": [4, 4, 12.078, 13], "texture": "#0"},
				"south": {"uv": [4, 4, 12.078, 13], "texture": "#0"},
				"down": {"uv": [4, 4, 5, 5], "texture": "#0"}
			}
		},
		{
			"name": "octagon",
			"from": [4.33357, 7.8, 6.48131],
			"to": [11.66643, 15.24, 9.51869],
			"rotation": {"angle": 22.5, "axis": "y", "origin": [8, 9.04, 8]},
			"faces": {
				"east": {"uv": [4, 4, 12.078, 13], "texture": "#0"},
				"west": {"uv": [4, 4, 12.078, 13], "texture": "#0"},
				"down": {"uv": [4, 4, 5, 5], "texture": "#0"}
			}
		},
		{
			"name": "octagon",
			"from": [4.33357, 7.8, 6.48131],
			"to": [11.66643, 15.24, 9.51869],
			"rotation": {"angle": -22.5, "axis": "y", "origin": [8, 9.04, 8]},
			"faces": {
				"east": {"uv": [4, 4, 12.078, 13], "texture": "#0"},
				"west": {"uv": [4, 4, 12.078, 13], "texture": "#0"},
				"down": {"uv": [4, 4, 5, 5], "texture": "#0"}
			}
		},
		{
			"name": "octagon",
			"from": [6.19204, 9.04, 3.6352],
			"to": [9.80796, 14, 12.3648],
			"rotation": {"angle": 22.5, "axis": "y", "origin": [8, 9.04, 8]},
			"faces": {
				"north": {"uv": [4, 4, 9.83213, 12], "texture": "#0"},
				"south": {"uv": [4, 4, 9.83213, 12], "texture": "#0"},
				"up": {"uv": [4, 3, 12.079, 13], "texture": "#0"},
				"down": {"uv": [4, 4, 5, 5], "texture": "#0"}
			}
		},
		{
			"name": "octagon",
			"from": [6.19204, 9.04, 3.6352],
			"to": [9.80796, 14, 12.3648],
			"rotation": {"angle": -22.5, "axis": "y", "origin": [8, 9.04, 8]},
			"faces": {
				"north": {"uv": [4, 4, 9.83213, 12], "texture": "#0"},
				"south": {"uv": [4, 4, 9.83213, 12], "texture": "#0"},
				"up": {"uv": [4, 3, 12.079, 13], "texture": "#0"},
				"down": {"uv": [4, 4, 5, 5], "texture": "#0"}
			}
		},
		{
			"name": "octagon",
			"from": [3.6352, 9.04, 6.19204],
			"to": [12.3648, 14, 9.80796],
			"rotation": {"angle": 22.5, "axis": "y", "origin": [8, 9.04, 8]},
			"faces": {
				"east": {"uv": [4, 3, 12.079, 13], "texture": "#0"},
				"west": {"uv": [4, 3, 12.079, 13], "texture": "#0"},
				"up": {"uv": [4, 3, 12.079, 13], "texture": "#0"},
				"down": {"uv": [4, 4, 5, 5], "texture": "#0"}
			}
		},
		{
			"name": "octagon",
			"from": [3.6352, 9.04, 6.19204],
			"to": [12.3648, 14, 9.80796],
			"rotation": {"angle": -22.5, "axis": "y", "origin": [8, 9.04, 8]},
			"faces": {
				"east": {"uv": [4, 3, 12.079, 13], "texture": "#0"},
				"west": {"uv": [4, 3, 12.079, 13], "texture": "#0"},
				"up": {"uv": [4, 3, 12.079, 13], "texture": "#0"},
				"down": {"uv": [4, 4, 5, 5], "texture": "#0"}
			}
		}
	],
	"display": {
		"thirdperson_righthand": {
			"rotation": [75, -153, 3.5],
			"translation": [0, -3, -7],
			"scale": [0.375, 0.375, 0.375]
		},
		"thirdperson_lefthand": {
			"rotation": [75, -153, 3.5],
			"translation": [0, -3, -7],
			"scale": [0.375, 0.375, 0.375]
		},
		"firstperson_righthand": {
			"rotation": [-9, -49, -4.75],
			"translation": [1, 3.75, 0],
			"scale": [0.23398, 0.23398, 0.23398]
		},
		"firstperson_lefthand": {
			"rotation": [-9, -49, -4.75],
			"translation": [1, 3.75, 0],
			"scale": [0.23398, 0.23398, 0.23398]
		},
		"ground": {
			"translation": [0, 3, 0],
			"scale": [0.58594, 0.58594, 0.58594]
		},
		"gui": {
			"rotation": [30, 21, 0],
			"translation": [0, -1.25, 0],
			"scale": [0.46094, 0.46094, 0.46094]
		},
		"head": {
			"rotation": [0, -180, 0],
			"translation": [0, 15.5, 0],
			"scale": [0.76367, 0.76367, 0.76367]
		},
		"fixed": {
			"rotation": [90, 0, 0],
			"translation": [0, 0, -46],
			"scale": [2, 2, 2]
		}
	},
	"groups": [
		{
			"name": "group",
			"origin": [8, 8, 8],
			"children": [
				{
					"name": "face",
					"origin": [5.61801, 3.28514, 14.11635],
					"children": [0, 1, 2]
				},
				{
					"name": "octagon",
					"origin": [8, 8, 8],
					"children": [3, 4, 5, 6, 7, 8, 9, 10, 11, 12, 13, 14, 15, 16, 17, 18, 19, 20, 21, 22, 23, 24, 25, 26, 27, 28, 29, 30]
				},
				{
					"name": "octagon",
					"origin": [8, 8, 8],
					"children": [31, 32, 33, 34, 35, 36, 37, 38]
				},
				{
					"name": "octagon",
					"origin": [8, 8, 8],
					"children": [39, 40, 41, 42, 43, 44, 45, 46]
				},
				{
					"name": "octagon",
					"origin": [8, 8, 8],
					"children": [47, 48, 49, 50, 51, 52]
				},
				{
					"name": "octagon",
					"origin": [8, 8, 8],
					"children": [53, 54, 55, 56]
				},
				{
					"name": "octagon",
					"origin": [8, 8, 8],
					"children": [57, 58, 59, 60]
				}
			]
		}
	]
}