{
	"credit": "Made with Blockbench",
	"textures": {
		"1": "block/faerielights_1",
		"2": "block/MizunoArchive/lead_knot",
		"particle": "block/faerielights_1"
	},
	"elements": [
		{
			"name": "octagon",
			"from": [11.76694, 15.4872, 11.52842],
			"to": [12.10994, 23.4872, 11.87142],
			"rotation": {"angle": 22.5, "axis": "y", "origin": [11.1795, 15.318, 11.95855]},
			"faces": {
				"north": {"uv": [7, 3, 8, 7], "texture": "#2"},
				"east": {"uv": [7, 3, 8, 7], "texture": "#2"},
				"south": {"uv": [7, 3, 8, 7], "texture": "#2"},
				"west": {"uv": [7, 3, 8, 7], "texture": "#2"},
				"down": {"uv": [7, 3, 8, 7], "texture": "#2"}
			}
		},
		{
			"name": "octagon",
			"from": [11.76694, 23.4872, 11.52842],
			"to": [12.10994, 31.4872, 11.87142],
			"rotation": {"angle": 22.5, "axis": "y", "origin": [11.1795, 15.318, 11.95855]},
			"faces": {
				"north": {"uv": [7, 3, 8, 7], "texture": "#2", "cullface": "up"},
				"east": {"uv": [7, 3, 8, 7], "texture": "#2", "cullface": "up"},
				"south": {"uv": [7, 3, 8, 7], "texture": "#2", "cullface": "up"},
				"west": {"uv": [7, 3, 8, 7], "texture": "#2", "cullface": "up"},
				"up": {"uv": [7, 3, 8, 7], "texture": "#2", "cullface": "up"}
			}
		},
		{
			"from": [9.95, 9.42748, 10.31738],
			"to": [14.05, 14.14248, 12.36738],
			"rotation": {"angle": 22.5, "axis": "y", "origin": [11.98723, 15.318, 12.01234]},
			"faces": {
				"north": {"uv": [6.689, 4.113, 7.475, 2.951], "rotation": 180, "texture": "#1"},
				"east": {"uv": [7.475, 2.951, 6.689, 4.113], "texture": "#1"},
				"south": {"uv": [6.689, 4.113, 7.475, 2.951], "rotation": 180, "texture": "#1"},
				"west": {"uv": [7.475, 2.951, 6.689, 4.113], "texture": "#1"},
				"up": {"uv": [6.721, 3.326, 7.441, 2.951], "texture": "#1"},
				"down": {"uv": [6.721, 3.326, 7.441, 2.951], "texture": "#1"}
			}
		},
		{
			"from": [10.565, 8.40248, 10.72738],
			"to": [13.435, 9.42748, 12.77738],
			"rotation": {"angle": 22.5, "axis": "y", "origin": [11.98723, 15.318, 12.01234]},
			"faces": {
				"north": {"uv": [6.689, 3.293, 7.475, 2.951], "rotation": 180, "texture": "#1"},
				"east": {"uv": [7.475, 2.951, 6.689, 3.293], "texture": "#1"},
				"south": {"uv": [6.689, 3.293, 7.475, 2.951], "rotation": 180, "texture": "#1"},
				"west": {"uv": [7.475, 2.951, 6.689, 3.293], "texture": "#1"},
				"up": {"uv": [6.689, 3.293, 7.475, 2.951], "texture": "#1"},
				"down": {"uv": [6.689, 3.293, 7.475, 2.951], "texture": "#1"}
			}
		},
		{
			"from": [10.524, 14.14248, 9.90738],
			"to": [13.476, 16.60248, 12.77738],
			"rotation": {"angle": 22.5, "axis": "y", "origin": [11.98723, 15.318, 12.01234]},
			"faces": {
				"north": {"uv": [6.59, 2.67, 7.179, 2.328], "rotation": 180, "texture": "#1"},
				"east": {"uv": [7.475, 2.951, 6.689, 3.293], "texture": "#1"},
				"south": {"uv": [6.689, 3.293, 7.475, 2.951], "rotation": 180, "texture": "#1"},
				"west": {"uv": [7.475, 2.951, 6.689, 3.293], "texture": "#1"},
				"up": {"uv": [6.689, 3.293, 7.475, 2.951], "texture": "#1"},
				"down": {"uv": [6.689, 3.293, 7.475, 2.951], "texture": "#1"}
			}
		},
		{
			"from": [4.14321, 9.42466, 10.86767],
			"to": [10.29321, 14.75466, 10.86767],
			"rotation": {"angle": 45, "axis": "y", "origin": [11.98723, 15.318, 12.01234]},
			"faces": {
				"north": {"uv": [9.098, 2.263, 7.967, 3.263], "texture": "#1"},
				"east": {"uv": [7.475, 4.113, 6.689, 2.951], "rotation": 180, "texture": "#1"},
				"south": {"uv": [7.967, 2.263, 9.098, 3.263], "texture": "#1"},
				"west": {"uv": [7.475, 4.113, 6.689, 2.951], "rotation": 180, "texture": "#1"},
				"up": {"uv": [6.721, 2.951, 7.441, 3.326], "texture": "#1"},
				"down": {"uv": [6.721, 2.951, 7.441, 3.326], "texture": "#1"}
			}
		},
		{
			"from": [13.70484, 9.42466, 10.85789],
			"to": [19.85484, 14.75466, 10.85789],
			"rotation": {"angle": 0, "axis": "y", "origin": [11.98723, 15.318, 12.01234]},
			"faces": {
				"north": {"uv": [7.967, 2.263, 9.098, 3.263], "texture": "#1"},
				"east": {"uv": [6.689, 4.113, 7.475, 2.951], "rotation": 180, "texture": "#1"},
				"south": {"uv": [9.098, 2.263, 7.967, 3.263], "texture": "#1"},
				"west": {"uv": [6.689, 4.113, 7.475, 2.951], "rotation": 180, "texture": "#1"},
				"up": {"uv": [7.441, 2.951, 6.721, 3.326], "texture": "#1"},
				"down": {"uv": [7.441, 2.951, 6.721, 3.326], "texture": "#1"}
			}
		},
		{
			"name": "octagon",
			"from": [2.78561, 7.4872, 5.76748],
			"to": [3.10901, 15.4872, 6.09088],
			"rotation": {"angle": -22.5, "axis": "y", "origin": [4.69229, 7.31801, 6.68096]},
			"faces": {
				"north": {"uv": [7, 3, 8, 7], "texture": "#2"},
				"east": {"uv": [7, 3, 8, 7], "texture": "#2"},
				"south": {"uv": [7, 3, 8, 7], "texture": "#2"},
				"west": {"uv": [7, 3, 8, 7], "texture": "#2"},
				"down": {"uv": [7, 3, 8, 7], "texture": "#2"}
			}
		},
		{
			"name": "octagon",
			"from": [2.78561, 15.4872, 5.76748],
			"to": [3.10901, 23.4872, 6.09088],
			"rotation": {"angle": -22.5, "axis": "y", "origin": [4.69229, 7.31801, 6.68096]},
			"faces": {
				"north": {"uv": [7, 3, 8, 7], "texture": "#2", "cullface": "up"},
				"east": {"uv": [7, 3, 8, 7], "texture": "#2", "cullface": "up"},
				"south": {"uv": [7, 3, 8, 7], "texture": "#2", "cullface": "up"},
				"west": {"uv": [7, 3, 8, 7], "texture": "#2", "cullface": "up"},
				"up": {"uv": [7, 3, 8, 7], "texture": "#2", "cullface": "up"}
			}
		},
		{
			"name": "octagon",
			"from": [2.78561, 23.4872, 5.76748],
			"to": [3.10901, 31.4872, 6.09088],
			"rotation": {"angle": -22.5, "axis": "y", "origin": [4.69229, 15.31801, 6.68096]},
			"faces": {
				"north": {"uv": [7, 3, 8, 7], "texture": "#2", "cullface": "up"},
				"east": {"uv": [7, 3, 8, 7], "texture": "#2", "cullface": "up"},
				"south": {"uv": [7, 3, 8, 7], "texture": "#2", "cullface": "up"},
				"west": {"uv": [7, 3, 8, 7], "texture": "#2", "cullface": "up"},
				"up": {"uv": [7, 3, 8, 7], "texture": "#2", "cullface": "up"}
			}
		},
		{
			"from": [0.94592, 0.42748, 4.31613],
			"to": [5.04592, 5.14248, 6.36613],
			"rotation": {"angle": -22.5, "axis": "y", "origin": [2.98832, 6.31801, 6.00145]},
			"faces": {
				"north": {"uv": [6.689, 4.113, 7.475, 2.951], "rotation": 180, "texture": "#1"},
				"east": {"uv": [7.475, 2.951, 6.689, 4.113], "texture": "#1"},
				"south": {"uv": [6.689, 4.113, 7.475, 2.951], "rotation": 180, "texture": "#1"},
				"west": {"uv": [7.475, 2.951, 6.689, 4.113], "texture": "#1"},
				"up": {"uv": [6.721, 3.326, 7.441, 2.951], "texture": "#1"},
				"down": {"uv": [6.721, 3.326, 7.441, 2.951], "texture": "#1"}
			}
		},
		{
			"from": [1.56092, -0.59752, 4.72613],
			"to": [4.43092, 0.42748, 6.77613],
			"rotation": {"angle": -22.5, "axis": "y", "origin": [2.98832, 6.31801, 6.00145]},
			"faces": {
				"north": {"uv": [6.689, 3.293, 7.475, 2.951], "rotation": 180, "texture": "#1"},
				"east": {"uv": [7.475, 2.951, 6.689, 3.293], "texture": "#1"},
				"south": {"uv": [6.689, 3.293, 7.475, 2.951], "rotation": 180, "texture": "#1"},
				"west": {"uv": [7.475, 2.951, 6.689, 3.293], "texture": "#1"},
				"up": {"uv": [6.689, 3.293, 7.475, 2.951], "texture": "#1"},
				"down": {"uv": [6.689, 3.293, 7.475, 2.951], "texture": "#1"}
			}
		},
		{
			"from": [1.51992, 5.14248, 3.90613],
			"to": [4.47192, 7.60248, 6.77613],
			"rotation": {"angle": -22.5, "axis": "y", "origin": [2.98832, 6.31801, 6.00145]},
			"faces": {
				"north": {"uv": [6.59, 2.67, 7.179, 2.328], "rotation": 180, "texture": "#1"},
				"east": {"uv": [7.475, 2.951, 6.689, 3.293], "texture": "#1"},
				"south": {"uv": [6.689, 3.293, 7.475, 2.951], "rotation": 180, "texture": "#1"},
				"west": {"uv": [7.475, 2.951, 6.689, 3.293], "texture": "#1"},
				"up": {"uv": [6.689, 3.293, 7.475, 2.951], "texture": "#1"},
				"down": {"uv": [6.689, 3.293, 7.475, 2.951], "texture": "#1"}
			}
		},
		{
			"from": [-4.86416, 0.42466, 4.86371],
			"to": [1.28584, 5.75466, 4.86371],
			"rotation": {"angle": 0, "axis": "y", "origin": [2.98832, 6.31801, 6.00145]},
			"faces": {
				"north": {"uv": [9.098, 2.263, 7.967, 3.263], "texture": "#1"},
				"east": {"uv": [7.475, 4.113, 6.689, 2.951], "rotation": 180, "texture": "#1"},
				"south": {"uv": [7.967, 2.263, 9.098, 3.263], "texture": "#1"},
				"west": {"uv": [7.475, 4.113, 6.689, 2.951], "rotation": 180, "texture": "#1"},
				"up": {"uv": [6.721, 2.951, 7.441, 3.326], "texture": "#1"},
				"down": {"uv": [6.721, 2.951, 7.441, 3.326], "texture": "#1"}
			}
		},
		{
			"from": [4.70484, 0.42466, 4.85789],
			"to": [10.85484, 5.75466, 4.85789],
			"rotation": {"angle": -45, "axis": "y", "origin": [2.98832, 6.31801, 6.00145]},
			"faces": {
				"north": {"uv": [7.967, 2.263, 9.098, 3.263], "texture": "#1"},
				"east": {"uv": [6.689, 4.113, 7.475, 2.951], "rotation": 180, "texture": "#1"},
				"south": {"uv": [9.098, 2.263, 7.967, 3.263], "texture": "#1"},
				"west": {"uv": [6.689, 4.113, 7.475, 2.951], "rotation": 180, "texture": "#1"},
				"up": {"uv": [7.441, 2.951, 6.721, 3.326], "texture": "#1"},
				"down": {"uv": [7.441, 2.951, 6.721, 3.326], "texture": "#1"}
			}
		}
	],
	"display": {
		"thirdperson_righthand": {
			"rotation": [73, 17, 0.5],
			"translation": [0.25, -3, -5.5],
			"scale": [0.28711, 0.28711, 0.28711]
		},
		"thirdperson_lefthand": {
			"rotation": [73, 17, 0.5],
			"translation": [0.25, -3, -5.5],
			"scale": [0.28711, 0.28711, 0.28711]
		},
		"firstperson_righthand": {
			"rotation": [9, 126, -4.75],
			"translation": [1, 3.75, 0],
			"scale": [0.23398, 0.23398, 0.23398]
		},
		"firstperson_lefthand": {
			"rotation": [9, 126, -4.75],
			"translation": [1, 3.75, 0],
			"scale": [0.23398, 0.23398, 0.23398]
		},
		"ground": {
			"translation": [0, 3, 0],
			"scale": [0.58594, 0.58594, 0.58594]
		},
		"gui": {
			"rotation": [30, -165, 0],
			"translation": [0, -2, 0],
			"scale": [0.46094, 0.46094, 0.46094]
		},
		"head": {
			"rotation": [0, 19, 0],
			"translation": [0, 15.5, 0],
			"scale": [0.76367, 0.76367, 0.76367]
		},
		"fixed": {
			"rotation": [90, 0, 0],
			"translation": [0, 0, -46],
			"scale": [2, 2, 2]
		}
	},
	"groups": [
		{
			"name": "group",
			"origin": [8, 8, 8],
			"children": [
				{
					"name": "string",
					"origin": [9.29481, 23.8096, 11.83306],
					"children": [0, 1]
				}, 2, 3, 4, 5, 6]
		},
		{
			"name": "group",
			"origin": [8, 8, 8],
			"children": [
				{
					"name": "string",
					"origin": [9.29481, 23.8096, 11.83306],
					"children": [7, 8, 9]
				}, 10, 11, 12, 13, 14]
		}
	]
}