{
	"credit": "Made with Blockbench",
	"textures": {
		"0": "block/MizunoArchive/brown_wool",
		"1": "block/MizunoArchive/red_wool",
		"2": "block/MizunoArchive/bone_block_side",
		"particle": "block/MizunoArchive/brown_wool"
	},
	"elements": [
		{
			"from": [7.44372, 5.15655, 12.34155],
			"to": [8.58993, 8.89833, 12.74022],
			"rotation": {"angle": 0, "axis": "x", "origin": [8.01512, 4.27551, 12.54066]},
			"faces": {
				"north": {"uv": [0, 0, 4, 1], "rotation": 180, "texture": "#0"},
				"east": {"uv": [0, 0, 1, 1], "rotation": 270, "texture": "#0"},
				"south": {"uv": [0, 0, 4, 1], "texture": "#0"},
				"west": {"uv": [0, 0, 1, 1], "rotation": 90, "texture": "#0"},
				"up": {"uv": [0, 0, 4, 1], "rotation": 180, "texture": "#0"},
				"down": {"uv": [0, 0, 4, 1], "texture": "#0"}
			}
		},
		{
			"from": [12.4526, 4.03443, 3.50822],
			"to": [12.85127, 5.18063, 12.75],
			"rotation": {"angle": 0, "axis": "z", "origin": [12.65171, 4.60583, 8.13104]},
			"faces": {
				"north": {"uv": [0, 1, 4, 0], "rotation": 90, "texture": "#0"},
				"east": {"uv": [0, 1, 4, 0], "rotation": 270, "texture": "#0"},
				"south": {"uv": [0, 1, 4, 0], "rotation": 270, "texture": "#0"},
				"west": {"uv": [0, 1, 4, 0], "rotation": 270, "texture": "#0"},
				"up": {"uv": [0, 1, 1, 0], "rotation": 270, "texture": "#0"},
				"down": {"uv": [0, 1, 1, 0], "rotation": 270, "texture": "#0"}
			}
		},
		{
			"from": [3.54672, 4.0351, 12.35135],
			"to": [12.4526, 5.18063, 12.75],
			"rotation": {"angle": 0, "axis": "y", "origin": [8.16954, 4.60649, 12.55046]},
			"faces": {
				"north": {"uv": [0, 0, 4, 1], "rotation": 270, "texture": "#0"},
				"east": {"uv": [0, 0, 4, 1], "rotation": 270, "texture": "#0"},
				"south": {"uv": [0, 0, 4, 1], "rotation": 270, "texture": "#0"},
				"west": {"uv": [0, 0, 4, 1], "rotation": 90, "texture": "#0"},
				"up": {"uv": [0, 0, 1, 1], "rotation": 180, "texture": "#0"},
				"down": {"uv": [0, 0, 1, 1], "texture": "#0"}
			}
		},
		{
			"from": [3.14873, 4.03443, 3.50822],
			"to": [3.5474, 5.18063, 12.75],
			"rotation": {"angle": 0, "axis": "z", "origin": [3.34829, 4.60583, 8.13104]},
			"faces": {
				"north": {"uv": [0, 0, 4, 1], "rotation": 90, "texture": "#0"},
				"east": {"uv": [0, 0, 4, 1], "rotation": 270, "texture": "#0"},
				"south": {"uv": [0, 0, 4, 1], "rotation": 270, "texture": "#0"},
				"west": {"uv": [0, 0, 4, 1], "rotation": 270, "texture": "#0"},
				"up": {"uv": [0, 0, 1, 1], "rotation": 270, "texture": "#0"},
				"down": {"uv": [0, 0, 1, 1], "rotation": 270, "texture": "#0"}
			}
		},
		{
			"from": [7.4269, 8.90672, 3.50822],
			"to": [8.5731, 9.30539, 12.75],
			"rotation": {"angle": 0, "axis": "y", "origin": [13.4, 15.60672, 10.50822]},
			"faces": {
				"north": {"uv": [0, 0, 4, 1], "texture": "#0"},
				"east": {"uv": [0, 0, 1, 1], "texture": "#0"},
				"south": {"uv": [0, 0, 4, 1], "texture": "#0"},
				"west": {"uv": [0, 0, 1, 1], "texture": "#0"},
				"up": {"uv": [0, 0, 4, 1], "texture": "#0"},
				"down": {"uv": [0, 0, 4, 1], "texture": "#0"}
			}
		},
		{
			"from": [9.75, 0.35, 3],
			"to": [13, 3.85, 4],
			"rotation": {"angle": 0, "axis": "y", "origin": [11, 7.6, 11]},
			"faces": {
				"north": {"uv": [0, 0, 3.25, 3.5], "texture": "#2"},
				"east": {"uv": [0, 0, 1, 3.5], "texture": "#2"},
				"south": {"uv": [0, 0, 3.25, 3.5], "texture": "#2"},
				"west": {"uv": [0, 0, 1, 3.5], "texture": "#2"},
				"up": {"uv": [0, 0, 3.25, 1], "texture": "#2"},
				"down": {"uv": [0, 0, 3.25, 1], "texture": "#2"}
			}
		},
		{
			"from": [3, 0.35, 3],
			"to": [6.25, 3.85, 4],
			"rotation": {"angle": 0, "axis": "y", "origin": [4, 7.6, 11]},
			"faces": {
				"north": {"uv": [0, 0, 3.25, 3.5], "texture": "#2"},
				"east": {"uv": [0, 0, 1, 3.5], "texture": "#2"},
				"south": {"uv": [0, 0, 3.25, 3.5], "texture": "#2"},
				"west": {"uv": [0, 0, 1, 3.5], "texture": "#2"},
				"up": {"uv": [0, 0, 3.25, 1], "texture": "#2"},
				"down": {"uv": [0, 0, 3.25, 1], "texture": "#2"}
			}
		},
		{
			"from": [7.1, 0.35, 3],
			"to": [8.9, 3.85, 4],
			"rotation": {"angle": 0, "axis": "y", "origin": [7.5, 7.6, 11]},
			"faces": {
				"north": {"uv": [0, 0, 1.8, 3.5], "texture": "#2"},
				"east": {"uv": [0, 0, 1, 3.5], "texture": "#2"},
				"south": {"uv": [0, 0, 1.8, 3.5], "texture": "#2"},
				"west": {"uv": [0, 0, 1, 3.5], "texture": "#2"},
				"up": {"uv": [0, 0, 1.8, 1], "texture": "#2"},
				"down": {"uv": [0, 0, 1.8, 1], "texture": "#2"}
			}
		},
		{
			"from": [6.25, 1.35, 2.999],
			"to": [9.75, 1.85, 3.999],
			"rotation": {"angle": 0, "axis": "y", "origin": [7.5, 7.6, 11]},
			"faces": {
				"north": {"uv": [0, 0, 3.5, 0.5], "texture": "#2"},
				"east": {"uv": [0, 0, 1, 0.5], "texture": "#2"},
				"south": {"uv": [0, 0, 3.5, 0.5], "texture": "#2"},
				"west": {"uv": [0, 0, 1, 0.5], "texture": "#2"},
				"up": {"uv": [0, 0, 3.5, 1], "texture": "#2"},
				"down": {"uv": [0, 0, 3.5, 1], "texture": "#2"}
			}
		},
		{
			"from": [6.25, 2.85, 2.999],
			"to": [9.75, 3.85, 3.999],
			"rotation": {"angle": 0, "axis": "y", "origin": [7.5, 9.1, 11]},
			"faces": {
				"north": {"uv": [0, 0, 3.5, 1], "texture": "#2"},
				"east": {"uv": [0, 0, 1, 1], "texture": "#2"},
				"south": {"uv": [0, 0, 3.5, 1], "texture": "#2"},
				"west": {"uv": [0, 0, 1, 1], "texture": "#2"},
				"up": {"uv": [0, 0, 3.5, 1], "texture": "#2"},
				"down": {"uv": [0, 0, 3.5, 1], "texture": "#2"}
			}
		},
		{
			"from": [3, 6.6, 3],
			"to": [13, 8.85, 4],
			"rotation": {"angle": 0, "axis": "y", "origin": [11, 12.6, 11]},
			"faces": {
				"north": {"uv": [0, 0, 10, 2.25], "texture": "#2"},
				"east": {"uv": [0, 0, 1, 2.25], "texture": "#2"},
				"south": {"uv": [0, 0, 10, 2.25], "texture": "#2"},
				"west": {"uv": [0, 0, 1, 2.25], "texture": "#2"},
				"up": {"uv": [0, 0, 10, 1], "texture": "#2"},
				"down": {"uv": [0, 0, 10, 1], "texture": "#2"}
			}
		},
		{
			"from": [12, 3.85, 3],
			"to": [13, 6.6, 4],
			"rotation": {"angle": 0, "axis": "y", "origin": [11, 12.6, 11]},
			"faces": {
				"north": {"uv": [0, 0, 1, 2.75], "texture": "#2"},
				"east": {"uv": [0, 0, 1, 2.75], "texture": "#2"},
				"south": {"uv": [0, 0, 1, 2.75], "texture": "#2"},
				"west": {"uv": [0, 0, 1, 2.75], "texture": "#2"},
				"up": {"uv": [0, 0, 1, 1], "texture": "#2"},
				"down": {"uv": [0, 0, 1, 1], "texture": "#2"}
			}
		},
		{
			"from": [3, 3.85, 3],
			"to": [4, 6.6, 4],
			"rotation": {"angle": 0, "axis": "y", "origin": [2, 12.6, 11]},
			"faces": {
				"north": {"uv": [0, 0, 1, 2.75], "texture": "#2"},
				"east": {"uv": [0, 0, 1, 2.75], "texture": "#2"},
				"south": {"uv": [0, 0, 1, 2.75], "texture": "#2"},
				"west": {"uv": [0, 0, 1, 2.75], "texture": "#2"},
				"up": {"uv": [0, 0, 1, 1], "texture": "#2"},
				"down": {"uv": [0, 0, 1, 1], "texture": "#2"}
			}
		},
		{
			"from": [7, 3.85, 3],
			"to": [9, 6.6, 4],
			"rotation": {"angle": 0, "axis": "y", "origin": [7, 12.6, 11]},
			"faces": {
				"north": {"uv": [0, 0, 2, 2.75], "texture": "#2"},
				"east": {"uv": [0, 0, 1, 2.75], "texture": "#2"},
				"south": {"uv": [0, 0, 2, 2.75], "texture": "#2"},
				"west": {"uv": [0, 0, 1, 2.75], "texture": "#2"},
				"up": {"uv": [0, 0, 2, 1], "texture": "#2"},
				"down": {"uv": [0, 0, 2, 1], "texture": "#2"}
			}
		},
		{
			"from": [4, -0.65, 3],
			"to": [12, 0.35, 4],
			"rotation": {"angle": 0, "axis": "y", "origin": [11, 8.6, 11]},
			"faces": {
				"north": {"uv": [0, 0, 8, 1], "texture": "#2"},
				"east": {"uv": [0, 0, 1, 1], "texture": "#2"},
				"south": {"uv": [0, 0, 8, 1], "texture": "#2"},
				"west": {"uv": [0, 0, 1, 1], "texture": "#2"},
				"up": {"uv": [0, 0, 8, 1], "texture": "#2"},
				"down": {"uv": [0, 0, 8, 1], "texture": "#2"}
			}
		},
		{
			"from": [5, -1.65, 3],
			"to": [11, -0.65, 4],
			"rotation": {"angle": 0, "axis": "y", "origin": [11, 7.6, 11]},
			"faces": {
				"north": {"uv": [0, 0, 6, 1], "texture": "#2"},
				"east": {"uv": [0, 0, 1, 1], "texture": "#2"},
				"south": {"uv": [0, 0, 6, 1], "texture": "#2"},
				"west": {"uv": [0, 0, 1, 1], "texture": "#2"},
				"up": {"uv": [0, 0, 6, 1], "texture": "#2"},
				"down": {"uv": [0, 0, 6, 1], "texture": "#2"}
			}
		},
		{
			"from": [4, 8.85, 3],
			"to": [12, 9.85, 4],
			"rotation": {"angle": 0, "axis": "y", "origin": [11, 18.1, 11]},
			"faces": {
				"north": {"uv": [0, 0, 8, 1], "texture": "#2"},
				"east": {"uv": [0, 0, 1, 1], "texture": "#2"},
				"south": {"uv": [0, 0, 8, 1], "texture": "#2"},
				"west": {"uv": [0, 0, 1, 1], "texture": "#2"},
				"up": {"uv": [0, 0, 8, 1], "texture": "#2"},
				"down": {"uv": [0, 0, 8, 1], "texture": "#2"}
			}
		},
		{
			"from": [3.75471, 1.99158, 2.75288],
			"to": [4.45471, 2.89158, 3.75288],
			"rotation": {"angle": 45, "axis": "z", "origin": [4.89536, 2.44508, 3.25339]},
			"faces": {
				"north": {"uv": [2.7, 0, 3.4, 0.9], "texture": "#1"},
				"east": {"uv": [2, 0, 3, 0.9], "texture": "#1"},
				"south": {"uv": [2.7, 0, 3.4, 0.9], "texture": "#1"},
				"west": {"uv": [2, 0, 3, 0.9], "texture": "#1"},
				"up": {"uv": [2.7, 0, 3.4, 1], "texture": "#1"},
				"down": {"uv": [2.7, 0, 3.4, 1], "texture": "#1"}
			}
		},
		{
			"from": [4.45471, 2.09158, 2.75288],
			"to": [5.15471, 2.79158, 3.75288],
			"rotation": {"angle": 45, "axis": "z", "origin": [4.89536, 2.44508, 3.25339]},
			"faces": {
				"north": {"uv": [2.7, 0, 3.4, 0.7], "texture": "#1"},
				"east": {"uv": [2, 0, 3, 0.7], "texture": "#1"},
				"south": {"uv": [2.7, 0, 3.4, 0.7], "texture": "#1"},
				"west": {"uv": [2, 0, 3, 0.7], "texture": "#1"},
				"up": {"uv": [2.7, 0, 3.4, 1], "texture": "#1"},
				"down": {"uv": [2.7, 0, 3.4, 1], "texture": "#1"}
			}
		},
		{
			"from": [5.15471, 2.19158, 2.75288],
			"to": [5.85471, 2.69158, 3.75288],
			"rotation": {"angle": 45, "axis": "z", "origin": [4.89536, 2.44508, 3.25339]},
			"faces": {
				"north": {"uv": [2.7, 0, 3.4, 0.5], "texture": "#1"},
				"east": {"uv": [2, 0, 3, 0.5], "texture": "#1"},
				"south": {"uv": [2.7, 0, 3.4, 0.5], "texture": "#1"},
				"west": {"uv": [2, 0, 3, 0.5], "texture": "#1"},
				"up": {"uv": [2.7, 0, 3.4, 1], "texture": "#1"},
				"down": {"uv": [2.7, 0, 3.4, 1], "texture": "#1"}
			}
		},
		{
			"from": [10.14529, 2.19158, 2.75288],
			"to": [10.84529, 2.69158, 3.75288],
			"rotation": {"angle": -45, "axis": "z", "origin": [11.10464, 2.44508, 3.25339]},
			"faces": {
				"north": {"uv": [2, 0, 2.7, 0.5], "texture": "#1"},
				"east": {"uv": [1, 0, 2, 0.5], "texture": "#1"},
				"south": {"uv": [2, 0, 2.7, 0.5], "texture": "#1"},
				"west": {"uv": [1, 0, 2, 0.5], "texture": "#1"},
				"up": {"uv": [2, 0, 2.7, 1], "texture": "#1"},
				"down": {"uv": [2, 0, 2.7, 1], "texture": "#1"}
			}
		},
		{
			"from": [10.84529, 2.09158, 2.75288],
			"to": [11.54529, 2.79158, 3.75288],
			"rotation": {"angle": -45, "axis": "z", "origin": [11.10464, 2.44508, 3.25339]},
			"faces": {
				"north": {"uv": [2, 0, 2.7, 0.7], "texture": "#1"},
				"east": {"uv": [1, 0, 2, 0.7], "texture": "#1"},
				"south": {"uv": [2, 0, 2.7, 0.7], "texture": "#1"},
				"west": {"uv": [1, 0, 2, 0.7], "texture": "#1"},
				"up": {"uv": [2, 0, 2.7, 1], "texture": "#1"},
				"down": {"uv": [2, 0, 2.7, 1], "texture": "#1"}
			}
		},
		{
			"from": [11.54529, 1.99158, 2.75288],
			"to": [12.24529, 2.89158, 3.75288],
			"rotation": {"angle": -45, "axis": "z", "origin": [11.10464, 2.44508, 3.25339]},
			"faces": {
				"north": {"uv": [2, 0, 2.7, 0.9], "texture": "#1"},
				"east": {"uv": [1, 0, 2, 0.9], "texture": "#1"},
				"south": {"uv": [2, 0, 2.7, 0.9], "texture": "#1"},
				"west": {"uv": [1, 0, 2, 0.9], "texture": "#1"},
				"up": {"uv": [2, 0, 2.7, 1], "texture": "#1"},
				"down": {"uv": [2, 0, 2.7, 1], "texture": "#1"}
			}
		},
		{
			"from": [7.8471, 7, 2.75],
			"to": [9.8471, 7.5, 3.75],
			"rotation": {"angle": 22.5, "axis": "z", "origin": [8.34756, 7.25, 3.24954]},
			"faces": {
				"north": {"uv": [0, 0, 2, 0.5], "texture": "#1"},
				"east": {"uv": [0, 0, 1, 0.5], "texture": "#1"},
				"south": {"uv": [0, 0, 2, 0.5], "texture": "#1"},
				"west": {"uv": [0, 0, 1, 0.5], "texture": "#1"},
				"up": {"uv": [0, 0, 2, 1], "texture": "#1"},
				"down": {"uv": [0, 0, 2, 1], "texture": "#1"}
			}
		},
		{
			"from": [6.1529, 7.18806, 2.75288],
			"to": [8.1529, 7.68806, 3.75288],
			"rotation": {"angle": -22.5, "axis": "z", "origin": [7.15332, 7.43875, 3.25195]},
			"faces": {
				"north": {"uv": [0, 0, 2, 0.5], "texture": "#1"},
				"east": {"uv": [0, 0, 1, 0.5], "texture": "#1"},
				"south": {"uv": [0, 0, 2, 0.5], "texture": "#1"},
				"west": {"uv": [0, 0, 1, 0.5], "texture": "#1"},
				"up": {"uv": [0, 0, 2, 1], "texture": "#1"},
				"down": {"uv": [0, 0, 2, 1], "texture": "#1"}
			}
		},
		{
			"from": [7.42446, 7.29158, 2.75],
			"to": [8.53728, 7.65482, 3.75288],
			"rotation": {"angle": 0, "axis": "z", "origin": [7.89536, 7.74508, 3.25339]},
			"faces": {
				"north": {"uv": [0, 0, 1.11283, 0.36324], "texture": "#1"},
				"east": {"uv": [0, 0, 1.00288, 0.36324], "texture": "#1"},
				"south": {"uv": [0, 0, 1.11283, 0.36324], "texture": "#1"},
				"west": {"uv": [0, 0, 1.00288, 0.36324], "texture": "#1"},
				"up": {"uv": [0, 0, 1.11283, 1.00288], "texture": "#1"},
				"down": {"uv": [0, 0, 1.11283, 1.00288], "texture": "#1"}
			}
		},
		{
			"from": [6.32446, 7.59158, 2.75],
			"to": [9.63728, 8.05482, 3.75288],
			"rotation": {"angle": 0, "axis": "z", "origin": [7.89536, 7.74508, 3.25339]},
			"faces": {
				"north": {"uv": [0, 0, 3.31283, 0.46324], "texture": "#1"},
				"east": {"uv": [0, 0, 1.00288, 0.46324], "texture": "#1"},
				"south": {"uv": [0, 0, 3.31283, 0.46324], "texture": "#1"},
				"west": {"uv": [0, 0, 1.00288, 0.46324], "texture": "#1"},
				"up": {"uv": [0, 0, 3.31283, 1.00288], "texture": "#1"},
				"down": {"uv": [0, 0, 3.31283, 1.00288], "texture": "#1"}
			}
		}
	],
	"display": {
		"thirdperson_righthand": {
			"rotation": [75, 45, 0],
			"translation": [0.5, 0.5, 0],
			"scale": [0.50195, 0.50195, 0.50195]
		},
		"thirdperson_lefthand": {
			"rotation": [75, 45, 0],
			"translation": [0.5, 0.5, 0],
			"scale": [0.50195, 0.50195, 0.50195]
		},
		"firstperson_righthand": {
			"rotation": [0, 122.75, 0],
			"translation": [2.25, 4.5, 0],
			"scale": [0.4, 0.4, 0.4]
		},
		"firstperson_lefthand": {
			"rotation": [0, 122.75, 0],
			"translation": [2.25, 4.5, 0],
			"scale": [0.4, 0.4, 0.4]
		},
		"ground": {
			"translation": [0, 4, 0],
			"scale": [0.79297, 0.79297, 0.79297]
		},
		"gui": {
			"rotation": [30, -147, 0],
			"translation": [-0.25, 4.25, 0],
			"scale": [0.99609, 0.99609, 0.99609]
		},
		"head": {
			"translation": [0, 5, 0],
			"scale": [1.6, 1.6, 1.6]
		},
		"fixed": {
			"rotation": [-48.25, 0, 0],
			"translation": [1.25, 6, -7.75],
			"scale": [2, 2, 2]
		}
	},
	"groups": [
		{
			"name": "Straps",
			"origin": [13.4, 15.60672, 10.50822],
			"children": [0, 1, 2, 3, 4]
		}, 5, 6, 7, 8, 9, 10, 11, 12, 13, 14, 15, 16,
		{
			"name": "Red",
			"origin": [7.89536, 7.74508, 3.25339],
			"children": [17, 18, 19, 20, 21, 22, 23, 24, 25, 26]
		}
	]
}