{
	"credit": "Made with Blockbench",
	"textures": {
		"1": "block/MizunoArchive/iron_ingot_0",
		"2": "block/MizunoArchive/stripped_dark_oak_log"
	},
	"elements": [
		{
			"from": [7.06335, 0.7688, 7.9082],
			"to": [9.62695, 1.5032, 8.0918],
			"rotation": {"angle": 0, "axis": "y", "origin": [13.66615, 3.7064, 10.754]},
			"faces": {
				"north": {"uv": [0, 1, 3, 5], "rotation": 270, "texture": "#1"},
				"east": {"uv": [0, 1, 3, 5], "rotation": 270, "texture": "#1"},
				"south": {"uv": [0, 1, 3, 5], "rotation": 270, "texture": "#1"},
				"west": {"uv": [0, 1, 3, 5], "rotation": 270, "texture": "#1"},
				"up": {"uv": [0, 1, 3, 5], "rotation": 270, "texture": "#1"},
				"down": {"uv": [0, 1, 1, 5], "rotation": 180, "texture": "#1"}
			}
		},
		{
			"from": [5.58775, 0.5444, 7.9082],
			"to": [7.05655, 1.136, 8.0918],
			"rotation": {"angle": 0, "axis": "y", "origin": [10.72855, 2.972, 10.754]},
			"faces": {
				"north": {"uv": [0, 1, 3, 5], "rotation": 270, "texture": "#1"},
				"east": {"uv": [0, 1, 3, 5], "rotation": 270, "texture": "#1"},
				"south": {"uv": [0, 1, 3, 5], "rotation": 270, "texture": "#1"},
				"west": {"uv": [0, 1, 3, 5], "rotation": 270, "texture": "#1"},
				"up": {"uv": [0, 1, 3, 5], "rotation": 270, "texture": "#1"},
				"down": {"uv": [0, 1, 1, 5], "rotation": 180, "texture": "#1"}
			}
		},
		{
			"from": [4.11895, 0.1772, 7.9082],
			"to": [5.58775, 1.136, 8.0918],
			"rotation": {"angle": 0, "axis": "y", "origin": [9.25975, 2.6048, 10.754]},
			"faces": {
				"north": {"uv": [0, 1, 3, 5], "rotation": 270, "texture": "#1"},
				"east": {"uv": [0, 1, 3, 5], "rotation": 270, "texture": "#1"},
				"south": {"uv": [0, 1, 3, 5], "rotation": 270, "texture": "#1"},
				"west": {"uv": [0, 1, 3, 5], "rotation": 270, "texture": "#1"},
				"up": {"uv": [0, 1, 3, 5], "rotation": 270, "texture": "#1"},
				"down": {"uv": [0, 1, 1, 5], "rotation": 180, "texture": "#1"}
			}
		},
		{
			"from": [2.22855, -0.02, 7.9082],
			"to": [4.11895, 0.7688, 8.0918],
			"rotation": {"angle": 0, "axis": "y", "origin": [6.68935, 2.2376, 10.754]},
			"faces": {
				"north": {"uv": [0, 1, 3, 5], "rotation": 270, "texture": "#1"},
				"east": {"uv": [0, 1, 3, 5], "rotation": 270, "texture": "#1"},
				"south": {"uv": [0, 1, 3, 5], "rotation": 270, "texture": "#1"},
				"west": {"uv": [0, 1, 3, 5], "rotation": 270, "texture": "#1"},
				"up": {"uv": [0, 1, 3, 5], "rotation": 270, "texture": "#1"},
				"down": {"uv": [0, 1, 1, 5], "rotation": 180, "texture": "#1"}
			}
		},
		{
			"from": [0.81415, 0.1772, 7.9082],
			"to": [2.22855, 0.7688, 8.0918],
			"rotation": {"angle": 0, "axis": "y", "origin": [4.11895, 2.6048, 10.754]},
			"faces": {
				"north": {"uv": [0, 1, 3, 5], "rotation": 270, "texture": "#1"},
				"east": {"uv": [0, 1, 3, 5], "rotation": 270, "texture": "#1"},
				"south": {"uv": [0, 1, 3, 5], "rotation": 270, "texture": "#1"},
				"west": {"uv": [0, 1, 3, 5], "rotation": 270, "texture": "#1"},
				"up": {"uv": [0, 1, 3, 5], "rotation": 270, "texture": "#1"},
				"down": {"uv": [0, 1, 1, 5], "rotation": 180, "texture": "#1"}
			}
		},
		{
			"from": [-0.39625, 0.4016, 7.9082],
			"to": [0.81415, 0.7688, 8.0918],
			"rotation": {"angle": 0, "axis": "y", "origin": [3.01735, 3.3392, 10.754]},
			"faces": {
				"north": {"uv": [0, 1, 1, 5], "rotation": 180, "texture": "#1"},
				"east": {"uv": [0, 1, 1, 5], "rotation": 180, "texture": "#1"},
				"south": {"uv": [0, 1, 1, 5], "rotation": 180, "texture": "#1"},
				"west": {"uv": [0, 1, 1, 5], "rotation": 180, "texture": "#1"},
				"up": {"uv": [0, 1, 1, 5], "rotation": 180, "texture": "#1"},
				"down": {"uv": [0, 1, 1, 5], "rotation": 180, "texture": "#1"}
			}
		},
		{
			"from": [-1.33465, 1.5032, 7.9082],
			"to": [1.18135, 2.2206, 8.0918],
			"rotation": {"angle": 0, "axis": "y", "origin": [2.28295, 4.4408, 10.754]},
			"faces": {
				"north": {"uv": [0, 1, 6, 5], "rotation": 180, "texture": "#1"},
				"east": {"uv": [0, 1, 3, 5], "rotation": 180, "texture": "#1"},
				"south": {"uv": [0, 1, 3, 5], "texture": "#1"},
				"west": {"uv": [0, 1, 1, 5], "rotation": 180, "texture": "#1"},
				"up": {"uv": [0, 1, 3, 5], "texture": "#1"},
				"down": {"uv": [0, 1, 1, 5], "rotation": 180, "texture": "#1"}
			}
		},
		{
			"from": [-0.82468, 0.7688, 7.90822],
			"to": [1.18132, 1.5032, 8.09182],
			"rotation": {"angle": 0, "axis": "y", "origin": [2.28292, 3.7064, 10.75402]},
			"faces": {
				"north": {"uv": [0, 1, 5, 5], "rotation": 180, "texture": "#1"},
				"east": {"uv": [0, 1, 3, 5], "rotation": 180, "texture": "#1"},
				"south": {"uv": [0, 1, 3, 5], "texture": "#1"},
				"west": {"uv": [0, 1, 1, 5], "rotation": 180, "texture": "#1"},
				"up": {"uv": [0, 1, 3, 5], "texture": "#1"},
				"down": {"uv": [0, 1, 1, 5], "rotation": 180, "texture": "#1"}
			}
		},
		{
			"from": [1.18135, 0.7688, 7.9082],
			"to": [2.28295, 1.136, 8.0918],
			"rotation": {"angle": 0, "axis": "y", "origin": [4.11895, 3.7064, 10.754]},
			"faces": {
				"north": {"uv": [4, 1, 6, 3], "rotation": 180, "texture": "#1"},
				"east": {"uv": [4, 1, 6, 3], "rotation": 180, "texture": "#1"},
				"south": {"uv": [4, 1, 6, 3], "rotation": 180, "texture": "#1"},
				"west": {"uv": [4, 1, 6, 3], "rotation": 180, "texture": "#1"},
				"up": {"uv": [4, 1, 6, 3], "rotation": 180, "texture": "#1"},
				"down": {"uv": [4, 1, 6, 3], "rotation": 180, "texture": "#1"}
			}
		},
		{
			"from": [1.18135, 1.136, 7.9082],
			"to": [1.54855, 1.5032, 8.0918],
			"rotation": {"angle": 0, "axis": "y", "origin": [4.11895, 4.0736, 10.754]},
			"faces": {
				"north": {"uv": [1, 1, 3, 5], "rotation": 180, "texture": "#1"},
				"east": {"uv": [1, 1, 3, 5], "rotation": 180, "texture": "#1"},
				"south": {"uv": [1, 1, 3, 5], "rotation": 180, "texture": "#1"},
				"west": {"uv": [1, 1, 3, 5], "rotation": 180, "texture": "#1"},
				"up": {"uv": [1, 1, 3, 5], "rotation": 180, "texture": "#1"},
				"down": {"uv": [1, 1, 3, 5], "rotation": 180, "texture": "#1"}
			}
		},
		{
			"from": [1.46695, 0.7688, 7.8164],
			"to": [4.11895, 1.136, 8.1836],
			"rotation": {"angle": 0, "axis": "y", "origin": [4.11895, 3.7064, 10.754]},
			"faces": {
				"north": {"uv": [5, 1, 6, 2], "rotation": 270, "texture": "#1"},
				"east": {"uv": [5, 1, 6, 2], "rotation": 270, "texture": "#1"},
				"south": {"uv": [5, 1, 6, 2], "rotation": 270, "texture": "#1"},
				"west": {"uv": [5, 1, 6, 2], "rotation": 270, "texture": "#1"},
				"up": {"uv": [5, 1, 6, 2], "rotation": 270, "texture": "#1"},
				"down": {"uv": [5, 1, 6, 2], "rotation": 270, "texture": "#1"}
			}
		},
		{
			"from": [0.36535, 1.5032, 7.8164],
			"to": [9.62695, 2.2376, 8.1836],
			"rotation": {"angle": 0, "axis": "y", "origin": [4.11895, 4.4408, 10.754]},
			"faces": {
				"north": {"uv": [5, 1, 8, 5], "rotation": 270, "texture": "#1"},
				"east": {"uv": [5, 1, 8, 5], "rotation": 270, "texture": "#1"},
				"south": {"uv": [5, 1, 8, 5], "rotation": 270, "texture": "#1"},
				"west": {"uv": [5, 1, 8, 5], "rotation": 270, "texture": "#1"},
				"up": {"uv": [7, 1, 8, 5], "rotation": 270, "texture": "#1"},
				"down": {"uv": [5, 1, 8, 5], "rotation": 270, "texture": "#1"}
			}
		},
		{
			"from": [0.73255, 1.136, 7.8164],
			"to": [7.05655, 1.5032, 8.1836],
			"rotation": {"angle": 0, "axis": "y", "origin": [4.11895, 4.0736, 10.754]},
			"faces": {
				"north": {"uv": [5, 1, 6, 2], "rotation": 270, "texture": "#1"},
				"east": {"uv": [5, 1, 6, 2], "rotation": 270, "texture": "#1"},
				"south": {"uv": [5, 1, 6, 2], "rotation": 270, "texture": "#1"},
				"west": {"uv": [5, 1, 6, 2], "rotation": 270, "texture": "#1"},
				"up": {"uv": [5, 1, 6, 2], "rotation": 270, "texture": "#1"},
				"down": {"uv": [5, 1, 6, 2], "rotation": 270, "texture": "#1"}
			}
		},
		{
			"from": [9.62695, 0.4016, 7.52631],
			"to": [10.36135, 2.6048, 8.47369],
			"rotation": {"angle": 0, "axis": "y", "origin": [12.56455, 4.808, 10.36844]},
			"faces": {
				"north": {"uv": [0, 0, 2, 6], "texture": "#2"},
				"east": {"uv": [0, 0, 3, 6], "texture": "#2"},
				"south": {"uv": [0, 0, 2, 6], "texture": "#2"},
				"west": {"uv": [0, 0, 3, 6], "texture": "#2"},
				"up": {"uv": [0, 0, 2, 3], "texture": "#2"},
				"down": {"uv": [0, 0, 2, 3], "texture": "#2"}
			}
		},
		{
			"from": [9.63613, 0.7688, 7.21052],
			"to": [10.36135, 2.2376, 8.78948],
			"rotation": {"angle": 0, "axis": "y", "origin": [12.56455, 4.808, 10.36844]},
			"faces": {
				"north": {"uv": [0, 0, 1.975, 4], "texture": "#2"},
				"east": {"uv": [0, 0, 5, 4], "texture": "#2"},
				"south": {"uv": [0, 0, 1.975, 4], "texture": "#2"},
				"west": {"uv": [0, 0, 5, 4], "texture": "#2"},
				"up": {"uv": [0, 0, 1.975, 5], "texture": "#2"},
				"down": {"uv": [0, 0, 1.975, 5], "texture": "#2"}
			}
		},
		{
			"from": [10.36135, 0.7688, 7.52631],
			"to": [13.66615, 2.2376, 8.47369],
			"rotation": {"angle": 0, "axis": "y", "origin": [12.56455, 4.808, 10.36844]},
			"faces": {
				"north": {"uv": [0, 0, 9, 4], "texture": "#2"},
				"east": {"uv": [0, 0, 3, 4], "texture": "#2"},
				"south": {"uv": [0, 0, 9, 4], "texture": "#2"},
				"west": {"uv": [0, 0, 3, 4], "texture": "#2"},
				"up": {"uv": [0, 0, 9, 3], "texture": "#2"},
				"down": {"uv": [0, 0, 9, 3], "texture": "#2"}
			}
		},
		{
			"from": [10.36135, 1.136, 7.21052],
			"to": [13.66615, 1.8704, 8.78948],
			"rotation": {"angle": 0, "axis": "y", "origin": [12.56455, 4.808, 10.36844]},
			"faces": {
				"north": {"uv": [0, 0, 9, 2], "texture": "#2"},
				"east": {"uv": [0, 0, 5, 2], "texture": "#2"},
				"south": {"uv": [0, 0, 9, 2], "texture": "#2"},
				"west": {"uv": [0, 0, 5, 2], "texture": "#2"},
				"up": {"uv": [0, 0, 9, 5], "texture": "#2"},
				"down": {"uv": [0, 0, 9, 5], "texture": "#2"}
			}
		},
		{
			"from": [13.66615, 0.4016, 7.52631],
			"to": [14.03335, 2.2376, 8.47369],
			"rotation": {"angle": 0, "axis": "y", "origin": [12.56455, 4.808, 10.36844]},
			"faces": {
				"north": {"uv": [0, 0, 1, 5], "texture": "#2"},
				"east": {"uv": [0, 0, 3, 5], "texture": "#2"},
				"south": {"uv": [0, 0, 1, 5], "texture": "#2"},
				"west": {"uv": [0, 0, 3, 5], "texture": "#2"},
				"up": {"uv": [0, 0, 1, 3], "texture": "#2"},
				"down": {"uv": [0, 0, 1, 3], "texture": "#2"}
			}
		},
		{
			"from": [13.66615, 0.7688, 7.21052],
			"to": [14.03335, 1.8704, 8.78948],
			"rotation": {"angle": 0, "axis": "y", "origin": [12.56455, 4.808, 10.36844]},
			"faces": {
				"north": {"uv": [0, 0, 1, 3], "texture": "#2"},
				"east": {"uv": [0, 0, 5, 3], "texture": "#2"},
				"south": {"uv": [0, 0, 1, 3], "texture": "#2"},
				"west": {"uv": [0, 0, 5, 3], "texture": "#2"},
				"up": {"uv": [0, 0, 1, 5], "texture": "#2"},
				"down": {"uv": [0, 0, 1, 5], "texture": "#2"}
			}
		},
		{
			"from": [15.13495, 0.4016, 7.52631],
			"to": [15.50215, 1.8704, 8.47369],
			"rotation": {"angle": 0, "axis": "y", "origin": [14.03335, 4.808, 10.36844]},
			"faces": {
				"north": {"uv": [0, 0, 1, 4], "texture": "#2"},
				"east": {"uv": [0, 0, 3, 4], "texture": "#2"},
				"south": {"uv": [0, 0, 1, 4], "texture": "#2"},
				"west": {"uv": [0, 0, 3, 4], "texture": "#2"},
				"up": {"uv": [0, 0, 1, 3], "texture": "#2"},
				"down": {"uv": [0, 0, 1, 3], "texture": "#2"}
			}
		},
		{
			"from": [15.13495, 0.7688, 7.21052],
			"to": [15.47461, 1.5032, 8.78948],
			"rotation": {"angle": 0, "axis": "y", "origin": [14.03335, 4.808, 10.36844]},
			"faces": {
				"north": {"uv": [0, 0, 0.925, 2], "texture": "#2"},
				"east": {"uv": [0, 0, 5, 2], "texture": "#2"},
				"south": {"uv": [0, 0, 0.925, 2], "texture": "#2"},
				"west": {"uv": [0, 0, 5, 2], "texture": "#2"},
				"up": {"uv": [0, 0, 0.925, 5], "texture": "#2"},
				"down": {"uv": [0, 0, 0.925, 5], "texture": "#2"}
			}
		},
		{
			"from": [14.40055, 0.7688, 7.13157],
			"to": [14.76775, 1.5032, 8.86843],
			"rotation": {"angle": 0, "axis": "y", "origin": [13.48255, 4.808, 9.73686]},
			"faces": {
				"north": {"uv": [3, 2, 5, 6], "rotation": 180, "texture": "#1"},
				"east": {"uv": [3, 2, 5, 6], "rotation": 180, "texture": "#1"},
				"south": {"uv": [3, 2, 5, 6], "rotation": 180, "texture": "#1"},
				"west": {"uv": [3, 2, 5, 6], "rotation": 180, "texture": "#1"},
				"up": {"uv": [3, 2, 5, 6], "rotation": 180, "texture": "#1"},
				"down": {"uv": [3, 2, 5, 6], "rotation": 180, "texture": "#1"}
			}
		},
		{
			"from": [14.23009, 0.96174, 7.12239],
			"to": [14.96449, 1.32894, 8.87761],
			"rotation": {"angle": 0, "axis": "z", "origin": [14.58605, 1.14724, 7.98688]},
			"faces": {
				"north": {"uv": [3, 2, 5, 6], "rotation": 270, "texture": "#1"},
				"east": {"uv": [3, 2, 5, 6], "rotation": 270, "texture": "#1"},
				"south": {"uv": [3, 2, 5, 6], "rotation": 270, "texture": "#1"},
				"west": {"uv": [3, 2, 5, 6], "rotation": 270, "texture": "#1"},
				"up": {"uv": [3, 2, 5, 6], "rotation": 270, "texture": "#1"},
				"down": {"uv": [3, 2, 5, 6], "rotation": 270, "texture": "#1"}
			}
		},
		{
			"from": [14.03335, 0.0344, 7.52631],
			"to": [15.13495, 2.2376, 8.47369],
			"rotation": {"angle": 0, "axis": "y", "origin": [12.93175, 4.808, 10.36844]},
			"faces": {
				"north": {"uv": [0, 0, 3, 6], "texture": "#2"},
				"east": {"uv": [0, 0, 3, 6], "texture": "#2"},
				"south": {"uv": [0, 0, 3, 6], "texture": "#2"},
				"west": {"uv": [0, 0, 3, 6], "texture": "#2"},
				"up": {"uv": [0, 0, 3, 3], "texture": "#2"},
				"down": {"uv": [0, 0, 3, 3], "texture": "#2"}
			}
		},
		{
			"from": [14.03335, 0.4016, 7.21052],
			"to": [15.13495, 1.8704, 8.78948],
			"rotation": {"angle": 0, "axis": "y", "origin": [12.93175, 4.808, 10.36844]},
			"faces": {
				"north": {"uv": [0, 0, 3, 4], "texture": "#2"},
				"east": {"uv": [0, 0, 5, 4], "texture": "#2"},
				"south": {"uv": [0, 0, 3, 4], "texture": "#2"},
				"west": {"uv": [0, 0, 5, 4], "texture": "#2"},
				"up": {"uv": [0, 0, 3, 5], "texture": "#2"},
				"down": {"uv": [0, 0, 3, 5], "texture": "#2"}
			}
		}
	],
	"display": {
		"thirdperson_righthand": {
			"rotation": [89.5, -88.5, 0],
			"translation": [0, 1.75, 5.25],
			"scale": [0.68164, 0.75781, 0.75781]
		},
		"thirdperson_lefthand": {
			"rotation": [89.5, 91.75, 0],
			"translation": [0, 1.75, 5.25],
			"scale": [0.68164, 0.75781, 0.75781]
		},
		"firstperson_righthand": {
			"rotation": [46, -95, 0],
			"translation": [4.5, 7.25, 0]
		},
		"firstperson_lefthand": {
			"rotation": [33, 89, 21],
			"translation": [6.25, 7.25, 0]
		},
		"ground": {
			"translation": [0, 4.25, 0]
		},
		"gui": {
			"rotation": [31, 155, 37],
			"translation": [2, 3, 0],
			"scale": [0.7832, 0.7832, 0.7832]
		},
		"head": {
			"rotation": [0, -92, 57.25],
			"translation": [0.5, 18.5, -2.5],
			"scale": [1.22852, 1.22852, 1.22852]
		},
		"fixed": {
			"rotation": [-90, 0, 57.75],
			"translation": [-3.75, 0, -20.5],
			"scale": [2, 2, 2]
		}
	},
	"groups": [
		{
			"name": "Thin blade",
			"origin": [9, 13, 8],
			"children": [0, 1, 2, 3, 4, 5, 6, 7, 8, 9]
		},
		{
			"name": "Thicker Blade",
			"origin": [9, 13, 8],
			"children": [10, 11, 12]
		},
		{
			"name": "Handle",
			"origin": [21, 15, 8],
			"children": [13, 14, 15, 16, 17, 18, 19, 20, 21, 22, 23, 24]
		}
	]
}