{
	"credit": "Made with Blockbench",
	"textures": {
		"0": "block/faerielights_1",
		"1": "block/MizunoArchive/oak_log",
		"particle": "block/faerielights_1"
	},
	"elements": [
		{
			"from": [-16, 12, 14.75],
			"to": [16, 16, 14.75],
			"rotation": {"angle": 0, "axis": "y", "origin": [8, 8, 22.75]},
			"faces": {
				"north": {"uv": [0, 0, 16, 1.874], "texture": "#0"},
				"east": {"uv": [0, 0, 0, 16], "texture": "#0"},
				"south": {"uv": [8, 0, 7, 1], "texture": "#0"},
				"west": {"uv": [0, 0, 0, 16], "texture": "#0"},
				"up": {"uv": [0, 0, 16, 0], "texture": "#0"},
				"down": {"uv": [0, 0, 16, 0], "texture": "#0"}
			}
		},
		{
			"from": [-16, 12, 14.775],
			"to": [16, 16, 14.775],
			"rotation": {"angle": 0, "axis": "y", "origin": [8, 8, -8.85]},
			"faces": {
				"north": {"uv": [8, 0, 7, 1], "texture": "#0"},
				"east": {"uv": [0, 0, 0, 16], "texture": "#0"},
				"south": {"uv": [16, 0, 0, 1.874], "texture": "#0"},
				"west": {"uv": [0, 0, 0, 16], "texture": "#0"},
				"up": {"uv": [0, 0, 16, 0], "texture": "#0"},
				"down": {"uv": [0, 0, 16, 0], "texture": "#0"}
			}
		},
		{
			"name": "octagon",
			"from": [-0.46392, 9.3002, 13.68],
			"to": [0.46392, 11.3002, 15.92],
			"rotation": {"angle": 22.5, "axis": "y", "origin": [0, 10.8, 14.8]},
			"faces": {
				"north": {"uv": [0.951, 1.902, 1.951, 3.984], "texture": "#0"},
				"east": {"uv": [0, 0, 1, 1], "texture": "#missing"},
				"south": {"uv": [2.164, 1.902, 3.361, 3.984], "texture": "#0"},
				"west": {"uv": [0, 1.902, 1, 3.984], "texture": "#0"},
				"up": {"uv": [2.164, 1.902, 3.361, 3.984], "texture": "#0"},
				"down": {"uv": [2.164, 1.902, 3.361, 3.984], "texture": "#0"}
			}
		},
		{
			"name": "octagon",
			"from": [-0.46392, 9.3001, 13.68],
			"to": [0.46392, 11.3001, 15.92],
			"rotation": {"angle": -22.5, "axis": "y", "origin": [0, 10.8, 14.8]},
			"faces": {
				"north": {"uv": [0, 1.902, 1, 3.984], "texture": "#0"},
				"east": {"uv": [0, 0, 1, 1], "texture": "#missing"},
				"south": {"uv": [2.164, 1.902, 3.361, 3.984], "texture": "#0"},
				"west": {"uv": [0, 0, 1, 1], "texture": "#missing"},
				"up": {"uv": [2.164, 1.902, 3.361, 3.984], "texture": "#0"},
				"down": {"uv": [2.164, 1.902, 3.361, 3.984], "texture": "#0"}
			}
		},
		{
			"name": "octagon",
			"from": [-1.12, 9.3004, 14.33608],
			"to": [1.12, 11.3004, 15.26392],
			"rotation": {"angle": 22.5, "axis": "y", "origin": [0, 10.8, 14.8]},
			"faces": {
				"north": {"uv": [0, 0, 1, 1], "texture": "#missing"},
				"east": {"uv": [2.164, 1.902, 3.361, 3.984], "texture": "#0"},
				"south": {"uv": [0, 0, 1, 1], "texture": "#missing"},
				"west": {"uv": [2.164, 1.902, 3.361, 3.984], "texture": "#0"},
				"up": {"uv": [2.164, 1.902, 3.361, 3.984], "rotation": 270, "texture": "#0"},
				"down": {"uv": [2.164, 1.902, 3.361, 3.984], "rotation": 270, "texture": "#0"}
			}
		},
		{
			"name": "octagon",
			"from": [-1.12, 9.3003, 14.33608],
			"to": [1.12, 11.3003, 15.26392],
			"rotation": {"angle": -22.5, "axis": "y", "origin": [0, 10.8, 14.8]},
			"faces": {
				"north": {"uv": [0, 0, 1, 1], "texture": "#missing"},
				"east": {"uv": [2.164, 1.902, 3.361, 3.984], "texture": "#0"},
				"south": {"uv": [0, 0, 1, 1], "texture": "#missing"},
				"west": {"uv": [2.164, 1.902, 3.361, 3.984], "texture": "#0"},
				"up": {"uv": [2.164, 1.902, 3.361, 3.984], "rotation": 270, "texture": "#0"},
				"down": {"uv": [2.164, 1.902, 3.361, 3.984], "rotation": 270, "texture": "#0"}
			}
		},
		{
			"from": [-0.25, 11.25, 14.55],
			"to": [0.25, 12, 15.05],
			"faces": {
				"north": {"uv": [4, 3, 13, 12], "texture": "#1"},
				"east": {"uv": [4, 3, 13, 12], "texture": "#1"},
				"south": {"uv": [4, 3, 13, 12], "texture": "#1"},
				"west": {"uv": [4, 3, 13, 12], "texture": "#1"},
				"up": {"uv": [4, 3, 13, 12], "texture": "#1"},
				"down": {"uv": [4, 3, 13, 12], "texture": "#1"}
			}
		},
		{
			"name": "octagon",
			"from": [-12.96392, 11.4002, 13.68],
			"to": [-12.03608, 13.4002, 15.92],
			"rotation": {"angle": 22.5, "axis": "y", "origin": [-12.5, 12.9, 14.8]},
			"faces": {
				"north": {"uv": [0.951, 1.902, 1.951, 3.984], "texture": "#0"},
				"east": {"uv": [0, 0, 1, 1], "texture": "#missing"},
				"south": {"uv": [2.164, 1.902, 3.361, 3.984], "texture": "#0"},
				"west": {"uv": [0, 1.902, 1, 3.984], "texture": "#0"},
				"up": {"uv": [2.164, 1.902, 3.361, 3.984], "texture": "#0"},
				"down": {"uv": [2.164, 1.902, 3.361, 3.984], "texture": "#0"}
			}
		},
		{
			"name": "octagon",
			"from": [-12.96392, 11.4001, 13.68],
			"to": [-12.03608, 13.4001, 15.92],
			"rotation": {"angle": -22.5, "axis": "y", "origin": [-12.5, 12.9, 14.8]},
			"faces": {
				"north": {"uv": [0, 1.902, 1, 3.984], "texture": "#0"},
				"east": {"uv": [0, 0, 1, 1], "texture": "#missing"},
				"south": {"uv": [2.164, 1.902, 3.361, 3.984], "texture": "#0"},
				"west": {"uv": [0, 0, 1, 1], "texture": "#missing"},
				"up": {"uv": [2.164, 1.902, 3.361, 3.984], "texture": "#0"},
				"down": {"uv": [2.164, 1.902, 3.361, 3.984], "texture": "#0"}
			}
		},
		{
			"name": "octagon",
			"from": [-13.62, 11.4004, 14.33608],
			"to": [-11.38, 13.4004, 15.26392],
			"rotation": {"angle": 22.5, "axis": "y", "origin": [-12.5, 12.9, 14.8]},
			"faces": {
				"north": {"uv": [0, 0, 1, 1], "texture": "#missing"},
				"east": {"uv": [2.164, 1.902, 3.361, 3.984], "texture": "#0"},
				"south": {"uv": [0, 0, 1, 1], "texture": "#missing"},
				"west": {"uv": [2.164, 1.902, 3.361, 3.984], "texture": "#0"},
				"up": {"uv": [2.164, 1.902, 3.361, 3.984], "rotation": 270, "texture": "#0"},
				"down": {"uv": [2.164, 1.902, 3.361, 3.984], "rotation": 270, "texture": "#0"}
			}
		},
		{
			"name": "octagon",
			"from": [-13.62, 11.4003, 14.33608],
			"to": [-11.38, 13.4003, 15.26392],
			"rotation": {"angle": -22.5, "axis": "y", "origin": [-12.5, 12.9, 14.8]},
			"faces": {
				"north": {"uv": [0, 0, 1, 1], "texture": "#missing"},
				"east": {"uv": [2.164, 1.902, 3.361, 3.984], "texture": "#0"},
				"south": {"uv": [0, 0, 1, 1], "texture": "#missing"},
				"west": {"uv": [2.164, 1.902, 3.361, 3.984], "texture": "#0"},
				"up": {"uv": [2.164, 1.902, 3.361, 3.984], "rotation": 270, "texture": "#0"},
				"down": {"uv": [2.164, 1.902, 3.361, 3.984], "rotation": 270, "texture": "#0"}
			}
		},
		{
			"from": [-12.75, 13.35, 14.55],
			"to": [-12.25, 14.1, 15.05],
			"rotation": {"angle": 0, "axis": "y", "origin": [-4.5, 10.1, 8]},
			"faces": {
				"north": {"uv": [4, 3, 13, 12], "texture": "#1"},
				"east": {"uv": [4, 3, 13, 12], "texture": "#1"},
				"south": {"uv": [4, 3, 13, 12], "texture": "#1"},
				"west": {"uv": [4, 3, 13, 12], "texture": "#1"},
				"up": {"uv": [4, 3, 13, 12], "texture": "#1"},
				"down": {"uv": [4, 3, 13, 12], "texture": "#1"}
			}
		},
		{
			"name": "octagon",
			"from": [-6.96392, 9.8002, 13.68],
			"to": [-6.03608, 11.8002, 15.92],
			"rotation": {"angle": 22.5, "axis": "y", "origin": [-6.5, 11.3, 14.8]},
			"faces": {
				"north": {"uv": [0.951, 1.902, 1.951, 3.984], "texture": "#0"},
				"east": {"uv": [0, 0, 1, 1], "texture": "#missing"},
				"south": {"uv": [2.164, 1.902, 3.361, 3.984], "texture": "#0"},
				"west": {"uv": [0, 1.902, 1, 3.984], "texture": "#0"},
				"up": {"uv": [2.164, 1.902, 3.361, 3.984], "texture": "#0"},
				"down": {"uv": [2.164, 1.902, 3.361, 3.984], "texture": "#0"}
			}
		},
		{
			"name": "octagon",
			"from": [-6.96392, 9.8001, 13.68],
			"to": [-6.03608, 11.8001, 15.92],
			"rotation": {"angle": -22.5, "axis": "y", "origin": [-6.5, 11.3, 14.8]},
			"faces": {
				"north": {"uv": [0, 1.902, 1, 3.984], "texture": "#0"},
				"east": {"uv": [0, 0, 1, 1], "texture": "#missing"},
				"south": {"uv": [2.164, 1.902, 3.361, 3.984], "texture": "#0"},
				"west": {"uv": [0, 0, 1, 1], "texture": "#missing"},
				"up": {"uv": [2.164, 1.902, 3.361, 3.984], "texture": "#0"},
				"down": {"uv": [2.164, 1.902, 3.361, 3.984], "texture": "#0"}
			}
		},
		{
			"name": "octagon",
			"from": [-7.62, 9.8004, 14.33608],
			"to": [-5.38, 11.8004, 15.26392],
			"rotation": {"angle": 22.5, "axis": "y", "origin": [-6.5, 11.3, 14.8]},
			"faces": {
				"north": {"uv": [0, 0, 1, 1], "texture": "#missing"},
				"east": {"uv": [2.164, 1.902, 3.361, 3.984], "texture": "#0"},
				"south": {"uv": [0, 0, 1, 1], "texture": "#missing"},
				"west": {"uv": [2.164, 1.902, 3.361, 3.984], "texture": "#0"},
				"up": {"uv": [2.164, 1.902, 3.361, 3.984], "rotation": 270, "texture": "#0"},
				"down": {"uv": [2.164, 1.902, 3.361, 3.984], "rotation": 270, "texture": "#0"}
			}
		},
		{
			"name": "octagon",
			"from": [-7.62, 9.8003, 14.33608],
			"to": [-5.38, 11.8003, 15.26392],
			"rotation": {"angle": -22.5, "axis": "y", "origin": [-6.5, 11.3, 14.8]},
			"faces": {
				"north": {"uv": [0, 0, 1, 1], "texture": "#missing"},
				"east": {"uv": [2.164, 1.902, 3.361, 3.984], "texture": "#0"},
				"south": {"uv": [0, 0, 1, 1], "texture": "#missing"},
				"west": {"uv": [2.164, 1.902, 3.361, 3.984], "texture": "#0"},
				"up": {"uv": [2.164, 1.902, 3.361, 3.984], "rotation": 270, "texture": "#0"},
				"down": {"uv": [2.164, 1.902, 3.361, 3.984], "rotation": 270, "texture": "#0"}
			}
		},
		{
			"from": [-6.75, 11.75, 14.55],
			"to": [-6.25, 12.5, 15.05],
			"rotation": {"angle": 0, "axis": "y", "origin": [1.5, 8.5, 8]},
			"faces": {
				"north": {"uv": [4, 3, 13, 12], "texture": "#1"},
				"east": {"uv": [4, 3, 13, 12], "texture": "#1"},
				"south": {"uv": [4, 3, 13, 12], "texture": "#1"},
				"west": {"uv": [4, 3, 13, 12], "texture": "#1"},
				"up": {"uv": [4, 3, 13, 12], "texture": "#1"},
				"down": {"uv": [4, 3, 13, 12], "texture": "#1"}
			}
		},
		{
			"name": "octagon",
			"from": [12.03608, 11.4002, 13.68],
			"to": [12.96392, 13.4002, 15.92],
			"rotation": {"angle": -22.5, "axis": "y", "origin": [12.5, 12.9, 14.8]},
			"faces": {
				"north": {"uv": [1.951, 1.902, 0.951, 3.984], "texture": "#0"},
				"east": {"uv": [1, 1.902, 0, 3.984], "texture": "#0"},
				"south": {"uv": [3.361, 1.902, 2.164, 3.984], "texture": "#0"},
				"west": {"uv": [1, 0, 0, 1], "texture": "#missing"},
				"up": {"uv": [3.361, 1.902, 2.164, 3.984], "texture": "#0"},
				"down": {"uv": [3.361, 1.902, 2.164, 3.984], "texture": "#0"}
			}
		},
		{
			"name": "octagon",
			"from": [12.03608, 11.4001, 13.68],
			"to": [12.96392, 13.4001, 15.92],
			"rotation": {"angle": 22.5, "axis": "y", "origin": [12.5, 12.9, 14.8]},
			"faces": {
				"north": {"uv": [1, 1.902, 0, 3.984], "texture": "#0"},
				"east": {"uv": [1, 0, 0, 1], "texture": "#missing"},
				"south": {"uv": [3.361, 1.902, 2.164, 3.984], "texture": "#0"},
				"west": {"uv": [1, 0, 0, 1], "texture": "#missing"},
				"up": {"uv": [3.361, 1.902, 2.164, 3.984], "texture": "#0"},
				"down": {"uv": [3.361, 1.902, 2.164, 3.984], "texture": "#0"}
			}
		},
		{
			"name": "octagon",
			"from": [11.38, 11.4004, 14.33608],
			"to": [13.62, 13.4004, 15.26392],
			"rotation": {"angle": -22.5, "axis": "y", "origin": [12.5, 12.9, 14.8]},
			"faces": {
				"north": {"uv": [1, 0, 0, 1], "texture": "#missing"},
				"east": {"uv": [3.361, 1.902, 2.164, 3.984], "texture": "#0"},
				"south": {"uv": [1, 0, 0, 1], "texture": "#missing"},
				"west": {"uv": [3.361, 1.902, 2.164, 3.984], "texture": "#0"},
				"up": {"uv": [2.164, 3.984, 3.361, 1.902], "rotation": 270, "texture": "#0"},
				"down": {"uv": [2.164, 3.984, 3.361, 1.902], "rotation": 270, "texture": "#0"}
			}
		},
		{
			"name": "octagon",
			"from": [11.38, 11.4003, 14.33608],
			"to": [13.62, 13.4003, 15.26392],
			"rotation": {"angle": 22.5, "axis": "y", "origin": [12.5, 12.9, 14.8]},
			"faces": {
				"north": {"uv": [1, 0, 0, 1], "texture": "#missing"},
				"east": {"uv": [3.361, 1.902, 2.164, 3.984], "texture": "#0"},
				"south": {"uv": [1, 0, 0, 1], "texture": "#missing"},
				"west": {"uv": [3.361, 1.902, 2.164, 3.984], "texture": "#0"},
				"up": {"uv": [2.164, 3.984, 3.361, 1.902], "rotation": 270, "texture": "#0"},
				"down": {"uv": [2.164, 3.984, 3.361, 1.902], "rotation": 270, "texture": "#0"}
			}
		},
		{
			"from": [12.25, 13.35, 14.55],
			"to": [12.75, 14.1, 15.05],
			"rotation": {"angle": 0, "axis": "y", "origin": [4.5, 10.1, 8]},
			"faces": {
				"north": {"uv": [13, 3, 4, 12], "texture": "#1"},
				"east": {"uv": [13, 3, 4, 12], "texture": "#1"},
				"south": {"uv": [13, 3, 4, 12], "texture": "#1"},
				"west": {"uv": [13, 3, 4, 12], "texture": "#1"},
				"up": {"uv": [13, 3, 4, 12], "texture": "#1"},
				"down": {"uv": [13, 3, 4, 12], "texture": "#1"}
			}
		},
		{
			"name": "octagon",
			"from": [6.03608, 9.8002, 13.68],
			"to": [6.96392, 11.8002, 15.92],
			"rotation": {"angle": -22.5, "axis": "y", "origin": [6.5, 11.3, 14.8]},
			"faces": {
				"north": {"uv": [1.951, 1.902, 0.951, 3.984], "texture": "#0"},
				"east": {"uv": [1, 1.902, 0, 3.984], "texture": "#0"},
				"south": {"uv": [3.361, 1.902, 2.164, 3.984], "texture": "#0"},
				"west": {"uv": [1, 0, 0, 1], "texture": "#missing"},
				"up": {"uv": [3.361, 1.902, 2.164, 3.984], "texture": "#0"},
				"down": {"uv": [3.361, 1.902, 2.164, 3.984], "texture": "#0"}
			}
		},
		{
			"name": "octagon",
			"from": [6.03608, 9.8001, 13.68],
			"to": [6.96392, 11.8001, 15.92],
			"rotation": {"angle": 22.5, "axis": "y", "origin": [6.5, 11.3, 14.8]},
			"faces": {
				"north": {"uv": [1, 1.902, 0, 3.984], "texture": "#0"},
				"east": {"uv": [1, 0, 0, 1], "texture": "#missing"},
				"south": {"uv": [3.361, 1.902, 2.164, 3.984], "texture": "#0"},
				"west": {"uv": [1, 0, 0, 1], "texture": "#missing"},
				"up": {"uv": [3.361, 1.902, 2.164, 3.984], "texture": "#0"},
				"down": {"uv": [3.361, 1.902, 2.164, 3.984], "texture": "#0"}
			}
		},
		{
			"name": "octagon",
			"from": [5.38, 9.8004, 14.33608],
			"to": [7.62, 11.8004, 15.26392],
			"rotation": {"angle": -22.5, "axis": "y", "origin": [6.5, 11.3, 14.8]},
			"faces": {
				"north": {"uv": [1, 0, 0, 1], "texture": "#missing"},
				"east": {"uv": [3.361, 1.902, 2.164, 3.984], "texture": "#0"},
				"south": {"uv": [1, 0, 0, 1], "texture": "#missing"},
				"west": {"uv": [3.361, 1.902, 2.164, 3.984], "texture": "#0"},
				"up": {"uv": [2.164, 3.984, 3.361, 1.902], "rotation": 270, "texture": "#0"},
				"down": {"uv": [2.164, 3.984, 3.361, 1.902], "rotation": 270, "texture": "#0"}
			}
		},
		{
			"name": "octagon",
			"from": [5.38, 9.8003, 14.33608],
			"to": [7.62, 11.8003, 15.26392],
			"rotation": {"angle": 22.5, "axis": "y", "origin": [6.5, 11.3, 14.8]},
			"faces": {
				"north": {"uv": [1, 0, 0, 1], "texture": "#missing"},
				"east": {"uv": [3.361, 1.902, 2.164, 3.984], "texture": "#0"},
				"south": {"uv": [1, 0, 0, 1], "texture": "#missing"},
				"west": {"uv": [3.361, 1.902, 2.164, 3.984], "texture": "#0"},
				"up": {"uv": [2.164, 3.984, 3.361, 1.902], "rotation": 270, "texture": "#0"},
				"down": {"uv": [2.164, 3.984, 3.361, 1.902], "rotation": 270, "texture": "#0"}
			}
		},
		{
			"from": [6.25, 11.75, 14.55],
			"to": [6.75, 12.5, 15.05],
			"rotation": {"angle": 0, "axis": "y", "origin": [-1.5, 8.5, 8]},
			"faces": {
				"north": {"uv": [13, 3, 4, 12], "texture": "#1"},
				"east": {"uv": [13, 3, 4, 12], "texture": "#1"},
				"south": {"uv": [13, 3, 4, 12], "texture": "#1"},
				"west": {"uv": [13, 3, 4, 12], "texture": "#1"},
				"up": {"uv": [13, 3, 4, 12], "texture": "#1"},
				"down": {"uv": [13, 3, 4, 12], "texture": "#1"}
			}
		}
	],
	"display": {
		"thirdperson_righthand": {
			"rotation": [75, -3.25, 0],
			"translation": [-2.25, 0.5, -3.75],
			"scale": [0.38789, 0.38789, 0.38789]
		},
		"thirdperson_lefthand": {
			"rotation": [75, -3.25, 0],
			"translation": [-2.25, 0.5, -3.75],
			"scale": [0.38789, 0.38789, 0.38789]
		},
		"firstperson_righthand": {
			"rotation": [0, 139.5, 0],
			"translation": [-2.75, 2, 2],
			"scale": [0.26914, 0.26914, 0.26914]
		},
		"firstperson_lefthand": {
			"rotation": [0, 139.5, 0],
			"translation": [2.5, 0.75, 2],
			"scale": [0.26914, 0.26914, 0.26914]
		},
		"ground": {
			"translation": [0, -3.5, 0],
			"scale": [0.5, 0.5, 0.5]
		},
		"gui": {
			"rotation": [30, 225, 0],
			"translation": [0, -6, 0],
			"scale": [0.7, 0.7, 0.7]
		},
		"head": {
			"rotation": [-180, 0, 0],
			"translation": [3.75, 10.25, 0.75],
			"scale": [0.46094, 0.46094, 0.46094]
		},
		"fixed": {
			"translation": [0, 0, -15],
			"scale": [2, 2, 2]
		}
	},
	"groups": [0, 1,
		{
			"name": "octagon",
			"origin": [8, 8, 8],
			"children": [2, 3, 4, 5, 6]
		},
		{
			"name": "group",
			"origin": [8, 8, 8],
			"children": [
				{
					"name": "octagon",
					"origin": [8, 8, 8],
					"children": [7, 8, 9, 10, 11]
				},
				{
					"name": "octagon",
					"origin": [8, 8, 8],
					"children": [12, 13, 14, 15, 16]
				}
			]
		},
		{
			"name": "group",
			"origin": [8, 8, 8],
			"children": [
				{
					"name": "octagon",
					"origin": [8, 8, 8],
					"children": [17, 18, 19, 20, 21]
				},
				{
					"name": "octagon",
					"origin": [8, 8, 8],
					"children": [22, 23, 24, 25, 26]
				}
			]
		}
	]
}