{
	"credit": "Made with Blockbench",
	"textures": {
		"0": "block/faerielights_1",
		"particle": "block/faerielights_1"
	},
	"elements": [
		{
			"from": [-16, 12, 14.75],
			"to": [16, 16, 14.75],
			"rotation": {"angle": 0, "axis": "y", "origin": [8, 8, 22.75]},
			"faces": {
				"north": {"uv": [0, 0, 16, 1.874], "texture": "#0"},
				"east": {"uv": [0, 0, 0, 16], "texture": "#0"},
				"south": {"uv": [8, 0, 7, 1], "texture": "#0"},
				"west": {"uv": [0, 0, 0, 16], "texture": "#0"},
				"up": {"uv": [0, 0, 16, 0], "texture": "#0"},
				"down": {"uv": [0, 0, 16, 0], "texture": "#0"}
			}
		},
		{
			"from": [-16, 12, 14.775],
			"to": [16, 16, 14.775],
			"rotation": {"angle": 0, "axis": "y", "origin": [8, 8, -8.85]},
			"faces": {
				"north": {"uv": [8, 0, 7, 1], "texture": "#0"},
				"east": {"uv": [0, 0, 0, 16], "texture": "#0"},
				"south": {"uv": [16, 0, 0, 1.874], "texture": "#0"},
				"west": {"uv": [0, 0, 0, 16], "texture": "#0"},
				"up": {"uv": [0, 0, 16, 0], "texture": "#0"},
				"down": {"uv": [0, 0, 16, 0], "texture": "#0"}
			}
		},
		{
			"from": [-0.655, 9.01, 14.47],
			"to": [0.665, 10.66, 15.13],
			"rotation": {"angle": 0, "axis": "y", "origin": [4.625, 15.28, 19.75]},
			"faces": {
				"north": {"uv": [6.656, 3.344, 7.41, 4.114], "texture": "#0"},
				"east": {"uv": [6.656, 3.344, 7.41, 4.114], "texture": "#0"},
				"south": {"uv": [6.656, 3.344, 7.41, 4.114], "texture": "#0"},
				"west": {"uv": [6.656, 3.344, 7.41, 4.114], "texture": "#0"},
				"up": {"uv": [6.656, 3.344, 7.41, 4.114], "texture": "#0"},
				"down": {"uv": [6.656, 3.344, 7.41, 4.114], "texture": "#0"}
			}
		},
		{
			"from": [-0.49, 8.515, 14.47],
			"to": [0.5, 9.01, 15.13],
			"rotation": {"angle": 0, "axis": "y", "origin": [4.625, 15.28, 19.75]},
			"faces": {
				"north": {"uv": [6.754, 3.77, 7.279, 4.146], "texture": "#0"},
				"east": {"uv": [6.754, 3.77, 7.279, 4.146], "texture": "#0"},
				"south": {"uv": [6.754, 3.77, 7.279, 4.146], "texture": "#0"},
				"west": {"uv": [6.754, 3.77, 7.279, 4.146], "texture": "#0"},
				"up": {"uv": [6.754, 3.77, 7.279, 4.146], "texture": "#0"},
				"down": {"uv": [6.754, 3.77, 7.279, 4.146], "texture": "#0"}
			}
		},
		{
			"from": [0.665, 8.845, 14.8],
			"to": [2.975, 10.66, 14.8],
			"rotation": {"angle": 0, "axis": "y", "origin": [4.625, 15.28, 19.75]},
			"faces": {
				"north": {"uv": [7.935, 2.361, 9.113, 3.393], "texture": "#0"},
				"east": {"uv": [0, 0, 0, 2.75], "texture": "#missing"},
				"west": {"uv": [0, 0, 0, 2.75], "texture": "#missing"},
				"up": {"uv": [0, 0, 3.5, 0], "texture": "#missing"},
				"down": {"uv": [0, 0, 3.5, 0], "texture": "#missing"}
			}
		},
		{
			"from": [0.665, 8.845, 14.8],
			"to": [2.975, 10.66, 14.8],
			"rotation": {"angle": 0, "axis": "y", "origin": [4.625, 15.28, 9.85]},
			"faces": {
				"east": {"uv": [0, 0, 0, 2.75], "texture": "#missing"},
				"south": {"uv": [9.113, 2.361, 7.935, 3.393], "texture": "#0"},
				"west": {"uv": [0, 0, 0, 2.75], "texture": "#missing"},
				"up": {"uv": [0, 0, 3.5, 0], "texture": "#missing"},
				"down": {"uv": [0, 0, 3.5, 0], "texture": "#missing"}
			}
		},
		{
			"from": [-2.965, 8.845, 14.8],
			"to": [-0.655, 10.66, 14.8],
			"rotation": {"angle": 0, "axis": "y", "origin": [4.625, 15.28, 19.75]},
			"faces": {
				"north": {"uv": [9.113, 2.361, 7.935, 3.393], "texture": "#0"},
				"east": {"uv": [0, 0, 0, 2.75], "texture": "#missing"},
				"west": {"uv": [0, 0, 0, 2.75], "texture": "#missing"},
				"up": {"uv": [3.5, 0, 0, 0], "texture": "#missing"},
				"down": {"uv": [3.5, 0, 0, 0], "texture": "#missing"}
			}
		},
		{
			"from": [-2.965, 8.845, 14.8],
			"to": [-0.655, 10.66, 14.8],
			"rotation": {"angle": 0, "axis": "y", "origin": [4.625, 15.28, 9.85]},
			"faces": {
				"east": {"uv": [0, 0, 0, 2.75], "texture": "#missing"},
				"south": {"uv": [7.935, 2.361, 9.113, 3.393], "texture": "#0"},
				"west": {"uv": [0, 0, 0, 2.75], "texture": "#missing"},
				"up": {"uv": [3.5, 0, 0, 0], "texture": "#missing"},
				"down": {"uv": [3.5, 0, 0, 0], "texture": "#missing"}
			}
		},
		{
			"from": [-0.424, 10.66, 14.47],
			"to": [0.434, 11.32, 15.13],
			"rotation": {"angle": 0, "axis": "y", "origin": [4.625, 15.28, 19.75]},
			"faces": {
				"north": {"uv": [6.623, 2.328, 7.18, 2.672], "texture": "#0"},
				"east": {"uv": [6.754, 1.902, 7.146, 2.246], "texture": "#0"},
				"south": {"uv": [6.754, 1.902, 7.146, 2.246], "texture": "#0"},
				"west": {"uv": [6.754, 1.902, 7.146, 2.246], "texture": "#0"},
				"up": {"uv": [6.754, 1.902, 7.146, 2.246], "texture": "#0"},
				"down": {"uv": [0, 0, 1, 1], "texture": "#missing"}
			}
		},
		{
			"from": [-0.075, 11.25, 14.725],
			"to": [0.075, 12, 14.875],
			"faces": {
				"north": {"uv": [7.312, 1.705, 7.524, 1.885], "texture": "#0"},
				"east": {"uv": [7.312, 1.705, 7.524, 1.885], "texture": "#0"},
				"south": {"uv": [7.312, 1.705, 7.524, 1.885], "texture": "#0"},
				"west": {"uv": [7.312, 1.705, 7.524, 1.885], "texture": "#0"},
				"up": {"uv": [7.312, 1.705, 7.524, 1.885], "texture": "#0"},
				"down": {"uv": [7.312, 1.705, 7.524, 1.885], "texture": "#0"}
			}
		},
		{
			"from": [-13.155, 11.01, 14.47],
			"to": [-11.835, 12.66, 15.13],
			"rotation": {"angle": 0, "axis": "y", "origin": [-7.875, 17.28, 19.75]},
			"faces": {
				"north": {"uv": [6.656, 3.344, 7.41, 4.114], "texture": "#0"},
				"east": {"uv": [6.656, 3.344, 7.41, 4.114], "texture": "#0"},
				"south": {"uv": [6.656, 3.344, 7.41, 4.114], "texture": "#0"},
				"west": {"uv": [6.656, 3.344, 7.41, 4.114], "texture": "#0"},
				"up": {"uv": [6.656, 3.344, 7.41, 4.114], "texture": "#0"},
				"down": {"uv": [6.656, 3.344, 7.41, 4.114], "texture": "#0"}
			}
		},
		{
			"from": [-12.99, 10.515, 14.47],
			"to": [-12, 11.01, 15.13],
			"rotation": {"angle": 0, "axis": "y", "origin": [-7.875, 17.28, 19.75]},
			"faces": {
				"north": {"uv": [6.754, 3.77, 7.279, 4.146], "texture": "#0"},
				"east": {"uv": [6.754, 3.77, 7.279, 4.146], "texture": "#0"},
				"south": {"uv": [6.754, 3.77, 7.279, 4.146], "texture": "#0"},
				"west": {"uv": [6.754, 3.77, 7.279, 4.146], "texture": "#0"},
				"up": {"uv": [6.754, 3.77, 7.279, 4.146], "texture": "#0"},
				"down": {"uv": [6.754, 3.77, 7.279, 4.146], "texture": "#0"}
			}
		},
		{
			"from": [-11.835, 10.845, 14.8],
			"to": [-9.525, 12.66, 14.8],
			"rotation": {"angle": 0, "axis": "y", "origin": [-7.875, 17.28, 19.75]},
			"faces": {
				"north": {"uv": [7.935, 2.361, 9.113, 3.393], "texture": "#0"},
				"east": {"uv": [0, 0, 0, 2.75], "texture": "#missing"},
				"west": {"uv": [0, 0, 0, 2.75], "texture": "#missing"},
				"up": {"uv": [0, 0, 3.5, 0], "texture": "#missing"},
				"down": {"uv": [0, 0, 3.5, 0], "texture": "#missing"}
			}
		},
		{
			"from": [-11.835, 10.845, 14.8],
			"to": [-9.525, 12.66, 14.8],
			"rotation": {"angle": 0, "axis": "y", "origin": [-7.875, 17.28, 9.85]},
			"faces": {
				"east": {"uv": [0, 0, 0, 2.75], "texture": "#missing"},
				"south": {"uv": [9.113, 2.361, 7.935, 3.393], "texture": "#0"},
				"west": {"uv": [0, 0, 0, 2.75], "texture": "#missing"},
				"up": {"uv": [0, 0, 3.5, 0], "texture": "#missing"},
				"down": {"uv": [0, 0, 3.5, 0], "texture": "#missing"}
			}
		},
		{
			"from": [-15.465, 10.845, 14.8],
			"to": [-13.155, 12.66, 14.8],
			"rotation": {"angle": 0, "axis": "y", "origin": [-7.875, 17.28, 19.75]},
			"faces": {
				"north": {"uv": [9.113, 2.361, 7.935, 3.393], "texture": "#0"},
				"east": {"uv": [0, 0, 0, 2.75], "texture": "#missing"},
				"west": {"uv": [0, 0, 0, 2.75], "texture": "#missing"},
				"up": {"uv": [3.5, 0, 0, 0], "texture": "#missing"},
				"down": {"uv": [3.5, 0, 0, 0], "texture": "#missing"}
			}
		},
		{
			"from": [-15.465, 10.845, 14.8],
			"to": [-13.155, 12.66, 14.8],
			"rotation": {"angle": 0, "axis": "y", "origin": [-7.875, 17.28, 9.85]},
			"faces": {
				"east": {"uv": [0, 0, 0, 2.75], "texture": "#missing"},
				"south": {"uv": [7.935, 2.361, 9.113, 3.393], "texture": "#0"},
				"west": {"uv": [0, 0, 0, 2.75], "texture": "#missing"},
				"up": {"uv": [3.5, 0, 0, 0], "texture": "#missing"},
				"down": {"uv": [3.5, 0, 0, 0], "texture": "#missing"}
			}
		},
		{
			"from": [-12.924, 12.66, 14.47],
			"to": [-12.066, 13.32, 15.13],
			"rotation": {"angle": 0, "axis": "y", "origin": [-7.875, 17.28, 19.75]},
			"faces": {
				"north": {"uv": [6.623, 2.328, 7.18, 2.672], "texture": "#0"},
				"east": {"uv": [6.754, 1.902, 7.146, 2.246], "texture": "#0"},
				"south": {"uv": [6.754, 1.902, 7.146, 2.246], "texture": "#0"},
				"west": {"uv": [6.754, 1.902, 7.146, 2.246], "texture": "#0"},
				"up": {"uv": [6.754, 1.902, 7.146, 2.246], "texture": "#0"},
				"down": {"uv": [0, 0, 1, 1], "texture": "#missing"}
			}
		},
		{
			"from": [-12.575, 13.25, 14.725],
			"to": [-12.425, 14, 14.875],
			"rotation": {"angle": 0, "axis": "y", "origin": [-4.5, 10, 8]},
			"faces": {
				"north": {"uv": [7.312, 1.705, 7.524, 1.885], "texture": "#0"},
				"east": {"uv": [7.312, 1.705, 7.524, 1.885], "texture": "#0"},
				"south": {"uv": [7.312, 1.705, 7.524, 1.885], "texture": "#0"},
				"west": {"uv": [7.312, 1.705, 7.524, 1.885], "texture": "#0"},
				"up": {"uv": [7.312, 1.705, 7.524, 1.885], "texture": "#0"},
				"down": {"uv": [7.312, 1.705, 7.524, 1.885], "texture": "#0"}
			}
		},
		{
			"from": [-7.155, 9.51, 14.47],
			"to": [-5.835, 11.16, 15.13],
			"rotation": {"angle": 0, "axis": "y", "origin": [-1.875, 15.78, 19.75]},
			"faces": {
				"north": {"uv": [6.656, 3.344, 7.41, 4.114], "texture": "#0"},
				"east": {"uv": [6.656, 3.344, 7.41, 4.114], "texture": "#0"},
				"south": {"uv": [6.656, 3.344, 7.41, 4.114], "texture": "#0"},
				"west": {"uv": [6.656, 3.344, 7.41, 4.114], "texture": "#0"},
				"up": {"uv": [6.656, 3.344, 7.41, 4.114], "texture": "#0"},
				"down": {"uv": [6.656, 3.344, 7.41, 4.114], "texture": "#0"}
			}
		},
		{
			"from": [-6.99, 9.015, 14.47],
			"to": [-6, 9.51, 15.13],
			"rotation": {"angle": 0, "axis": "y", "origin": [-1.875, 15.78, 19.75]},
			"faces": {
				"north": {"uv": [6.754, 3.77, 7.279, 4.146], "texture": "#0"},
				"east": {"uv": [6.754, 3.77, 7.279, 4.146], "texture": "#0"},
				"south": {"uv": [6.754, 3.77, 7.279, 4.146], "texture": "#0"},
				"west": {"uv": [6.754, 3.77, 7.279, 4.146], "texture": "#0"},
				"up": {"uv": [6.754, 3.77, 7.279, 4.146], "texture": "#0"},
				"down": {"uv": [6.754, 3.77, 7.279, 4.146], "texture": "#0"}
			}
		},
		{
			"from": [-5.835, 9.345, 14.8],
			"to": [-3.525, 11.16, 14.8],
			"rotation": {"angle": 0, "axis": "y", "origin": [-1.875, 15.78, 19.75]},
			"faces": {
				"north": {"uv": [7.935, 2.361, 9.113, 3.393], "texture": "#0"},
				"east": {"uv": [0, 0, 0, 2.75], "texture": "#missing"},
				"west": {"uv": [0, 0, 0, 2.75], "texture": "#missing"},
				"up": {"uv": [0, 0, 3.5, 0], "texture": "#missing"},
				"down": {"uv": [0, 0, 3.5, 0], "texture": "#missing"}
			}
		},
		{
			"from": [-5.835, 9.345, 14.8],
			"to": [-3.525, 11.16, 14.8],
			"rotation": {"angle": 0, "axis": "y", "origin": [-1.875, 15.78, 9.85]},
			"faces": {
				"east": {"uv": [0, 0, 0, 2.75], "texture": "#missing"},
				"south": {"uv": [9.113, 2.361, 7.935, 3.393], "texture": "#0"},
				"west": {"uv": [0, 0, 0, 2.75], "texture": "#missing"},
				"up": {"uv": [0, 0, 3.5, 0], "texture": "#missing"},
				"down": {"uv": [0, 0, 3.5, 0], "texture": "#missing"}
			}
		},
		{
			"from": [-9.465, 9.345, 14.8],
			"to": [-7.155, 11.16, 14.8],
			"rotation": {"angle": 0, "axis": "y", "origin": [-1.875, 15.78, 19.75]},
			"faces": {
				"north": {"uv": [9.113, 2.361, 7.935, 3.393], "texture": "#0"},
				"east": {"uv": [0, 0, 0, 2.75], "texture": "#missing"},
				"west": {"uv": [0, 0, 0, 2.75], "texture": "#missing"},
				"up": {"uv": [3.5, 0, 0, 0], "texture": "#missing"},
				"down": {"uv": [3.5, 0, 0, 0], "texture": "#missing"}
			}
		},
		{
			"from": [-9.465, 9.345, 14.8],
			"to": [-7.155, 11.16, 14.8],
			"rotation": {"angle": 0, "axis": "y", "origin": [-1.875, 15.78, 9.85]},
			"faces": {
				"east": {"uv": [0, 0, 0, 2.75], "texture": "#missing"},
				"south": {"uv": [7.935, 2.361, 9.113, 3.393], "texture": "#0"},
				"west": {"uv": [0, 0, 0, 2.75], "texture": "#missing"},
				"up": {"uv": [3.5, 0, 0, 0], "texture": "#missing"},
				"down": {"uv": [3.5, 0, 0, 0], "texture": "#missing"}
			}
		},
		{
			"from": [-6.924, 11.16, 14.47],
			"to": [-6.066, 11.82, 15.13],
			"rotation": {"angle": 0, "axis": "y", "origin": [-1.875, 15.78, 19.75]},
			"faces": {
				"north": {"uv": [6.623, 2.328, 7.18, 2.672], "texture": "#0"},
				"east": {"uv": [6.754, 1.902, 7.146, 2.246], "texture": "#0"},
				"south": {"uv": [6.754, 1.902, 7.146, 2.246], "texture": "#0"},
				"west": {"uv": [6.754, 1.902, 7.146, 2.246], "texture": "#0"},
				"up": {"uv": [6.754, 1.902, 7.146, 2.246], "texture": "#0"},
				"down": {"uv": [0, 0, 1, 1], "texture": "#missing"}
			}
		},
		{
			"from": [-6.575, 11.75, 14.725],
			"to": [-6.425, 12.5, 14.875],
			"rotation": {"angle": 0, "axis": "y", "origin": [1.5, 8.5, 8]},
			"faces": {
				"north": {"uv": [7.312, 1.705, 7.524, 1.885], "texture": "#0"},
				"east": {"uv": [7.312, 1.705, 7.524, 1.885], "texture": "#0"},
				"south": {"uv": [7.312, 1.705, 7.524, 1.885], "texture": "#0"},
				"west": {"uv": [7.312, 1.705, 7.524, 1.885], "texture": "#0"},
				"up": {"uv": [7.312, 1.705, 7.524, 1.885], "texture": "#0"},
				"down": {"uv": [7.312, 1.705, 7.524, 1.885], "texture": "#0"}
			}
		},
		{
			"from": [11.835, 11.01, 14.47],
			"to": [13.155, 12.66, 15.13],
			"rotation": {"angle": 0, "axis": "y", "origin": [7.875, 17.28, 19.75]},
			"faces": {
				"north": {"uv": [7.41, 3.344, 6.656, 4.114], "texture": "#0"},
				"east": {"uv": [7.41, 3.344, 6.656, 4.114], "texture": "#0"},
				"south": {"uv": [7.41, 3.344, 6.656, 4.114], "texture": "#0"},
				"west": {"uv": [7.41, 3.344, 6.656, 4.114], "texture": "#0"},
				"up": {"uv": [7.41, 3.344, 6.656, 4.114], "texture": "#0"},
				"down": {"uv": [7.41, 3.344, 6.656, 4.114], "texture": "#0"}
			}
		},
		{
			"from": [12, 10.515, 14.47],
			"to": [12.99, 11.01, 15.13],
			"rotation": {"angle": 0, "axis": "y", "origin": [7.875, 17.28, 19.75]},
			"faces": {
				"north": {"uv": [7.279, 3.77, 6.754, 4.146], "texture": "#0"},
				"east": {"uv": [7.279, 3.77, 6.754, 4.146], "texture": "#0"},
				"south": {"uv": [7.279, 3.77, 6.754, 4.146], "texture": "#0"},
				"west": {"uv": [7.279, 3.77, 6.754, 4.146], "texture": "#0"},
				"up": {"uv": [7.279, 3.77, 6.754, 4.146], "texture": "#0"},
				"down": {"uv": [7.279, 3.77, 6.754, 4.146], "texture": "#0"}
			}
		},
		{
			"from": [9.525, 10.845, 14.8],
			"to": [11.835, 12.66, 14.8],
			"rotation": {"angle": 0, "axis": "y", "origin": [7.875, 17.28, 19.75]},
			"faces": {
				"north": {"uv": [9.113, 2.361, 7.935, 3.393], "texture": "#0"},
				"east": {"uv": [0, 0, 0, 2.75], "texture": "#missing"},
				"west": {"uv": [0, 0, 0, 2.75], "texture": "#missing"},
				"up": {"uv": [3.5, 0, 0, 0], "texture": "#missing"},
				"down": {"uv": [3.5, 0, 0, 0], "texture": "#missing"}
			}
		},
		{
			"from": [9.525, 10.845, 14.8],
			"to": [11.835, 12.66, 14.8],
			"rotation": {"angle": 0, "axis": "y", "origin": [7.875, 17.28, 9.85]},
			"faces": {
				"east": {"uv": [0, 0, 0, 2.75], "texture": "#missing"},
				"south": {"uv": [7.935, 2.361, 9.113, 3.393], "texture": "#0"},
				"west": {"uv": [0, 0, 0, 2.75], "texture": "#missing"},
				"up": {"uv": [3.5, 0, 0, 0], "texture": "#missing"},
				"down": {"uv": [3.5, 0, 0, 0], "texture": "#missing"}
			}
		},
		{
			"from": [13.155, 10.845, 14.8],
			"to": [15.465, 12.66, 14.8],
			"rotation": {"angle": 0, "axis": "y", "origin": [7.875, 17.28, 19.75]},
			"faces": {
				"north": {"uv": [7.935, 2.361, 9.113, 3.393], "texture": "#0"},
				"east": {"uv": [0, 0, 0, 2.75], "texture": "#missing"},
				"west": {"uv": [0, 0, 0, 2.75], "texture": "#missing"},
				"up": {"uv": [0, 0, 3.5, 0], "texture": "#missing"},
				"down": {"uv": [0, 0, 3.5, 0], "texture": "#missing"}
			}
		},
		{
			"from": [13.155, 10.845, 14.8],
			"to": [15.465, 12.66, 14.8],
			"rotation": {"angle": 0, "axis": "y", "origin": [7.875, 17.28, 9.85]},
			"faces": {
				"east": {"uv": [0, 0, 0, 2.75], "texture": "#missing"},
				"south": {"uv": [9.113, 2.361, 7.935, 3.393], "texture": "#0"},
				"west": {"uv": [0, 0, 0, 2.75], "texture": "#missing"},
				"up": {"uv": [0, 0, 3.5, 0], "texture": "#missing"},
				"down": {"uv": [0, 0, 3.5, 0], "texture": "#missing"}
			}
		},
		{
			"from": [12.066, 12.66, 14.47],
			"to": [12.924, 13.32, 15.13],
			"rotation": {"angle": 0, "axis": "y", "origin": [7.875, 17.28, 19.75]},
			"faces": {
				"north": {"uv": [7.18, 2.328, 6.623, 2.672], "texture": "#0"},
				"east": {"uv": [7.146, 1.902, 6.754, 2.246], "texture": "#0"},
				"south": {"uv": [7.146, 1.902, 6.754, 2.246], "texture": "#0"},
				"west": {"uv": [7.146, 1.902, 6.754, 2.246], "texture": "#0"},
				"up": {"uv": [7.146, 1.902, 6.754, 2.246], "texture": "#0"},
				"down": {"uv": [1, 0, 0, 1], "texture": "#missing"}
			}
		},
		{
			"from": [12.425, 13.25, 14.725],
			"to": [12.575, 14, 14.875],
			"rotation": {"angle": 0, "axis": "y", "origin": [4.5, 10, 8]},
			"faces": {
				"north": {"uv": [7.524, 1.705, 7.312, 1.885], "texture": "#0"},
				"east": {"uv": [7.524, 1.705, 7.312, 1.885], "texture": "#0"},
				"south": {"uv": [7.524, 1.705, 7.312, 1.885], "texture": "#0"},
				"west": {"uv": [7.524, 1.705, 7.312, 1.885], "texture": "#0"},
				"up": {"uv": [7.524, 1.705, 7.312, 1.885], "texture": "#0"},
				"down": {"uv": [7.524, 1.705, 7.312, 1.885], "texture": "#0"}
			}
		},
		{
			"from": [5.835, 9.51, 14.47],
			"to": [7.155, 11.16, 15.13],
			"rotation": {"angle": 0, "axis": "y", "origin": [1.875, 15.78, 19.75]},
			"faces": {
				"north": {"uv": [7.41, 3.344, 6.656, 4.114], "texture": "#0"},
				"east": {"uv": [7.41, 3.344, 6.656, 4.114], "texture": "#0"},
				"south": {"uv": [7.41, 3.344, 6.656, 4.114], "texture": "#0"},
				"west": {"uv": [7.41, 3.344, 6.656, 4.114], "texture": "#0"},
				"up": {"uv": [7.41, 3.344, 6.656, 4.114], "texture": "#0"},
				"down": {"uv": [7.41, 3.344, 6.656, 4.114], "texture": "#0"}
			}
		},
		{
			"from": [6, 9.015, 14.47],
			"to": [6.99, 9.51, 15.13],
			"rotation": {"angle": 0, "axis": "y", "origin": [1.875, 15.78, 19.75]},
			"faces": {
				"north": {"uv": [7.279, 3.77, 6.754, 4.146], "texture": "#0"},
				"east": {"uv": [7.279, 3.77, 6.754, 4.146], "texture": "#0"},
				"south": {"uv": [7.279, 3.77, 6.754, 4.146], "texture": "#0"},
				"west": {"uv": [7.279, 3.77, 6.754, 4.146], "texture": "#0"},
				"up": {"uv": [7.279, 3.77, 6.754, 4.146], "texture": "#0"},
				"down": {"uv": [7.279, 3.77, 6.754, 4.146], "texture": "#0"}
			}
		},
		{
			"from": [3.525, 9.345, 14.8],
			"to": [5.835, 11.16, 14.8],
			"rotation": {"angle": 0, "axis": "y", "origin": [1.875, 15.78, 19.75]},
			"faces": {
				"north": {"uv": [9.113, 2.361, 7.935, 3.393], "texture": "#0"},
				"east": {"uv": [0, 0, 0, 2.75], "texture": "#missing"},
				"west": {"uv": [0, 0, 0, 2.75], "texture": "#missing"},
				"up": {"uv": [3.5, 0, 0, 0], "texture": "#missing"},
				"down": {"uv": [3.5, 0, 0, 0], "texture": "#missing"}
			}
		},
		{
			"from": [3.525, 9.345, 14.8],
			"to": [5.835, 11.16, 14.8],
			"rotation": {"angle": 0, "axis": "y", "origin": [1.875, 15.78, 9.85]},
			"faces": {
				"east": {"uv": [0, 0, 0, 2.75], "texture": "#missing"},
				"south": {"uv": [7.935, 2.361, 9.113, 3.393], "texture": "#0"},
				"west": {"uv": [0, 0, 0, 2.75], "texture": "#missing"},
				"up": {"uv": [3.5, 0, 0, 0], "texture": "#missing"},
				"down": {"uv": [3.5, 0, 0, 0], "texture": "#missing"}
			}
		},
		{
			"from": [7.155, 9.345, 14.8],
			"to": [9.465, 11.16, 14.8],
			"rotation": {"angle": 0, "axis": "y", "origin": [1.875, 15.78, 19.75]},
			"faces": {
				"north": {"uv": [7.935, 2.361, 9.113, 3.393], "texture": "#0"},
				"east": {"uv": [0, 0, 0, 2.75], "texture": "#missing"},
				"west": {"uv": [0, 0, 0, 2.75], "texture": "#missing"},
				"up": {"uv": [0, 0, 3.5, 0], "texture": "#missing"},
				"down": {"uv": [0, 0, 3.5, 0], "texture": "#missing"}
			}
		},
		{
			"from": [7.155, 9.345, 14.8],
			"to": [9.465, 11.16, 14.8],
			"rotation": {"angle": 0, "axis": "y", "origin": [1.875, 15.78, 9.85]},
			"faces": {
				"east": {"uv": [0, 0, 0, 2.75], "texture": "#missing"},
				"south": {"uv": [9.113, 2.361, 7.935, 3.393], "texture": "#0"},
				"west": {"uv": [0, 0, 0, 2.75], "texture": "#missing"},
				"up": {"uv": [0, 0, 3.5, 0], "texture": "#missing"},
				"down": {"uv": [0, 0, 3.5, 0], "texture": "#missing"}
			}
		},
		{
			"from": [6.066, 11.16, 14.47],
			"to": [6.924, 11.82, 15.13],
			"rotation": {"angle": 0, "axis": "y", "origin": [1.875, 15.78, 19.75]},
			"faces": {
				"north": {"uv": [7.18, 2.328, 6.623, 2.672], "texture": "#0"},
				"east": {"uv": [7.146, 1.902, 6.754, 2.246], "texture": "#0"},
				"south": {"uv": [7.146, 1.902, 6.754, 2.246], "texture": "#0"},
				"west": {"uv": [7.146, 1.902, 6.754, 2.246], "texture": "#0"},
				"up": {"uv": [7.146, 1.902, 6.754, 2.246], "texture": "#0"},
				"down": {"uv": [1, 0, 0, 1], "texture": "#missing"}
			}
		},
		{
			"from": [6.425, 11.75, 14.725],
			"to": [6.575, 12.5, 14.875],
			"rotation": {"angle": 0, "axis": "y", "origin": [-1.5, 8.5, 8]},
			"faces": {
				"north": {"uv": [7.524, 1.705, 7.312, 1.885], "texture": "#0"},
				"east": {"uv": [7.524, 1.705, 7.312, 1.885], "texture": "#0"},
				"south": {"uv": [7.524, 1.705, 7.312, 1.885], "texture": "#0"},
				"west": {"uv": [7.524, 1.705, 7.312, 1.885], "texture": "#0"},
				"up": {"uv": [7.524, 1.705, 7.312, 1.885], "texture": "#0"},
				"down": {"uv": [7.524, 1.705, 7.312, 1.885], "texture": "#0"}
			}
		}
	],
	"display": {
		"thirdperson_righthand": {
			"rotation": [75, -3.25, 0],
			"translation": [-2.25, 0.5, -3.75],
			"scale": [0.38789, 0.38789, 0.38789]
		},
		"thirdperson_lefthand": {
			"rotation": [75, -3.25, 0],
			"translation": [-2.25, 0.5, -3.75],
			"scale": [0.38789, 0.38789, 0.38789]
		},
		"firstperson_righthand": {
			"rotation": [0, 139.5, 0],
			"translation": [-2.75, 2, 2],
			"scale": [0.26914, 0.26914, 0.26914]
		},
		"firstperson_lefthand": {
			"rotation": [0, 139.5, 0],
			"translation": [2.5, 0.75, 2],
			"scale": [0.26914, 0.26914, 0.26914]
		},
		"ground": {
			"translation": [0, -3.5, 0],
			"scale": [0.5, 0.5, 0.5]
		},
		"gui": {
			"rotation": [30, 225, 0],
			"translation": [0, -6, 0],
			"scale": [0.7, 0.7, 0.7]
		},
		"head": {
			"rotation": [-180, 0, 0],
			"translation": [3.75, 10.25, 0.75],
			"scale": [0.46094, 0.46094, 0.46094]
		},
		"fixed": {
			"translation": [0, 0, -15],
			"scale": [2, 2, 2]
		}
	},
	"groups": [0, 1,
		{
			"name": "group",
			"origin": [8, 8, 8],
			"children": [
				{
					"name": "octagon",
					"origin": [8, 8, 8],
					"children": []
				},
				{
					"name": "octagon",
					"origin": [8, 8, 8],
					"children": []
				}
			]
		},
		{
			"name": "Bat",
			"origin": [4.625, 15.53, 19.75],
			"children": [2, 3, 4, 5, 6, 7, 8, 9]
		},
		{
			"name": "group",
			"origin": [8, 8, 8],
			"children": [
				{
					"name": "Bat",
					"origin": [4.625, 15.53, 19.75],
					"children": [10, 11, 12, 13, 14, 15, 16, 17]
				},
				{
					"name": "Bat",
					"origin": [4.625, 15.53, 19.75],
					"children": [18, 19, 20, 21, 22, 23, 24, 25]
				}
			]
		},
		{
			"name": "group",
			"origin": [8, 8, 8],
			"children": [
				{
					"name": "Bat",
					"origin": [4.625, 15.53, 19.75],
					"children": [26, 27, 28, 29, 30, 31, 32, 33]
				},
				{
					"name": "Bat",
					"origin": [4.625, 15.53, 19.75],
					"children": [34, 35, 36, 37, 38, 39, 40, 41]
				}
			]
		}
	]
}