{
	"credit": "Made with Blockbench",
	"textures": {
		"1": "block/MizunoArchive/iron_ingot_0",
		"2": "block/MizunoArchive/stripped_dark_oak_log"
	},
	"elements": [
		{
			"from": [9.06978, 2.16, 7.865],
			"to": [10.68978, 3.24, 8.135],
			"rotation": {"angle": 0, "axis": "y", "origin": [16.62978, 6.48, 12.05]},
			"faces": {
				"north": {"uv": [0, 1, 3, 5], "rotation": 270, "texture": "#1"},
				"east": {"uv": [0, 1, 3, 5], "rotation": 270, "texture": "#1"},
				"south": {"uv": [0, 1, 3, 5], "rotation": 270, "texture": "#1"},
				"west": {"uv": [0, 1, 3, 5], "rotation": 270, "texture": "#1"},
				"up": {"uv": [0, 1, 3, 5], "rotation": 270, "texture": "#1"},
				"down": {"uv": [0, 1, 1, 5], "rotation": 180, "texture": "#1"}
			}
		},
		{
			"from": [6.90978, 1.62, 7.865],
			"to": [9.06978, 3.24, 8.135],
			"rotation": {"angle": 0, "axis": "y", "origin": [14.46978, 5.94, 12.05]},
			"faces": {
				"north": {"uv": [0, 1, 3, 5], "rotation": 270, "texture": "#1"},
				"east": {"uv": [0, 1, 3, 5], "rotation": 270, "texture": "#1"},
				"south": {"uv": [0, 1, 3, 5], "rotation": 270, "texture": "#1"},
				"west": {"uv": [0, 1, 3, 5], "rotation": 270, "texture": "#1"},
				"up": {"uv": [0, 1, 3, 5], "rotation": 270, "texture": "#1"},
				"down": {"uv": [0, 1, 1, 5], "rotation": 180, "texture": "#1"}
			}
		},
		{
			"from": [4.74978, 1.08, 7.865],
			"to": [6.90978, 2.7, 8.135],
			"rotation": {"angle": 0, "axis": "y", "origin": [12.30978, 5.4, 12.05]},
			"faces": {
				"north": {"uv": [0, 1, 3, 5], "rotation": 270, "texture": "#1"},
				"east": {"uv": [0, 1, 3, 5], "rotation": 270, "texture": "#1"},
				"south": {"uv": [0, 1, 3, 5], "rotation": 270, "texture": "#1"},
				"west": {"uv": [0, 1, 3, 5], "rotation": 270, "texture": "#1"},
				"up": {"uv": [0, 1, 3, 5], "rotation": 270, "texture": "#1"},
				"down": {"uv": [0, 1, 1, 5], "rotation": 180, "texture": "#1"}
			}
		},
		{
			"from": [2.58978, 0.54, 7.865],
			"to": [4.74978, 2.7, 8.135],
			"rotation": {"angle": 0, "axis": "y", "origin": [10.14978, 4.86, 12.05]},
			"faces": {
				"north": {"uv": [0, 1, 3, 5], "rotation": 270, "texture": "#1"},
				"east": {"uv": [0, 1, 3, 5], "rotation": 270, "texture": "#1"},
				"south": {"uv": [0, 1, 3, 5], "rotation": 270, "texture": "#1"},
				"west": {"uv": [0, 1, 3, 5], "rotation": 270, "texture": "#1"},
				"up": {"uv": [0, 1, 3, 5], "rotation": 270, "texture": "#1"},
				"down": {"uv": [0, 1, 1, 5], "rotation": 180, "texture": "#1"}
			}
		},
		{
			"from": [-1.19022, 0, 7.865],
			"to": [2.58978, 2.16, 8.135],
			"rotation": {"angle": 0, "axis": "y", "origin": [6.36978, 4.32, 12.05]},
			"faces": {
				"north": {"uv": [0, 1, 3, 5], "rotation": 270, "texture": "#1"},
				"east": {"uv": [0, 1, 3, 5], "rotation": 270, "texture": "#1"},
				"south": {"uv": [0, 1, 3, 5], "rotation": 270, "texture": "#1"},
				"west": {"uv": [0, 1, 3, 5], "rotation": 270, "texture": "#1"},
				"up": {"uv": [0, 1, 3, 5], "rotation": 270, "texture": "#1"},
				"down": {"uv": [0, 1, 1, 5], "rotation": 180, "texture": "#1"}
			}
		},
		{
			"from": [-2.27022, 0.54, 7.865],
			"to": [-1.19022, 2.16, 8.135],
			"rotation": {"angle": 0, "axis": "y", "origin": [2.58978, 4.86, 12.05]},
			"faces": {
				"north": {"uv": [0, 1, 3, 5], "rotation": 270, "texture": "#1"},
				"east": {"uv": [0, 1, 3, 5], "rotation": 270, "texture": "#1"},
				"south": {"uv": [0, 1, 3, 5], "rotation": 270, "texture": "#1"},
				"west": {"uv": [0, 1, 3, 5], "rotation": 270, "texture": "#1"},
				"up": {"uv": [0, 1, 3, 5], "rotation": 270, "texture": "#1"},
				"down": {"uv": [0, 1, 1, 5], "rotation": 180, "texture": "#1"}
			}
		},
		{
			"from": [-2.81022, 1.08, 7.865],
			"to": [-2.27022, 1.62, 8.135],
			"rotation": {"angle": 0, "axis": "y", "origin": [1.50978, 5.4, 12.05]},
			"faces": {
				"north": {"uv": [0, 1, 1, 5], "rotation": 180, "texture": "#1"},
				"east": {"uv": [0, 1, 1, 5], "rotation": 180, "texture": "#1"},
				"south": {"uv": [0, 1, 1, 5], "rotation": 180, "texture": "#1"},
				"west": {"uv": [0, 1, 1, 5], "rotation": 180, "texture": "#1"},
				"up": {"uv": [0, 1, 1, 5], "rotation": 180, "texture": "#1"},
				"down": {"uv": [0, 1, 1, 5], "rotation": 180, "texture": "#1"}
			}
		},
		{
			"from": [-3.35022, 1.62, 7.865],
			"to": [-2.27022, 2.16, 8.135],
			"rotation": {"angle": 0, "axis": "y", "origin": [0.96978, 5.94, 12.05]},
			"faces": {
				"north": {"uv": [0, 1, 1, 5], "rotation": 180, "texture": "#1"},
				"east": {"uv": [0, 1, 1, 5], "rotation": 180, "texture": "#1"},
				"south": {"uv": [0, 1, 1, 5], "rotation": 180, "texture": "#1"},
				"west": {"uv": [0, 1, 1, 5], "rotation": 180, "texture": "#1"},
				"up": {"uv": [0, 1, 1, 5], "rotation": 180, "texture": "#1"},
				"down": {"uv": [0, 1, 1, 5], "rotation": 180, "texture": "#1"}
			}
		},
		{
			"from": [-3.89022, 2.16, 7.865],
			"to": [-1.73022, 3.24, 8.135],
			"rotation": {"angle": 0, "axis": "y", "origin": [0.42978, 6.48, 12.05]},
			"faces": {
				"north": {"uv": [0, 1, 3, 5], "rotation": 180, "texture": "#1"},
				"east": {"uv": [0, 1, 3, 5], "rotation": 180, "texture": "#1"},
				"south": {"uv": [0, 1, 3, 5], "texture": "#1"},
				"west": {"uv": [0, 1, 1, 5], "rotation": 180, "texture": "#1"},
				"up": {"uv": [0, 1, 3, 5], "rotation": 180, "texture": "#1"},
				"down": {"uv": [0, 1, 1, 5], "rotation": 180, "texture": "#1"}
			}
		},
		{
			"from": [-4.43022, 3.24, 7.865],
			"to": [-1.73022, 4.32, 8.135],
			"rotation": {"angle": 0, "axis": "y", "origin": [-0.11022, 7.56, 12.05]},
			"faces": {
				"north": {"uv": [0, 1, 3, 5], "rotation": 180, "texture": "#1"},
				"east": {"uv": [0, 1, 3, 5], "rotation": 180, "texture": "#1"},
				"south": {"uv": [0, 1, 3, 5], "texture": "#1"},
				"west": {"uv": [0, 1, 1, 5], "rotation": 180, "texture": "#1"},
				"up": {"uv": [0, 1, 3, 5], "texture": "#1"},
				"down": {"uv": [0, 1, 1, 5], "rotation": 180, "texture": "#1"}
			}
		},
		{
			"from": [-1.73022, 2.16, 7.865],
			"to": [-0.11022, 2.7, 8.135],
			"rotation": {"angle": 0, "axis": "y", "origin": [2.58978, 6.48, 12.05]},
			"faces": {
				"north": {"uv": [1, 1, 3, 3], "rotation": 180, "texture": "#1"},
				"east": {"uv": [1, 1, 3, 3], "rotation": 180, "texture": "#1"},
				"south": {"uv": [1, 1, 3, 3], "rotation": 180, "texture": "#1"},
				"west": {"uv": [1, 1, 3, 3], "rotation": 180, "texture": "#1"},
				"up": {"uv": [1, 1, 3, 3], "rotation": 180, "texture": "#1"},
				"down": {"uv": [1, 1, 3, 3], "rotation": 180, "texture": "#1"}
			}
		},
		{
			"from": [-1.73022, 2.7, 7.865],
			"to": [-1.19022, 3.24, 8.135],
			"rotation": {"angle": 0, "axis": "y", "origin": [2.58978, 7.02, 12.05]},
			"faces": {
				"north": {"uv": [1, 1, 3, 5], "rotation": 180, "texture": "#1"},
				"east": {"uv": [1, 1, 3, 5], "rotation": 180, "texture": "#1"},
				"south": {"uv": [1, 1, 3, 5], "rotation": 180, "texture": "#1"},
				"west": {"uv": [1, 1, 3, 5], "rotation": 180, "texture": "#1"},
				"up": {"uv": [1, 1, 3, 5], "rotation": 180, "texture": "#1"},
				"down": {"uv": [1, 1, 3, 5], "rotation": 180, "texture": "#1"}
			}
		},
		{
			"from": [-0.11022, 2.16, 7.73],
			"to": [2.58978, 2.7, 8.27],
			"rotation": {"angle": 0, "axis": "y", "origin": [2.58978, 6.48, 12.05]},
			"faces": {
				"north": {"uv": [6, 1, 7, 5], "rotation": 270, "texture": "#1"},
				"east": {"uv": [6, 1, 7, 5], "rotation": 270, "texture": "#1"},
				"south": {"uv": [6, 1, 7, 5], "rotation": 270, "texture": "#1"},
				"west": {"uv": [6, 1, 7, 5], "rotation": 270, "texture": "#1"},
				"up": {"uv": [6, 1, 7, 5], "rotation": 270, "texture": "#1"},
				"down": {"uv": [6, 1, 7, 5], "rotation": 270, "texture": "#1"}
			}
		},
		{
			"from": [-1.73022, 3.24, 7.73],
			"to": [10.68978, 4.32, 8.27],
			"rotation": {"angle": 0, "axis": "y", "origin": [2.58978, 7.56, 12.05]},
			"faces": {
				"north": {"uv": [7, 1, 10, 5], "rotation": 270, "texture": "#1"},
				"east": {"uv": [0, 0, 1, 2], "texture": "#1"},
				"south": {"uv": [7, 1, 10, 5], "rotation": 270, "texture": "#1"},
				"west": {"uv": [7, 1, 10, 5], "rotation": 270, "texture": "#1"},
				"up": {"uv": [8, 1, 10, 5], "texture": "#1"},
				"down": {"uv": [8, 1, 10, 5], "texture": "#1"}
			}
		},
		{
			"from": [-1.19022, 2.7, 7.73],
			"to": [6.90978, 3.24, 8.27],
			"rotation": {"angle": 0, "axis": "y", "origin": [2.58978, 7.02, 12.05]},
			"faces": {
				"north": {"uv": [6, 1, 7, 5], "rotation": 270, "texture": "#1"},
				"east": {"uv": [6, 1, 7, 5], "rotation": 270, "texture": "#1"},
				"south": {"uv": [6, 1, 7, 5], "rotation": 270, "texture": "#1"},
				"west": {"uv": [6, 1, 7, 5], "rotation": 270, "texture": "#1"},
				"up": {"uv": [6, 1, 7, 5], "rotation": 270, "texture": "#1"},
				"down": {"uv": [6, 1, 7, 5], "rotation": 270, "texture": "#1"}
			}
		},
		{
			"from": [10.68978, 1.62, 7.3034],
			"to": [11.76978, 4.86, 8.6966],
			"rotation": {"angle": 0, "axis": "y", "origin": [15.00978, 8.1, 11.483]},
			"faces": {
				"north": {"uv": [0, 0, 2, 6], "texture": "#2"},
				"east": {"uv": [0, 0, 3, 6], "texture": "#2"},
				"south": {"uv": [0, 0, 2, 6], "texture": "#2"},
				"west": {"uv": [0, 0, 3, 6], "texture": "#2"},
				"up": {"uv": [0, 0, 2, 3], "texture": "#2"},
				"down": {"uv": [0, 0, 2, 3], "texture": "#2"}
			}
		},
		{
			"from": [10.70328, 2.16, 6.839],
			"to": [11.76978, 4.32, 9.161],
			"rotation": {"angle": 0, "axis": "y", "origin": [15.00978, 8.1, 11.483]},
			"faces": {
				"north": {"uv": [0, 0, 1.975, 4], "texture": "#2"},
				"east": {"uv": [0, 0, 5, 4], "texture": "#2"},
				"south": {"uv": [0, 0, 1.975, 4], "texture": "#2"},
				"west": {"uv": [0, 0, 5, 4], "texture": "#2"},
				"up": {"uv": [0, 0, 1.975, 5], "texture": "#2"},
				"down": {"uv": [0, 0, 1.975, 5], "texture": "#2"}
			}
		},
		{
			"from": [11.76978, 2.16, 7.3034],
			"to": [16.62978, 4.32, 8.6966],
			"rotation": {"angle": 0, "axis": "y", "origin": [15.00978, 8.1, 11.483]},
			"faces": {
				"north": {"uv": [0, 0, 9, 4], "texture": "#2"},
				"east": {"uv": [0, 0, 3, 4], "texture": "#2"},
				"south": {"uv": [0, 0, 9, 4], "texture": "#2"},
				"west": {"uv": [0, 0, 3, 4], "texture": "#2"},
				"up": {"uv": [0, 0, 9, 3], "texture": "#2"},
				"down": {"uv": [0, 0, 9, 3], "texture": "#2"}
			}
		},
		{
			"from": [11.76978, 2.7, 6.839],
			"to": [16.62978, 3.78, 9.161],
			"rotation": {"angle": 0, "axis": "y", "origin": [15.00978, 8.1, 11.483]},
			"faces": {
				"north": {"uv": [0, 0, 9, 2], "texture": "#2"},
				"east": {"uv": [0, 0, 5, 2], "texture": "#2"},
				"south": {"uv": [0, 0, 9, 2], "texture": "#2"},
				"west": {"uv": [0, 0, 5, 2], "texture": "#2"},
				"up": {"uv": [0, 0, 9, 5], "texture": "#2"},
				"down": {"uv": [0, 0, 9, 5], "texture": "#2"}
			}
		},
		{
			"from": [16.62978, 1.62, 7.3034],
			"to": [17.16978, 4.32, 8.6966],
			"rotation": {"angle": 0, "axis": "y", "origin": [15.00978, 8.1, 11.483]},
			"faces": {
				"north": {"uv": [0, 0, 1, 5], "texture": "#2"},
				"east": {"uv": [0, 0, 3, 5], "texture": "#2"},
				"south": {"uv": [0, 0, 1, 5], "texture": "#2"},
				"west": {"uv": [0, 0, 3, 5], "texture": "#2"},
				"up": {"uv": [0, 0, 1, 3], "texture": "#2"},
				"down": {"uv": [0, 0, 1, 3], "texture": "#2"}
			}
		},
		{
			"from": [16.62978, 2.16, 6.839],
			"to": [17.16978, 3.78, 9.161],
			"rotation": {"angle": 0, "axis": "y", "origin": [15.00978, 8.1, 11.483]},
			"faces": {
				"north": {"uv": [0, 0, 1, 3], "texture": "#2"},
				"east": {"uv": [0, 0, 5, 3], "texture": "#2"},
				"south": {"uv": [0, 0, 1, 3], "texture": "#2"},
				"west": {"uv": [0, 0, 5, 3], "texture": "#2"},
				"up": {"uv": [0, 0, 1, 5], "texture": "#2"},
				"down": {"uv": [0, 0, 1, 5], "texture": "#2"}
			}
		},
		{
			"from": [18.78978, 1.62, 7.3034],
			"to": [19.32978, 3.78, 8.6966],
			"rotation": {"angle": 0, "axis": "y", "origin": [17.16978, 8.1, 11.483]},
			"faces": {
				"north": {"uv": [0, 0, 1, 4], "texture": "#2"},
				"east": {"uv": [0, 0, 3, 4], "texture": "#2"},
				"south": {"uv": [0, 0, 1, 4], "texture": "#2"},
				"west": {"uv": [0, 0, 3, 4], "texture": "#2"},
				"up": {"uv": [0, 0, 1, 3], "texture": "#2"},
				"down": {"uv": [0, 0, 1, 3], "texture": "#2"}
			}
		},
		{
			"from": [18.78978, 2.16, 6.839],
			"to": [19.28928, 3.24, 9.161],
			"rotation": {"angle": 0, "axis": "y", "origin": [17.16978, 8.1, 11.483]},
			"faces": {
				"north": {"uv": [0, 0, 0.925, 2], "texture": "#2"},
				"east": {"uv": [0, 0, 5, 2], "texture": "#2"},
				"south": {"uv": [0, 0, 0.925, 2], "texture": "#2"},
				"west": {"uv": [0, 0, 5, 2], "texture": "#2"},
				"up": {"uv": [0, 0, 0.925, 5], "texture": "#2"},
				"down": {"uv": [0, 0, 0.925, 5], "texture": "#2"}
			}
		},
		{
			"from": [17.70978, 2.16, 6.7229],
			"to": [18.24978, 3.24, 9.2771],
			"rotation": {"angle": 0, "axis": "y", "origin": [16.35978, 8.1, 10.5542]},
			"faces": {
				"north": {"uv": [3, 2, 5, 6], "rotation": 180, "texture": "#1"},
				"east": {"uv": [3, 2, 5, 6], "rotation": 180, "texture": "#1"},
				"south": {"uv": [3, 2, 5, 6], "rotation": 180, "texture": "#1"},
				"west": {"uv": [3, 2, 5, 6], "rotation": 180, "texture": "#1"},
				"up": {"uv": [3, 2, 5, 6], "rotation": 180, "texture": "#1"},
				"down": {"uv": [3, 2, 5, 6], "rotation": 180, "texture": "#1"}
			}
		},
		{
			"from": [17.45911, 2.44373, 6.7094],
			"to": [18.53911, 2.98373, 9.2906],
			"rotation": {"angle": 0, "axis": "z", "origin": [17.98258, 2.71653, 7.9807]},
			"faces": {
				"north": {"uv": [3, 2, 5, 6], "rotation": 270, "texture": "#1"},
				"east": {"uv": [3, 2, 5, 6], "rotation": 270, "texture": "#1"},
				"south": {"uv": [3, 2, 5, 6], "rotation": 270, "texture": "#1"},
				"west": {"uv": [3, 2, 5, 6], "rotation": 270, "texture": "#1"},
				"up": {"uv": [3, 2, 5, 6], "rotation": 270, "texture": "#1"},
				"down": {"uv": [3, 2, 5, 6], "rotation": 270, "texture": "#1"}
			}
		},
		{
			"from": [17.16978, 1.08, 7.3034],
			"to": [18.78978, 4.32, 8.6966],
			"rotation": {"angle": 0, "axis": "y", "origin": [15.54978, 8.1, 11.483]},
			"faces": {
				"north": {"uv": [0, 0, 3, 6], "texture": "#2"},
				"east": {"uv": [0, 0, 3, 6], "texture": "#2"},
				"south": {"uv": [0, 0, 3, 6], "texture": "#2"},
				"west": {"uv": [0, 0, 3, 6], "texture": "#2"},
				"up": {"uv": [0, 0, 3, 3], "texture": "#2"},
				"down": {"uv": [0, 0, 3, 3], "texture": "#2"}
			}
		},
		{
			"from": [17.16978, 1.62, 6.839],
			"to": [18.78978, 3.78, 9.161],
			"rotation": {"angle": 0, "axis": "y", "origin": [15.54978, 8.1, 11.483]},
			"faces": {
				"north": {"uv": [0, 0, 3, 4], "texture": "#2"},
				"east": {"uv": [0, 0, 5, 4], "texture": "#2"},
				"south": {"uv": [0, 0, 3, 4], "texture": "#2"},
				"west": {"uv": [0, 0, 5, 4], "texture": "#2"},
				"up": {"uv": [0, 0, 3, 5], "texture": "#2"},
				"down": {"uv": [0, 0, 3, 5], "texture": "#2"}
			}
		}
	],
	"display": {
		"thirdperson_righthand": {
			"rotation": [89.5, -88.5, 0],
			"translation": [0, 3.75, 5.25],
			"scale": [0.87305, 0.75781, 0.75781]
		},
		"thirdperson_lefthand": {
			"rotation": [89.5, 91.75, 0],
			"translation": [0, 3.75, 5.25],
			"scale": [0.87305, 0.75781, 0.75781]
		},
		"firstperson_righthand": {
			"rotation": [46, -95, 0],
			"translation": [4.5, 7.25, 0]
		},
		"firstperson_lefthand": {
			"rotation": [33, 89, 21],
			"translation": [6.25, 7.25, 0]
		},
		"ground": {
			"translation": [0, 4.25, 0]
		},
		"gui": {
			"rotation": [31, 155, 37],
			"translation": [2, 3, 0],
			"scale": [0.7832, 0.7832, 0.7832]
		},
		"head": {
			"rotation": [0, 0, 26.75],
			"translation": [-2, 15.5, 0],
			"scale": [1.22852, 1.22852, 1.22852]
		},
		"fixed": {
			"rotation": [-90, 0, 54.25],
			"translation": [0, 0, -23.75],
			"scale": [2, 2, 2]
		}
	},
	"groups": [
		{
			"name": "Thin blade",
			"origin": [9, 13, 8],
			"children": [0, 1, 2, 3, 4, 5, 6, 7, 8, 9, 10, 11]
		},
		{
			"name": "Thicker Blade",
			"origin": [9, 13, 8],
			"children": [12, 13, 14]
		},
		{
			"name": "Handle",
			"origin": [21, 15, 8],
			"children": [15, 16, 17, 18, 19, 20, 21, 22, 23, 24, 25, 26]
		}
	]
}