{
	"credit": "Made with Blockbench",
	"textures": {
		"1": "block/marshmallow roast"
	},
	"elements": [
		{
			"from": [6.92969, 17.30114, 1.54383],
			"to": [8.30469, 18.80114, 2.91883],
			"rotation": {"angle": 0, "axis": "x", "origin": [14.98438, 19.33239, 9.85633]},
			"faces": {
				"north": {"uv": [4, 0, 10, 6], "texture": "#1"},
				"east": {"uv": [4, 0, 10, 6], "texture": "#1"},
				"south": {"uv": [4, 0, 10, 6], "texture": "#1"},
				"west": {"uv": [4, 0, 10, 6], "texture": "#1"},
				"up": {"uv": [10, 0, 16, 6], "texture": "#1"},
				"down": {"uv": [4, 6, 10, 12], "texture": "#1"}
			}
		},
		{
			"from": [6.92969, 15.05114, 1.54383],
			"to": [8.30469, 16.55114, 2.91883],
			"rotation": {"angle": 0, "axis": "x", "origin": [14.98438, 19.33239, 9.85633]},
			"faces": {
				"north": {"uv": [4, 0, 10, 6], "texture": "#1"},
				"east": {"uv": [4, 0, 10, 6], "texture": "#1"},
				"south": {"uv": [4, 0, 10, 6], "texture": "#1"},
				"west": {"uv": [4, 0, 10, 6], "texture": "#1"},
				"up": {"uv": [10, 0, 16, 6], "texture": "#1"},
				"down": {"uv": [4, 6, 10, 12], "texture": "#1"}
			}
		},
		{
			"from": [4.44456, 5.62708, 0.40625],
			"to": [5.94456, 7.12708, 0.40625],
			"rotation": {"angle": 22.5, "axis": "z", "origin": [6.25706, 7.37708, 0.53125]},
			"faces": {
				"east": {"uv": [0, 0, 4, 3], "rotation": 180, "texture": "#1"},
				"south": {"uv": [10, 6, 16, 12], "rotation": 90, "texture": "#1"},
				"west": {"uv": [0, 0, 4, 3], "rotation": 180, "texture": "#1"},
				"up": {"uv": [0, 0, 4, 3], "rotation": 180, "texture": "#1"},
				"down": {"uv": [0, 0, 4, 3], "rotation": 180, "texture": "#1"}
			}
		},
		{
			"from": [4.44456, 5.62708, 0.375],
			"to": [5.94456, 7.12708, 0.375],
			"rotation": {"angle": 22.5, "axis": "z", "origin": [6.25706, 7.37708, 15.46875]},
			"faces": {
				"north": {"uv": [10, 12, 16, 6], "rotation": 90, "texture": "#1"},
				"east": {"uv": [4, 0, 0, 3], "rotation": 180, "texture": "#1"},
				"west": {"uv": [4, 0, 0, 3], "rotation": 180, "texture": "#1"},
				"up": {"uv": [0, 3, 4, 0], "rotation": 180, "texture": "#1"},
				"down": {"uv": [0, 3, 4, 0], "rotation": 180, "texture": "#1"}
			}
		},
		{
			"from": [7.42969, 16.51989, 2.04383],
			"to": [7.80469, 19.51989, 2.41883],
			"rotation": {"angle": 0, "axis": "x", "origin": [14.98438, 19.33239, 9.85633]},
			"faces": {
				"north": {"uv": [2, 0, 4, 9], "rotation": 180, "texture": "#1"},
				"east": {"uv": [2, 0, 4, 9], "rotation": 180, "texture": "#1"},
				"south": {"uv": [2, 0, 4, 9], "rotation": 180, "texture": "#1"},
				"west": {"uv": [2, 0, 4, 9], "rotation": 180, "texture": "#1"},
				"up": {"uv": [2, 0, 4, 2], "rotation": 180, "texture": "#1"},
				"down": {"uv": [2, 0, 4, 2], "rotation": 180, "texture": "#1"}
			}
		},
		{
			"from": [7.25, 0, 0],
			"to": [8, 7, 0.75],
			"rotation": {"angle": 0, "axis": "y", "origin": [15, 8, 8]},
			"faces": {
				"north": {"uv": [0, 0, 2, 14], "rotation": 180, "texture": "#1"},
				"east": {"uv": [0, 0, 2, 14], "rotation": 180, "texture": "#1"},
				"south": {"uv": [0, 0, 2, 14], "rotation": 180, "texture": "#1"},
				"west": {"uv": [0, 0, 2, 14], "rotation": 180, "texture": "#1"},
				"up": {"uv": [0, 0, 2, 2], "rotation": 180, "texture": "#1"},
				"down": {"uv": [0, 0, 2, 2], "rotation": 180, "texture": "#1"}
			}
		},
		{
			"from": [5.88206, 3.87708, 0.15625],
			"to": [6.38206, 6.37708, 0.65625],
			"rotation": {"angle": 22.5, "axis": "z", "origin": [6.25706, 7.37708, 0.53125]},
			"faces": {
				"north": {"uv": [0, 5, 1, 9], "rotation": 180, "texture": "#1"},
				"east": {"uv": [0, 5, 1, 9], "rotation": 180, "texture": "#1"},
				"south": {"uv": [0, 5, 1, 9], "rotation": 180, "texture": "#1"},
				"west": {"uv": [0, 5, 1, 9], "rotation": 180, "texture": "#1"},
				"up": {"uv": [0, 8, 1, 9], "rotation": 180, "texture": "#1"},
				"down": {"uv": [0, 8, 1, 9], "rotation": 180, "texture": "#1"}
			}
		},
		{
			"from": [5.94456, 6.37708, 0.21875],
			"to": [6.31956, 7.37708, 0.59375],
			"rotation": {"angle": 22.5, "axis": "z", "origin": [6.25706, 7.37708, 0.53125]},
			"faces": {
				"north": {"uv": [1, 9, 2, 11], "rotation": 180, "texture": "#1"},
				"east": {"uv": [1, 9, 2, 11], "rotation": 180, "texture": "#1"},
				"south": {"uv": [1, 9, 2, 11], "rotation": 180, "texture": "#1"},
				"west": {"uv": [1, 9, 2, 11], "rotation": 180, "texture": "#1"},
				"up": {"uv": [1, 10, 2, 11], "rotation": 180, "texture": "#1"},
				"down": {"uv": [1, 10, 2, 11], "rotation": 180, "texture": "#1"}
			}
		},
		{
			"from": [7.25, 3.32957, 2.4525],
			"to": [8, 8.32957, 3.2025],
			"rotation": {"angle": 22.5, "axis": "x", "origin": [15, 11.32957, 10.4525]},
			"faces": {
				"north": {"uv": [0, 0, 2, 10], "rotation": 180, "texture": "#1"},
				"east": {"uv": [0, 0, 2, 10], "rotation": 180, "texture": "#1"},
				"south": {"uv": [0, 0, 2, 10], "rotation": 180, "texture": "#1"},
				"west": {"uv": [0, 0, 2, 10], "rotation": 180, "texture": "#1"},
				"up": {"uv": [0, 0, 2, 2], "rotation": 180, "texture": "#1"},
				"down": {"uv": [0, 0, 2, 2], "rotation": 180, "texture": "#1"}
			}
		},
		{
			"from": [7.25781, 11.33239, 1.85633],
			"to": [7.98438, 13.33239, 2.60633],
			"rotation": {"angle": 0, "axis": "x", "origin": [14.98438, 19.33239, 9.85633]},
			"faces": {
				"north": {"uv": [0, 4, 2, 8], "rotation": 180, "texture": "#1"},
				"east": {"uv": [0, 4, 2, 8], "rotation": 180, "texture": "#1"},
				"south": {"uv": [0, 4, 2, 8], "rotation": 180, "texture": "#1"},
				"west": {"uv": [0, 4, 2, 8], "rotation": 180, "texture": "#1"},
				"up": {"uv": [0, 4, 2, 6], "rotation": 180, "texture": "#1"},
				"down": {"uv": [0, 4, 2, 6], "rotation": 180, "texture": "#1"}
			}
		},
		{
			"from": [7.36719, 13.33239, 1.98133],
			"to": [7.86719, 16.33239, 2.48133],
			"rotation": {"angle": 0, "axis": "x", "origin": [14.98438, 19.33239, 9.85633]},
			"faces": {
				"north": {"uv": [2, 0, 4, 9], "texture": "#1"},
				"east": {"uv": [2, 0, 4, 9], "texture": "#1"},
				"south": {"uv": [2, 0, 4, 9], "texture": "#1"},
				"west": {"uv": [2, 0, 4, 9], "texture": "#1"},
				"up": {"uv": [2, 0, 4, 2], "texture": "#1"},
				"down": {"uv": [2, 0, 4, 2], "texture": "#1"}
			}
		}
	],
	"display": {
		"thirdperson_righthand": {
			"rotation": [8.25, 0, 0],
			"translation": [0, 4, 9]
		},
		"thirdperson_lefthand": {
			"rotation": [8.25, 0, 0],
			"translation": [0, 4, 9]
		},
		"firstperson_righthand": {
			"rotation": [-30.25, 7, 5],
			"translation": [7, 3.75, 0]
		},
		"firstperson_lefthand": {
			"rotation": [-30.25, 7, 5],
			"translation": [7, 3.75, 0]
		},
		"ground": {
			"rotation": [49.5, 0, 0],
			"translation": [0, -4.25, 2.75]
		},
		"gui": {
			"rotation": [16, 35, -81],
			"translation": [2.25, -2.5, 0],
			"scale": [0.89063, 0.89063, 0.89063]
		},
		"head": {
			"translation": [0.75, 0, 12.25],
			"scale": [2, 2, 2]
		},
		"fixed": {
			"rotation": [-63.75, 0, 0],
			"translation": [0, 21.5, -5.5],
			"scale": [2, 2, 2]
		}
	},
	"groups": [
		{
			"name": "Marshmallows",
			"origin": [14.98438, 19.33239, 9.85633],
			"children": [0, 1]
		},
		{
			"name": "Leaf",
			"origin": [6.25706, 7.37708, 0.53125],
			"children": [2, 3]
		},
		{
			"name": "Stick",
			"origin": [14.98438, 19.33239, 9.85633],
			"children": [4, 5, 6, 7, 8, 9, 10]
		}
	]
}