{
	"credit": "Made with Blockbench",
	"textures": {
		"0": "block/MizunoArchive/iron_ingot_0",
		"1": "block/MizunoArchive/dark_oak_log",
		"2": "block/MizunoArchive/lead_knot",
		"particle": "block/MizunoArchive/iron_ingot_0"
	},
	"elements": [
		{
			"from": [8.33845, 17.64255, 7.75],
			"to": [14.73845, 20.84255, 8.25],
			"rotation": {"angle": 0, "axis": "z", "origin": [17.95418, 12.2258, 7.95]},
			"faces": {
				"north": {"uv": [5, 9, 11, 13], "rotation": 180, "texture": "#0"},
				"east": {"uv": [5, 11, 5.5, 14.2], "texture": "#0"},
				"south": {"uv": [4, 9, 10, 13], "rotation": 180, "texture": "#0"},
				"west": {"uv": [5, 11, 5.5, 14.2], "texture": "#0"},
				"up": {"uv": [5, 10, 11, 11], "texture": "#0"},
				"down": {"uv": [1, 0, 7, 1], "texture": "#0"}
			}
		},
		{
			"from": [1.5766, 16.21797, 7.75781],
			"to": [9.5766, 18.61797, 8.22656],
			"rotation": {"angle": 22.5, "axis": "z", "origin": [5.3766, 17.01797, 7.95]},
			"faces": {
				"north": {"uv": [2, 9, 10, 12], "rotation": 180, "texture": "#0"},
				"east": {"uv": [0, 0, 0.5, 3], "texture": "#0"},
				"south": {"uv": [2, 9, 10, 12], "rotation": 180, "texture": "#0"},
				"west": {"uv": [0, 0, 0.5, 3], "texture": "#0"},
				"up": {"uv": [0, 0, 10, 0.5], "texture": "#0"},
				"down": {"uv": [1, 0, 7, 1], "texture": "#0"}
			}
		},
		{
			"from": [2.79433, 18.93976, 7.75781],
			"to": [9.19433, 19.73976, 8.22656],
			"rotation": {"angle": 22.5, "axis": "z", "origin": [5.99433, 18.13976, 7.95]},
			"faces": {
				"north": {"uv": [5, 10, 11, 11], "texture": "#0"},
				"east": {"uv": [5, 10, 11, 11], "texture": "#0"},
				"south": {"uv": [5, 10, 11, 11], "texture": "#0"},
				"west": {"uv": [5, 10, 11, 11], "texture": "#0"},
				"up": {"uv": [5, 10, 11, 11], "texture": "#0"},
				"down": {"uv": [5, 10, 11, 11], "texture": "#0"}
			}
		},
		{
			"from": [0.49425, 15.79927, 7.75],
			"to": [4.49425, 16.59927, 8.25],
			"rotation": {"angle": 45, "axis": "z", "origin": [1.29425, 14.99927, 7.95]},
			"faces": {
				"north": {"uv": [5, 10, 9, 11], "texture": "#0"},
				"east": {"uv": [5, 10, 9, 11], "texture": "#0"},
				"south": {"uv": [5, 10, 9, 11], "texture": "#0"},
				"west": {"uv": [5, 10, 9, 11], "texture": "#0"},
				"up": {"uv": [5, 10, 9, 11], "texture": "#0"},
				"down": {"uv": [5, 10, 9, 11], "texture": "#0"}
			}
		},
		{
			"from": [-0.0234, 16.21797, 7.75],
			"to": [1.5766, 18.01797, 8.22656],
			"rotation": {"angle": 22.5, "axis": "z", "origin": [5.3766, 17.01797, 7.95]},
			"faces": {
				"north": {"uv": [8, 9, 10, 11.5], "rotation": 180, "texture": "#0"},
				"east": {"uv": [0, 0, 0.5, 2.25], "texture": "#0"},
				"south": {"uv": [8, 9, 10, 11.5], "rotation": 180, "texture": "#0"},
				"west": {"uv": [0, 0, 0.5, 2.25], "texture": "#0"},
				"up": {"uv": [0, 0, 2, 0.5], "texture": "#0"},
				"down": {"uv": [0, 0, 2, 0.5], "texture": "#0"}
			}
		},
		{
			"from": [0.00251, 14.13332, 7.76563],
			"to": [0.49803, 15.80259, 8.24219],
			"rotation": {"angle": 22.5, "axis": "z", "origin": [0.3972, 14.66495, 7.95]},
			"faces": {
				"north": {"uv": [8, 9, 9, 11.5], "rotation": 180, "texture": "#0"},
				"east": {"uv": [8, 9, 9, 11.5], "rotation": 180, "texture": "#0"},
				"south": {"uv": [8, 9, 9, 11.5], "rotation": 180, "texture": "#0"},
				"west": {"uv": [8, 9, 9, 11.5], "rotation": 180, "texture": "#0"},
				"up": {"uv": [8, 9, 9, 11.5], "rotation": 180, "texture": "#0"},
				"down": {"uv": [1, 0, 2, 1], "texture": "#0"}
			}
		},
		{
			"from": [13.9724, 0.00646, 7.53125],
			"to": [14.9724, 13.00646, 8.53125],
			"rotation": {"angle": -22.5, "axis": "z", "origin": [14.74439, 10.99517, 8]},
			"faces": {
				"north": {"uv": [5, 0, 7, 16], "rotation": 180, "texture": "#1"},
				"east": {"uv": [5, 0, 7, 16], "texture": "#1"},
				"south": {"uv": [5, 0, 7, 16], "rotation": 180, "texture": "#1"},
				"west": {"uv": [5, 0, 7, 16], "texture": "#1"},
				"up": {"uv": [5, 0, 7, 2], "rotation": 180, "texture": "#1"},
				"down": {"uv": [5, 0, 7, 2], "rotation": 180, "texture": "#1"}
			}
		},
		{
			"from": [9.82597, -7.86164, 7.5],
			"to": [10.82597, 1.13836, 8.5],
			"rotation": {"angle": 0, "axis": "z", "origin": [10.59796, -0.87294, 8]},
			"faces": {
				"north": {"uv": [11, 0, 13, 14], "rotation": 180, "texture": "#1"},
				"east": {"uv": [11, 0, 13, 14], "texture": "#1"},
				"south": {"uv": [11, 0, 13, 14], "rotation": 180, "texture": "#1"},
				"west": {"uv": [5, 1, 7, 15], "texture": "#1"},
				"up": {"uv": [11, 0, 13, 14], "texture": "#1"},
				"down": {"uv": [11, 0, 13, 14], "texture": "#1"}
			}
		},
		{
			"from": [14.9724, 9.00646, 7.53125],
			"to": [16.9724, 10.00646, 8.53125],
			"rotation": {"angle": -22.5, "axis": "z", "origin": [14.74439, 10.99517, 8]},
			"faces": {
				"north": {"uv": [2, 5, 4, 9], "rotation": 90, "texture": "#1"},
				"east": {"uv": [1, 3, 3, 5], "rotation": 90, "texture": "#1"},
				"south": {"uv": [2, 5, 4, 9], "rotation": 90, "texture": "#1"},
				"west": {"uv": [1, 3, 3, 5], "rotation": 90, "texture": "#1"},
				"up": {"uv": [2, 5, 4, 9], "rotation": 90, "texture": "#1"},
				"down": {"uv": [2, 5, 4, 9], "rotation": 90, "texture": "#1"}
			}
		},
		{
			"from": [11.2224, 2.00646, 7.53125],
			"to": [13.9724, 3.00646, 8.53125],
			"rotation": {"angle": -22.5, "axis": "z", "origin": [14.74439, 10.99517, 8]},
			"faces": {
				"north": {"uv": [2, 2, 4, 8], "rotation": 90, "texture": "#1"},
				"east": {"uv": [1, 3, 3, 5], "rotation": 90, "texture": "#1"},
				"south": {"uv": [2, 2, 4, 8], "rotation": 90, "texture": "#1"},
				"west": {"uv": [1, 3, 3, 5], "rotation": 90, "texture": "#1"},
				"up": {"uv": [2, 2, 4, 8], "rotation": 90, "texture": "#1"},
				"down": {"uv": [2, 2, 4, 8], "rotation": 90, "texture": "#1"}
			}
		},
		{
			"from": [14.72473, 12.76611, 7.5],
			"to": [15.72473, 21.76611, 8.5],
			"rotation": {"angle": 0, "axis": "z", "origin": [14.74439, 10.99517, 8]},
			"faces": {
				"north": {"uv": [3, 0, 5, 14], "texture": "#1"},
				"east": {"uv": [3, 0, 5, 9], "texture": "#1"},
				"south": {"uv": [3, 0, 5, 9], "texture": "#1"},
				"west": {"uv": [3, 0, 5, 9], "texture": "#1"},
				"up": {"uv": [3, 0, 5, 2], "texture": "#1"},
				"down": {"uv": [3, 0, 5, 2], "texture": "#1"}
			}
		},
		{
			"from": [15.06848, 17.26611, 7.4375],
			"to": [15.38098, 21.26611, 8.5625],
			"rotation": {"angle": -22.5, "axis": "z", "origin": [15.22473, 19.26611, 8]},
			"faces": {
				"north": {"uv": [3.5, 3, 4, 7], "texture": "#2"},
				"east": {"uv": [3, 3, 4.5, 7], "texture": "#2"},
				"south": {"uv": [3.5, 3, 4, 7], "texture": "#2"},
				"west": {"uv": [3, 3, 4.5, 7], "texture": "#2"},
				"up": {"uv": [3.5, 3, 5, 3.5], "rotation": 270, "texture": "#2"},
				"down": {"uv": [3.5, 3, 5, 3.5], "rotation": 270, "texture": "#2"}
			}
		},
		{
			"from": [15.06848, 17.26611, 7.375],
			"to": [15.38098, 21.26611, 8.625],
			"rotation": {"angle": 22.5, "axis": "z", "origin": [15.22473, 19.26611, 8]},
			"faces": {
				"north": {"uv": [4.5, 3, 5, 7], "texture": "#2"},
				"east": {"uv": [3, 3, 4.5, 7], "texture": "#2"},
				"south": {"uv": [4.5, 3, 5, 7], "texture": "#2"},
				"west": {"uv": [3, 3, 4.5, 7], "texture": "#2"},
				"up": {"uv": [3.5, 3, 5, 3.5], "rotation": 270, "texture": "#2"},
				"down": {"uv": [3.5, 3, 5, 3.5], "rotation": 270, "texture": "#2"}
			}
		}
	],
	"display": {
		"thirdperson_righthand": {
			"rotation": [29.25, -86.25, 0],
			"translation": [0, 6.75, 1.75]
		},
		"thirdperson_lefthand": {
			"rotation": [72.5, 0, 320],
			"translation": [-1.25, -8.25, 3.25]
		},
		"firstperson_righthand": {
			"rotation": [-16.75, -89.5, 8],
			"translation": [-1, 0.5, 0],
			"scale": [0.89453, 0.89453, 0.89453]
		},
		"firstperson_lefthand": {
			"rotation": [-16.75, 86.75, 8],
			"translation": [-1, 0.5, 0],
			"scale": [0, 0, 0]
		},
		"ground": {
			"rotation": [0, 0, -26.75],
			"translation": [0, 5.5, 0],
			"scale": [0.60547, 0.60547, 0.60547]
		},
		"gui": {
			"rotation": [-18, -159, 29],
			"translation": [0, -0.75, 0],
			"scale": [0.62891, 0.62891, 0.62891]
		},
		"head": {
			"translation": [-2.5, 25, 0],
			"scale": [1.2, 1.2, 1.2]
		},
		"fixed": {
			"rotation": [-78.25, 0, 0],
			"translation": [0, 8.5, -32.5],
			"scale": [2.3, 2.3, 2.3]
		}
	},
	"groups": [
		{
			"name": "Blade",
			"origin": [-13.76777, 14.0441, 7.5],
			"children": [0, 1, 2, 3, 4, 5]
		},
		{
			"name": "Handle",
			"origin": [8.17847, 10.99517, 8],
			"children": [6, 7, 8, 9, 10, 11, 12]
		}
	]
}