{
	"credit": "Made with Blockbench",
	"textures": {
		"0": "block/suckers2",
		"particle": "block/suckers2"
	},
	"elements": [
		{
			"from": [7.75, 0, 7.75],
			"to": [8.25, 5, 8.25],
			"rotation": {"angle": 0, "axis": "y", "origin": [15.25, 15.5, 15.75]},
			"faces": {
				"north": {"uv": [0, 0, 0.5, 5], "texture": "#0"},
				"east": {"uv": [0, 0, 0.5, 5], "texture": "#0"},
				"south": {"uv": [0, 0, 0.5, 5], "texture": "#0"},
				"west": {"uv": [0, 0, 0.5, 5], "texture": "#0"},
				"up": {"uv": [0, 0, 0.5, 0.5], "texture": "#0"},
				"down": {"uv": [0, 0, 0.5, 0.5], "texture": "#0"}
			}
		},
		{
			"from": [7.39, 5.00625, 7.39],
			"to": [8.61, 7.44625, 8.61],
			"rotation": {"angle": 0, "axis": "y", "origin": [16.845, 23.91625, 17.455]},
			"faces": {
				"north": {"uv": [1, 0, 8, 8], "texture": "#0"},
				"east": {"uv": [1, 0, 8, 8], "texture": "#0"},
				"south": {"uv": [1, 0, 8, 8], "texture": "#0"},
				"west": {"uv": [1, 0, 8, 8], "texture": "#0"},
				"up": {"uv": [2, 0, 9, 8], "rotation": 180, "texture": "#0"},
				"down": {"uv": [2, 0, 9, 8], "rotation": 180, "texture": "#0"}
			}
		},
		{
			"from": [7.085, 5.31125, 7.085],
			"to": [8.915, 7.14125, 8.915],
			"rotation": {"angle": 0, "axis": "y", "origin": [16.845, 24.22125, 17.455]},
			"faces": {
				"north": {"uv": [1, 0, 9, 8], "texture": "#0"},
				"east": {"uv": [1, 0, 9, 8], "texture": "#0"},
				"south": {"uv": [1, 0, 9, 8], "texture": "#0"},
				"west": {"uv": [1, 0, 9, 8], "texture": "#0"},
				"up": {"uv": [1, 0, 9, 8], "rotation": 180, "texture": "#0"},
				"down": {"uv": [1, 0, 9, 8], "texture": "#0"}
			}
		},
		{
			"from": [7.085, 5.92125, 6.78],
			"to": [8.915, 6.53125, 9.22],
			"rotation": {"angle": 0, "axis": "y", "origin": [16.845, 24.83125, 17.455]},
			"faces": {
				"north": {"uv": [1, 5, 8, 7], "texture": "#0"},
				"east": {"uv": [1, 0, 3, 8], "rotation": 90, "texture": "#0"},
				"south": {"uv": [1, 5, 8, 7], "texture": "#0"},
				"west": {"uv": [1, 0, 3, 8], "rotation": 90, "texture": "#0"},
				"up": {"uv": [1, 0, 8, 8], "texture": "#0"},
				"down": {"uv": [1, 0, 8, 8], "texture": "#0"}
			}
		},
		{
			"from": [6.78, 5.92125, 7.085],
			"to": [9.22, 6.53125, 8.915],
			"rotation": {"angle": 0, "axis": "y", "origin": [8, 6.22625, 8]},
			"faces": {
				"north": {"uv": [1, 0, 3, 8], "rotation": 90, "texture": "#0"},
				"east": {"uv": [1, 5, 8, 7], "texture": "#0"},
				"south": {"uv": [1, 0, 3, 8], "rotation": 90, "texture": "#0"},
				"west": {"uv": [1, 5, 8, 7], "texture": "#0"},
				"up": {"uv": [1, 0, 8, 8], "texture": "#0"},
				"down": {"uv": [1, 0, 8, 8], "texture": "#0"}
			}
		}
	],
	"display": {
		"thirdperson_righthand": {
			"rotation": [19.25, 0, 0],
			"translation": [0, 7, 3]
		},
		"thirdperson_lefthand": {
			"rotation": [19.25, 0, 0],
			"translation": [0, 7, 3]
		},
		"firstperson_righthand": {
			"rotation": [0, -155, 14.75],
			"translation": [1.75, 7.25, 0]
		},
		"firstperson_lefthand": {
			"rotation": [0, -155, 14.75],
			"translation": [1.75, 7.25, 0]
		},
		"ground": {
			"translation": [0, 8.25, 0],
			"scale": [1.5, 1.5, 1.5]
		},
		"gui": {
			"rotation": [12.5, 33.75, -13.75],
			"translation": [1, 5.75, 0],
			"scale": [1.33594, 1.33594, 1.33594]
		},
		"head": {
			"translation": [0, 19.25, 0],
			"scale": [1.5, 1.5, 1.5]
		},
		"fixed": {
			"rotation": [-14, 0, -29.25],
			"translation": [3.5, 6.75, -2.25],
			"scale": [2, 2, 2]
		}
	}
}