{
	"credit": "Made with Blockbench",
	"texture_size": [128, 128],
	"textures": {
		"0": "block/plaid blanket 1",
		"particle": "block/plaid blanket 1"
	},
	"elements": [
		{
			"from": [-16, 0.15625, -6],
			"to": [32, 0.15625, 23],
			"faces": {
				"up": {"uv": [0, 8.125, 16, 16], "texture": "#0"}
			}
		},
		{
			"from": [-16, 0.0625, -6],
			"to": [32, 0.0625, 23],
			"faces": {
				"down": {"uv": [0, 16, 16, 8.125], "texture": "#0"}
			}
		}
	],
	"display": {
		"thirdperson_righthand": {
			"rotation": [6.75, 16.75, 2.25],
			"translation": [-1.25, 2.75, -5],
			"scale": [0.375, 0.375, 0.375]
		},
		"thirdperson_lefthand": {
			"rotation": [6.75, 16.75, 2.25],
			"translation": [-1.25, 2.75, -5],
			"scale": [0.375, 0.375, 0.375]
		},
		"firstperson_righthand": {
			"rotation": [14.75, -65.25, 6],
			"translation": [6, 1.25, -3.75],
			"scale": [0.4, 0.43, 0.53]
		},
		"firstperson_lefthand": {
			"rotation": [14.75, -65.25, 6],
			"translation": [6, 1.25, -3.75],
			"scale": [0.4, 0.43, 0.53]
		},
		"ground": {
			"translation": [0, -0.25, 0],
			"scale": [0.38867, 0.38867, 0.38867]
		},
		"gui": {
			"rotation": [30, -158.75, 0],
			"translation": [0, 2.75, 0],
			"scale": [0.35547, 0.35547, 0.35547]
		},
		"head": {
			"scale": [2, 2, 2]
		},
		"fixed": {
			"rotation": [-90, 0, 0],
			"translation": [0, -1.75, -20.25],
			"scale": [2.64648, 2.64648, 2.64648]
		}
	}
}