{
	"credit": "Made with Blockbench",
	"parent": "./cit_item",
	"textures": {
		"1": "block/cupcakewrapper",
		"3": "block/orangecupcake",
		"particle": "block/blackcupcake"
	},
	"elements": [
		{
			"from": [6.08, 2.4725, 6.08],
			"to": [9.92, 4.1825, 9.92],
			"rotation": {"angle": 0, "axis": "y", "origin": [8, 3.2325, 8]},
			"faces": {
				"north": {"uv": [3, 3, 6, 5], "texture": "#3"},
				"east": {"uv": [0, 3, 3, 5], "texture": "#3"},
				"south": {"uv": [9, 3, 12, 5], "texture": "#3"},
				"west": {"uv": [6, 3, 9, 5], "texture": "#3"},
				"up": {"uv": [6, 3, 3, 0], "texture": "#3"},
				"down": {"uv": [9, 0, 6, 3], "texture": "#3"}
			}
		},
		{
			"from": [6.5, -0.0225, 6.5],
			"to": [9.5, 1.4775, 9.5],
			"rotation": {"angle": 0, "axis": "y", "origin": [8, 3.2325, 8]},
			"faces": {
				"north": {"uv": [1.5, 0, 9.7, 4.2], "texture": "#1"},
				"east": {"uv": [1.5, 0, 9.7, 4.2], "texture": "#1"},
				"south": {"uv": [1.5, 0, 9.7, 4.2], "texture": "#1"},
				"west": {"uv": [1.5, 0, 9.7, 4.2], "texture": "#1"},
				"up": {"uv": [1.5, 0, 9.7, 4.2], "texture": "#1"},
				"down": {"uv": [1.5, 0, 9.7, 4.2], "texture": "#1"}
			}
		},
		{
			"from": [6.35, 1.4775, 6.35],
			"to": [9.65, 2.5275, 9.65],
			"rotation": {"angle": 0, "axis": "y", "origin": [8, 3.2325, 8]},
			"faces": {
				"north": {"uv": [1.5, 0, 9.7, 4.2], "texture": "#1"},
				"east": {"uv": [1.5, 0, 9.7, 4.2], "texture": "#1"},
				"south": {"uv": [1.5, 0, 9.7, 4.2], "texture": "#1"},
				"west": {"uv": [1.5, 0, 9.7, 4.2], "texture": "#1"},
				"up": {"uv": [1.5, 0, 9.7, 4.2], "texture": "#1"},
				"down": {"uv": [1.5, 0, 9.7, 4.2], "texture": "#1"}
			}
		},
		{
			"from": [6.77, 4.1825, 6.77],
			"to": [9.23, 5.1125, 9.23],
			"rotation": {"angle": 0, "axis": "y", "origin": [8, 3.2325, 8]},
			"faces": {
				"north": {"uv": [2, 7, 4, 8], "texture": "#3"},
				"east": {"uv": [0, 7, 2, 8], "texture": "#3"},
				"south": {"uv": [6, 7, 8, 8], "texture": "#3"},
				"west": {"uv": [4, 7, 6, 8], "texture": "#3"},
				"up": {"uv": [4, 7, 2, 5], "texture": "#3"},
				"down": {"uv": [6, 5, 4, 7], "texture": "#3"}
			}
		},
		{
			"from": [7.46, 5.1125, 7.46],
			"to": [8.54, 5.8025, 8.54],
			"rotation": {"angle": 0, "axis": "y", "origin": [8, 3.2325, 8]},
			"faces": {
				"north": {"uv": [9, 6, 10, 6.5], "texture": "#3"},
				"east": {"uv": [8, 6, 9, 6.5], "texture": "#3"},
				"south": {"uv": [11, 6, 12, 6.5], "texture": "#3"},
				"west": {"uv": [10, 6, 11, 6.5], "texture": "#3"},
				"up": {"uv": [10, 6, 9, 5], "texture": "#3"},
				"down": {"uv": [11, 5, 10, 6], "texture": "#3"}
			}
		}
	],
	"display": {
		"thirdperson_righthand": {
			"rotation": [45.5, 45, 0],
			"translation": [-1.25, 4.75, 3.25],
			"scale": [0.875, 0.875, 0.875]
		},
		"thirdperson_lefthand": {
			"rotation": [45.5, 45, 0],
			"translation": [-1.25, 4.75, 3.25],
			"scale": [0.875, 0.875, 0.875]
		},
		"firstperson_righthand": {
			"rotation": [-12, 45, 6.5],
			"translation": [1.25, 6.25, 0],
			"scale": [0.74375, 0.74375, 0.74375]
		},
		"firstperson_lefthand": {
			"rotation": [-12, 45, 6.5],
			"translation": [1.25, 6.25, 0],
			"scale": [0.74375, 0.74375, 0.74375]
		},
		"ground": {
			"translation": [0, 5.25, 0],
			"scale": [1.10937, 1.10937, 1.10937]
		},
		"gui": {
			"rotation": [30, 225, 0],
			"translation": [0, 3.75, 0],
			"scale": [1.29297, 1.29297, 1.29297]
		},
		"head": {
			"translation": [0, 18.25, 0],
			"scale": [1.38086, 1.38086, 1.38086]
		},
		"fixed": {
			"rotation": [-90, 0, 0],
			"translation": [0, 0, -15],
			"scale": [2, 2, 2]
		}
	},
	"groups": [
		{
			"name": "cupcake_halloween",
			"origin": [8, 8, 8],
			"children": [
				{
					"name": "Orange Cupcake",
					"origin": [8, 6.58333, 7.8],
					"children": [0, 1, 2, 3, 4]
				}
			]
		}
	]
}