{
	"credit": "Made with Blockbench",
	"textures": {
		"0": "block/MizunoArchive/black_wool",
		"2": "block/Pirateflag",
		"3": "block/MizunoArchive/yellow_wool",
		"particle": "block/MizunoArchive/black_wool"
	},
	"elements": [
		{
			"from": [3.25, 1, 3.25],
			"to": [12.75, 4, 12.75],
			"rotation": {"angle": 0, "axis": "y", "origin": [8, 2.5, 8]},
			"faces": {
				"north": {"uv": [0, 0, 9.5, 3], "texture": "#0"},
				"east": {"uv": [0, 0, 9.5, 3], "texture": "#0"},
				"south": {"uv": [0, 0, 9.5, 3], "texture": "#0"},
				"west": {"uv": [0, 0, 9.5, 3], "texture": "#0"},
				"up": {"uv": [0, 0, 9.5, 9.5], "texture": "#0"},
				"down": {"uv": [0, 0, 9.5, 9.5], "texture": "#0"}
			}
		},
		{
			"from": [2.25, 0, 3.25],
			"to": [3.25, 3, 12.75],
			"rotation": {"angle": 0, "axis": "y", "origin": [8, 2.5, 8]},
			"faces": {
				"north": {"uv": [0, 0, 1, 3], "texture": "#0"},
				"east": {"uv": [0, 0, 9.5, 3], "texture": "#0"},
				"south": {"uv": [0, 0, 1, 3], "texture": "#0"},
				"west": {"uv": [0, 0, 9.5, 3], "texture": "#0"},
				"up": {"uv": [0, 0, 1, 9.5], "texture": "#0"},
				"down": {"uv": [0, 0, 1, 9.5], "texture": "#0"}
			}
		},
		{
			"from": [2.24914, 3.16933, 4.38306],
			"to": [3.24914, 4.66933, 8.88306],
			"rotation": {"angle": 22.5, "axis": "x", "origin": [2.75003, 3.66015, 4.14133]},
			"faces": {
				"north": {"uv": [0, 0, 1, 1.5], "texture": "#0"},
				"east": {"uv": [0, 0, 4.5, 1.5], "texture": "#0"},
				"south": {"uv": [0, 0, 1, 1.5], "texture": "#0"},
				"west": {"uv": [0, 0, 4.5, 1.5], "texture": "#0"},
				"up": {"uv": [0, 0, 1, 4.5], "texture": "#0"},
				"down": {"uv": [0, 0, 1, 4.5], "texture": "#0"}
			}
		},
		{
			"from": [12.75086, 3.16933, 4.38306],
			"to": [13.75086, 4.66933, 8.88306],
			"rotation": {"angle": 22.5, "axis": "x", "origin": [13.24997, 3.66015, 4.14133]},
			"faces": {
				"north": {"uv": [1, 0, 2, 1.5], "texture": "#0"},
				"east": {"uv": [4.5, 0, 9, 1.5], "texture": "#0"},
				"south": {"uv": [1, 0, 2, 1.5], "texture": "#0"},
				"west": {"uv": [4.5, 0, 9, 1.5], "texture": "#0"},
				"up": {"uv": [1, 0, 2, 4.5], "texture": "#0"},
				"down": {"uv": [1, 0, 2, 4.5], "texture": "#0"}
			}
		},
		{
			"from": [12.75, 0, 3.25],
			"to": [13.75, 3, 12.75],
			"rotation": {"angle": 0, "axis": "y", "origin": [8, 2.5, 8]},
			"faces": {
				"north": {"uv": [1, 0, 2, 3], "texture": "#0"},
				"east": {"uv": [6.5, 0, 16, 3], "texture": "#0"},
				"south": {"uv": [1, 0, 2, 3], "texture": "#0"},
				"west": {"uv": [6.5, 0, 16, 3], "texture": "#0"},
				"up": {"uv": [1, 0, 2, 9.5], "texture": "#0"},
				"down": {"uv": [1, 0, 2, 9.5], "texture": "#0"}
			}
		},
		{
			"from": [3.25, 0, 12.75],
			"to": [12.75, 3, 13.75],
			"rotation": {"angle": 0, "axis": "y", "origin": [8, 2.5, 8]},
			"faces": {
				"north": {"uv": [6.5, 0, 16, 3], "texture": "#0"},
				"east": {"uv": [1, 0, 2, 3], "texture": "#0"},
				"south": {"uv": [6.5, 0, 16, 3], "texture": "#0"},
				"west": {"uv": [1, 0, 2, 3], "texture": "#0"},
				"up": {"uv": [1, 0, 2, 9.5], "rotation": 90, "texture": "#0"},
				"down": {"uv": [1, 0, 2, 9.5], "rotation": 270, "texture": "#0"}
			}
		},
		{
			"from": [12.11866, 0, 12.24511],
			"to": [13.5326, 3, 13.24519],
			"rotation": {"angle": 45, "axis": "y", "origin": [13.04262, 2.00052, 12.73594]},
			"faces": {
				"north": {"uv": [6.5, 0, 7.91393, 3], "texture": "#0"},
				"east": {"uv": [1, 0, 2.00009, 3], "texture": "#0"},
				"south": {"uv": [6.5, 0, 7.91393, 3], "texture": "#0"},
				"west": {"uv": [1, 0, 2.00009, 3], "texture": "#0"},
				"up": {"uv": [1, 0, 2.00009, 1.41393], "rotation": 90, "texture": "#0"},
				"down": {"uv": [1, 0, 2.00009, 1.41393], "rotation": 270, "texture": "#0"}
			}
		},
		{
			"from": [12.11927, 0, 2.75453],
			"to": [13.5326, 4.50087, 3.75489],
			"rotation": {"angle": -45, "axis": "y", "origin": [13.04262, 2.00052, 3.26406]},
			"faces": {
				"north": {"uv": [7.5, 0, 8.91332, 4.50087], "texture": "#0"},
				"east": {"uv": [2, 0, 3.00036, 4.50087], "texture": "#0"},
				"south": {"uv": [7.5, 0, 8.91332, 4.50087], "texture": "#0"},
				"west": {"uv": [2, 0, 3.00036, 4.50087], "texture": "#0"},
				"up": {"uv": [2, 0, 3.00036, 1.41332], "rotation": 90, "texture": "#0"},
				"down": {"uv": [2, 0, 3.00036, 1.41332], "rotation": 270, "texture": "#0"}
			}
		},
		{
			"from": [2.46713, 0, 12.24511],
			"to": [3.88073, 3, 13.24608],
			"rotation": {"angle": -45, "axis": "y", "origin": [2.95738, 2.00052, 12.73594]},
			"faces": {
				"north": {"uv": [7.5, 0, 8.9136, 3], "texture": "#0"},
				"east": {"uv": [2, 0, 3.00097, 3], "texture": "#0"},
				"south": {"uv": [7.5, 0, 8.9136, 3], "texture": "#0"},
				"west": {"uv": [2, 0, 3.00097, 3], "texture": "#0"},
				"up": {"uv": [1, 1, 2.00097, 2.4136], "rotation": 90, "texture": "#0"},
				"down": {"uv": [1, 1, 2.00097, 2.4136], "rotation": 270, "texture": "#0"}
			}
		},
		{
			"from": [2.4674, 0, 2.75453],
			"to": [3.88073, 4.50087, 3.75489],
			"rotation": {"angle": 45, "axis": "y", "origin": [2.95738, 2.00052, 3.26406]},
			"faces": {
				"north": {"uv": [6.5, 0, 7.91332, 4.50087], "texture": "#0"},
				"east": {"uv": [1, 0, 2.00036, 4.50087], "texture": "#0"},
				"south": {"uv": [6.5, 0, 7.91332, 4.50087], "texture": "#0"},
				"west": {"uv": [1, 0, 2.00036, 4.50087], "texture": "#0"},
				"up": {"uv": [2, 1, 3.00036, 2.41332], "rotation": 90, "texture": "#0"},
				"down": {"uv": [2, 1, 3.00036, 2.41332], "rotation": 270, "texture": "#0"}
			}
		},
		{
			"from": [3.24913, 0.00087, 2.25],
			"to": [12.74913, 4.25087, 3.25],
			"rotation": {"angle": 0, "axis": "y", "origin": [7.99913, 2.50087, 7.5]},
			"faces": {
				"north": {"uv": [6.5, 0, 16, 4.25], "texture": "#0"},
				"east": {"uv": [1, 0, 2, 4.25], "texture": "#0"},
				"south": {"uv": [6.5, 0, 16, 4.25], "texture": "#0"},
				"west": {"uv": [1, 0, 2, 4.25], "texture": "#0"},
				"up": {"uv": [1, 0, 2, 9.5], "rotation": 90, "texture": "#0"},
				"down": {"uv": [1, 0, 2, 9.5], "rotation": 270, "texture": "#0"}
			}
		},
		{
			"from": [2.25088, 2.99825, 3.25087],
			"to": [3.25088, 4.49825, 4.75087],
			"rotation": {"angle": 0, "axis": "y", "origin": [7.50088, 2.49825, 8.00087]},
			"faces": {
				"north": {"uv": [1, 0, 2, 1.5], "texture": "#0"},
				"east": {"uv": [6.5, 0, 8, 1.5], "texture": "#0"},
				"south": {"uv": [1, 0, 2, 1.5], "texture": "#0"},
				"west": {"uv": [6.5, 0, 8, 1.5], "texture": "#0"},
				"up": {"uv": [1, 0, 2, 1.5], "texture": "#0"},
				"down": {"uv": [1, 0, 2, 1.5], "texture": "#0"}
			}
		},
		{
			"from": [12.74912, 2.99825, 3.25087],
			"to": [13.74912, 4.49825, 4.75087],
			"rotation": {"angle": 0, "axis": "y", "origin": [8.49912, 2.49825, 8.00087]},
			"faces": {
				"north": {"uv": [2, 0, 3, 1.5], "texture": "#0"},
				"east": {"uv": [8, 0, 9.5, 1.5], "texture": "#0"},
				"south": {"uv": [2, 0, 3, 1.5], "texture": "#0"},
				"west": {"uv": [8, 0, 9.5, 1.5], "texture": "#0"},
				"up": {"uv": [2, 0, 3, 1.5], "texture": "#0"},
				"down": {"uv": [2, 0, 3, 1.5], "texture": "#0"}
			}
		},
		{
			"from": [8.78754, 3.43281, 2.24912],
			"to": [12.53754, 6.43281, 3.24912],
			"rotation": {"angle": -22.5, "axis": "z", "origin": [7.78754, 4.93281, 7.49912]},
			"faces": {
				"north": {"uv": [6.5, 0, 10.25, 3], "texture": "#0"},
				"east": {"uv": [1, 0, 2, 3], "texture": "#0"},
				"south": {"uv": [6.5, 0, 10.25, 3], "texture": "#0"},
				"west": {"uv": [1, 0, 2, 3], "texture": "#0"},
				"up": {"uv": [1, 0, 2, 3.75], "rotation": 90, "texture": "#0"},
				"down": {"uv": [1, 0, 2, 3.75], "rotation": 270, "texture": "#0"}
			}
		},
		{
			"from": [3.46245, 3.4328, 2.24913],
			"to": [7.21245, 6.4328, 3.24913],
			"rotation": {"angle": 22.5, "axis": "z", "origin": [8.21245, 4.9328, 7.49913]},
			"faces": {
				"north": {"uv": [10, 0, 13.75, 3], "texture": "#0"},
				"east": {"uv": [2, 0, 3, 3], "texture": "#0"},
				"south": {"uv": [10, 0, 13.75, 3], "texture": "#0"},
				"west": {"uv": [2, 0, 3, 3], "texture": "#0"},
				"up": {"uv": [1, 3.5, 2, 7.25], "rotation": 90, "texture": "#0"},
				"down": {"uv": [1, 3.5, 2, 7.25], "rotation": 270, "texture": "#0"}
			}
		},
		{
			"from": [6, 4, 3.25],
			"to": [10.00003, 5.00132, 12.74871],
			"rotation": {"angle": 0, "axis": "y", "origin": [8, 2.5, 8]},
			"faces": {
				"north": {"uv": [0, 0, 4.00003, 1.00132], "texture": "#0"},
				"east": {"uv": [0, 0, 9.49871, 1.00132], "texture": "#0"},
				"south": {"uv": [0, 0, 4.00003, 1.00132], "texture": "#0"},
				"west": {"uv": [0, 0, 9.49871, 1.00132], "texture": "#0"},
				"up": {"uv": [0, 0, 4.00003, 9.49871], "texture": "#0"},
				"down": {"uv": [0, 0, 4.00003, 9.49871], "texture": "#0"}
			}
		},
		{
			"from": [4.41601, 3.13924, 3.24871],
			"to": [7.16601, 4.13924, 12.74871],
			"rotation": {"angle": 22.5, "axis": "z", "origin": [4.41601, 1.63924, 7.99871]},
			"faces": {
				"north": {"uv": [0, 0, 2.75, 1], "texture": "#0"},
				"east": {"uv": [0, 0, 9.5, 1], "texture": "#0"},
				"south": {"uv": [0, 0, 2.75, 1], "texture": "#0"},
				"west": {"uv": [0, 0, 9.5, 1], "texture": "#0"},
				"up": {"uv": [0, 0, 2.75, 9.5], "texture": "#0"},
				"down": {"uv": [0, 0, 2.75, 9.5], "texture": "#0"}
			}
		},
		{
			"from": [8.83399, 3.13924, 3.24871],
			"to": [11.58399, 4.13924, 12.74871],
			"rotation": {"angle": -22.5, "axis": "z", "origin": [11.58399, 1.63924, 7.99871]},
			"faces": {
				"north": {"uv": [2.75, 0, 5.5, 1], "texture": "#0"},
				"east": {"uv": [6.5, 0, 16, 1], "texture": "#0"},
				"south": {"uv": [2.75, 0, 5.5, 1], "texture": "#0"},
				"west": {"uv": [6.5, 0, 16, 1], "texture": "#0"},
				"up": {"uv": [2.75, 0, 5.5, 9.5], "texture": "#0"},
				"down": {"uv": [2.75, 0, 5.5, 9.5], "texture": "#0"}
			}
		},
		{
			"from": [8.72505, 5.4328, 2.18663],
			"to": [12.53755, 6.4953, 3.31163],
			"rotation": {"angle": -22.5, "axis": "z", "origin": [7.78755, 4.9328, 7.49913]},
			"faces": {
				"north": {"uv": [12.1875, 0, 16, 1.0625], "texture": "#3"},
				"east": {"uv": [3.125, 0, 4.25, 1.0625], "texture": "#3"},
				"south": {"uv": [12.1875, 0, 16, 1.0625], "texture": "#3"},
				"west": {"uv": [3.125, 0, 4.25, 1.0625], "texture": "#3"},
				"up": {"uv": [1, 7.3125, 2.125, 11.125], "rotation": 90, "texture": "#3"},
				"down": {"uv": [1, 7.3125, 2.125, 11.125], "rotation": 270, "texture": "#3"}
			}
		},
		{
			"from": [8.07205, 3.66581, 2.18741],
			"to": [9.13455, 4.97831, 3.31241],
			"rotation": {"angle": -22.5, "axis": "z", "origin": [8.59535, 3.0545, 2.74905]},
			"faces": {
				"north": {"uv": [12.1875, 0, 13.5, 1.0625], "rotation": 90, "texture": "#3"},
				"east": {"uv": [1, 7.3125, 2.125, 8.625], "rotation": 180, "texture": "#3"},
				"south": {"uv": [12.1875, 0, 13.5, 1.0625], "rotation": 270, "texture": "#3"},
				"west": {"uv": [1, 7.3125, 2.125, 8.625], "texture": "#3"},
				"up": {"uv": [3.125, 0, 4.25, 1.0625], "rotation": 270, "texture": "#3"},
				"down": {"uv": [3.125, 0, 4.25, 1.0625], "rotation": 270, "texture": "#3"}
			}
		},
		{
			"from": [6.86545, 3.66581, 2.18741],
			"to": [7.92795, 4.97831, 3.31241],
			"rotation": {"angle": 22.5, "axis": "z", "origin": [7.40465, 3.0545, 2.74905]},
			"faces": {
				"north": {"uv": [12.1875, 1.0625, 13.5, 2.125], "rotation": 90, "texture": "#3"},
				"east": {"uv": [2.125, 7.3125, 3.25, 8.625], "texture": "#3"},
				"south": {"uv": [12.1875, 1.0625, 13.5, 2.125], "rotation": 270, "texture": "#3"},
				"west": {"uv": [2.125, 7.3125, 3.25, 8.625], "rotation": 180, "texture": "#3"},
				"up": {"uv": [3.125, 1.0625, 4.25, 2.125], "rotation": 270, "texture": "#3"},
				"down": {"uv": [3.125, 1.0625, 4.25, 2.125], "rotation": 270, "texture": "#3"}
			}
		},
		{
			"from": [6.67255, 3.41293, 2.18741],
			"to": [9.32651, 4.47684, 3.31432],
			"rotation": {"angle": 0, "axis": "z", "origin": [8.21037, 4.95354, 2.75095]},
			"faces": {
				"north": {"uv": [12.1875, 1.0625, 14.84145, 2.12641], "rotation": 180, "texture": "#3"},
				"east": {"uv": [3.125, 1.0625, 4.25191, 2.12641], "rotation": 180, "texture": "#3"},
				"south": {"uv": [12.1875, 1.0625, 14.84145, 2.12641], "rotation": 180, "texture": "#3"},
				"west": {"uv": [3.125, 1.0625, 4.25191, 2.12641], "rotation": 180, "texture": "#3"},
				"up": {"uv": [2.125, 7.3125, 3.25191, 9.96645], "rotation": 270, "texture": "#3"},
				"down": {"uv": [2.125, 7.3125, 3.25191, 9.96645], "rotation": 90, "texture": "#3"}
			}
		},
		{
			"from": [3.19421, 3.57739, 2.51462],
			"to": [4.67091, 4.6413, 3.66344],
			"rotation": {"angle": 45, "axis": "y", "origin": [3.55477, 5.118, 4.10008]},
			"faces": {
				"north": {"uv": [12.1875, 1.0625, 13.6642, 2.12641], "rotation": 180, "texture": "#3"},
				"east": {"uv": [3.125, 1.0625, 4.27382, 2.12641], "rotation": 180, "texture": "#3"},
				"south": {"uv": [12.1875, 1.0625, 13.6642, 2.12641], "rotation": 180, "texture": "#3"},
				"west": {"uv": [3.125, 1.0625, 4.27382, 2.12641], "rotation": 180, "texture": "#3"},
				"up": {"uv": [2.125, 7.3125, 3.27382, 8.7892], "rotation": 270, "texture": "#3"},
				"down": {"uv": [2.125, 7.3125, 3.27382, 8.7892], "rotation": 90, "texture": "#3"}
			}
		},
		{
			"from": [11.32909, 3.57739, 2.51462],
			"to": [12.80579, 4.6413, 3.66344],
			"rotation": {"angle": -45, "axis": "y", "origin": [12.44523, 5.118, 4.10008]},
			"faces": {
				"north": {"uv": [13.6642, 1.0625, 15.14089, 2.12641], "rotation": 180, "texture": "#3"},
				"east": {"uv": [4.27382, 1.0625, 5.42265, 2.12641], "rotation": 180, "texture": "#3"},
				"south": {"uv": [13.6642, 1.0625, 15.14089, 2.12641], "rotation": 180, "texture": "#3"},
				"west": {"uv": [4.27382, 1.0625, 5.42265, 2.12641], "rotation": 180, "texture": "#3"},
				"up": {"uv": [2.125, 8.7892, 3.27382, 10.26589], "rotation": 270, "texture": "#3"},
				"down": {"uv": [2.125, 8.7892, 3.27382, 10.26589], "rotation": 90, "texture": "#3"}
			}
		},
		{
			"from": [2.17873, 3.57739, 3.23394],
			"to": [3.30563, 4.6413, 4.88789],
			"rotation": {"angle": 0, "axis": "y", "origin": [3.55477, 5.118, 4.10008]},
			"faces": {
				"north": {"uv": [3.125, 1.0625, 4.25191, 2.12641], "rotation": 180, "texture": "#3"},
				"east": {"uv": [12.1875, 1.0625, 13.84145, 2.12641], "rotation": 180, "texture": "#3"},
				"south": {"uv": [3.125, 1.0625, 4.25191, 2.12641], "rotation": 180, "texture": "#3"},
				"west": {"uv": [12.1875, 1.0625, 13.84145, 2.12641], "rotation": 180, "texture": "#3"},
				"up": {"uv": [2.125, 7.3125, 3.25191, 8.96645], "rotation": 180, "texture": "#3"},
				"down": {"uv": [2.125, 7.3125, 3.25191, 8.96645], "rotation": 180, "texture": "#3"}
			}
		},
		{
			"from": [12.69437, 3.57739, 3.23394],
			"to": [13.82127, 4.6413, 4.88789],
			"rotation": {"angle": 0, "axis": "y", "origin": [12.44523, 5.118, 4.10008]},
			"faces": {
				"north": {"uv": [4.25191, 1.0625, 5.37882, 2.12641], "rotation": 180, "texture": "#3"},
				"east": {"uv": [13.84145, 1.0625, 15.4954, 2.12641], "rotation": 180, "texture": "#3"},
				"south": {"uv": [4.25191, 1.0625, 5.37882, 2.12641], "rotation": 180, "texture": "#3"},
				"west": {"uv": [13.84145, 1.0625, 15.4954, 2.12641], "rotation": 180, "texture": "#3"},
				"up": {"uv": [3.25191, 7.3125, 4.37882, 8.96645], "rotation": 180, "texture": "#3"},
				"down": {"uv": [3.25191, 7.3125, 4.37882, 8.96645], "rotation": 180, "texture": "#3"}
			}
		},
		{
			"from": [2.18246, 3.20656, 5.00374],
			"to": [3.30937, 4.27046, 8.81394],
			"rotation": {"angle": 22.5, "axis": "x", "origin": [3.5585, 4.74717, 5.86988]},
			"faces": {
				"north": {"uv": [3.125, 1.0625, 4.25191, 2.12641], "rotation": 180, "texture": "#3"},
				"east": {"uv": [12.15855, 1.0625, 15.96875, 2.12641], "rotation": 180, "texture": "#3"},
				"south": {"uv": [3.125, 1.0625, 4.25191, 2.12641], "rotation": 180, "texture": "#3"},
				"west": {"uv": [12.15855, 1.0625, 15.96875, 2.12641], "rotation": 180, "texture": "#3"},
				"up": {"uv": [2.125, 7.3125, 3.25191, 11.1227], "rotation": 180, "texture": "#3"},
				"down": {"uv": [2.125, 7.3125, 3.25191, 11.1227], "rotation": 180, "texture": "#3"}
			}
		},
		{
			"from": [2.18245, 2.19717, 8.00029],
			"to": [3.30936, 3.26108, 12.8105],
			"rotation": {"angle": 0, "axis": "x", "origin": [3.5585, 3.73778, 8.86643]},
			"faces": {
				"north": {"uv": [3.125, 1.0625, 4.25191, 2.12641], "rotation": 180, "texture": "#3"},
				"east": {"uv": [11.1898, 1.0625, 16, 2.12641], "rotation": 180, "texture": "#3"},
				"south": {"uv": [3.125, 1.0625, 4.25191, 2.12641], "rotation": 180, "texture": "#3"},
				"west": {"uv": [11.1898, 1.0625, 16, 2.12641], "rotation": 180, "texture": "#3"},
				"up": {"uv": [2.125, 7.3125, 3.25191, 12.1227], "rotation": 180, "texture": "#3"},
				"down": {"uv": [2.125, 7.3125, 3.25191, 12.1227], "rotation": 180, "texture": "#3"}
			}
		},
		{
			"from": [12.69064, 2.19717, 8.00029],
			"to": [13.81755, 3.26108, 12.8105],
			"rotation": {"angle": 0, "axis": "x", "origin": [12.4415, 3.73778, 8.86643]},
			"faces": {
				"north": {"uv": [4.25191, 1.0625, 5.37882, 2.12641], "rotation": 180, "texture": "#3"},
				"east": {"uv": [11.1898, 1.0625, 16, 2.12641], "rotation": 180, "texture": "#3"},
				"south": {"uv": [4.25191, 1.0625, 5.37882, 2.12641], "rotation": 180, "texture": "#3"},
				"west": {"uv": [11.1898, 1.0625, 16, 2.12641], "rotation": 180, "texture": "#3"},
				"up": {"uv": [3.25191, 7.3125, 4.37882, 12.1227], "rotation": 180, "texture": "#3"},
				"down": {"uv": [3.25191, 7.3125, 4.37882, 12.1227], "rotation": 180, "texture": "#3"}
			}
		},
		{
			"from": [2.39186, 2.19716, 11.58382],
			"to": [3.51877, 3.26106, 13.01902],
			"rotation": {"angle": 45, "axis": "y", "origin": [3.7679, 3.73777, 12.44996]},
			"faces": {
				"north": {"uv": [3.125, 1.0625, 4.25191, 2.12641], "rotation": 180, "texture": "#3"},
				"east": {"uv": [11.1898, 1.0625, 12.625, 2.12641], "rotation": 180, "texture": "#3"},
				"south": {"uv": [3.125, 1.0625, 4.25191, 2.12641], "rotation": 180, "texture": "#3"},
				"west": {"uv": [11.1898, 1.0625, 12.625, 2.12641], "rotation": 180, "texture": "#3"},
				"up": {"uv": [2.125, 7.3125, 3.25191, 8.7477], "rotation": 180, "texture": "#3"},
				"down": {"uv": [2.125, 7.3125, 3.25191, 8.7477], "rotation": 180, "texture": "#3"}
			}
		},
		{
			"from": [12.48123, 2.19716, 11.58382],
			"to": [13.60814, 3.26106, 13.01902],
			"rotation": {"angle": -45, "axis": "y", "origin": [12.2321, 3.73777, 12.44996]},
			"faces": {
				"north": {"uv": [4.25191, 1.0625, 5.37882, 2.12641], "rotation": 180, "texture": "#3"},
				"east": {"uv": [12.625, 1.0625, 14.0602, 2.12641], "rotation": 180, "texture": "#3"},
				"south": {"uv": [4.25191, 1.0625, 5.37882, 2.12641], "rotation": 180, "texture": "#3"},
				"west": {"uv": [12.625, 1.0625, 14.0602, 2.12641], "rotation": 180, "texture": "#3"},
				"up": {"uv": [3.25191, 7.3125, 4.37882, 8.7477], "rotation": 180, "texture": "#3"},
				"down": {"uv": [3.25191, 7.3125, 4.37882, 8.7477], "rotation": 180, "texture": "#3"}
			}
		},
		{
			"from": [3.19726, 2.19717, 12.69846],
			"to": [12.80272, 3.26106, 13.82536],
			"rotation": {"angle": 0, "axis": "y", "origin": [0.0634, 3.73778, 12.44932]},
			"faces": {
				"north": {"uv": [2, 3, 3.126, 12.606], "rotation": 90, "texture": "#3"},
				"east": {"uv": [2, 3, 3.126, 12.606], "rotation": 90, "texture": "#3"},
				"south": {"uv": [2, 3, 3.126, 12.606], "rotation": 90, "texture": "#3"},
				"west": {"uv": [2, 3, 3.126, 12.606], "rotation": 90, "texture": "#3"},
				"up": {"uv": [2, 3, 3.126, 12.606], "rotation": 90, "texture": "#3"},
				"down": {"uv": [2, 3, 3.126, 12.606], "rotation": 90, "texture": "#3"}
			}
		},
		{
			"from": [12.69063, 3.20656, 5.00374],
			"to": [13.81754, 4.27046, 8.81394],
			"rotation": {"angle": 22.5, "axis": "x", "origin": [12.4415, 4.74717, 5.86988]},
			"faces": {
				"north": {"uv": [4.25191, 1.0625, 5.37882, 2.12641], "rotation": 180, "texture": "#3"},
				"east": {"uv": [12.1898, 1.0625, 16, 2.12641], "rotation": 180, "texture": "#3"},
				"south": {"uv": [4.25191, 1.0625, 5.37882, 2.12641], "rotation": 180, "texture": "#3"},
				"west": {"uv": [12.1898, 1.0625, 16, 2.12641], "rotation": 180, "texture": "#3"},
				"up": {"uv": [3.25191, 7.3125, 4.37882, 11.1227], "rotation": 180, "texture": "#3"},
				"down": {"uv": [3.25191, 7.3125, 4.37882, 11.1227], "rotation": 180, "texture": "#3"}
			}
		},
		{
			"from": [3.46245, 5.4328, 2.18663],
			"to": [7.27495, 6.4953, 3.31163],
			"rotation": {"angle": 22.5, "axis": "z", "origin": [8.21245, 4.9328, 7.49913]},
			"faces": {
				"north": {"uv": [10, 0, 13.8125, 1.0625], "texture": "#3"},
				"east": {"uv": [2, 0, 3.125, 1.0625], "texture": "#3"},
				"south": {"uv": [10, 0, 13.8125, 1.0625], "texture": "#3"},
				"west": {"uv": [2, 0, 3.125, 1.0625], "texture": "#3"},
				"up": {"uv": [1, 3.5, 2.125, 7.3125], "rotation": 90, "texture": "#3"},
				"down": {"uv": [1, 3.5, 2.125, 7.3125], "rotation": 270, "texture": "#3"}
			}
		},
		{
			"from": [3.22629, 3.57698, 2.18678],
			"to": [3.63254, 4.63948, 3.31178],
			"rotation": {"angle": 0, "axis": "z", "origin": [7.97629, 3.07698, 7.49928]},
			"faces": {
				"north": {"uv": [10, 0, 10.40625, 1.0625], "texture": "#3"},
				"east": {"uv": [2, 0, 3.125, 1.0625], "texture": "#3"},
				"south": {"uv": [10, 0, 10.40625, 1.0625], "texture": "#3"},
				"west": {"uv": [2, 0, 3.125, 1.0625], "texture": "#3"},
				"up": {"uv": [1, 3.5, 2.125, 3.90625], "rotation": 90, "texture": "#3"},
				"down": {"uv": [1, 3.5, 2.125, 3.90625], "rotation": 270, "texture": "#3"}
			}
		},
		{
			"from": [12.36746, 3.57698, 2.18678],
			"to": [12.77371, 4.63948, 3.31178],
			"rotation": {"angle": 0, "axis": "z", "origin": [8.02371, 3.07698, 7.49928]},
			"faces": {
				"north": {"uv": [10.40625, 0, 10.8125, 1.0625], "texture": "#3"},
				"east": {"uv": [3.125, 0, 4.25, 1.0625], "texture": "#3"},
				"south": {"uv": [10.40625, 0, 10.8125, 1.0625], "texture": "#3"},
				"west": {"uv": [3.125, 0, 4.25, 1.0625], "texture": "#3"},
				"up": {"uv": [1, 3.90625, 2.125, 4.3125], "rotation": 90, "texture": "#3"},
				"down": {"uv": [1, 3.90625, 2.125, 4.3125], "rotation": 270, "texture": "#3"}
			}
		},
		{
			"from": [6, 0.5, 2.0625],
			"to": [10, 3.25, 2.0625],
			"rotation": {"angle": 0, "axis": "y", "origin": [8, 2.5, 7.875]},
			"faces": {
				"north": {"uv": [2.623, 1.442, 12.589, 9.31], "texture": "#2"}
			}
		},
		{
			"from": [4.75, -3, 3],
			"to": [7.75, -1, 3.5],
			"rotation": {"angle": 22.5, "axis": "z", "origin": [6.25129, -2.94344, 3.24416]},
			"faces": {
				"north": {"uv": [0, 0, 1, 1], "texture": "#0"},
				"east": {"uv": [0, 0, 1, 1], "texture": "#0"},
				"south": {"uv": [0, 0, 1, 1], "texture": "#0"},
				"west": {"uv": [0, 0, 1, 1], "texture": "#0"},
				"up": {"uv": [0, 0, 1, 1], "texture": "#0"},
				"down": {"uv": [0, 0, 1, 1], "texture": "#0"}
			}
		},
		{
			"from": [3.75, -1.5, 3.0625],
			"to": [13.75, -1.125, 3.4375],
			"rotation": {"angle": 22.5, "axis": "z", "origin": [6.25129, -2.94344, 3.24416]},
			"faces": {
				"north": {"uv": [0, 0, 1, 1], "texture": "#0"},
				"east": {"uv": [0, 0, 1, 1], "texture": "#0"},
				"south": {"uv": [0, 0, 1, 1], "texture": "#0"},
				"west": {"uv": [0, 0, 1, 1], "texture": "#0"},
				"up": {"uv": [0, 0, 1, 1], "texture": "#0"},
				"down": {"uv": [0, 0, 1, 1], "texture": "#0"}
			}
		},
		{
			"from": [3.76689, -1.5164, 12.56198],
			"to": [13.76689, -1.1414, 12.93698],
			"rotation": {"angle": 22.5, "axis": "z", "origin": [6.26818, -2.95984, 12.86863]},
			"faces": {
				"north": {"uv": [0, 0, 1, 1], "texture": "#0"},
				"east": {"uv": [0, 0, 1, 1], "texture": "#0"},
				"south": {"uv": [0, 0, 1, 1], "texture": "#0"},
				"west": {"uv": [0, 0, 1, 1], "texture": "#0"},
				"up": {"uv": [0, 0, 1, 1], "texture": "#0"},
				"down": {"uv": [0, 0, 1, 1], "texture": "#0"}
			}
		},
		{
			"from": [3.01293, -2.58347, 3.06301],
			"to": [3.40491, -2.1925, 12.93698],
			"rotation": {"angle": 0, "axis": "y", "origin": [3.19459, -4.01094, 10.56172]},
			"faces": {
				"north": {"uv": [0, 0, 1, 1], "texture": "#0"},
				"east": {"uv": [0, 0, 1, 1], "texture": "#0"},
				"south": {"uv": [0, 0, 1, 1], "texture": "#0"},
				"west": {"uv": [0, 0, 1, 1], "texture": "#0"},
				"up": {"uv": [0, 0, 1, 1], "rotation": 270, "texture": "#0"},
				"down": {"uv": [0, 0, 1, 1], "rotation": 90, "texture": "#0"}
			}
		},
		{
			"from": [12.5002, 1.23161, 3.06201],
			"to": [12.8584, 1.58982, 12.93698],
			"rotation": {"angle": 0, "axis": "y", "origin": [12.66506, -0.21183, 10.56072]},
			"faces": {
				"north": {"uv": [0, 0, 1, 1], "texture": "#0"},
				"east": {"uv": [0, 0, 1, 1], "texture": "#0"},
				"south": {"uv": [0, 0, 1, 1], "texture": "#0"},
				"west": {"uv": [0, 0, 1, 1], "texture": "#0"},
				"up": {"uv": [0, 0, 1, 1], "rotation": 270, "texture": "#0"},
				"down": {"uv": [0, 0, 1, 1], "rotation": 90, "texture": "#0"}
			}
		},
		{
			"from": [5.75, -4, 3],
			"to": [6.75, -3, 3.5],
			"rotation": {"angle": 22.5, "axis": "z", "origin": [6.25129, -2.94344, 3.24416]},
			"faces": {
				"north": {"uv": [0, 0, 1, 1], "texture": "#0"},
				"east": {"uv": [0, 0, 0.5, 1], "texture": "#0"},
				"south": {"uv": [0, 0, 1, 1], "texture": "#0"},
				"west": {"uv": [0, 0, 0.5, 1], "texture": "#0"},
				"up": {"uv": [0, 0, 1, 0.5], "texture": "#0"},
				"down": {"uv": [0, 0, 1, 0.5], "texture": "#0"}
			}
		},
		{
			"from": [5.22971, -4.045, 3],
			"to": [6.64429, -3.04587, 3.50123],
			"rotation": {"angle": -22.5, "axis": "z", "origin": [6.25129, -2.94344, 3.24416]},
			"faces": {
				"north": {"uv": [0, 0, 1.41458, 0.99913], "texture": "#0"},
				"east": {"uv": [0, 0, 0.50123, 0.99913], "texture": "#0"},
				"south": {"uv": [0, 0, 1.41458, 0.99913], "texture": "#0"},
				"west": {"uv": [0, 0, 0.50123, 0.99913], "texture": "#0"},
				"up": {"uv": [0, 0, 1.41458, 0.50123], "texture": "#0"},
				"down": {"uv": [0, 0, 1.41458, 0.50123], "texture": "#0"}
			}
		},
		{
			"from": [6.3503, -3.33631, 2.99775],
			"to": [7.34943, -1.92173, 3.49898],
			"rotation": {"angle": -22.5, "axis": "z", "origin": [6.25129, -2.94344, 3.24416]},
			"faces": {
				"north": {"uv": [0, 0, 1.41458, 0.99913], "rotation": 90, "texture": "#0"},
				"east": {"uv": [0, 0, 1.41458, 0.50123], "rotation": 270, "texture": "#0"},
				"south": {"uv": [0, 0, 1.41458, 0.99913], "rotation": 270, "texture": "#0"},
				"west": {"uv": [0, 0, 1.41458, 0.50123], "rotation": 270, "texture": "#0"},
				"up": {"uv": [0, 0, 0.50123, 0.99913], "rotation": 270, "texture": "#0"},
				"down": {"uv": [0, 0, 0.50123, 0.99913], "rotation": 270, "texture": "#0"}
			}
		}
	],
	"display": {
		"thirdperson_righthand": {
			"rotation": [80.75, 19.75, -49.25],
			"translation": [3.5, 0, 0],
			"scale": [0.66016, 0.66016, 0.66016]
		},
		"thirdperson_lefthand": {
			"rotation": [80.75, -352.5, 335],
			"translation": [2.75, -3, 1.75],
			"scale": [0.66016, 0.66016, 0.66016]
		},
		"firstperson_righthand": {
			"rotation": [-6.5, 125.25, 4.5],
			"translation": [1, 6.25, 0],
			"scale": [0.42383, 0.42383, 0.42383]
		},
		"firstperson_lefthand": {
			"rotation": [-5.25, 487, 4.75],
			"translation": [-0.5, 6.5, 1.5],
			"scale": [0.42383, 0.42383, 0.42383]
		},
		"ground": {
			"translation": [0, 8.75, 0]
		},
		"gui": {
			"rotation": [19, -160, -1],
			"translation": [-0.5, 5.75, 0],
			"scale": [0.87891, 0.87891, 0.87891]
		},
		"head": {
			"rotation": [5, 0, 0],
			"translation": [0, 14.25, 1.5],
			"scale": [1.6, 1.6, 1.6]
		},
		"fixed": {
			"rotation": [-67.25, 0, 0],
			"translation": [0, 6.75, -18],
			"scale": [2, 2, 2]
		}
	},
	"groups": [
		{
			"name": "Hat (Black)",
			"origin": [8, 8, 8],
			"children": [0, 1, 2, 3, 4, 5, 6, 7, 8, 9, 10, 11, 12, 13, 14, 15, 16, 17]
		},
		{
			"name": "White",
			"origin": [8.21245, 10.4328, 7.49913],
			"children": [18, 19, 20, 21, 22, 23, 24, 25, 26, 27, 28, 29, 30, 31, 32, 33, 34, 35]
		}, 36,
		{
			"name": "eyepatch",
			"origin": [8, 8, 8],
			"children": [37, 38, 39, 40, 41, 42, 43, 44]
		}
	]
}