{
	"credit": "Made with Blockbench",
	"texture_size": [64, 64],
	"textures": {
		"1": "block/popcorn machine"
	},
	"elements": [
		{
			"from": [4.25, 14.96231, 1.4948],
			"to": [14.75, 15.71231, 4.9948],
			"rotation": {"angle": 45, "axis": "x", "origin": [9.5, 15.46231, 0.2448]},
			"faces": {
				"north": {"uv": [0, 1.25, 2.75, 1.5], "rotation": 180, "texture": "#1"},
				"east": {"uv": [0, 1.25, 0.25, 2], "rotation": 90, "texture": "#1"},
				"south": {"uv": [0, 1.25, 2.75, 1.5], "rotation": 180, "texture": "#1"},
				"west": {"uv": [0, 1.25, 0.25, 2], "rotation": 270, "texture": "#1"},
				"up": {"uv": [0, 1.25, 2.75, 2], "texture": "#1"},
				"down": {"uv": [0, 1.25, 2.75, 2], "rotation": 180, "texture": "#1"}
			}
		},
		{
			"from": [4.26563, 12.7552, 2.30546],
			"to": [5.26563, 13.7552, 3.30546],
			"rotation": {"angle": 0, "axis": "x", "origin": [4.76563, 12.5052, 1.68046]},
			"faces": {
				"north": {"uv": [0, 1.5, 0.25, 1.75], "rotation": 90, "texture": "#1"},
				"east": {"uv": [0, 1.5, 0.25, 1.75], "rotation": 90, "texture": "#1"},
				"south": {"uv": [0, 1.5, 0.25, 1.75], "rotation": 90, "texture": "#1"},
				"west": {"uv": [0, 1.5, 0.25, 1.75], "rotation": 90, "texture": "#1"},
				"up": {"uv": [0, 1.5, 0.25, 1.75], "rotation": 90, "texture": "#1"},
				"down": {"uv": [0, 1.5, 0.25, 1.75], "rotation": 90, "texture": "#1"}
			}
		},
		{
			"from": [4.26563, 13.7552, 1.30546],
			"to": [5.26563, 14.7552, 3.30546],
			"rotation": {"angle": 0, "axis": "x", "origin": [4.76563, 13.5052, 1.68046]},
			"faces": {
				"north": {"uv": [0, 1.25, 0.25, 1.5], "rotation": 90, "texture": "#1"},
				"east": {"uv": [0, 1.25, 0.25, 1.5], "rotation": 90, "texture": "#1"},
				"south": {"uv": [0, 1.25, 0.25, 1.5], "rotation": 90, "texture": "#1"},
				"west": {"uv": [0, 1.25, 0.25, 1.5], "rotation": 90, "texture": "#1"},
				"up": {"uv": [0, 1.25, 0.25, 1.5], "rotation": 90, "texture": "#1"},
				"down": {"uv": [0, 1.25, 0.25, 1.5], "rotation": 90, "texture": "#1"}
			}
		},
		{
			"from": [13.73438, 12.7552, 2.30546],
			"to": [14.73438, 13.7552, 3.30546],
			"rotation": {"angle": 0, "axis": "x", "origin": [14.23438, 12.5052, 1.68046]},
			"faces": {
				"north": {"uv": [0, 1.5, 0.25, 1.75], "rotation": 90, "texture": "#1"},
				"east": {"uv": [0, 1.5, 0.25, 1.75], "rotation": 90, "texture": "#1"},
				"south": {"uv": [0, 1.5, 0.25, 1.75], "rotation": 90, "texture": "#1"},
				"west": {"uv": [0, 1.5, 0.25, 1.75], "rotation": 90, "texture": "#1"},
				"up": {"uv": [0, 1.5, 0.25, 1.75], "rotation": 90, "texture": "#1"},
				"down": {"uv": [0, 1.5, 0.25, 1.75], "rotation": 90, "texture": "#1"}
			}
		},
		{
			"from": [13.73438, 13.7552, 1.30546],
			"to": [14.73438, 14.7552, 3.30546],
			"rotation": {"angle": 0, "axis": "x", "origin": [14.23438, 13.5052, 1.68046]},
			"faces": {
				"north": {"uv": [0, 1.25, 0.25, 1.5], "rotation": 90, "texture": "#1"},
				"east": {"uv": [0, 1.25, 0.25, 1.5], "rotation": 90, "texture": "#1"},
				"south": {"uv": [0, 1.25, 0.25, 1.5], "rotation": 90, "texture": "#1"},
				"west": {"uv": [0, 1.25, 0.25, 1.5], "rotation": 90, "texture": "#1"},
				"up": {"uv": [0, 1.25, 0.25, 1.5], "rotation": 90, "texture": "#1"},
				"down": {"uv": [0, 1.25, 0.25, 1.5], "rotation": 90, "texture": "#1"}
			}
		},
		{
			"from": [14.03702, 9.81389, 4.02344],
			"to": [21.03702, 10.81389, 4.96094],
			"rotation": {"angle": 22.5, "axis": "z", "origin": [18.03702, 10.31389, 4.5]},
			"faces": {
				"north": {"uv": [0, 0.25, 1.25, 0.5], "texture": "#1"},
				"east": {"uv": [0, 0.25, 0.25, 0.5], "rotation": 180, "texture": "#1"},
				"south": {"uv": [0, 0.25, 1.25, 0.5], "rotation": 180, "texture": "#1"},
				"west": {"uv": [0, 0.25, 0.25, 0.5], "rotation": 180, "texture": "#1"},
				"up": {"uv": [0, 0.25, 1.25, 0.5], "rotation": 180, "texture": "#1"},
				"down": {"uv": [0, 0.25, 1.25, 0.5], "rotation": 180, "texture": "#1"}
			}
		},
		{
			"from": [15, 11, 4],
			"to": [21, 12, 5],
			"rotation": {"angle": 0, "axis": "y", "origin": [12, 12, 3]},
			"faces": {
				"north": {"uv": [0, 0.25, 1.25, 0.5], "texture": "#1"},
				"east": {"uv": [0, 0.25, 0.25, 0.5], "rotation": 180, "texture": "#1"},
				"south": {"uv": [0, 0.25, 1.25, 0.5], "rotation": 180, "texture": "#1"},
				"west": {"uv": [0, 0.25, 0.25, 0.5], "rotation": 180, "texture": "#1"},
				"up": {"uv": [0, 0.25, 1.25, 0.5], "rotation": 180, "texture": "#1"},
				"down": {"uv": [0, 0.25, 1.25, 0.5], "rotation": 180, "texture": "#1"}
			}
		},
		{
			"from": [20.0625, 11.09375, 5],
			"to": [20.8125, 11.84375, 11],
			"rotation": {"angle": 0, "axis": "y", "origin": [18.3125, 11.59375, 8]},
			"faces": {
				"north": {"uv": [0, 0.25, 0.25, 0.5], "rotation": 180, "texture": "#1"},
				"east": {"uv": [0, 0.25, 1.25, 0.5], "texture": "#1"},
				"south": {"uv": [0, 0.25, 0.25, 0.5], "rotation": 180, "texture": "#1"},
				"west": {"uv": [0, 0.25, 1.25, 0.5], "rotation": 180, "texture": "#1"},
				"up": {"uv": [0, 0.25, 1.25, 0.5], "rotation": 270, "texture": "#1"},
				"down": {"uv": [0, 0.25, 1.25, 0.5], "rotation": 90, "texture": "#1"}
			}
		},
		{
			"from": [15, 11, 11],
			"to": [21, 12, 12],
			"rotation": {"angle": 0, "axis": "y", "origin": [12, 12, 10]},
			"faces": {
				"north": {"uv": [0, 0.25, 1.25, 0.5], "texture": "#1"},
				"east": {"uv": [0, 0.25, 0.25, 0.5], "rotation": 180, "texture": "#1"},
				"south": {"uv": [0, 0.25, 1.25, 0.5], "rotation": 180, "texture": "#1"},
				"west": {"uv": [0, 0.25, 0.25, 0.5], "rotation": 180, "texture": "#1"},
				"up": {"uv": [0, 0.25, 1.25, 0.5], "rotation": 180, "texture": "#1"},
				"down": {"uv": [0, 0.25, 1.25, 0.5], "rotation": 180, "texture": "#1"}
			}
		},
		{
			"from": [14.03702, 9.81389, 11.02344],
			"to": [21.03702, 10.81389, 11.96094],
			"rotation": {"angle": 22.5, "axis": "z", "origin": [18.03702, 10.31389, 11.5]},
			"faces": {
				"north": {"uv": [0, 0.25, 1.25, 0.5], "texture": "#1"},
				"east": {"uv": [0, 0.25, 0.25, 0.5], "rotation": 180, "texture": "#1"},
				"south": {"uv": [0, 0.25, 1.25, 0.5], "rotation": 180, "texture": "#1"},
				"west": {"uv": [0, 0.25, 0.25, 0.5], "rotation": 180, "texture": "#1"},
				"up": {"uv": [0, 0.25, 1.25, 0.5], "rotation": 180, "texture": "#1"},
				"down": {"uv": [0, 0.25, 1.25, 0.5], "rotation": 180, "texture": "#1"}
			}
		},
		{
			"from": [15, 11, 5],
			"to": [18, 12, 11],
			"rotation": {"angle": 0, "axis": "y", "origin": [15.5, 11.5, 8]},
			"faces": {
				"north": {"uv": [0, 0.25, 0.75, 0.5], "texture": "#1"},
				"east": {"uv": [0, 0.25, 1.25, 0.5], "texture": "#1"},
				"south": {"uv": [0, 0.25, 0.75, 0.5], "texture": "#1"},
				"west": {"uv": [0, 0.25, 1.25, 0.5], "texture": "#1"},
				"up": {"uv": [0, 0.25, 1.25, 1], "rotation": 270, "texture": "#1"},
				"down": {"uv": [0, 0.25, 1.25, 1], "rotation": 270, "texture": "#1"}
			}
		},
		{
			"from": [5, 0.5, 12],
			"to": [14, 1.5, 13],
			"rotation": {"angle": 0, "axis": "y", "origin": [12, 1.5, 20]},
			"faces": {
				"north": {"uv": [2.75, 1.25, 5, 1.5], "rotation": 180, "texture": "#1"},
				"east": {"uv": [2.75, 1.25, 5, 1.5], "rotation": 180, "texture": "#1"},
				"south": {"uv": [2.75, 1.25, 5, 1.5], "rotation": 180, "texture": "#1"},
				"west": {"uv": [2.75, 1.25, 5, 1.5], "rotation": 180, "texture": "#1"},
				"up": {"uv": [2.75, 1.25, 5, 1.5], "rotation": 180, "texture": "#1"},
				"down": {"uv": [2.75, 1.25, 5, 1.5], "rotation": 180, "texture": "#1"}
			}
		},
		{
			"from": [5, 0.5, 3],
			"to": [14, 1.5, 4],
			"rotation": {"angle": 0, "axis": "y", "origin": [12, 1.5, 10]},
			"faces": {
				"north": {"uv": [2.75, 1.25, 5, 1.5], "rotation": 180, "texture": "#1"},
				"east": {"uv": [2.75, 1.25, 5, 1.5], "rotation": 180, "texture": "#1"},
				"south": {"uv": [2.75, 1.25, 5, 1.5], "rotation": 180, "texture": "#1"},
				"west": {"uv": [2.75, 1.25, 5, 1.5], "rotation": 180, "texture": "#1"},
				"up": {"uv": [2.75, 1.25, 5, 1.5], "rotation": 180, "texture": "#1"},
				"down": {"uv": [2.75, 1.25, 5, 1.5], "rotation": 180, "texture": "#1"}
			}
		},
		{
			"from": [4, 7, 3],
			"to": [15, 12, 13],
			"rotation": {"angle": 0, "axis": "y", "origin": [12, 12, 10]},
			"faces": {
				"north": {"uv": [2.75, 0, 5.5, 1.25], "rotation": 180, "texture": "#1"},
				"east": {"uv": [5.5, 0, 8, 1.25], "rotation": 180, "texture": "#1"},
				"south": {"uv": [2.75, 0, 5.5, 1.25], "rotation": 180, "texture": "#1"},
				"west": {"uv": [5.5, 0, 8, 1.25], "rotation": 180, "texture": "#1"},
				"up": {"uv": [2.75, 1.25, 5.5, 3.75], "rotation": 180, "texture": "#1"},
				"down": {"uv": [2.75, 1.25, 5.5, 3.75], "rotation": 180, "texture": "#1"}
			}
		},
		{
			"from": [4.25, 12, 3.25],
			"to": [14.75, 13, 12.75],
			"rotation": {"angle": 0, "axis": "y", "origin": [12, 17, 10]},
			"faces": {
				"north": {"uv": [0, 3.25, 1.5, 3.5], "rotation": 180, "texture": "#1"},
				"east": {"uv": [0, 3.25, 1.5, 3.5], "texture": "#1"},
				"south": {"uv": [0, 3.25, 1.5, 3.5], "rotation": 180, "texture": "#1"},
				"west": {"uv": [0, 3.25, 1.5, 3.5], "texture": "#1"},
				"up": {"uv": [0, 3.25, 1.5, 4.75], "texture": "#1"},
				"down": {"uv": [0, 3.25, 1.5, 4.75], "texture": "#1"}
			}
		},
		{
			"from": [3.25, 25.5, 2.25],
			"to": [15.75, 28.75, 13.75],
			"rotation": {"angle": 0, "axis": "y", "origin": [12, 30.5, 10]},
			"faces": {
				"north": {"uv": [2.75, 1.25, 5.5, 2], "rotation": 180, "texture": "#1"},
				"east": {"uv": [2.75, 1.25, 5.5, 2], "rotation": 180, "texture": "#1"},
				"south": {"uv": [2.75, 1.25, 5.5, 2], "rotation": 180, "texture": "#1"},
				"west": {"uv": [2.75, 1.25, 5.5, 2], "rotation": 180, "texture": "#1"},
				"up": {"uv": [2.75, 1.25, 5.5, 3.75], "rotation": 180, "texture": "#1"},
				"down": {"uv": [2.75, 1.25, 5.5, 3.75], "rotation": 180, "texture": "#1"}
			}
		},
		{
			"from": [2.71404, 26.19448, 2.25],
			"to": [3.71404, 29.19448, 13.75],
			"rotation": {"angle": 22.5, "axis": "z", "origin": [3.21404, 27.69448, 8]},
			"faces": {
				"north": {"uv": [11, 0.25, 11.25, 1.25], "rotation": 180, "texture": "#1"},
				"east": {"uv": [8, 0.25, 11.25, 1.25], "rotation": 180, "texture": "#1"},
				"south": {"uv": [11, 0.25, 11.25, 1.25], "rotation": 180, "texture": "#1"},
				"west": {"uv": [8, 0.25, 11.25, 1.25], "rotation": 180, "texture": "#1"},
				"up": {"uv": [8, 1, 11.25, 1.25], "rotation": 90, "texture": "#1"},
				"down": {"uv": [0, 0, 11.5, 1], "rotation": 90, "texture": "#missing"}
			}
		},
		{
			"from": [3.25, 28.60001, 2.19253],
			"to": [15.75, 31.60001, 3.19253],
			"rotation": {"angle": -22.5, "axis": "x", "origin": [9, 27.69448, 8.5]},
			"faces": {
				"north": {"uv": [8, 0.25, 11.25, 1.25], "rotation": 180, "texture": "#1"},
				"east": {"uv": [11, 0.25, 11.25, 1.25], "rotation": 180, "texture": "#1"},
				"south": {"uv": [8, 0.25, 11.25, 1.25], "rotation": 180, "texture": "#1"},
				"west": {"uv": [8, 0.25, 8.25, 1.25], "rotation": 180, "texture": "#1"},
				"up": {"uv": [8, 1, 11.25, 1.25], "rotation": 180, "texture": "#1"},
				"down": {"uv": [8, 0, 11.25, 0.25], "rotation": 180, "texture": "#1"}
			}
		},
		{
			"from": [15.28596, 26.19448, 2.25],
			"to": [16.28596, 29.19448, 13.75],
			"rotation": {"angle": -22.5, "axis": "z", "origin": [15.78596, 27.69448, 8]},
			"faces": {
				"north": {"uv": [11, 0.25, 11.25, 1.25], "rotation": 180, "texture": "#1"},
				"east": {"uv": [8, 0.25, 11.25, 1.25], "rotation": 180, "texture": "#1"},
				"south": {"uv": [11, 0.25, 11.25, 1.25], "rotation": 180, "texture": "#1"},
				"west": {"uv": [8, 0.25, 11.25, 1.25], "rotation": 180, "texture": "#1"},
				"up": {"uv": [8, 1, 11.25, 1.25], "rotation": 90, "texture": "#1"},
				"down": {"uv": [0, 1, 11.5, 2], "rotation": 90, "texture": "#missing"}
			}
		},
		{
			"from": [3.25, 28.60001, 12.80747],
			"to": [15.75, 31.60001, 13.80747],
			"rotation": {"angle": 22.5, "axis": "x", "origin": [9, 27.69448, 7.5]},
			"faces": {
				"north": {"uv": [8, 0.25, 11.25, 1.25], "rotation": 180, "texture": "#1"},
				"east": {"uv": [11, 0.25, 11.25, 1.25], "rotation": 180, "texture": "#1"},
				"south": {"uv": [8, 0.25, 11.25, 1.25], "rotation": 180, "texture": "#1"},
				"west": {"uv": [8, 0.25, 8.25, 1.25], "rotation": 180, "texture": "#1"},
				"up": {"uv": [8, 1, 11.25, 1.25], "rotation": 180, "texture": "#1"},
				"down": {"uv": [8, 0, 11.25, 0.25], "rotation": 180, "texture": "#1"}
			}
		},
		{
			"from": [4, 0.5, 4],
			"to": [5, 1.5, 12],
			"rotation": {"angle": 0, "axis": "y", "origin": [-3, 1.5, 10]},
			"faces": {
				"north": {"uv": [2.75, 1.25, 5, 1.5], "rotation": 180, "texture": "#1"},
				"east": {"uv": [2.75, 1.25, 5, 1.5], "rotation": 180, "texture": "#1"},
				"south": {"uv": [2.75, 1.25, 5, 1.5], "rotation": 180, "texture": "#1"},
				"west": {"uv": [2.75, 1.25, 5, 1.5], "rotation": 180, "texture": "#1"},
				"up": {"uv": [2.75, 1.25, 5, 1.5], "rotation": 90, "texture": "#1"},
				"down": {"uv": [2.75, 1.25, 5, 1.5], "rotation": 90, "texture": "#1"}
			}
		},
		{
			"from": [14, 0.5, 4],
			"to": [15, 1.5, 12],
			"rotation": {"angle": 0, "axis": "y", "origin": [8, 1.5, 10]},
			"faces": {
				"north": {"uv": [2.75, 1.25, 5, 1.5], "rotation": 180, "texture": "#1"},
				"east": {"uv": [2.75, 1.25, 5, 1.5], "rotation": 180, "texture": "#1"},
				"south": {"uv": [2.75, 1.25, 5, 1.5], "rotation": 180, "texture": "#1"},
				"west": {"uv": [2.75, 1.25, 5, 1.5], "rotation": 180, "texture": "#1"},
				"up": {"uv": [2.75, 1.25, 5, 1.5], "rotation": 90, "texture": "#1"},
				"down": {"uv": [2.75, 1.25, 5, 1.5], "rotation": 90, "texture": "#1"}
			}
		},
		{
			"from": [14, -4, 12],
			"to": [15, 7, 13],
			"rotation": {"angle": 0, "axis": "y", "origin": [22, 4, 20]},
			"faces": {
				"north": {"uv": [2.75, 1, 3, 3.75], "rotation": 180, "texture": "#1"},
				"east": {"uv": [2.75, 1, 3, 3.75], "rotation": 180, "texture": "#1"},
				"south": {"uv": [2.75, 1, 3, 3.75], "rotation": 180, "texture": "#1"},
				"west": {"uv": [2.75, 1, 3, 3.75], "rotation": 180, "texture": "#1"},
				"up": {"uv": [2.75, 3.5, 3, 3.75], "rotation": 180, "texture": "#1"},
				"down": {"uv": [2.75, 1, 3, 1.25], "rotation": 180, "texture": "#1"}
			}
		},
		{
			"from": [4, 0.5, 12],
			"to": [5, 7, 13],
			"rotation": {"angle": 0, "axis": "y", "origin": [11, 1.5, 20]},
			"faces": {
				"north": {"uv": [2.75, 1.25, 3, 2.875], "rotation": 180, "texture": "#1"},
				"east": {"uv": [2.75, 1.25, 3, 2.875], "rotation": 180, "texture": "#1"},
				"south": {"uv": [2.75, 1.25, 3, 2.875], "rotation": 180, "texture": "#1"},
				"west": {"uv": [2.75, 1.25, 3, 2.875], "rotation": 180, "texture": "#1"},
				"up": {"uv": [2.75, 2.75, 3, 3], "rotation": 180, "texture": "#1"},
				"down": {"uv": [2.75, 2.75, 3, 3], "rotation": 180, "texture": "#1"}
			}
		},
		{
			"from": [14, -4, 3],
			"to": [15, 7, 4],
			"rotation": {"angle": 0, "axis": "y", "origin": [22, 4, 10]},
			"faces": {
				"north": {"uv": [2.75, 1, 3, 3.75], "rotation": 180, "texture": "#1"},
				"east": {"uv": [2.75, 1, 3, 3.75], "rotation": 180, "texture": "#1"},
				"south": {"uv": [2.75, 1, 3, 3.75], "rotation": 180, "texture": "#1"},
				"west": {"uv": [2.75, 1, 3, 3.75], "rotation": 180, "texture": "#1"},
				"up": {"uv": [2.75, 3.5, 3, 3.75], "rotation": 180, "texture": "#1"},
				"down": {"uv": [2.75, 1, 3, 1.25], "rotation": 180, "texture": "#1"}
			}
		},
		{
			"from": [4, 0.5, 3],
			"to": [5, 7, 4],
			"rotation": {"angle": 0, "axis": "y", "origin": [11, 1.5, 10]},
			"faces": {
				"north": {"uv": [2.75, 1.25, 3, 2.875], "rotation": 180, "texture": "#1"},
				"east": {"uv": [2.75, 1.25, 3, 2.875], "rotation": 180, "texture": "#1"},
				"south": {"uv": [2.75, 1.25, 3, 2.875], "rotation": 180, "texture": "#1"},
				"west": {"uv": [2.75, 1.25, 3, 2.875], "rotation": 180, "texture": "#1"},
				"up": {"uv": [2.75, 2.75, 3, 3], "rotation": 180, "texture": "#1"},
				"down": {"uv": [2.75, 2.75, 3, 3], "rotation": 180, "texture": "#1"}
			}
		},
		{
			"from": [8.6653, 12.9742, 9.6632],
			"to": [14.8429, 16.7758, 9.9132],
			"rotation": {"angle": -22.5, "axis": "y", "origin": [11.7541, 14.875, 9.6632]},
			"faces": {
				"north": {"uv": [5.5, 1.25, 9, 3.25], "texture": "#1"},
				"south": {"uv": [5.5, 1.25, 9, 3.25], "texture": "#1"},
				"down": {"uv": [5.5, 1.25, 9, 3.25], "texture": "#1"}
			}
		},
		{
			"from": [11.5041, 13.4742, 6.5744],
			"to": [11.7541, 17.2758, 12.752],
			"rotation": {"angle": -22.5, "axis": "y", "origin": [11.7541, 15.375, 9.6632]},
			"faces": {
				"east": {"uv": [5.5, 1.25, 9, 3.25], "texture": "#1"},
				"west": {"uv": [5.5, 1.25, 9, 3.25], "texture": "#1"},
				"down": {"uv": [5.5, 1.25, 9, 3.25], "texture": "#1"}
			}
		},
		{
			"from": [4.3885, 13.4742, 6.3368],
			"to": [10.5661, 17.2758, 6.5868],
			"rotation": {"angle": -22.5, "axis": "y", "origin": [7.4773, 15.375, 6.3368]},
			"faces": {
				"north": {"uv": [5.5, 1.25, 9, 3.25], "texture": "#1"},
				"south": {"uv": [5.5, 1.25, 9, 3.25], "texture": "#1"},
				"down": {"uv": [5.5, 1.25, 9, 3.25], "texture": "#1"}
			}
		},
		{
			"from": [7.2273, 12.9742, 3.248],
			"to": [7.4773, 16.7758, 9.4256],
			"rotation": {"angle": -22.5, "axis": "y", "origin": [7.4773, 14.875, 6.3368]},
			"faces": {
				"east": {"uv": [5.5, 1.25, 9, 3.25], "texture": "#1"},
				"west": {"uv": [5.5, 1.25, 9, 3.25], "texture": "#1"},
				"down": {"uv": [5.5, 1.25, 9, 3.25], "texture": "#1"}
			}
		},
		{
			"from": [3.9133, 12.9742, 9.4132],
			"to": [10.0909, 16.7758, 9.6632],
			"rotation": {"angle": 45, "axis": "y", "origin": [7.0021, 14.875, 9.6632]},
			"faces": {
				"north": {"uv": [5.5, 1.25, 9, 3.25], "texture": "#1"},
				"south": {"uv": [5.5, 1.25, 9, 3.25], "texture": "#1"},
				"down": {"uv": [9, 1.25, 12.5, 3.25], "texture": "#1"}
			}
		},
		{
			"from": [3.9133, 12.9742, 9.4132],
			"to": [10.0909, 16.7758, 9.6632],
			"rotation": {"angle": -45, "axis": "y", "origin": [7.0021, 14.875, 9.6632]},
			"faces": {
				"north": {"uv": [5.5, 1.25, 9, 3.25], "texture": "#1"},
				"south": {"uv": [5.5, 1.25, 9, 3.25], "texture": "#1"},
				"down": {"uv": [9, 1.25, 12.5, 3.25], "texture": "#1"}
			}
		},
		{
			"from": [6.4133, 12.9742, 11.6632],
			"to": [12.5909, 16.7758, 11.9132],
			"rotation": {"angle": 0, "axis": "y", "origin": [9.5021, 14.875, 11.9132]},
			"faces": {
				"north": {"uv": [5.5, 1.25, 9, 3.25], "texture": "#1"},
				"south": {"uv": [5.5, 1.25, 9, 3.25], "texture": "#1"},
				"down": {"uv": [9, 1.25, 12.5, 3.25], "texture": "#1"}
			}
		},
		{
			"from": [6.4091, 12.9742, 3.8368],
			"to": [12.5867, 16.7758, 4.0868],
			"rotation": {"angle": 0, "axis": "y", "origin": [9.4979, 14.875, 3.8368]},
			"faces": {
				"north": {"uv": [5.5, 1.25, 9, 3.25], "texture": "#1"},
				"south": {"uv": [5.5, 1.25, 9, 3.25], "texture": "#1"},
				"down": {"uv": [9, 1.25, 12.5, 3.25], "texture": "#1"}
			}
		},
		{
			"from": [5.0021, 12.9742, 4.8244],
			"to": [5.2521, 16.7758, 11.002],
			"rotation": {"angle": 0, "axis": "y", "origin": [5.0021, 14.875, 7.9132]},
			"faces": {
				"west": {"uv": [5.5, 1.25, 9, 3.25], "texture": "#1"},
				"down": {"uv": [9, 1.25, 12.5, 3.25], "texture": "#1"}
			}
		},
		{
			"from": [13.7479, 12.9742, 4.748],
			"to": [13.9979, 16.7758, 10.9256],
			"rotation": {"angle": 0, "axis": "y", "origin": [13.9979, 14.875, 7.8368]},
			"faces": {
				"east": {"uv": [5.5, 1.25, 9, 3.25], "texture": "#1"},
				"west": {"uv": [5.5, 1.25, 9, 3.25], "texture": "#1"},
				"down": {"uv": [9, 1.25, 12.5, 3.25], "texture": "#1"}
			}
		},
		{
			"from": [8.4277, 12.9742, 6.3368],
			"to": [14.6053, 16.7758, 6.5868],
			"rotation": {"angle": -45, "axis": "y", "origin": [11.5165, 14.875, 6.3368]},
			"faces": {
				"north": {"uv": [5.5, 1.25, 9, 3.25], "texture": "#1"},
				"south": {"uv": [5.5, 1.25, 9, 3.25], "texture": "#1"},
				"down": {"uv": [5.5, 1.25, 9, 3.25], "texture": "#1"}
			}
		},
		{
			"from": [8.4277, 12.9742, 6.0868],
			"to": [14.6053, 16.7758, 6.3368],
			"rotation": {"angle": 45, "axis": "y", "origin": [11.5165, 14.875, 6.3368]},
			"faces": {
				"north": {"uv": [5.5, 1.25, 9, 3.25], "texture": "#1"},
				"east": {"uv": [9, 1.25, 12.5, 3.25], "texture": "#1"},
				"south": {"uv": [5.5, 1.25, 9, 3.25], "texture": "#1"},
				"west": {"uv": [9, 1.25, 12.5, 3.25], "texture": "#1"},
				"up": {"uv": [9, 1.25, 12.5, 3.25], "texture": "#1"},
				"down": {"uv": [9, 1.25, 12.5, 3.25], "texture": "#1"}
			}
		},
		{
			"from": [4, 12, 3],
			"to": [5, 26.5, 4],
			"rotation": {"angle": 0, "axis": "y", "origin": [11, 13, 10]},
			"faces": {
				"north": {"uv": [0, 0.25, 2.25, 0.5], "rotation": 90, "texture": "#1"},
				"east": {"uv": [0, 0.25, 2.25, 0.5], "rotation": 90, "texture": "#1"},
				"south": {"uv": [0, 0.25, 2.25, 0.5], "rotation": 90, "texture": "#1"},
				"west": {"uv": [0, 0.25, 2.25, 0.5], "rotation": 90, "texture": "#1"},
				"up": {"uv": [0, 0.25, 2.25, 0.5], "rotation": 90, "texture": "#1"},
				"down": {"uv": [0, 0.25, 2.25, 0.5], "rotation": 90, "texture": "#1"}
			}
		},
		{
			"from": [8.94, 21.58, 5.89],
			"to": [10.06, 25.5, 6.51],
			"rotation": {"angle": 0, "axis": "y", "origin": [16.78, 11.5, 13.23]},
			"faces": {
				"north": {"uv": [0, 1, 1.5, 1.5], "rotation": 270, "texture": "#1"},
				"east": {"uv": [0, 1, 1.5, 1.25], "rotation": 270, "texture": "#1"},
				"south": {"uv": [0, 1.25, 1.5, 1.75], "rotation": 270, "texture": "#1"},
				"west": {"uv": [0, 1.25, 1.5, 1.5], "rotation": 270, "texture": "#1"},
				"up": {"uv": [1.25, 1, 1.5, 1.5], "rotation": 270, "texture": "#1"},
				"down": {"uv": [0, 1, 0.25, 1.5], "rotation": 270, "texture": "#1"}
			}
		},
		{
			"from": [9.065, 21.29875, 4.89],
			"to": [9.685, 21.91875, 6.10875],
			"rotation": {"angle": -22.5, "axis": "z", "origin": [10.915, 21.60875, 5.26333]},
			"faces": {
				"north": {"uv": [0.75, 1, 1, 1.25], "texture": "#1"},
				"east": {"uv": [0.5, 1, 1, 1.25], "texture": "#1"},
				"south": {"uv": [0, 0, 1, 3.5], "texture": "#missing"},
				"west": {"uv": [0.5, 1, 1, 1.25], "rotation": 180, "texture": "#1"},
				"up": {"uv": [0.5, 1, 1, 1.25], "rotation": 270, "texture": "#1"},
				"down": {"uv": [0.5, 1, 1, 1.25], "rotation": 90, "texture": "#1"}
			}
		},
		{
			"from": [9.685, 21.29875, 4.89],
			"to": [11.685, 21.91875, 5.51],
			"rotation": {"angle": -22.5, "axis": "z", "origin": [10.915, 21.60875, 5.26333]},
			"faces": {
				"north": {"uv": [0, 1, 0.79375, 1.25], "texture": "#1"},
				"east": {"uv": [0, 1, 0.79375, 1.25], "rotation": 180, "texture": "#1"},
				"south": {"uv": [0, 1, 0.79375, 1.25], "rotation": 180, "texture": "#1"},
				"west": {"uv": [0, 1, 0.79375, 1.25], "rotation": 180, "texture": "#1"},
				"up": {"uv": [0, 1, 0.79375, 1.25], "rotation": 180, "texture": "#1"},
				"down": {"uv": [0, 1, 0.79375, 1.25], "rotation": 180, "texture": "#1"}
			}
		},
		{
			"from": [11.685, 21.205, 4.79625],
			"to": [13.685, 22.0125, 5.60375],
			"rotation": {"angle": -22.5, "axis": "z", "origin": [10.915, 21.60875, 5.26333]},
			"faces": {
				"north": {"uv": [0.25, -0.03975, 1.04375, 0.21025], "rotation": 180, "texture": "#1"},
				"east": {"uv": [0.25, -0.03975, 1.04375, 0.21025], "texture": "#1"},
				"south": {"uv": [0.25, -0.03975, 1.04375, 0.21025], "texture": "#1"},
				"west": {"uv": [0.25, -0.03975, 1.04375, 0.21025], "texture": "#1"},
				"up": {"uv": [0.25, -0.03975, 1.04375, 0.21025], "texture": "#1"},
				"down": {"uv": [0.25, -0.03975, 1.04375, 0.21025], "texture": "#1"}
			}
		},
		{
			"from": [8.94, 21.58, 10.99],
			"to": [10.06, 25.5, 11.61],
			"rotation": {"angle": 0, "axis": "y", "origin": [16.78, 11.5, 4.27]},
			"faces": {
				"north": {"uv": [0, 1, 1.5, 1.5], "rotation": 270, "texture": "#1"},
				"east": {"uv": [0, 1, 1.5, 1.25], "rotation": 270, "texture": "#1"},
				"south": {"uv": [0, 1.25, 1.5, 1.75], "rotation": 270, "texture": "#1"},
				"west": {"uv": [0, 1.25, 1.5, 1.5], "rotation": 270, "texture": "#1"},
				"up": {"uv": [1.25, 1, 1.5, 1.5], "rotation": 270, "texture": "#1"},
				"down": {"uv": [0, 1, 0.25, 1.5], "rotation": 270, "texture": "#1"}
			}
		},
		{
			"from": [7.26, 22.42, 6.51],
			"to": [11.74, 23.26, 10.99],
			"rotation": {"angle": 0, "axis": "y", "origin": [16.78, 11.5, 3.15]},
			"faces": {
				"north": {"uv": [0, 1, 1.5, 1.25], "rotation": 180, "texture": "#1"},
				"east": {"uv": [0, 1, 1.5, 1.25], "texture": "#1"},
				"south": {"uv": [0, 1, 1.5, 1.25], "rotation": 180, "texture": "#1"},
				"west": {"uv": [0, 1, 1.5, 1.25], "texture": "#1"},
				"up": {"uv": [0, 1.75, 1.5, 3.25], "texture": "#1"},
				"down": {"uv": [0, 1.75, 1.5, 3.25], "texture": "#1"}
			}
		},
		{
			"from": [7.54, 19.9, 6.79],
			"to": [11.46, 22.42, 10.71],
			"rotation": {"angle": 0, "axis": "y", "origin": [16.78, 10.66, 3.15]},
			"faces": {
				"north": {"uv": [0, 1, 1.5, 1.75], "rotation": 180, "texture": "#1"},
				"east": {"uv": [0, 1, 1.5, 1.75], "texture": "#1"},
				"south": {"uv": [0, 1, 1.5, 1.75], "rotation": 180, "texture": "#1"},
				"west": {"uv": [0, 1, 1.5, 1.75], "texture": "#1"},
				"up": {"uv": [0, 3.25, 1.5, 4.75], "texture": "#1"},
				"down": {"uv": [0, 3.25, 1.5, 4.75], "texture": "#1"}
			}
		},
		{
			"from": [4, 12, 12],
			"to": [5, 26.5, 13],
			"rotation": {"angle": 0, "axis": "y", "origin": [11, 13, 20]},
			"faces": {
				"north": {"uv": [0, 0.25, 2.25, 0.5], "rotation": 90, "texture": "#1"},
				"east": {"uv": [0, 0.25, 2.25, 0.5], "rotation": 90, "texture": "#1"},
				"south": {"uv": [0, 0.25, 2.25, 0.5], "rotation": 90, "texture": "#1"},
				"west": {"uv": [0, 0.25, 2.25, 0.5], "rotation": 90, "texture": "#1"},
				"up": {"uv": [0, 0.25, 2.25, 0.5], "rotation": 90, "texture": "#1"},
				"down": {"uv": [0, 0.25, 2.25, 0.5], "rotation": 90, "texture": "#1"}
			}
		},
		{
			"from": [14, 12, 12],
			"to": [15, 26.5, 13],
			"rotation": {"angle": 0, "axis": "y", "origin": [8, 13, 20]},
			"faces": {
				"north": {"uv": [0, 0.25, 2.25, 0.5], "rotation": 90, "texture": "#1"},
				"east": {"uv": [0, 0.25, 2.25, 0.5], "rotation": 90, "texture": "#1"},
				"south": {"uv": [0, 0.25, 2.25, 0.5], "rotation": 90, "texture": "#1"},
				"west": {"uv": [0, 0.25, 2.25, 0.5], "rotation": 90, "texture": "#1"},
				"up": {"uv": [0, 0.25, 2.25, 0.5], "rotation": 90, "texture": "#1"},
				"down": {"uv": [0, 0.25, 2.25, 0.5], "rotation": 90, "texture": "#1"}
			}
		},
		{
			"from": [14, 12, 3],
			"to": [15, 26.5, 4],
			"rotation": {"angle": 0, "axis": "y", "origin": [8, 13, 10]},
			"faces": {
				"north": {"uv": [0, 0.25, 2.25, 0.5], "rotation": 90, "texture": "#1"},
				"east": {"uv": [0, 0.25, 2.25, 0.5], "rotation": 90, "texture": "#1"},
				"south": {"uv": [0, 0.25, 2.25, 0.5], "rotation": 90, "texture": "#1"},
				"west": {"uv": [0, 0.25, 2.25, 0.5], "rotation": 90, "texture": "#1"},
				"up": {"uv": [0, 0.25, 2.25, 0.5], "rotation": 90, "texture": "#1"},
				"down": {"uv": [0, 0.25, 2.25, 0.5], "rotation": 90, "texture": "#1"}
			}
		},
		{
			"name": "octagon",
			"from": [2.49762, 5.018, 1.9675],
			"to": [6.42238, 5.8076, 2.6575],
			"rotation": {"angle": 45, "axis": "z", "origin": [4.46, 1.07, 2.1875]},
			"faces": {
				"north": {"uv": [0, 0.25, 1.25, 0.5], "rotation": 180, "texture": "#1"},
				"east": {"uv": [0, 0.25, 1.25, 0.5], "rotation": 180, "texture": "#1"},
				"south": {"uv": [0, 0.25, 1.25, 0.5], "texture": "#1"},
				"west": {"uv": [0, 0.25, 1.25, 0.5], "rotation": 180, "texture": "#1"},
				"up": {"uv": [0, 0.25, 1.25, 0.5], "rotation": 180, "texture": "#1"},
				"down": {"uv": [0, 0.25, 1.25, 0.5], "texture": "#1"}
			}
		},
		{
			"name": "octagon",
			"from": [2.49762, 5.018, 1.9675],
			"to": [6.42238, 5.8076, 2.6575],
			"rotation": {"angle": 0, "axis": "y", "origin": [4.46, 1.07, 2.1875]},
			"faces": {
				"north": {"uv": [0, 0.25, 1.25, 0.5], "texture": "#1"},
				"east": {"uv": [0, 0.25, 1.25, 0.5], "texture": "#1"},
				"south": {"uv": [0, 0.25, 1.25, 0.5], "rotation": 180, "texture": "#1"},
				"west": {"uv": [0, 0.25, 1.25, 0.5], "texture": "#1"},
				"up": {"uv": [0, 0.25, 1.25, 0.5], "texture": "#1"},
				"down": {"uv": [0, 0.25, 1.25, 0.5], "rotation": 180, "texture": "#1"}
			}
		},
		{
			"name": "octagon",
			"from": [2.49762, -3.6676, 1.9675],
			"to": [6.42238, -2.878, 2.6575],
			"rotation": {"angle": 45, "axis": "z", "origin": [4.46, 1.07, 2.1875]},
			"faces": {
				"north": {"uv": [0, 0.25, 1.25, 0.5], "texture": "#1"},
				"east": {"uv": [0, 0.25, 1.25, 0.5], "texture": "#1"},
				"south": {"uv": [0, 0.25, 1.25, 0.5], "rotation": 180, "texture": "#1"},
				"west": {"uv": [0, 0.25, 1.25, 0.5], "texture": "#1"},
				"up": {"uv": [0, 0.25, 1.25, 0.5], "rotation": 180, "texture": "#1"},
				"down": {"uv": [0, 0.25, 1.25, 0.5], "texture": "#1"}
			}
		},
		{
			"name": "octagon",
			"from": [2.49762, -3.6676, 1.9675],
			"to": [6.42238, -2.878, 2.6575],
			"rotation": {"angle": 0, "axis": "y", "origin": [4.46, 1.07, 2.1875]},
			"faces": {
				"north": {"uv": [0, 0.25, 1.25, 0.5], "rotation": 180, "texture": "#1"},
				"east": {"uv": [0, 0.25, 1.25, 0.5], "rotation": 180, "texture": "#1"},
				"south": {"uv": [0, 0.25, 1.25, 0.5], "texture": "#1"},
				"west": {"uv": [0, 0.25, 1.25, 0.5], "rotation": 180, "texture": "#1"},
				"up": {"uv": [0, 0.25, 1.25, 0.5], "texture": "#1"},
				"down": {"uv": [0, 0.25, 1.25, 0.5], "rotation": 180, "texture": "#1"}
			}
		},
		{
			"name": "octagon",
			"from": [-0.2776, -0.89238, 1.9675],
			"to": [0.512, 3.03238, 2.6575],
			"rotation": {"angle": 45, "axis": "z", "origin": [4.46, 1.07, 2.1875]},
			"faces": {
				"north": {"uv": [0, 0.25, 1.25, 0.5], "rotation": 270, "texture": "#1"},
				"east": {"uv": [0, 0.25, 1.25, 0.5], "rotation": 270, "texture": "#1"},
				"south": {"uv": [0, 0.25, 1.25, 0.5], "rotation": 270, "texture": "#1"},
				"west": {"uv": [0, 0.25, 1.25, 0.5], "rotation": 270, "texture": "#1"},
				"up": {"uv": [0, 0.25, 1.25, 0.5], "rotation": 270, "texture": "#1"},
				"down": {"uv": [0, 0.25, 1.25, 0.5], "rotation": 270, "texture": "#1"}
			}
		},
		{
			"name": "octagon",
			"from": [-0.2776, -0.89238, 1.9675],
			"to": [0.512, 3.03238, 2.6575],
			"rotation": {"angle": 0, "axis": "y", "origin": [4.46, 1.07, 2.1875]},
			"faces": {
				"north": {"uv": [0, 0.25, 1.25, 0.5], "rotation": 90, "texture": "#1"},
				"east": {"uv": [0, 0.25, 1.25, 0.5], "rotation": 90, "texture": "#1"},
				"south": {"uv": [0, 0.25, 1.25, 0.5], "rotation": 90, "texture": "#1"},
				"west": {"uv": [0, 0.25, 1.25, 0.5], "rotation": 90, "texture": "#1"},
				"up": {"uv": [0, 0.25, 1.25, 0.5], "rotation": 90, "texture": "#1"},
				"down": {"uv": [0, 0.25, 1.25, 0.5], "rotation": 90, "texture": "#1"}
			}
		},
		{
			"name": "octagon",
			"from": [8.408, -0.89238, 1.9675],
			"to": [9.1976, 3.03238, 2.6575],
			"rotation": {"angle": 45, "axis": "z", "origin": [4.46, 1.07, 2.1875]},
			"faces": {
				"north": {"uv": [0, 0.25, 1.25, 0.5], "rotation": 90, "texture": "#1"},
				"east": {"uv": [0, 0.25, 1.25, 0.5], "rotation": 90, "texture": "#1"},
				"south": {"uv": [0, 0.25, 1.25, 0.5], "rotation": 90, "texture": "#1"},
				"west": {"uv": [0, 0.25, 1.25, 0.5], "rotation": 90, "texture": "#1"},
				"up": {"uv": [0, 0.25, 1.25, 0.5], "rotation": 90, "texture": "#1"},
				"down": {"uv": [0, 0.25, 1.25, 0.5], "rotation": 90, "texture": "#1"}
			}
		},
		{
			"name": "octagon",
			"from": [8.408, -0.89238, 1.9675],
			"to": [9.1976, 3.03238, 2.6575],
			"rotation": {"angle": 0, "axis": "y", "origin": [4.46, 1.07, 2.1875]},
			"faces": {
				"north": {"uv": [0, 0.25, 1.25, 0.5], "rotation": 270, "texture": "#1"},
				"east": {"uv": [0, 0.25, 1.25, 0.5], "rotation": 270, "texture": "#1"},
				"south": {"uv": [0, 0.25, 1.25, 0.5], "rotation": 270, "texture": "#1"},
				"west": {"uv": [0, 0.25, 1.25, 0.5], "rotation": 270, "texture": "#1"},
				"up": {"uv": [0, 0.25, 1.25, 0.5], "rotation": 270, "texture": "#1"},
				"down": {"uv": [0, 0.25, 1.25, 0.5], "rotation": 270, "texture": "#1"}
			}
		},
		{
			"name": "octagon",
			"from": [0.2394, 0.86027, 2.1875],
			"to": [8.6706, 1.15473, 2.4375],
			"rotation": {"angle": 0, "axis": "y", "origin": [4.455, 1.0075, 2.3125]},
			"faces": {
				"north": {"uv": [0, 0.25, 2.25, 0.5], "texture": "#1"},
				"east": {"uv": [0, 0.25, 2.25, 0.5], "texture": "#1"},
				"south": {"uv": [0, 0.25, 2.25, 0.5], "texture": "#1"},
				"west": {"uv": [0, 0.25, 2.25, 0.5], "texture": "#1"},
				"up": {"uv": [0, 0.25, 2.25, 0.5], "texture": "#1"},
				"down": {"uv": [0, 0.25, 2.25, 0.5], "texture": "#1"}
			}
		},
		{
			"name": "octagon",
			"from": [0.2394, 0.86027, 2.1875],
			"to": [8.6706, 1.15473, 2.4375],
			"rotation": {"angle": 45, "axis": "z", "origin": [4.455, 1.0075, 2.3125]},
			"faces": {
				"north": {"uv": [0, 0.25, 2.25, 0.5], "texture": "#1"},
				"east": {"uv": [0, 0.25, 2.25, 0.5], "texture": "#1"},
				"south": {"uv": [0, 0.25, 2.25, 0.5], "texture": "#1"},
				"west": {"uv": [0, 0.25, 2.25, 0.5], "texture": "#1"},
				"up": {"uv": [0, 0.25, 2.25, 0.5], "texture": "#1"},
				"down": {"uv": [0, 0.25, 2.25, 0.5], "texture": "#1"}
			}
		},
		{
			"name": "octagon",
			"from": [4.30777, -3.2081, 2.1875],
			"to": [4.60223, 5.2231, 2.4375],
			"rotation": {"angle": 0, "axis": "z", "origin": [4.455, 1.0075, 2.3125]},
			"faces": {
				"north": {"uv": [0, 0.25, 2.25, 0.5], "rotation": 90, "texture": "#1"},
				"east": {"uv": [0, 0.25, 2.25, 0.5], "rotation": 90, "texture": "#1"},
				"south": {"uv": [0, 0.25, 2.25, 0.5], "rotation": 90, "texture": "#1"},
				"west": {"uv": [0, 0.25, 2.25, 0.5], "rotation": 90, "texture": "#1"},
				"up": {"uv": [0, 0.25, 2.25, 0.5], "rotation": 90, "texture": "#1"},
				"down": {"uv": [0, 0.25, 2.25, 0.5], "rotation": 90, "texture": "#1"}
			}
		},
		{
			"name": "octagon",
			"from": [4.30777, -3.2081, 2.1875],
			"to": [4.60223, 5.2231, 2.4375],
			"rotation": {"angle": 45, "axis": "z", "origin": [4.455, 1.0075, 2.3125]},
			"faces": {
				"north": {"uv": [0, 0.25, 2.25, 0.5], "rotation": 90, "texture": "#1"},
				"east": {"uv": [0, 0.25, 2.25, 0.5], "rotation": 90, "texture": "#1"},
				"south": {"uv": [0, 0.25, 2.25, 0.5], "rotation": 90, "texture": "#1"},
				"west": {"uv": [0, 0.25, 2.25, 0.5], "rotation": 90, "texture": "#1"},
				"up": {"uv": [0, 0.25, 2.25, 0.5], "rotation": 90, "texture": "#1"},
				"down": {"uv": [0, 0.25, 2.25, 0.5], "rotation": 90, "texture": "#1"}
			}
		},
		{
			"name": "octagon",
			"from": [2.37236, 5.27, 1.75],
			"to": [6.54764, 6.11, 2.90625],
			"rotation": {"angle": 45, "axis": "z", "origin": [4.46, 1.07, 2.25]},
			"faces": {
				"north": {"uv": [0, 0, 1.04382, 0.21], "rotation": 180, "texture": "#1"},
				"east": {"uv": [0, 0, 1.04382, 0.21], "rotation": 180, "texture": "#1"},
				"south": {"uv": [0, 0, 1.04382, 0.21], "texture": "#1"},
				"west": {"uv": [0, 0, 1.04382, 0.21], "rotation": 180, "texture": "#1"},
				"up": {"uv": [0, 0, 1.04382, 0.21], "texture": "#1"},
				"down": {"uv": [0, 0, 1.04382, 0.21], "texture": "#1"}
			}
		},
		{
			"name": "octagon",
			"from": [2.37236, 5.27, 1.75],
			"to": [6.54764, 6.11, 2.90625],
			"rotation": {"angle": 0, "axis": "y", "origin": [4.46, 1.07, 2.25]},
			"faces": {
				"north": {"uv": [0, 0, 1.04382, 0.21], "texture": "#1"},
				"east": {"uv": [0, 0, 1, 1], "rotation": 270, "texture": "#1"},
				"south": {"uv": [0, 0, 1.04382, 0.21], "rotation": 180, "texture": "#1"},
				"west": {"uv": [0, 0, 1, 1], "rotation": 90, "texture": "#1"},
				"up": {"uv": [0, 0, 1.04382, 0.21], "rotation": 180, "texture": "#1"},
				"down": {"uv": [0, 0, 1.04382, 0.21], "rotation": 180, "texture": "#1"}
			}
		},
		{
			"name": "octagon",
			"from": [2.37236, -3.97, 1.75],
			"to": [6.54764, -3.13, 2.90625],
			"rotation": {"angle": 45, "axis": "z", "origin": [4.46, 1.07, 2.25]},
			"faces": {
				"north": {"uv": [0, 0, 1.04382, 0.21], "texture": "#1"},
				"east": {"uv": [0, 0, 1.04382, 0.21], "texture": "#1"},
				"south": {"uv": [0, 0, 1.04382, 0.21], "rotation": 180, "texture": "#1"},
				"west": {"uv": [0, 0, 1.04382, 0.21], "texture": "#1"},
				"up": {"uv": [0, 0, 1.04382, 0.21], "rotation": 180, "texture": "#1"},
				"down": {"uv": [0, 0, 1.04382, 0.21], "rotation": 180, "texture": "#1"}
			}
		},
		{
			"name": "octagon",
			"from": [2.37236, -3.97, 1.75],
			"to": [6.54764, -3.13, 2.90625],
			"rotation": {"angle": 0, "axis": "y", "origin": [4.46, 1.07, 2.25]},
			"faces": {
				"north": {"uv": [0, 0, 1.04382, 0.21], "rotation": 180, "texture": "#1"},
				"east": {"uv": [0, 0, 1.04382, 0.21], "rotation": 180, "texture": "#1"},
				"south": {"uv": [0, 0, 1.04382, 0.21], "texture": "#1"},
				"west": {"uv": [0, 0, 1.04382, 0.21], "rotation": 180, "texture": "#1"},
				"up": {"uv": [0, 0, 1.04382, 0.21], "texture": "#1"},
				"down": {"uv": [0, 0, 1.04382, 0.21], "rotation": 180, "texture": "#1"}
			}
		},
		{
			"name": "octagon",
			"from": [-0.58, -1.01764, 1.75],
			"to": [0.26, 3.15764, 2.90625],
			"rotation": {"angle": 45, "axis": "z", "origin": [4.46, 1.07, 2.25]},
			"faces": {
				"north": {"uv": [0, 0, 1.04382, 0.21], "rotation": 270, "texture": "#1"},
				"east": {"uv": [0, 0, 1.04382, 0.21], "rotation": 270, "texture": "#1"},
				"south": {"uv": [0, 0, 1.04382, 0.21], "rotation": 270, "texture": "#1"},
				"west": {"uv": [0, 0, 1.04382, 0.21], "rotation": 270, "texture": "#1"},
				"up": {"uv": [0, 0, 1.04382, 0.21], "rotation": 270, "texture": "#1"},
				"down": {"uv": [0, 0, 1.04382, 0.21], "rotation": 270, "texture": "#1"}
			}
		},
		{
			"name": "octagon",
			"from": [-0.58, -1.01764, 1.75],
			"to": [0.26, 3.15764, 2.90625],
			"rotation": {"angle": 0, "axis": "y", "origin": [4.46, 1.07, 2.25]},
			"faces": {
				"north": {"uv": [0, 0, 1.04382, 0.21], "rotation": 90, "texture": "#1"},
				"east": {"uv": [0, 0, 1.04382, 0.21], "rotation": 90, "texture": "#1"},
				"south": {"uv": [0, 0, 1.04382, 0.21], "rotation": 90, "texture": "#1"},
				"west": {"uv": [0, 0, 1.04382, 0.21], "rotation": 90, "texture": "#1"},
				"up": {"uv": [0, 0, 1.04382, 0.21], "rotation": 90, "texture": "#1"},
				"down": {"uv": [0, 0, 1.04382, 0.21], "rotation": 90, "texture": "#1"}
			}
		},
		{
			"name": "octagon",
			"from": [8.66, -1.01764, 1.75],
			"to": [9.5, 3.15764, 2.90625],
			"rotation": {"angle": 45, "axis": "z", "origin": [4.46, 1.07, 2.25]},
			"faces": {
				"north": {"uv": [0, 0, 1.04382, 0.21], "rotation": 90, "texture": "#1"},
				"east": {"uv": [0, 0, 1.04382, 0.21], "rotation": 90, "texture": "#1"},
				"south": {"uv": [0, 0, 1.04382, 0.21], "rotation": 90, "texture": "#1"},
				"west": {"uv": [0, 0, 1.04382, 0.21], "rotation": 90, "texture": "#1"},
				"up": {"uv": [0, 0, 1, 1], "rotation": 180, "texture": "#missing"},
				"down": {"uv": [0, 0, 1, 1], "texture": "#missing"}
			}
		},
		{
			"name": "octagon",
			"from": [8.66, -1.01764, 1.75],
			"to": [9.5, 3.15764, 2.90625],
			"rotation": {"angle": 0, "axis": "y", "origin": [4.46, 1.07, 2.25]},
			"faces": {
				"north": {"uv": [0, 0, 1.04382, 0.21], "rotation": 270, "texture": "#1"},
				"east": {"uv": [0, 0, 1.04382, 0.21], "rotation": 270, "texture": "#1"},
				"south": {"uv": [0, 0, 1.04382, 0.21], "rotation": 270, "texture": "#1"},
				"west": {"uv": [0, 0, 1.04382, 0.21], "rotation": 270, "texture": "#1"},
				"up": {"uv": [0, 0, 1.04382, 0.21], "rotation": 270, "texture": "#1"},
				"down": {"uv": [0, 0, 1.04382, 0.21], "rotation": 270, "texture": "#1"}
			}
		},
		{
			"from": [4, 0.5, 1.375],
			"to": [5, 1.5, 3],
			"rotation": {"angle": 0, "axis": "y", "origin": [-3, 1.5, 6.875]},
			"faces": {
				"north": {"uv": [0, 0.25, 0.75, 1], "texture": "#1"},
				"east": {"uv": [0, 0.25, 0.25, 1], "texture": "#1"},
				"south": {"uv": [0, 0, 1, 1], "texture": "#missing"},
				"west": {"uv": [0.5, 0.25, 0.75, 1], "texture": "#1"},
				"up": {"uv": [0, 0.25, 0.75, 0.5], "rotation": 180, "texture": "#1"},
				"down": {"uv": [0, 0.75, 0.75, 1], "rotation": 180, "texture": "#1"}
			}
		},
		{
			"from": [3.75, 0.25, 1.875],
			"to": [5.25, 1.75, 2.625],
			"rotation": {"angle": 0, "axis": "y", "origin": [-3, 1.5, 7.625]},
			"faces": {
				"north": {"uv": [0, 0.25, 0.75, 1], "texture": "#1"},
				"east": {"uv": [0, 0.25, 0.25, 1], "texture": "#1"},
				"south": {"uv": [0, 0.25, 0.75, 1], "texture": "#1"},
				"west": {"uv": [0.5, 0.25, 0.75, 1], "texture": "#1"},
				"up": {"uv": [0, 0.25, 0.75, 0.5], "rotation": 180, "texture": "#1"},
				"down": {"uv": [0, 0.75, 0.75, 1], "rotation": 180, "texture": "#1"}
			}
		},
		{
			"name": "octagon",
			"from": [2.49762, 5.018, 13.3425],
			"to": [6.42238, 5.8076, 14.0325],
			"rotation": {"angle": 45, "axis": "z", "origin": [4.46, 1.07, 13.8125]},
			"faces": {
				"north": {"uv": [1.25, 0.25, 0, 0.5], "texture": "#1"},
				"east": {"uv": [1.25, 0.25, 0, 0.5], "rotation": 180, "texture": "#1"},
				"south": {"uv": [1.25, 0.25, 0, 0.5], "rotation": 180, "texture": "#1"},
				"west": {"uv": [1.25, 0.25, 0, 0.5], "rotation": 180, "texture": "#1"},
				"up": {"uv": [0, 0.5, 1.25, 0.25], "rotation": 180, "texture": "#1"},
				"down": {"uv": [0, 0.5, 1.25, 0.25], "texture": "#1"}
			}
		},
		{
			"name": "octagon",
			"from": [2.49762, 5.018, 13.3425],
			"to": [6.42238, 5.8076, 14.0325],
			"rotation": {"angle": 0, "axis": "y", "origin": [4.46, 1.07, 13.8125]},
			"faces": {
				"north": {"uv": [1.25, 0.25, 0, 0.5], "rotation": 180, "texture": "#1"},
				"east": {"uv": [1.25, 0.25, 0, 0.5], "texture": "#1"},
				"south": {"uv": [1.25, 0.25, 0, 0.5], "texture": "#1"},
				"west": {"uv": [1.25, 0.25, 0, 0.5], "texture": "#1"},
				"up": {"uv": [0, 0.5, 1.25, 0.25], "texture": "#1"},
				"down": {"uv": [0, 0.5, 1.25, 0.25], "rotation": 180, "texture": "#1"}
			}
		},
		{
			"name": "octagon",
			"from": [2.49762, -3.6676, 13.3425],
			"to": [6.42238, -2.878, 14.0325],
			"rotation": {"angle": 45, "axis": "z", "origin": [4.46, 1.07, 13.8125]},
			"faces": {
				"north": {"uv": [1.25, 0.25, 0, 0.5], "rotation": 180, "texture": "#1"},
				"east": {"uv": [1.25, 0.25, 0, 0.5], "texture": "#1"},
				"south": {"uv": [1.25, 0.25, 0, 0.5], "texture": "#1"},
				"west": {"uv": [1.25, 0.25, 0, 0.5], "texture": "#1"},
				"up": {"uv": [0, 0.5, 1.25, 0.25], "rotation": 180, "texture": "#1"},
				"down": {"uv": [0, 0.5, 1.25, 0.25], "texture": "#1"}
			}
		},
		{
			"name": "octagon",
			"from": [2.49762, -3.6676, 13.3425],
			"to": [6.42238, -2.878, 14.0325],
			"rotation": {"angle": 0, "axis": "y", "origin": [4.46, 1.07, 13.8125]},
			"faces": {
				"north": {"uv": [1.25, 0.25, 0, 0.5], "texture": "#1"},
				"east": {"uv": [1.25, 0.25, 0, 0.5], "rotation": 180, "texture": "#1"},
				"south": {"uv": [1.25, 0.25, 0, 0.5], "rotation": 180, "texture": "#1"},
				"west": {"uv": [1.25, 0.25, 0, 0.5], "rotation": 180, "texture": "#1"},
				"up": {"uv": [0, 0.5, 1.25, 0.25], "texture": "#1"},
				"down": {"uv": [0, 0.5, 1.25, 0.25], "rotation": 180, "texture": "#1"}
			}
		},
		{
			"name": "octagon",
			"from": [-0.2776, -0.89238, 13.3425],
			"to": [0.512, 3.03238, 14.0325],
			"rotation": {"angle": 45, "axis": "z", "origin": [4.46, 1.07, 13.8125]},
			"faces": {
				"north": {"uv": [0, 0.5, 1.25, 0.25], "rotation": 270, "texture": "#1"},
				"east": {"uv": [0, 0.5, 1.25, 0.25], "rotation": 270, "texture": "#1"},
				"south": {"uv": [0, 0.5, 1.25, 0.25], "rotation": 270, "texture": "#1"},
				"west": {"uv": [0, 0.5, 1.25, 0.25], "rotation": 270, "texture": "#1"},
				"up": {"uv": [1.25, 0.25, 0, 0.5], "rotation": 270, "texture": "#1"},
				"down": {"uv": [1.25, 0.25, 0, 0.5], "rotation": 270, "texture": "#1"}
			}
		},
		{
			"name": "octagon",
			"from": [-0.2776, -0.89238, 13.3425],
			"to": [0.512, 3.03238, 14.0325],
			"rotation": {"angle": 0, "axis": "y", "origin": [4.46, 1.07, 13.8125]},
			"faces": {
				"north": {"uv": [0, 0.5, 1.25, 0.25], "rotation": 90, "texture": "#1"},
				"east": {"uv": [0, 0.5, 1.25, 0.25], "rotation": 90, "texture": "#1"},
				"south": {"uv": [0, 0.5, 1.25, 0.25], "rotation": 90, "texture": "#1"},
				"west": {"uv": [0, 0.5, 1.25, 0.25], "rotation": 90, "texture": "#1"},
				"up": {"uv": [1.25, 0.25, 0, 0.5], "rotation": 90, "texture": "#1"},
				"down": {"uv": [1.25, 0.25, 0, 0.5], "rotation": 90, "texture": "#1"}
			}
		},
		{
			"name": "octagon",
			"from": [8.408, -0.89238, 13.3425],
			"to": [9.1976, 3.03238, 14.0325],
			"rotation": {"angle": 45, "axis": "z", "origin": [4.46, 1.07, 13.8125]},
			"faces": {
				"north": {"uv": [0, 0.5, 1.25, 0.25], "rotation": 90, "texture": "#1"},
				"east": {"uv": [0, 0.5, 1.25, 0.25], "rotation": 90, "texture": "#1"},
				"south": {"uv": [0, 0.5, 1.25, 0.25], "rotation": 90, "texture": "#1"},
				"west": {"uv": [0, 0.5, 1.25, 0.25], "rotation": 90, "texture": "#1"},
				"up": {"uv": [1.25, 0.25, 0, 0.5], "rotation": 90, "texture": "#1"},
				"down": {"uv": [1.25, 0.25, 0, 0.5], "rotation": 90, "texture": "#1"}
			}
		},
		{
			"name": "octagon",
			"from": [8.408, -0.89238, 13.3425],
			"to": [9.1976, 3.03238, 14.0325],
			"rotation": {"angle": 0, "axis": "y", "origin": [4.46, 1.07, 13.8125]},
			"faces": {
				"north": {"uv": [0, 0.5, 1.25, 0.25], "rotation": 270, "texture": "#1"},
				"east": {"uv": [0, 0.5, 1.25, 0.25], "rotation": 270, "texture": "#1"},
				"south": {"uv": [0, 0.5, 1.25, 0.25], "rotation": 270, "texture": "#1"},
				"west": {"uv": [0, 0.5, 1.25, 0.25], "rotation": 270, "texture": "#1"},
				"up": {"uv": [1.25, 0.25, 0, 0.5], "rotation": 270, "texture": "#1"},
				"down": {"uv": [1.25, 0.25, 0, 0.5], "rotation": 270, "texture": "#1"}
			}
		},
		{
			"name": "octagon",
			"from": [0.2394, 0.86027, 13.5625],
			"to": [8.6706, 1.15473, 13.8125],
			"rotation": {"angle": 0, "axis": "y", "origin": [4.455, 1.0075, 13.6875]},
			"faces": {
				"north": {"uv": [2.25, 0.25, 0, 0.5], "texture": "#1"},
				"east": {"uv": [2.25, 0.25, 0, 0.5], "texture": "#1"},
				"south": {"uv": [2.25, 0.25, 0, 0.5], "texture": "#1"},
				"west": {"uv": [2.25, 0.25, 0, 0.5], "texture": "#1"},
				"up": {"uv": [0, 0.5, 2.25, 0.25], "texture": "#1"},
				"down": {"uv": [0, 0.5, 2.25, 0.25], "texture": "#1"}
			}
		},
		{
			"name": "octagon",
			"from": [0.2394, 0.86027, 13.5625],
			"to": [8.6706, 1.15473, 13.8125],
			"rotation": {"angle": 45, "axis": "z", "origin": [4.455, 1.0075, 13.6875]},
			"faces": {
				"north": {"uv": [2.25, 0.25, 0, 0.5], "texture": "#1"},
				"east": {"uv": [2.25, 0.25, 0, 0.5], "texture": "#1"},
				"south": {"uv": [2.25, 0.25, 0, 0.5], "texture": "#1"},
				"west": {"uv": [2.25, 0.25, 0, 0.5], "texture": "#1"},
				"up": {"uv": [0, 0.5, 2.25, 0.25], "texture": "#1"},
				"down": {"uv": [0, 0.5, 2.25, 0.25], "texture": "#1"}
			}
		},
		{
			"name": "octagon",
			"from": [4.30777, -3.2081, 13.5625],
			"to": [4.60223, 5.2231, 13.8125],
			"rotation": {"angle": 0, "axis": "z", "origin": [4.455, 1.0075, 13.6875]},
			"faces": {
				"north": {"uv": [0, 0.5, 2.25, 0.25], "rotation": 90, "texture": "#1"},
				"east": {"uv": [0, 0.5, 2.25, 0.25], "rotation": 90, "texture": "#1"},
				"south": {"uv": [0, 0.5, 2.25, 0.25], "rotation": 90, "texture": "#1"},
				"west": {"uv": [0, 0.5, 2.25, 0.25], "rotation": 90, "texture": "#1"},
				"up": {"uv": [2.25, 0.25, 0, 0.5], "rotation": 90, "texture": "#1"},
				"down": {"uv": [2.25, 0.25, 0, 0.5], "rotation": 90, "texture": "#1"}
			}
		},
		{
			"name": "octagon",
			"from": [4.30777, -3.2081, 13.5625],
			"to": [4.60223, 5.2231, 13.8125],
			"rotation": {"angle": 45, "axis": "z", "origin": [4.455, 1.0075, 13.6875]},
			"faces": {
				"north": {"uv": [0, 0.5, 2.25, 0.25], "rotation": 90, "texture": "#1"},
				"east": {"uv": [0, 0.5, 2.25, 0.25], "rotation": 90, "texture": "#1"},
				"south": {"uv": [0, 0.5, 2.25, 0.25], "rotation": 90, "texture": "#1"},
				"west": {"uv": [0, 0.5, 2.25, 0.25], "rotation": 90, "texture": "#1"},
				"up": {"uv": [2.25, 0.25, 0, 0.5], "rotation": 90, "texture": "#1"},
				"down": {"uv": [2.25, 0.25, 0, 0.5], "rotation": 90, "texture": "#1"}
			}
		},
		{
			"name": "octagon",
			"from": [2.37236, 5.27, 13.09375],
			"to": [6.54764, 6.11, 14.25],
			"rotation": {"angle": 45, "axis": "z", "origin": [4.46, 1.07, 13.75]},
			"faces": {
				"north": {"uv": [1.04382, 0, 0, 0.21], "texture": "#1"},
				"east": {"uv": [1.04382, 0, 0, 0.21], "rotation": 180, "texture": "#1"},
				"south": {"uv": [1.04382, 0, 0, 0.21], "rotation": 180, "texture": "#1"},
				"west": {"uv": [1.04382, 0, 0, 0.21], "rotation": 180, "texture": "#1"},
				"up": {"uv": [0, 0.21, 1.04382, 0], "texture": "#1"},
				"down": {"uv": [0, 0.21, 1.04382, 0], "texture": "#1"}
			}
		},
		{
			"name": "octagon",
			"from": [2.37236, 5.27, 13.09375],
			"to": [6.54764, 6.11, 14.25],
			"rotation": {"angle": 0, "axis": "y", "origin": [4.46, 1.07, 13.75]},
			"faces": {
				"north": {"uv": [1.04382, 0, 0, 0.21], "rotation": 180, "texture": "#1"},
				"east": {"uv": [0, 1, 1, 0], "rotation": 270, "texture": "#1"},
				"south": {"uv": [1.04382, 0, 0, 0.21], "texture": "#1"},
				"west": {"uv": [0, 1, 1, 0], "rotation": 90, "texture": "#1"},
				"up": {"uv": [0, 0.21, 1.04382, 0], "rotation": 180, "texture": "#1"},
				"down": {"uv": [0, 0.21, 1.04382, 0], "rotation": 180, "texture": "#1"}
			}
		},
		{
			"name": "octagon",
			"from": [2.37236, -3.97, 13.09375],
			"to": [6.54764, -3.13, 14.25],
			"rotation": {"angle": 45, "axis": "z", "origin": [4.46, 1.07, 13.75]},
			"faces": {
				"north": {"uv": [1.04382, 0, 0, 0.21], "rotation": 180, "texture": "#1"},
				"east": {"uv": [1.04382, 0, 0, 0.21], "texture": "#1"},
				"south": {"uv": [1.04382, 0, 0, 0.21], "texture": "#1"},
				"west": {"uv": [1.04382, 0, 0, 0.21], "texture": "#1"},
				"up": {"uv": [0, 0.21, 1.04382, 0], "rotation": 180, "texture": "#1"},
				"down": {"uv": [0, 0.21, 1.04382, 0], "rotation": 180, "texture": "#1"}
			}
		},
		{
			"name": "octagon",
			"from": [2.37236, -3.97, 13.09375],
			"to": [6.54764, -3.13, 14.25],
			"rotation": {"angle": 0, "axis": "y", "origin": [4.46, 1.07, 13.75]},
			"faces": {
				"north": {"uv": [1.04382, 0, 0, 0.21], "texture": "#1"},
				"east": {"uv": [1.04382, 0, 0, 0.21], "rotation": 180, "texture": "#1"},
				"south": {"uv": [1.04382, 0, 0, 0.21], "rotation": 180, "texture": "#1"},
				"west": {"uv": [1.04382, 0, 0, 0.21], "rotation": 180, "texture": "#1"},
				"up": {"uv": [0, 0.21, 1.04382, 0], "texture": "#1"},
				"down": {"uv": [0, 0.21, 1.04382, 0], "rotation": 180, "texture": "#1"}
			}
		},
		{
			"name": "octagon",
			"from": [-0.58, -1.01764, 13.09375],
			"to": [0.26, 3.15764, 14.25],
			"rotation": {"angle": 45, "axis": "z", "origin": [4.46, 1.07, 13.75]},
			"faces": {
				"north": {"uv": [0, 0.21, 1.04382, 0], "rotation": 270, "texture": "#1"},
				"east": {"uv": [0, 0.21, 1.04382, 0], "rotation": 270, "texture": "#1"},
				"south": {"uv": [0, 0.21, 1.04382, 0], "rotation": 270, "texture": "#1"},
				"west": {"uv": [0, 0.21, 1.04382, 0], "rotation": 270, "texture": "#1"},
				"up": {"uv": [1.04382, 0, 0, 0.21], "rotation": 270, "texture": "#1"},
				"down": {"uv": [1.04382, 0, 0, 0.21], "rotation": 270, "texture": "#1"}
			}
		},
		{
			"name": "octagon",
			"from": [-0.58, -1.01764, 13.09375],
			"to": [0.26, 3.15764, 14.25],
			"rotation": {"angle": 0, "axis": "y", "origin": [4.46, 1.07, 13.75]},
			"faces": {
				"north": {"uv": [0, 0.21, 1.04382, 0], "rotation": 90, "texture": "#1"},
				"east": {"uv": [0, 0.21, 1.04382, 0], "rotation": 90, "texture": "#1"},
				"south": {"uv": [0, 0.21, 1.04382, 0], "rotation": 90, "texture": "#1"},
				"west": {"uv": [0, 0.21, 1.04382, 0], "rotation": 90, "texture": "#1"},
				"up": {"uv": [1.04382, 0, 0, 0.21], "rotation": 90, "texture": "#1"},
				"down": {"uv": [1.04382, 0, 0, 0.21], "rotation": 90, "texture": "#1"}
			}
		},
		{
			"name": "octagon",
			"from": [8.66, -1.01764, 13.09375],
			"to": [9.5, 3.15764, 14.25],
			"rotation": {"angle": 45, "axis": "z", "origin": [4.46, 1.07, 13.75]},
			"faces": {
				"north": {"uv": [0, 0.21, 1.04382, 0], "rotation": 90, "texture": "#1"},
				"east": {"uv": [0, 0.21, 1.04382, 0], "rotation": 90, "texture": "#1"},
				"south": {"uv": [0, 0.21, 1.04382, 0], "rotation": 90, "texture": "#1"},
				"west": {"uv": [0, 0.21, 1.04382, 0], "rotation": 90, "texture": "#1"},
				"up": {"uv": [0, 1, 1, 0], "rotation": 180, "texture": "#missing"},
				"down": {"uv": [0, 1, 1, 0], "texture": "#missing"}
			}
		},
		{
			"name": "octagon",
			"from": [8.66, -1.01764, 13.09375],
			"to": [9.5, 3.15764, 14.25],
			"rotation": {"angle": 0, "axis": "y", "origin": [4.46, 1.07, 13.75]},
			"faces": {
				"north": {"uv": [0, 0.21, 1.04382, 0], "rotation": 270, "texture": "#1"},
				"east": {"uv": [0, 0.21, 1.04382, 0], "rotation": 270, "texture": "#1"},
				"south": {"uv": [0, 0.21, 1.04382, 0], "rotation": 270, "texture": "#1"},
				"west": {"uv": [0, 0.21, 1.04382, 0], "rotation": 270, "texture": "#1"},
				"up": {"uv": [1.04382, 0, 0, 0.21], "rotation": 270, "texture": "#1"},
				"down": {"uv": [1.04382, 0, 0, 0.21], "rotation": 270, "texture": "#1"}
			}
		},
		{
			"from": [4, 0.5, 13],
			"to": [5, 1.5, 14.625],
			"rotation": {"angle": 0, "axis": "y", "origin": [-3, 1.5, 9.125]},
			"faces": {
				"north": {"uv": [1, 0, 0, 1], "texture": "#missing"},
				"east": {"uv": [0.25, 0.25, 0, 1], "texture": "#1"},
				"south": {"uv": [0.75, 0.25, 0, 1], "texture": "#1"},
				"west": {"uv": [0.75, 0.25, 0.5, 1], "texture": "#1"},
				"up": {"uv": [0, 0.5, 0.75, 0.25], "rotation": 180, "texture": "#1"},
				"down": {"uv": [0, 1, 0.75, 0.75], "rotation": 180, "texture": "#1"}
			}
		},
		{
			"from": [3.75, 0.25, 13.375],
			"to": [5.25, 1.75, 14.125],
			"rotation": {"angle": 0, "axis": "y", "origin": [-3, 1.5, 8.375]},
			"faces": {
				"north": {"uv": [0.75, 0.25, 0, 1], "texture": "#1"},
				"east": {"uv": [0.25, 0.25, 0, 1], "texture": "#1"},
				"south": {"uv": [0.75, 0.25, 0, 1], "texture": "#1"},
				"west": {"uv": [0.75, 0.25, 0.5, 1], "texture": "#1"},
				"up": {"uv": [0, 0.5, 0.75, 0.25], "rotation": 180, "texture": "#1"},
				"down": {"uv": [0, 1, 0.75, 0.75], "rotation": 180, "texture": "#1"}
			}
		},
		{
			"name": "Glass",
			"from": [4.25, 13, 3.25],
			"to": [14.75, 26, 12.75],
			"rotation": {"angle": 0, "axis": "y", "origin": [12, 18, 10]},
			"faces": {
				"north": {"uv": [0, 5, 1.5, 5.25], "rotation": 180, "texture": "#1"},
				"east": {"uv": [0, 5, 1.5, 5.25], "rotation": 180, "texture": "#1"},
				"south": {"uv": [0, 5, 1.5, 5.25], "rotation": 180, "texture": "#1"},
				"west": {"uv": [0, 5, 1.5, 5.25], "rotation": 180, "texture": "#1"},
				"up": {"uv": [0, 5, 1.5, 5.25], "rotation": 180, "texture": "#1"}
			}
		}
	],
	"display": {
		"thirdperson_righthand": {
			"rotation": [75, 45, 0],
			"translation": [0, 2.5, 0],
			"scale": [0.375, 0.375, 0.375]
		},
		"thirdperson_lefthand": {
			"rotation": [75, 45, 0],
			"translation": [0, 2.5, 0],
			"scale": [0.375, 0.375, 0.375]
		},
		"firstperson_righthand": {
			"rotation": [0, 118, 0],
			"translation": [0.75, 1.5, 0],
			"scale": [0.4, 0.4, 0.4]
		},
		"firstperson_lefthand": {
			"rotation": [0, 118, 0],
			"translation": [0.75, 1.5, 0],
			"scale": [0.4, 0.4, 0.4]
		},
		"ground": {
			"translation": [0, 1.75, 0],
			"scale": [0.45898, 0.45898, 0.45898]
		},
		"gui": {
			"rotation": [15, -157, 0],
			"translation": [0, -1.5, 0],
			"scale": [0.4375, 0.4375, 0.4375]
		},
		"head": {
			"translation": [-2, -26.75, 0],
			"scale": [1.5, 1.5, 1.5]
		},
		"fixed": {
			"rotation": [-90, 0, 0],
			"translation": [-1.25, 0, -23],
			"scale": [2, 2, 2]
		}
	},
	"groups": [
		{
			"name": "Tray",
			"origin": [14.23438, 17.5052, 1.68046],
			"children": [0, 1, 2, 3, 4]
		},
		{
			"name": "Tray/Handle",
			"origin": [15.5, 15.5, 8],
			"children": [5, 6, 7, 8, 9, 10]
		},
		{
			"name": "Frame",
			"origin": [8, 8, 10],
			"children": [11, 12, 13, 14,
				{
					"name": "Top",
					"origin": [9, 31.69448, 7.5],
					"children": [15, 16, 17, 18, 19]
				}, 20, 21, 22, 23, 24, 25]
		},
		{
			"name": "Popcorn",
			"origin": [8, 8, 8],
			"children": [
				{
					"name": "popcorn",
					"origin": [11.5, 19, 6.25],
					"children": [26, 27]
				},
				{
					"name": "popcorn",
					"origin": [11.5, 19, 6.25],
					"children": [28, 29]
				},
				{
					"name": "popcorn",
					"origin": [11.5, 19, 6.25],
					"children": [30, 31, 32, 33, 34, 35]
				},
				{
					"name": "popcorn",
					"origin": [11.5, 19, 6.25],
					"children": [36, 37]
				}
			]
		},
		{
			"name": "Upper Frame",
			"origin": [8, 17, 10],
			"children": [38, 39, 40, 41, 42, 43, 44, 45, 46, 47, 48]
		},
		{
			"name": "Left Tire",
			"origin": [8, 8, 8],
			"children": [
				{
					"name": "Rim",
					"origin": [8, 8, 8],
					"children": [49, 50, 51, 52, 53, 54, 55, 56]
				},
				{
					"name": "Spokes",
					"origin": [8, 8, 8],
					"children": [57, 58, 59, 60]
				},
				{
					"name": "Tire",
					"origin": [8, 8, 8],
					"children": [61, 62, 63, 64, 65, 66, 67, 68]
				}, 69, 70]
		},
		{
			"name": "Right Tire",
			"origin": [8, 8, 8],
			"children": [
				{
					"name": "Rim",
					"origin": [8, 8, 8],
					"children": [71, 72, 73, 74, 75, 76, 77, 78]
				},
				{
					"name": "Spokes",
					"origin": [8, 8, 8],
					"children": [79, 80, 81, 82]
				},
				{
					"name": "Tire",
					"origin": [8, 8, 8],
					"children": [83, 84, 85, 86, 87, 88, 89, 90]
				}, 91, 92]
		}, 93]
}