{
	"credit": "Made with Blockbench",
	"textures": {
		"0": "block/popcorn bucket",
		"particle": "block/popcorn bucket"
	},
	"elements": [
		{
			"name": "octagon",
			"from": [6.01177, 6, 3.2],
			"to": [9.98823, 7, 4],
			"rotation": {"angle": 45, "axis": "y", "origin": [8, 13, 8]},
			"faces": {
				"north": {"uv": [4, 0, 7.976, 1], "texture": "#0"},
				"east": {"uv": [4, 0, 4.976, 1], "texture": "#0"},
				"south": {"uv": [4, 0, 7.976, 1], "texture": "#0"},
				"west": {"uv": [4, 0, 4.976, 1], "texture": "#0"},
				"up": {"uv": [4, 1, 7.976, 2], "texture": "#0"},
				"down": {"uv": [4, 0, 7.976, 1], "texture": "#0"}
			}
		},
		{
			"name": "octagon",
			"from": [6.01177, 6, 3.2],
			"to": [9.98823, 7, 4],
			"rotation": {"angle": 0, "axis": "y", "origin": [8, 13, 8]},
			"faces": {
				"north": {"uv": [4, 0, 7.976, 1], "texture": "#0"},
				"east": {"uv": [4, 0, 4.976, 1], "texture": "#0"},
				"south": {"uv": [4, 0, 7.976, 1], "texture": "#0"},
				"west": {"uv": [4, 0, 4.976, 1], "texture": "#0"},
				"up": {"uv": [4, 1, 7.976, 2], "texture": "#0"},
				"down": {"uv": [4, 0, 7.976, 1], "texture": "#0"}
			}
		},
		{
			"name": "octagon",
			"from": [6.01177, 6, 12],
			"to": [9.98823, 7, 12.8],
			"rotation": {"angle": 45, "axis": "y", "origin": [8, 13, 8]},
			"faces": {
				"north": {"uv": [4, 0, 7.976, 1], "texture": "#0"},
				"east": {"uv": [4, 0, 4.976, 1], "texture": "#0"},
				"south": {"uv": [4, 0, 7.976, 1], "texture": "#0"},
				"west": {"uv": [4, 0, 4.976, 1], "texture": "#0"},
				"up": {"uv": [4, 1, 7.976, 2], "texture": "#0"},
				"down": {"uv": [4, 0, 7.976, 1], "texture": "#0"}
			}
		},
		{
			"name": "octagon",
			"from": [6.01177, 6, 12],
			"to": [9.98823, 7, 12.8],
			"rotation": {"angle": 0, "axis": "y", "origin": [8, 13, 8]},
			"faces": {
				"north": {"uv": [4, 0, 7.976, 1], "texture": "#0"},
				"east": {"uv": [4, 0, 4.976, 1], "texture": "#0"},
				"south": {"uv": [4, 0, 7.976, 1], "texture": "#0"},
				"west": {"uv": [4, 0, 4.976, 1], "texture": "#0"},
				"up": {"uv": [4, 1, 7.976, 2], "texture": "#0"},
				"down": {"uv": [4, 0, 7.976, 1], "texture": "#0"}
			}
		},
		{
			"name": "octagon",
			"from": [3.2, 6, 6.01177],
			"to": [4, 7, 9.98823],
			"rotation": {"angle": 45, "axis": "y", "origin": [8, 13, 8]},
			"faces": {
				"north": {"uv": [4, 0, 4.976, 1], "texture": "#0"},
				"east": {"uv": [4, 0, 7.976, 1], "texture": "#0"},
				"south": {"uv": [4, 0, 4.976, 1], "texture": "#0"},
				"west": {"uv": [4, 0, 7.976, 1], "texture": "#0"},
				"up": {"uv": [4, 1, 7.976, 2], "rotation": 90, "texture": "#0"},
				"down": {"uv": [4, 0, 7.976, 1], "rotation": 90, "texture": "#0"}
			}
		},
		{
			"name": "octagon",
			"from": [3.2, 6, 6.01177],
			"to": [4, 7, 9.98823],
			"rotation": {"angle": 0, "axis": "y", "origin": [8, 13, 8]},
			"faces": {
				"north": {"uv": [4, 0, 4.976, 1], "texture": "#0"},
				"east": {"uv": [4, 0, 7.976, 1], "texture": "#0"},
				"south": {"uv": [4, 0, 4.976, 1], "texture": "#0"},
				"west": {"uv": [4, 0, 7.976, 1], "texture": "#0"},
				"up": {"uv": [4, 1, 7.976, 2], "rotation": 90, "texture": "#0"},
				"down": {"uv": [4, 0, 7.976, 1], "rotation": 90, "texture": "#0"}
			}
		},
		{
			"name": "octagon",
			"from": [12, 6, 6.01177],
			"to": [12.8, 7, 9.98823],
			"rotation": {"angle": 45, "axis": "y", "origin": [8, 13, 8]},
			"faces": {
				"north": {"uv": [4, 0, 4.976, 1], "texture": "#0"},
				"east": {"uv": [4, 0, 7.976, 1], "texture": "#0"},
				"south": {"uv": [4, 0, 4.976, 1], "texture": "#0"},
				"west": {"uv": [4, 0, 7.976, 1], "texture": "#0"},
				"up": {"uv": [4, 1, 7.976, 2], "rotation": 90, "texture": "#0"},
				"down": {"uv": [4, 0, 7.976, 1], "rotation": 90, "texture": "#0"}
			}
		},
		{
			"name": "octagon",
			"from": [12, 6, 6.01177],
			"to": [12.8, 7, 9.98823],
			"rotation": {"angle": 0, "axis": "y", "origin": [8, 13, 8]},
			"faces": {
				"north": {"uv": [4, 0, 4.976, 1], "texture": "#0"},
				"east": {"uv": [4, 0, 7.976, 1], "texture": "#0"},
				"south": {"uv": [4, 0, 4.976, 1], "texture": "#0"},
				"west": {"uv": [4, 0, 7.976, 1], "texture": "#0"},
				"up": {"uv": [4, 1, 7.976, 2], "rotation": 90, "texture": "#0"},
				"down": {"uv": [4, 0, 7.976, 1], "rotation": 90, "texture": "#0"}
			}
		},
		{
			"name": "octagon",
			"from": [6.1791, 4.02344, 3.60397],
			"to": [9.8209, 6.02344, 12.39603],
			"rotation": {"angle": 45, "axis": "y", "origin": [8, 12.02344, 8]},
			"faces": {
				"north": {"uv": [0, 0, 4, 2], "texture": "#0"},
				"east": {"uv": [0, 2, 4, 4], "texture": "#0"},
				"south": {"uv": [0, 0, 4, 2], "texture": "#0"},
				"west": {"uv": [0, 2, 4, 4], "texture": "#0"},
				"up": {"uv": [0, 6, 9, 10], "rotation": 90, "texture": "#0"},
				"down": {"uv": [4, 2, 8, 6], "texture": "#0"}
			}
		},
		{
			"name": "octagon",
			"from": [6.1791, 4, 3.60397],
			"to": [9.8209, 6, 12.39603],
			"rotation": {"angle": 0, "axis": "y", "origin": [8, 12, 8]},
			"faces": {
				"north": {"uv": [0, 0, 4, 2], "texture": "#0"},
				"east": {"uv": [0, 2, 4, 4], "texture": "#0"},
				"south": {"uv": [0, 0, 4, 2], "texture": "#0"},
				"west": {"uv": [0, 2, 4, 4], "texture": "#0"},
				"up": {"uv": [0, 6, 9, 10], "rotation": 90, "texture": "#0"},
				"down": {"uv": [4, 2, 8, 6], "texture": "#0"}
			}
		},
		{
			"name": "octagon",
			"from": [3.60397, 4.03125, 6.1791],
			"to": [12.39603, 6.03125, 9.8209],
			"rotation": {"angle": 45, "axis": "y", "origin": [8, 12.03125, 8]},
			"faces": {
				"north": {"uv": [0, 2, 4, 4], "texture": "#0"},
				"east": {"uv": [0, 0, 4, 2], "texture": "#0"},
				"south": {"uv": [0, 2, 4, 4], "texture": "#0"},
				"west": {"uv": [0, 0, 4, 2], "texture": "#0"},
				"up": {"uv": [0, 6, 9, 10], "texture": "#0"},
				"down": {"uv": [4, 2, 8, 6], "rotation": 90, "texture": "#0"}
			}
		},
		{
			"name": "octagon",
			"from": [3.60397, 4.01563, 6.1791],
			"to": [12.39603, 6.01563, 9.8209],
			"rotation": {"angle": 0, "axis": "y", "origin": [8, 12.01563, 8]},
			"faces": {
				"north": {"uv": [0, 2, 4, 4], "texture": "#0"},
				"east": {"uv": [0, 0, 4, 2], "texture": "#0"},
				"south": {"uv": [0, 2, 4, 4], "texture": "#0"},
				"west": {"uv": [0, 0, 4, 2], "texture": "#0"},
				"up": {"uv": [0, 6, 9, 10], "texture": "#0"},
				"down": {"uv": [4, 2, 8, 6], "rotation": 90, "texture": "#0"}
			}
		},
		{
			"name": "octagon",
			"from": [6.31399, 2.02344, 3.9296],
			"to": [9.68601, 4.02344, 12.0704],
			"rotation": {"angle": 45, "axis": "y", "origin": [8, 10.02344, 8]},
			"faces": {
				"north": {"uv": [0, 2, 4, 4], "texture": "#0"},
				"east": {"uv": [0, 2, 4, 4], "texture": "#0"},
				"south": {"uv": [0, 2, 4, 4], "texture": "#0"},
				"west": {"uv": [0, 2, 4, 4], "texture": "#0"},
				"up": {"uv": [0, 0, 1, 1], "texture": "#missing"},
				"down": {"uv": [4, 2, 8, 6], "texture": "#0"}
			}
		},
		{
			"name": "octagon",
			"from": [6.31399, 2, 3.9296],
			"to": [9.68601, 4, 12.0704],
			"rotation": {"angle": 0, "axis": "y", "origin": [8, 10, 8]},
			"faces": {
				"north": {"uv": [0, 2, 4, 4], "texture": "#0"},
				"east": {"uv": [0, 2, 4, 4], "texture": "#0"},
				"south": {"uv": [0, 2, 4, 4], "texture": "#0"},
				"west": {"uv": [0, 2, 4, 4], "texture": "#0"},
				"up": {"uv": [0, 0, 1, 1], "texture": "#missing"},
				"down": {"uv": [4, 2, 8, 6], "texture": "#0"}
			}
		},
		{
			"name": "octagon",
			"from": [3.9296, 2.03125, 6.31399],
			"to": [12.0704, 4.03125, 9.68601],
			"rotation": {"angle": 45, "axis": "y", "origin": [8, 10.03125, 8]},
			"faces": {
				"north": {"uv": [0, 2, 4, 4], "texture": "#0"},
				"east": {"uv": [0, 2, 4, 4], "texture": "#0"},
				"south": {"uv": [0, 2, 4, 4], "texture": "#0"},
				"west": {"uv": [0, 2, 4, 4], "texture": "#0"},
				"up": {"uv": [0, 0, 1, 1], "texture": "#missing"},
				"down": {"uv": [4, 2, 8, 6], "rotation": 90, "texture": "#0"}
			}
		},
		{
			"name": "octagon",
			"from": [3.9296, 2.01563, 6.31399],
			"to": [12.0704, 4.01563, 9.68601],
			"rotation": {"angle": 0, "axis": "y", "origin": [8, 10.01563, 8]},
			"faces": {
				"north": {"uv": [0, 2, 4, 4], "texture": "#0"},
				"east": {"uv": [0, 2, 4, 4], "texture": "#0"},
				"south": {"uv": [0, 2, 4, 4], "texture": "#0"},
				"west": {"uv": [0, 2, 4, 4], "texture": "#0"},
				"up": {"uv": [0, 0, 1, 1], "texture": "#missing"},
				"down": {"uv": [4, 2, 8, 6], "rotation": 90, "texture": "#0"}
			}
		},
		{
			"name": "octagon",
			"from": [6.40942, 0.02344, 4.16],
			"to": [9.59058, 2.02344, 11.84],
			"rotation": {"angle": 45, "axis": "y", "origin": [8, 8.02344, 8]},
			"faces": {
				"north": {"uv": [0, 4, 4, 6], "texture": "#0"},
				"east": {"uv": [0, 2, 4, 4], "texture": "#0"},
				"south": {"uv": [0, 4, 4, 6], "texture": "#0"},
				"west": {"uv": [0, 2, 4, 4], "texture": "#0"},
				"up": {"uv": [0, 0, 1, 1], "texture": "#missing"},
				"down": {"uv": [4, 2, 8, 6], "texture": "#0"}
			}
		},
		{
			"name": "octagon",
			"from": [6.40942, 0, 4.16],
			"to": [9.59058, 2, 11.84],
			"faces": {
				"north": {"uv": [0, 4, 4, 6], "texture": "#0"},
				"east": {"uv": [0, 2, 4, 4], "texture": "#0"},
				"south": {"uv": [0, 4, 4, 6], "texture": "#0"},
				"west": {"uv": [0, 2, 4, 4], "texture": "#0"},
				"up": {"uv": [0, 0, 1, 1], "texture": "#missing"},
				"down": {"uv": [4, 2, 8, 6], "texture": "#0"}
			}
		},
		{
			"name": "octagon",
			"from": [4.16, 0.03125, 6.40942],
			"to": [11.84, 2.03125, 9.59058],
			"rotation": {"angle": 45, "axis": "y", "origin": [8, 8.03125, 8]},
			"faces": {
				"north": {"uv": [0, 2, 4, 4], "texture": "#0"},
				"east": {"uv": [0, 4, 4, 6], "texture": "#0"},
				"south": {"uv": [0, 2, 4, 4], "texture": "#0"},
				"west": {"uv": [0, 4, 4, 6], "texture": "#0"},
				"up": {"uv": [0, 0, 1, 1], "texture": "#missing"},
				"down": {"uv": [4, 2, 8, 6], "rotation": 90, "texture": "#0"}
			}
		},
		{
			"name": "octagon",
			"from": [4.16, 0.01563, 6.40942],
			"to": [11.84, 2.01563, 9.59058],
			"rotation": {"angle": 0, "axis": "y", "origin": [8, 8.01563, 8]},
			"faces": {
				"north": {"uv": [0, 2, 4, 4], "texture": "#0"},
				"east": {"uv": [0, 4, 4, 6], "texture": "#0"},
				"south": {"uv": [0, 2, 4, 4], "texture": "#0"},
				"west": {"uv": [0, 4, 4, 6], "texture": "#0"},
				"up": {"uv": [0, 0, 1, 1], "texture": "#missing"},
				"down": {"uv": [4, 2, 8, 6], "rotation": 90, "texture": "#0"}
			}
		},
		{
			"from": [8.75, 5.25, 3],
			"to": [16.75, 9.5, 3],
			"rotation": {"angle": 45, "axis": "y", "origin": [17, 13.25, 11]},
			"faces": {
				"north": {"uv": [9, 0, 16, 3], "texture": "#0"},
				"east": {"uv": [5.5, 1.25, 9, 3.25], "texture": "#0"},
				"south": {"uv": [9, 3, 16, 6], "texture": "#0"},
				"west": {"uv": [5.5, 1.25, 9, 3.25], "texture": "#0"},
				"up": {"uv": [5.5, 1.25, 9, 3.25], "texture": "#0"},
				"down": {"uv": [5.5, 1.25, 9, 3.25], "texture": "#0"}
			}
		},
		{
			"from": [4.33794, 4.25, 8.34835],
			"to": [12.33794, 9.5, 8.34835],
			"rotation": {"angle": 0, "axis": "y", "origin": [8.33794, 6.875, 8.34835]},
			"faces": {
				"north": {"uv": [9, 6.5, 16, 9.5], "texture": "#0"},
				"east": {"uv": [5.5, 1.25, 9, 3.25], "texture": "#missing"},
				"south": {"uv": [9, 10, 16, 13], "texture": "#0"},
				"west": {"uv": [5.5, 1.25, 9, 3.25], "texture": "#missing"},
				"up": {"uv": [5.5, 1.25, 9, 3.25], "texture": "#missing"},
				"down": {"uv": [5.5, 1.25, 9, 3.25], "texture": "#missing"}
			}
		},
		{
			"from": [4.33794, 4.5, 8.34835],
			"to": [12.33794, 8.75, 8.34835],
			"rotation": {"angle": -45, "axis": "y", "origin": [8.33794, 7.125, 8.34835]},
			"faces": {
				"north": {"uv": [9, 0, 16, 3], "texture": "#0"},
				"east": {"uv": [5.5, 1.25, 9, 3.25], "texture": "#missing"},
				"south": {"uv": [9, 3, 16, 6], "texture": "#0"},
				"west": {"uv": [5.5, 1.25, 9, 3.25], "texture": "#missing"},
				"up": {"uv": [5.5, 1.25, 9, 3.25], "texture": "#missing"},
				"down": {"uv": [5.5, 1.25, 9, 3.25], "texture": "#missing"}
			}
		},
		{
			"from": [8.33794, 5, 4.34835],
			"to": [8.33794, 10.25, 12.34835],
			"rotation": {"angle": 0, "axis": "y", "origin": [8.33794, 7.625, 8.34835]},
			"faces": {
				"north": {"uv": [5.5, 1.25, 9, 3.25], "texture": "#missing"},
				"east": {"uv": [9, 6.5, 16, 9.5], "texture": "#0"},
				"south": {"uv": [5.5, 1.25, 9, 3.25], "texture": "#missing"},
				"west": {"uv": [9, 10, 16, 13], "texture": "#0"},
				"up": {"uv": [5.5, 1.25, 9, 3.25], "rotation": 90, "texture": "#missing"},
				"down": {"uv": [5.5, 1.25, 9, 3.25], "rotation": 270, "texture": "#missing"}
			}
		}
	],
	"display": {
		"thirdperson_righthand": {
			"rotation": [75, 45, 0],
			"translation": [0, 2.5, 0],
			"scale": [0.73438, 0.73438, 0.73438]
		},
		"thirdperson_lefthand": {
			"rotation": [75, 45, 0],
			"translation": [0, 2.5, 0],
			"scale": [0.73438, 0.73438, 0.73438]
		},
		"firstperson_righthand": {
			"rotation": [0, 45, 12.75],
			"translation": [0, 3.25, 0],
			"scale": [0.57578, 0.57578, 0.57578]
		},
		"firstperson_lefthand": {
			"rotation": [0, 45, 12.75],
			"translation": [0, 3.25, 0],
			"scale": [0.57578, 0.57578, 0.57578]
		},
		"ground": {
			"translation": [0, 1.25, 0],
			"scale": [0.62891, 0.62891, 0.62891]
		},
		"gui": {
			"rotation": [27, -165, 0],
			"translation": [0, 2.25, 0],
			"scale": [0.99414, 0.99414, 0.99414]
		},
		"head": {
			"translation": [0, 18, 0],
			"scale": [1.3418, 1.3418, 1.3418]
		},
		"fixed": {
			"rotation": [-90, 0, 0],
			"translation": [0, 0, -15],
			"scale": [2, 2, 2]
		}
	},
	"groups": [
		{
			"name": "Rim",
			"origin": [8, 8, 8],
			"children": [0, 1, 2, 3, 4, 5, 6, 7]
		},
		{
			"name": "Bucket",
			"origin": [8, 8, 8],
			"children": [
				{
					"name": "octagon",
					"origin": [8, 8, 8],
					"children": [8, 9, 10, 11]
				},
				{
					"name": "octagon",
					"origin": [8, 8, 8],
					"children": [12, 13, 14, 15]
				},
				{
					"name": "octagon",
					"origin": [8, 8, 8],
					"children": [16, 17, 18, 19]
				}
			]
		},
		{
			"name": "Popcorn",
			"origin": [8, 8, 8],
			"children": [20, 21, 22, 23]
		}
	]
}