{
	"credit": "Made with Blockbench",
	"textures": {
		"0": "block/MizunoArchive/pumpkin_side",
		"1": "block/MizunoArchive/pumpkin_top",
		"2": "block/MizunoArchive/oak_log",
		"3": "block/MizunoArchive/jungle_sapling_4",
		"4": "block/white pumpkin side",
		"5": "block/white pumpkin top",
		"6": "block/green pumpkin side",
		"7": "block/green pumpkin top",
		"particle": "block/MizunoArchive/pumpkin_side"
	},
	"elements": [
		{
			"from": [3.2794, 1, 8.19406],
			"to": [12.2794, 7, 14.19406],
			"rotation": {"angle": 0, "axis": "y", "origin": [7.94871, 6.55268, 11.37314]},
			"faces": {
				"north": {"uv": [0, 0, 9, 6], "texture": "#0"},
				"east": {"uv": [0, 0, 16, 16], "texture": "#0"},
				"south": {"uv": [0, 0, 9, 6], "texture": "#0"},
				"west": {"uv": [0, 0, 16, 16], "texture": "#0"},
				"up": {"uv": [0, 0, 16, 9], "rotation": 270, "texture": "#0"},
				"down": {"uv": [0, 0, 16, 9], "rotation": 270, "texture": "#0"}
			}
		},
		{
			"from": [2.38055, 1.02, 10.32535],
			"to": [12.98715, 7.02, 12.44667],
			"rotation": {"angle": -45, "axis": "y", "origin": [7.94871, 6.55268, 11.37314]},
			"faces": {
				"north": {"uv": [0, 0, 10.6066, 6], "texture": "#0"},
				"east": {"uv": [6, 0, 16, 16], "texture": "#0"},
				"south": {"uv": [0, 0, 10.6066, 6], "texture": "#0"},
				"west": {"uv": [6, 0, 16, 16], "texture": "#0"},
				"up": {"uv": [6, 1, 16, 8], "rotation": 270, "texture": "#0"},
				"down": {"uv": [6, 1, 16, 8], "rotation": 180, "texture": "#0"}
			}
		},
		{
			"from": [6.6417, 1.01, 6.06416],
			"to": [8.76302, 7.01, 16.67077],
			"rotation": {"angle": -45, "axis": "y", "origin": [7.94871, 6.55268, 11.37314]},
			"faces": {
				"north": {"uv": [6, 0, 16, 16], "texture": "#0"},
				"east": {"uv": [0, 0, 10.6066, 6], "texture": "#0"},
				"south": {"uv": [6, 0, 16, 16], "texture": "#0"},
				"west": {"uv": [0, 0, 10.6066, 6], "texture": "#0"},
				"up": {"uv": [6, 1, 16, 8], "rotation": 180, "texture": "#0"},
				"down": {"uv": [6, 1, 16, 8], "rotation": 180, "texture": "#0"}
			}
		},
		{
			"from": [4.75233, 1, 6.69496],
			"to": [10.75233, 7, 15.69496],
			"rotation": {"angle": 0, "axis": "y", "origin": [7.94871, 6.55268, 11.37314]},
			"faces": {
				"north": {"uv": [0, 0, 16, 16], "texture": "#0"},
				"east": {"uv": [0, 0, 9, 6], "texture": "#0"},
				"south": {"uv": [0, 0, 16, 16], "texture": "#0"},
				"west": {"uv": [0, 0, 9, 6], "texture": "#0"},
				"up": {"uv": [0, 0, 16, 9], "rotation": 180, "texture": "#0"},
				"down": {"uv": [0, 0, 16, 9], "rotation": 180, "texture": "#0"}
			}
		},
		{
			"from": [5.19264, -0.021, 7.33214],
			"to": [10.35264, 7.979, 15.07214],
			"rotation": {"angle": 0, "axis": "y", "origin": [7.94871, 6.55268, 11.37314]},
			"faces": {
				"north": {"uv": [0, 0, 16, 9], "texture": "#0"},
				"east": {"uv": [0, 0, 9, 6], "texture": "#0"},
				"south": {"uv": [0, 0, 16, 9], "texture": "#0"},
				"west": {"uv": [0, 0, 9, 6], "texture": "#0"},
				"up": {"uv": [0, 0, 16, 16], "rotation": 180, "texture": "#1"},
				"down": {"uv": [0, 0, 16, 16], "rotation": 180, "texture": "#0"}
			}
		},
		{
			"from": [6.80705, -0.02, 6.79994],
			"to": [8.63138, 7.98, 15.92162],
			"rotation": {"angle": -45, "axis": "y", "origin": [7.94871, 6.55268, 11.37314]},
			"faces": {
				"north": {"uv": [6, 1, 16, 8], "rotation": 180, "texture": "#0"},
				"east": {"uv": [0, 0, 10.6066, 6], "texture": "#0"},
				"south": {"uv": [6, 1, 16, 8], "rotation": 180, "texture": "#0"},
				"west": {"uv": [0, 0, 10.6066, 6], "texture": "#0"},
				"up": {"uv": [6, 1, 16, 8], "rotation": 180, "texture": "#0"},
				"down": {"uv": [6, 1, 16, 8], "rotation": 180, "texture": "#0"}
			}
		},
		{
			"from": [3.13986, 0.003, 10.46733],
			"to": [12.26154, 7.978, 12.29166],
			"rotation": {"angle": -45, "axis": "y", "origin": [7.94871, 6.55268, 11.37314]},
			"faces": {
				"north": {"uv": [0, 0, 10.6066, 6], "texture": "#0"},
				"east": {"uv": [6, 1, 16, 8], "rotation": 180, "texture": "#0"},
				"south": {"uv": [0, 0, 10.6066, 6], "texture": "#0"},
				"west": {"uv": [6, 1, 16, 8], "rotation": 180, "texture": "#0"},
				"up": {"uv": [6, 1, 16, 8], "rotation": 270, "texture": "#0"},
				"down": {"uv": [6, 1, 16, 8], "rotation": 270, "texture": "#0"}
			}
		},
		{
			"from": [3.92592, -0.019, 8.62137],
			"to": [11.66592, 7.981, 13.78137],
			"rotation": {"angle": 0, "axis": "y", "origin": [7.94871, 6.55268, 11.37314]},
			"faces": {
				"north": {"uv": [0, 0, 9, 6], "texture": "#1"},
				"east": {"uv": [0, 0, 16, 9], "texture": "#0"},
				"south": {"uv": [0, 0, 9, 6], "texture": "#1"},
				"west": {"uv": [0, 0, 16, 9], "texture": "#0"},
				"up": {"uv": [0, 0, 16, 16], "rotation": 180, "texture": "#1"},
				"down": {"uv": [0, 0, 16, 16], "rotation": 180, "texture": "#0"}
			}
		},
		{
			"from": [7.39741, 8, 10.74628],
			"to": [8.39741, 10, 11.74628],
			"rotation": {"angle": 0, "axis": "y", "origin": [7.94871, 6.55268, 11.37314]},
			"faces": {
				"north": {"uv": [0, 0, 16, 16], "texture": "#2"},
				"east": {"uv": [0, 0, 16, 16], "texture": "#2"},
				"south": {"uv": [0, 0, 16, 16], "texture": "#2"},
				"west": {"uv": [0, 0, 16, 16], "texture": "#2"},
				"up": {"uv": [0, 0, 16, 16], "rotation": 180, "texture": "#2"},
				"down": {"uv": [0, 0, 16, 16], "rotation": 180, "texture": "#2"}
			}
		},
		{
			"from": [8.78088, 9.56655, 10.84803],
			"to": [9.58088, 10.56655, 11.64803],
			"rotation": {"angle": 22.5, "axis": "z", "origin": [7.94871, 6.55268, 11.37314]},
			"faces": {
				"north": {"uv": [0, 0, 16, 16], "texture": "#2"},
				"east": {"uv": [0, 0, 16, 16], "texture": "#2"},
				"south": {"uv": [0, 0, 16, 16], "texture": "#2"},
				"west": {"uv": [0, 0, 16, 16], "texture": "#2"},
				"up": {"uv": [0, 0, 16, 16], "rotation": 180, "texture": "#2"},
				"down": {"uv": [0, 0, 16, 16], "rotation": 180, "texture": "#2"}
			}
		},
		{
			"from": [10.29378, 9.63581, 10.94719],
			"to": [10.89378, 10.63581, 11.54719],
			"rotation": {"angle": 45, "axis": "z", "origin": [7.94871, 6.55268, 11.37314]},
			"faces": {
				"north": {"uv": [0, 0, 16, 16], "texture": "#2"},
				"east": {"uv": [0, 0, 16, 16], "texture": "#2"},
				"south": {"uv": [0, 0, 16, 16], "texture": "#2"},
				"west": {"uv": [0, 0, 16, 16], "texture": "#2"},
				"up": {"uv": [0, 0, 16, 16], "rotation": 180, "texture": "#2"},
				"down": {"uv": [0, 0, 16, 16], "rotation": 180, "texture": "#2"}
			}
		},
		{
			"from": [7.39741, 6.48963, 12.33743],
			"to": [8.39741, 7.98963, 13.33743],
			"rotation": {"angle": -45, "axis": "x", "origin": [7.94871, 6.55268, 11.37314]},
			"faces": {
				"north": {"uv": [0, 0, 16, 16], "texture": "#2"},
				"east": {"uv": [0, 0, 16, 16], "texture": "#2"},
				"south": {"uv": [0, 0, 16, 16], "texture": "#2"},
				"west": {"uv": [0, 0, 16, 16], "texture": "#2"},
				"up": {"uv": [0, 0, 16, 16], "rotation": 180, "texture": "#2"},
				"down": {"uv": [0, 0, 16, 16], "rotation": 180, "texture": "#2"}
			}
		},
		{
			"from": [5.85887, 6.36409, 10.74515],
			"to": [6.85887, 7.86409, 11.74515],
			"rotation": {"angle": -45, "axis": "z", "origin": [7.94871, 6.55268, 11.37314]},
			"faces": {
				"north": {"uv": [0, 0, 16, 16], "rotation": 270, "texture": "#2"},
				"east": {"uv": [0, 0, 16, 16], "rotation": 270, "texture": "#2"},
				"south": {"uv": [0, 0, 16, 16], "rotation": 270, "texture": "#2"},
				"west": {"uv": [0, 0, 16, 16], "rotation": 270, "texture": "#2"},
				"up": {"uv": [0, 0, 16, 16], "rotation": 90, "texture": "#2"},
				"down": {"uv": [0, 0, 16, 16], "rotation": 90, "texture": "#2"}
			}
		},
		{
			"from": [7.39741, 6.31023, 9.22944],
			"to": [8.39741, 7.81023, 10.22944],
			"rotation": {"angle": 45, "axis": "x", "origin": [7.94871, 6.55268, 11.37314]},
			"faces": {
				"north": {"uv": [0, 0, 16, 16], "texture": "#2"},
				"east": {"uv": [0, 0, 16, 16], "texture": "#2"},
				"south": {"uv": [0, 0, 16, 16], "texture": "#2"},
				"west": {"uv": [0, 0, 16, 16], "texture": "#2"},
				"up": {"uv": [0, 0, 16, 16], "rotation": 180, "texture": "#2"},
				"down": {"uv": [0, 0, 16, 16], "rotation": 180, "texture": "#2"}
			}
		},
		{
			"from": [8.96686, 6.43577, 10.74515],
			"to": [9.96686, 7.93577, 11.74515],
			"rotation": {"angle": 45, "axis": "z", "origin": [7.94871, 6.55268, 11.37314]},
			"faces": {
				"north": {"uv": [0, 0, 16, 16], "rotation": 270, "texture": "#2"},
				"east": {"uv": [0, 0, 16, 16], "rotation": 270, "texture": "#2"},
				"south": {"uv": [0, 0, 16, 16], "rotation": 270, "texture": "#2"},
				"west": {"uv": [0, 0, 16, 16], "rotation": 270, "texture": "#2"},
				"up": {"uv": [0, 0, 16, 16], "rotation": 90, "texture": "#2"},
				"down": {"uv": [0, 0, 16, 16], "rotation": 90, "texture": "#2"}
			}
		},
		{
			"from": [8.99422, 7.60571, 10.24628],
			"to": [11.99422, 7.60571, 13.24628],
			"rotation": {"angle": 22.5, "axis": "z", "origin": [7.94871, 6.55268, 11.37314]},
			"faces": {
				"north": {"uv": [0, 0, 3, 0], "texture": "#missing"},
				"east": {"uv": [0, 0, 3, 0], "texture": "#missing"},
				"south": {"uv": [0, 0, 3, 0], "texture": "#missing"},
				"west": {"uv": [0, 0, 3, 0], "texture": "#missing"},
				"up": {"uv": [0, 0, 7, 6], "rotation": 270, "texture": "#3"},
				"down": {"uv": [0, 0, 7, 6], "rotation": 270, "texture": "#3"}
			}
		},
		{
			"from": [7.14741, 7.63527, 12.34727],
			"to": [10.14741, 7.63527, 15.34727],
			"rotation": {"angle": -22.5, "axis": "x", "origin": [7.94871, 6.55268, 11.37314]},
			"faces": {
				"north": {"uv": [0, 0, 7, 6], "rotation": 270, "texture": "#3"},
				"east": {"uv": [0, 0, 7, 6], "rotation": 270, "texture": "#3"},
				"south": {"uv": [0, 0, 7, 6], "rotation": 270, "texture": "#3"},
				"west": {"uv": [0, 0, 7, 6], "rotation": 270, "texture": "#3"},
				"up": {"uv": [0, 0, 7, 6], "rotation": 180, "texture": "#3"},
				"down": {"uv": [0, 0, 7, 6], "rotation": 270, "texture": "#3"}
			}
		},
		{
			"from": [-1.25662, 0.75027, 0.43849],
			"to": [2.94338, 4.95027, 6.73849],
			"rotation": {"angle": 0, "axis": "y", "origin": [0.71802, 4.63714, 3.707]},
			"faces": {
				"north": {"uv": [0, 0, 16, 16], "texture": "#4"},
				"east": {"uv": [0, 0, 9, 6], "texture": "#4"},
				"south": {"uv": [0, 0, 16, 16], "texture": "#4"},
				"west": {"uv": [0, 0, 9, 6], "texture": "#4"},
				"up": {"uv": [0, 0, 16, 9], "texture": "#4"},
				"down": {"uv": [0, 0, 16, 9], "rotation": 180, "texture": "#4"}
			}
		},
		{
			"from": [-0.03345, 0.76427, -0.19071],
			"to": [1.45148, 4.96427, 7.23391],
			"rotation": {"angle": -45, "axis": "y", "origin": [0.71802, 4.63714, 3.707]},
			"faces": {
				"north": {"uv": [6, 0, 16, 16], "texture": "#4"},
				"east": {"uv": [0, 0, 10.6066, 6], "texture": "#4"},
				"south": {"uv": [6, 0, 16, 16], "texture": "#4"},
				"west": {"uv": [0, 0, 10.6066, 6], "texture": "#4"},
				"up": {"uv": [6, 1, 16, 8], "texture": "#4"},
				"down": {"uv": [6, 1, 16, 8], "rotation": 90, "texture": "#4"}
			}
		},
		{
			"from": [-2.99032, 0.75727, 2.7921],
			"to": [4.43431, 4.95727, 4.27702],
			"rotation": {"angle": -45, "axis": "y", "origin": [0.71802, 4.63714, 3.707]},
			"faces": {
				"north": {"uv": [0, 0, 10.6066, 6], "texture": "#4"},
				"east": {"uv": [6, 0, 16, 16], "texture": "#4"},
				"south": {"uv": [0, 0, 10.6066, 6], "texture": "#4"},
				"west": {"uv": [6, 0, 16, 16], "texture": "#4"},
				"up": {"uv": [6, 1, 16, 8], "rotation": 270, "texture": "#4"},
				"down": {"uv": [6, 1, 16, 8], "rotation": 90, "texture": "#4"}
			}
		},
		{
			"from": [-2.30725, 0.75027, 1.46954],
			"to": [3.99275, 4.95027, 5.66954],
			"rotation": {"angle": 0, "axis": "y", "origin": [0.71802, 4.63714, 3.707]},
			"faces": {
				"north": {"uv": [0, 0, 9, 6], "texture": "#4"},
				"east": {"uv": [0, 0, 16, 16], "texture": "#4"},
				"south": {"uv": [0, 0, 9, 6], "texture": "#4"},
				"west": {"uv": [0, 0, 16, 16], "texture": "#4"},
				"up": {"uv": [0, 0, 16, 9], "rotation": 270, "texture": "#4"},
				"down": {"uv": [0, 0, 16, 9], "rotation": 90, "texture": "#4"}
			}
		},
		{
			"from": [-1.87128, 0.03557, 1.77776],
			"to": [3.54672, 5.63557, 5.38976],
			"rotation": {"angle": 0, "axis": "y", "origin": [0.71802, 4.63714, 3.707]},
			"faces": {
				"north": {"uv": [0, 0, 9, 6], "texture": "#4"},
				"east": {"uv": [0, 0, 16, 9], "texture": "#4"},
				"south": {"uv": [0, 0, 9, 6], "texture": "#4"},
				"west": {"uv": [0, 0, 16, 9], "texture": "#4"},
				"up": {"uv": [0, 0, 16, 16], "rotation": 270, "texture": "#5"},
				"down": {"uv": [0, 0, 16, 16], "rotation": 90, "texture": "#4"}
			}
		},
		{
			"from": [-2.46591, 0.03627, 2.90784],
			"to": [3.91926, 5.63627, 4.18488],
			"rotation": {"angle": -45, "axis": "y", "origin": [0.71802, 4.63714, 3.707]},
			"faces": {
				"north": {"uv": [0, 0, 10.6066, 6], "texture": "#4"},
				"east": {"uv": [6, 1, 16, 8], "rotation": 180, "texture": "#4"},
				"south": {"uv": [0, 0, 10.6066, 6], "texture": "#4"},
				"west": {"uv": [6, 1, 16, 8], "rotation": 180, "texture": "#4"},
				"up": {"uv": [6, 1, 16, 8], "rotation": 270, "texture": "#4"},
				"down": {"uv": [6, 1, 16, 8], "rotation": 90, "texture": "#4"}
			}
		},
		{
			"from": [0.07506, 0.05237, 0.34081],
			"to": [1.35209, 5.63487, 6.72599],
			"rotation": {"angle": -45, "axis": "y", "origin": [0.71802, 4.63714, 3.707]},
			"faces": {
				"north": {"uv": [6, 1, 16, 8], "rotation": 180, "texture": "#4"},
				"east": {"uv": [0, 0, 10.6066, 6], "texture": "#4"},
				"south": {"uv": [6, 1, 16, 8], "rotation": 180, "texture": "#4"},
				"west": {"uv": [0, 0, 10.6066, 6], "texture": "#4"},
				"up": {"uv": [6, 1, 16, 8], "texture": "#4"},
				"down": {"uv": [6, 1, 16, 8], "rotation": 180, "texture": "#4"}
			}
		},
		{
			"from": [-0.96774, 0.03697, 0.89105],
			"to": [2.64426, 5.63697, 6.30905],
			"rotation": {"angle": 0, "axis": "y", "origin": [0.71802, 4.63714, 3.707]},
			"faces": {
				"north": {"uv": [0, 0, 16, 9], "texture": "#4"},
				"east": {"uv": [0, 0, 9, 6], "texture": "#4"},
				"south": {"uv": [0, 0, 16, 9], "texture": "#4"},
				"west": {"uv": [0, 0, 9, 6], "texture": "#4"},
				"up": {"uv": [0, 0, 16, 16], "rotation": 270, "texture": "#5"},
				"down": {"uv": [0, 0, 16, 16], "rotation": 90, "texture": "#4"}
			}
		},
		{
			"from": [0.45682, 5.65027, 3.3211],
			"to": [1.15682, 7.05027, 4.0211],
			"rotation": {"angle": 0, "axis": "y", "origin": [0.71802, 4.63714, 3.707]},
			"faces": {
				"north": {"uv": [0, 0, 16, 16], "texture": "#2"},
				"east": {"uv": [0, 0, 16, 16], "texture": "#2"},
				"south": {"uv": [0, 0, 16, 16], "texture": "#2"},
				"west": {"uv": [0, 0, 16, 16], "texture": "#2"},
				"up": {"uv": [0, 0, 16, 16], "rotation": 270, "texture": "#2"},
				"down": {"uv": [0, 0, 16, 16], "rotation": 90, "texture": "#2"}
			}
		},
		{
			"from": [0.5256, 6.74685, 4.28952],
			"to": [1.0856, 7.44685, 4.84952],
			"rotation": {"angle": -22.5, "axis": "x", "origin": [0.71802, 4.63714, 3.707]},
			"faces": {
				"north": {"uv": [0, 0, 16, 16], "texture": "#2"},
				"east": {"uv": [0, 0, 16, 16], "texture": "#2"},
				"south": {"uv": [0, 0, 16, 16], "texture": "#2"},
				"west": {"uv": [0, 0, 16, 16], "texture": "#2"},
				"up": {"uv": [0, 0, 16, 16], "rotation": 270, "texture": "#2"},
				"down": {"uv": [0, 0, 16, 16], "rotation": 90, "texture": "#2"}
			}
		},
		{
			"from": [0.59619, 6.79534, 5.34856],
			"to": [1.01619, 7.49534, 5.76856],
			"rotation": {"angle": -45, "axis": "x", "origin": [0.71802, 4.63714, 3.707]},
			"faces": {
				"north": {"uv": [0, 0, 16, 16], "texture": "#2"},
				"east": {"uv": [0, 0, 16, 16], "texture": "#2"},
				"south": {"uv": [0, 0, 16, 16], "texture": "#2"},
				"west": {"uv": [0, 0, 16, 16], "texture": "#2"},
				"up": {"uv": [0, 0, 16, 16], "rotation": 270, "texture": "#2"},
				"down": {"uv": [0, 0, 16, 16], "rotation": 90, "texture": "#2"}
			}
		},
		{
			"from": [-0.65698, 4.59301, 3.3211],
			"to": [0.04302, 5.64301, 4.0211],
			"rotation": {"angle": -45, "axis": "z", "origin": [0.71802, 4.63714, 3.707]},
			"faces": {
				"north": {"uv": [0, 0, 16, 16], "texture": "#2"},
				"east": {"uv": [0, 0, 16, 16], "texture": "#2"},
				"south": {"uv": [0, 0, 16, 16], "texture": "#2"},
				"west": {"uv": [0, 0, 16, 16], "texture": "#2"},
				"up": {"uv": [0, 0, 16, 16], "rotation": 270, "texture": "#2"},
				"down": {"uv": [0, 0, 16, 16], "rotation": 90, "texture": "#2"}
			}
		},
		{
			"from": [0.45761, 4.50513, 2.24412],
			"to": [1.15761, 5.55513, 2.94412],
			"rotation": {"angle": 45, "axis": "x", "origin": [0.71802, 4.63714, 3.707]},
			"faces": {
				"north": {"uv": [0, 0, 16, 16], "rotation": 270, "texture": "#2"},
				"east": {"uv": [0, 0, 16, 16], "rotation": 270, "texture": "#2"},
				"south": {"uv": [0, 0, 16, 16], "rotation": 270, "texture": "#2"},
				"west": {"uv": [0, 0, 16, 16], "rotation": 270, "texture": "#2"},
				"up": {"uv": [0, 0, 16, 16], "rotation": 180, "texture": "#2"},
				"down": {"uv": [0, 0, 16, 16], "texture": "#2"}
			}
		},
		{
			"from": [1.51861, 4.46743, 3.3211],
			"to": [2.21861, 5.51743, 4.0211],
			"rotation": {"angle": 45, "axis": "z", "origin": [0.71802, 4.63714, 3.707]},
			"faces": {
				"north": {"uv": [0, 0, 16, 16], "texture": "#2"},
				"east": {"uv": [0, 0, 16, 16], "texture": "#2"},
				"south": {"uv": [0, 0, 16, 16], "texture": "#2"},
				"west": {"uv": [0, 0, 16, 16], "texture": "#2"},
				"up": {"uv": [0, 0, 16, 16], "rotation": 270, "texture": "#2"},
				"down": {"uv": [0, 0, 16, 16], "rotation": 90, "texture": "#2"}
			}
		},
		{
			"from": [0.45761, 4.55531, 4.41971],
			"to": [1.15761, 5.60531, 5.11971],
			"rotation": {"angle": -45, "axis": "x", "origin": [0.71802, 4.63714, 3.707]},
			"faces": {
				"north": {"uv": [0, 0, 16, 16], "rotation": 270, "texture": "#2"},
				"east": {"uv": [0, 0, 16, 16], "rotation": 270, "texture": "#2"},
				"south": {"uv": [0, 0, 16, 16], "rotation": 270, "texture": "#2"},
				"west": {"uv": [0, 0, 16, 16], "rotation": 270, "texture": "#2"},
				"up": {"uv": [0, 0, 16, 16], "rotation": 180, "texture": "#2"},
				"down": {"uv": [0, 0, 16, 16], "texture": "#2"}
			}
		},
		{
			"from": [-0.59318, 5.37426, 4.43886],
			"to": [1.50682, 5.37426, 6.53886],
			"rotation": {"angle": -22.5, "axis": "x", "origin": [0.71802, 4.63714, 3.707]},
			"faces": {
				"north": {"uv": [0, 0, 3, 0], "texture": "#missing"},
				"east": {"uv": [0, 0, 3, 0], "texture": "#missing"},
				"south": {"uv": [0, 0, 3, 0], "texture": "#missing"},
				"west": {"uv": [0, 0, 3, 0], "texture": "#missing"},
				"up": {"uv": [0, 0, 7, 6], "texture": "#3"},
				"down": {"uv": [0, 0, 7, 6], "rotation": 180, "texture": "#3"}
			}
		},
		{
			"from": [-2.06387, 5.39496, 3.1461],
			"to": [0.03613, 5.39496, 5.2461],
			"rotation": {"angle": -22.5, "axis": "z", "origin": [0.71802, 4.63714, 3.707]},
			"faces": {
				"north": {"uv": [0, 0, 7, 6], "rotation": 270, "texture": "#3"},
				"east": {"uv": [0, 0, 7, 6], "rotation": 270, "texture": "#3"},
				"south": {"uv": [0, 0, 7, 6], "rotation": 270, "texture": "#3"},
				"west": {"uv": [0, 0, 7, 6], "rotation": 270, "texture": "#3"},
				"up": {"uv": [0, 0, 7, 6], "rotation": 270, "texture": "#3"},
				"down": {"uv": [0, 0, 7, 6], "rotation": 180, "texture": "#3"}
			}
		},
		{
			"from": [11.57841, 0.55982, 3.29187],
			"to": [16.40169, 3.77534, 6.50739],
			"rotation": {"angle": 0, "axis": "y", "origin": [14.08078, 3.53561, 4.9956]},
			"faces": {
				"north": {"uv": [0, 0, 9, 6], "texture": "#6"},
				"east": {"uv": [0, 0, 16, 16], "texture": "#6"},
				"south": {"uv": [0, 0, 9, 6], "texture": "#6"},
				"west": {"uv": [0, 0, 16, 16], "texture": "#6"},
				"up": {"uv": [0, 0, 16, 9], "rotation": 270, "texture": "#6"},
				"down": {"uv": [0, 0, 16, 9], "rotation": 270, "texture": "#6"}
			}
		},
		{
			"from": [11.0967, 0.57053, 4.43407],
			"to": [16.78099, 3.78605, 5.57093],
			"rotation": {"angle": -45, "axis": "y", "origin": [14.08078, 3.53561, 4.9956]},
			"faces": {
				"north": {"uv": [0, 0, 10.6066, 6], "texture": "#6"},
				"east": {"uv": [6, 0, 16, 16], "texture": "#6"},
				"south": {"uv": [0, 0, 10.6066, 6], "texture": "#6"},
				"west": {"uv": [6, 0, 16, 16], "texture": "#6"},
				"up": {"uv": [6, 1, 16, 8], "rotation": 270, "texture": "#6"},
				"down": {"uv": [6, 1, 16, 8], "rotation": 180, "texture": "#6"}
			}
		},
		{
			"from": [13.38033, 0.56518, 2.15042],
			"to": [14.51719, 3.7807, 7.83471],
			"rotation": {"angle": -45, "axis": "y", "origin": [14.08078, 3.53561, 4.9956]},
			"faces": {
				"north": {"uv": [6, 0, 16, 16], "texture": "#6"},
				"east": {"uv": [0, 0, 10.6066, 6], "texture": "#6"},
				"south": {"uv": [6, 0, 16, 16], "texture": "#6"},
				"west": {"uv": [0, 0, 10.6066, 6], "texture": "#6"},
				"up": {"uv": [6, 1, 16, 8], "rotation": 180, "texture": "#6"},
				"down": {"uv": [6, 1, 16, 8], "rotation": 180, "texture": "#6"}
			}
		},
		{
			"from": [12.36778, 0.55982, 2.48847],
			"to": [15.5833, 3.77534, 7.31175],
			"rotation": {"angle": 0, "axis": "y", "origin": [14.08078, 3.53561, 4.9956]},
			"faces": {
				"north": {"uv": [0, 0, 16, 16], "texture": "#6"},
				"east": {"uv": [0, 0, 9, 6], "texture": "#6"},
				"south": {"uv": [0, 0, 16, 16], "texture": "#6"},
				"west": {"uv": [0, 0, 9, 6], "texture": "#6"},
				"up": {"uv": [0, 0, 16, 9], "rotation": 180, "texture": "#6"},
				"down": {"uv": [0, 0, 16, 9], "rotation": 180, "texture": "#6"}
			}
		},
		{
			"from": [12.60375, 0.01264, 2.82995],
			"to": [15.3691, 4.3, 6.97797],
			"rotation": {"angle": 0, "axis": "y", "origin": [14.08078, 3.53561, 4.9956]},
			"faces": {
				"north": {"uv": [0, 0, 16, 9], "texture": "#6"},
				"east": {"uv": [0, 0, 9, 6], "texture": "#6"},
				"south": {"uv": [0, 0, 16, 9], "texture": "#6"},
				"west": {"uv": [0, 0, 9, 6], "texture": "#6"},
				"up": {"uv": [0, 0, 16, 16], "rotation": 180, "texture": "#7"},
				"down": {"uv": [0, 0, 16, 16], "rotation": 180, "texture": "#6"}
			}
		},
		{
			"from": [13.46895, 0.01318, 2.54473],
			"to": [14.44664, 4.30054, 7.43322],
			"rotation": {"angle": -45, "axis": "y", "origin": [14.08078, 3.53561, 4.9956]},
			"faces": {
				"north": {"uv": [6, 1, 16, 8], "rotation": 180, "texture": "#6"},
				"east": {"uv": [0, 0, 10.6066, 6], "texture": "#6"},
				"south": {"uv": [6, 1, 16, 8], "rotation": 180, "texture": "#6"},
				"west": {"uv": [0, 0, 10.6066, 6], "texture": "#6"},
				"up": {"uv": [6, 1, 16, 8], "rotation": 180, "texture": "#6"},
				"down": {"uv": [6, 1, 16, 8], "rotation": 180, "texture": "#6"}
			}
		},
		{
			"from": [11.50363, 0.0255, 4.51016],
			"to": [16.39212, 4.29947, 5.48786],
			"rotation": {"angle": -45, "axis": "y", "origin": [14.08078, 3.53561, 4.9956]},
			"faces": {
				"north": {"uv": [0, 0, 10.6066, 6], "texture": "#6"},
				"east": {"uv": [6, 1, 16, 8], "rotation": 180, "texture": "#6"},
				"south": {"uv": [0, 0, 10.6066, 6], "texture": "#6"},
				"west": {"uv": [6, 1, 16, 8], "rotation": 180, "texture": "#6"},
				"up": {"uv": [6, 1, 16, 8], "rotation": 270, "texture": "#6"},
				"down": {"uv": [6, 1, 16, 8], "rotation": 270, "texture": "#6"}
			}
		},
		{
			"from": [11.92489, 0.01371, 3.52088],
			"to": [16.07291, 4.30107, 6.28622],
			"rotation": {"angle": 0, "axis": "y", "origin": [14.08078, 3.53561, 4.9956]},
			"faces": {
				"north": {"uv": [0, 0, 9, 6], "texture": "#7"},
				"east": {"uv": [0, 0, 16, 9], "texture": "#6"},
				"south": {"uv": [0, 0, 9, 6], "texture": "#7"},
				"west": {"uv": [0, 0, 16, 9], "texture": "#6"},
				"up": {"uv": [0, 0, 16, 16], "rotation": 180, "texture": "#7"},
				"down": {"uv": [0, 0, 16, 16], "rotation": 180, "texture": "#7"}
			}
		},
		{
			"from": [13.78534, 4.31126, 4.65966],
			"to": [14.32126, 5.3831, 5.19558],
			"rotation": {"angle": 0, "axis": "y", "origin": [14.08078, 3.53561, 4.9956]},
			"faces": {
				"north": {"uv": [0, 0, 16, 16], "texture": "#2"},
				"east": {"uv": [0, 0, 16, 16], "texture": "#2"},
				"south": {"uv": [0, 0, 16, 16], "texture": "#2"},
				"west": {"uv": [0, 0, 16, 16], "texture": "#2"},
				"up": {"uv": [0, 0, 16, 16], "rotation": 180, "texture": "#2"},
				"down": {"uv": [0, 0, 16, 16], "rotation": 180, "texture": "#2"}
			}
		},
		{
			"from": [14.52676, 5.1508, 4.71419],
			"to": [14.9555, 5.68672, 5.14292],
			"rotation": {"angle": 22.5, "axis": "z", "origin": [14.08078, 3.53561, 4.9956]},
			"faces": {
				"north": {"uv": [0, 0, 16, 16], "texture": "#2"},
				"east": {"uv": [0, 0, 16, 16], "texture": "#2"},
				"south": {"uv": [0, 0, 16, 16], "texture": "#2"},
				"west": {"uv": [0, 0, 16, 16], "texture": "#2"},
				"up": {"uv": [0, 0, 16, 16], "rotation": 180, "texture": "#2"},
				"down": {"uv": [0, 0, 16, 16], "rotation": 180, "texture": "#2"}
			}
		},
		{
			"from": [15.33756, 5.18792, 4.76733],
			"to": [15.65911, 5.72384, 5.08888],
			"rotation": {"angle": 45, "axis": "z", "origin": [14.08078, 3.53561, 4.9956]},
			"faces": {
				"north": {"uv": [0, 0, 16, 16], "texture": "#2"},
				"east": {"uv": [0, 0, 16, 16], "texture": "#2"},
				"south": {"uv": [0, 0, 16, 16], "texture": "#2"},
				"west": {"uv": [0, 0, 16, 16], "texture": "#2"},
				"up": {"uv": [0, 0, 16, 16], "rotation": 180, "texture": "#2"},
				"down": {"uv": [0, 0, 16, 16], "rotation": 180, "texture": "#2"}
			}
		},
		{
			"from": [13.78534, 3.50182, 5.51239],
			"to": [14.32126, 4.3057, 6.04831],
			"rotation": {"angle": -45, "axis": "x", "origin": [14.08078, 3.53561, 4.9956]},
			"faces": {
				"north": {"uv": [0, 0, 16, 16], "texture": "#2"},
				"east": {"uv": [0, 0, 16, 16], "texture": "#2"},
				"south": {"uv": [0, 0, 16, 16], "texture": "#2"},
				"west": {"uv": [0, 0, 16, 16], "texture": "#2"},
				"up": {"uv": [0, 0, 16, 16], "rotation": 180, "texture": "#2"},
				"down": {"uv": [0, 0, 16, 16], "rotation": 180, "texture": "#2"}
			}
		},
		{
			"from": [12.9608, 3.43454, 4.65905],
			"to": [13.49672, 4.23842, 5.19497],
			"rotation": {"angle": -45, "axis": "z", "origin": [14.08078, 3.53561, 4.9956]},
			"faces": {
				"north": {"uv": [0, 0, 16, 16], "rotation": 270, "texture": "#2"},
				"east": {"uv": [0, 0, 16, 16], "rotation": 270, "texture": "#2"},
				"south": {"uv": [0, 0, 16, 16], "rotation": 270, "texture": "#2"},
				"west": {"uv": [0, 0, 16, 16], "rotation": 270, "texture": "#2"},
				"up": {"uv": [0, 0, 16, 16], "rotation": 90, "texture": "#2"},
				"down": {"uv": [0, 0, 16, 16], "rotation": 90, "texture": "#2"}
			}
		},
		{
			"from": [13.78534, 3.40567, 3.84675],
			"to": [14.32126, 4.20955, 4.38267],
			"rotation": {"angle": 45, "axis": "x", "origin": [14.08078, 3.53561, 4.9956]},
			"faces": {
				"north": {"uv": [0, 0, 16, 16], "texture": "#2"},
				"east": {"uv": [0, 0, 16, 16], "texture": "#2"},
				"south": {"uv": [0, 0, 16, 16], "texture": "#2"},
				"west": {"uv": [0, 0, 16, 16], "texture": "#2"},
				"up": {"uv": [0, 0, 16, 16], "rotation": 180, "texture": "#2"},
				"down": {"uv": [0, 0, 16, 16], "rotation": 180, "texture": "#2"}
			}
		},
		{
			"from": [14.62644, 3.47295, 4.65905],
			"to": [15.16236, 4.27683, 5.19497],
			"rotation": {"angle": 45, "axis": "z", "origin": [14.08078, 3.53561, 4.9956]},
			"faces": {
				"north": {"uv": [0, 0, 16, 16], "rotation": 270, "texture": "#2"},
				"east": {"uv": [0, 0, 16, 16], "rotation": 270, "texture": "#2"},
				"south": {"uv": [0, 0, 16, 16], "rotation": 270, "texture": "#2"},
				"west": {"uv": [0, 0, 16, 16], "rotation": 270, "texture": "#2"},
				"up": {"uv": [0, 0, 16, 16], "rotation": 90, "texture": "#2"},
				"down": {"uv": [0, 0, 16, 16], "rotation": 90, "texture": "#2"}
			}
		},
		{
			"from": [14.6411, 4.09995, 4.3917],
			"to": [16.24886, 4.09995, 5.99946],
			"rotation": {"angle": 22.5, "axis": "z", "origin": [14.08078, 3.53561, 4.9956]},
			"faces": {
				"north": {"uv": [0, 0, 3, 0], "texture": "#missing"},
				"east": {"uv": [0, 0, 3, 0], "texture": "#missing"},
				"south": {"uv": [0, 0, 3, 0], "texture": "#missing"},
				"west": {"uv": [0, 0, 3, 0], "texture": "#missing"},
				"up": {"uv": [0, 0, 7, 6], "rotation": 270, "texture": "#3"},
				"down": {"uv": [0, 0, 7, 6], "rotation": 270, "texture": "#3"}
			}
		},
		{
			"from": [13.65136, 4.11579, 5.51766],
			"to": [15.25912, 4.11579, 7.12542],
			"rotation": {"angle": -22.5, "axis": "x", "origin": [14.08078, 3.53561, 4.9956]},
			"faces": {
				"north": {"uv": [0, 0, 7, 6], "rotation": 270, "texture": "#3"},
				"east": {"uv": [0, 0, 7, 6], "rotation": 270, "texture": "#3"},
				"south": {"uv": [0, 0, 7, 6], "rotation": 270, "texture": "#3"},
				"west": {"uv": [0, 0, 7, 6], "rotation": 270, "texture": "#3"},
				"up": {"uv": [0, 0, 7, 6], "rotation": 180, "texture": "#3"},
				"down": {"uv": [0, 0, 7, 6], "rotation": 270, "texture": "#3"}
			}
		}
	],
	"display": {
		"thirdperson_righthand": {
			"rotation": [75, 16.5, 0],
			"translation": [0, 2.5, 1.5],
			"scale": [0.375, 0.375, 0.375]
		},
		"thirdperson_lefthand": {
			"rotation": [75, 16.5, 0],
			"translation": [0, 2.5, 1.5],
			"scale": [0.375, 0.375, 0.375]
		},
		"firstperson_righthand": {
			"rotation": [0, 110.5, 0],
			"translation": [1.5, 3.25, 0],
			"scale": [0.27305, 0.27305, 0.27305]
		},
		"firstperson_lefthand": {
			"rotation": [0, 110.5, 0],
			"translation": [1.5, 3.25, 0],
			"scale": [0.27305, 0.27305, 0.27305]
		},
		"ground": {
			"translation": [0, 2.5, 0],
			"scale": [0.8, 0.8, 0.8]
		},
		"gui": {
			"rotation": [30, 225, 0],
			"translation": [-1.5, 2.75, 0],
			"scale": [0.76953, 0.76953, 0.76953]
		},
		"head": {
			"translation": [0, 13.5, 0],
			"scale": [0.76563, 0.76563, 0.76563]
		},
		"fixed": {
			"rotation": [-90, 0, 0],
			"translation": [0, 0, -15],
			"scale": [2, 2, 2]
		}
	},
	"groups": [
		{
			"name": "Big Pumpkin",
			"origin": [8.51309, 0.5009, 7.98602],
			"children": [0, 1, 2, 3, 4, 5, 6, 7,
				{
					"name": "Stem",
					"origin": [7.50026, 8.24999, 8.002],
					"children": [8, 9, 10, 11, 12, 13, 14]
				},
				{
					"name": "leaves",
					"origin": [7.24915, 8.5, 6.00085],
					"children": [15, 16]
				}
			]
		},
		{
			"name": "Medium Pumpkin",
			"origin": [8.51309, 0.5009, 7.98602],
			"children": [17, 18, 19, 20, 21, 22, 23, 24,
				{
					"name": "Stem",
					"origin": [7.50026, 8.24999, 8.002],
					"children": [25, 26, 27, 28, 29, 30, 31]
				},
				{
					"name": "leaves",
					"origin": [7.24915, 8.5, 6.00085],
					"children": [32, 33]
				}
			]
		},
		{
			"name": "Small Pumpkin",
			"origin": [8.51309, 0.5009, 7.98602],
			"children": [34, 35, 36, 37, 38, 39, 40, 41,
				{
					"name": "Stem",
					"origin": [7.50026, 8.24999, 8.002],
					"children": [42, 43, 44, 45, 46, 47, 48]
				},
				{
					"name": "leaves",
					"origin": [7.24915, 8.5, 6.00085],
					"children": [49, 50]
				}
			]
		}
	]
}