{
	"credit": "Made with Blockbench",
	"textures": {
		"1": "block/MizunoArchive/red_terracotta",
		"2": "block/MizunoArchive/iron_ingot_0"
	},
	"elements": [
		{
			"name": "octagon",
			"from": [5.05711, 8.5, 0.9038],
			"to": [10.94289, 9, 1.74035],
			"rotation": {"angle": 22.5, "axis": "y", "origin": [8, 5.75, 8]},
			"faces": {
				"north": {"uv": [1, 1, 7, 5], "rotation": 90, "texture": "#2"},
				"east": {"uv": [1, 1, 7, 5], "rotation": 90, "texture": "#2"},
				"south": {"uv": [1, 1, 7, 5], "rotation": 90, "texture": "#2"},
				"west": {"uv": [1, 1, 7, 5], "rotation": 90, "texture": "#2"},
				"up": {"uv": [12, 7, 15, 11], "rotation": 90, "texture": "#2"},
				"down": {"uv": [12, 7, 15, 11], "rotation": 90, "texture": "#2"}
			}
		},
		{
			"name": "octagon",
			"from": [5.05711, 8.5, 0.9038],
			"to": [10.94289, 9, 1.74035],
			"rotation": {"angle": -22.5, "axis": "y", "origin": [8, 5.75, 8]},
			"faces": {
				"north": {"uv": [1, 1, 7, 5], "rotation": 90, "texture": "#2"},
				"east": {"uv": [1, 1, 7, 5], "rotation": 90, "texture": "#2"},
				"south": {"uv": [1, 1, 7, 5], "rotation": 90, "texture": "#2"},
				"west": {"uv": [1, 1, 7, 5], "rotation": 90, "texture": "#2"},
				"up": {"uv": [12, 7, 15, 11], "rotation": 90, "texture": "#2"},
				"down": {"uv": [12, 7, 15, 11], "rotation": 90, "texture": "#2"}
			}
		},
		{
			"name": "octagon",
			"from": [5.05711, 8.5, 14.25965],
			"to": [10.94289, 9, 15.0962],
			"rotation": {"angle": 22.5, "axis": "y", "origin": [8, 5.75, 8]},
			"faces": {
				"north": {"uv": [1, 1, 7, 5], "rotation": 90, "texture": "#2"},
				"east": {"uv": [1, 1, 7, 5], "rotation": 90, "texture": "#2"},
				"south": {"uv": [1, 1, 7, 5], "rotation": 90, "texture": "#2"},
				"west": {"uv": [1, 1, 7, 5], "rotation": 90, "texture": "#2"},
				"up": {"uv": [12, 7, 15, 11], "rotation": 90, "texture": "#2"},
				"down": {"uv": [12, 7, 15, 11], "rotation": 90, "texture": "#2"}
			}
		},
		{
			"name": "octagon",
			"from": [5.05711, 8.5, 14.25965],
			"to": [10.94289, 9, 15.0962],
			"rotation": {"angle": -22.5, "axis": "y", "origin": [8, 5.75, 8]},
			"faces": {
				"north": {"uv": [1, 1, 7, 5], "rotation": 90, "texture": "#2"},
				"east": {"uv": [1, 1, 7, 5], "rotation": 90, "texture": "#2"},
				"south": {"uv": [1, 1, 7, 5], "rotation": 90, "texture": "#2"},
				"west": {"uv": [1, 1, 7, 5], "rotation": 90, "texture": "#2"},
				"up": {"uv": [12, 7, 15, 11], "rotation": 90, "texture": "#2"},
				"down": {"uv": [12, 7, 15, 11], "rotation": 90, "texture": "#2"}
			}
		},
		{
			"name": "octagon",
			"from": [0.9038, 8.5, 5.05711],
			"to": [1.74035, 9, 10.94289],
			"rotation": {"angle": 22.5, "axis": "y", "origin": [8, 5.75, 8]},
			"faces": {
				"north": {"uv": [1, 1, 7, 5], "rotation": 90, "texture": "#2"},
				"east": {"uv": [1, 1, 7, 5], "rotation": 90, "texture": "#2"},
				"south": {"uv": [1, 1, 7, 5], "rotation": 90, "texture": "#2"},
				"west": {"uv": [1, 1, 7, 5], "rotation": 90, "texture": "#2"},
				"up": {"uv": [12, 7, 15, 11], "rotation": 90, "texture": "#2"},
				"down": {"uv": [12, 7, 15, 11], "rotation": 90, "texture": "#2"}
			}
		},
		{
			"name": "octagon",
			"from": [0.9038, 8.5, 5.05711],
			"to": [1.74035, 9, 10.94289],
			"rotation": {"angle": -22.5, "axis": "y", "origin": [8, 5.75, 8]},
			"faces": {
				"north": {"uv": [1, 1, 7, 5], "rotation": 90, "texture": "#2"},
				"east": {"uv": [1, 1, 7, 5], "rotation": 90, "texture": "#2"},
				"south": {"uv": [1, 1, 7, 5], "rotation": 90, "texture": "#2"},
				"west": {"uv": [1, 1, 7, 5], "rotation": 90, "texture": "#2"},
				"up": {"uv": [12, 7, 15, 11], "rotation": 90, "texture": "#2"},
				"down": {"uv": [12, 7, 15, 11], "rotation": 90, "texture": "#2"}
			}
		},
		{
			"name": "octagon",
			"from": [14.25965, 8.5, 5.05711],
			"to": [15.0962, 9, 10.94289],
			"rotation": {"angle": 22.5, "axis": "y", "origin": [8, 5.75, 8]},
			"faces": {
				"north": {"uv": [1, 1, 7, 5], "rotation": 90, "texture": "#2"},
				"east": {"uv": [1, 1, 7, 5], "rotation": 90, "texture": "#2"},
				"south": {"uv": [1, 1, 7, 5], "rotation": 90, "texture": "#2"},
				"west": {"uv": [1, 1, 7, 5], "rotation": 90, "texture": "#2"},
				"up": {"uv": [12, 7, 15, 11], "rotation": 90, "texture": "#2"},
				"down": {"uv": [12, 7, 15, 11], "rotation": 90, "texture": "#2"}
			}
		},
		{
			"name": "octagon",
			"from": [14.25965, 8.5, 5.05711],
			"to": [15.0962, 9, 10.94289],
			"rotation": {"angle": -22.5, "axis": "y", "origin": [8, 5.75, 8]},
			"faces": {
				"north": {"uv": [1, 1, 7, 5], "rotation": 90, "texture": "#2"},
				"east": {"uv": [1, 1, 7, 5], "rotation": 90, "texture": "#2"},
				"south": {"uv": [1, 1, 7, 5], "rotation": 90, "texture": "#2"},
				"west": {"uv": [1, 1, 7, 5], "rotation": 90, "texture": "#2"},
				"up": {"uv": [12, 7, 15, 11], "rotation": 90, "texture": "#2"},
				"down": {"uv": [12, 7, 15, 11], "rotation": 90, "texture": "#2"}
			}
		},
		{
			"name": "octagon",
			"from": [4.95711, 5.25, 0.6538],
			"to": [11.04289, 8.5, 1.99035],
			"rotation": {"angle": 22.5, "axis": "y", "origin": [8, 5.75, 8]},
			"faces": {
				"north": {"uv": [1, 1, 6, 5], "rotation": 90, "texture": "#2"},
				"east": {"uv": [1, 1, 6, 5], "rotation": 90, "texture": "#2"},
				"south": {"uv": [1, 1, 6, 5], "rotation": 90, "texture": "#2"},
				"west": {"uv": [1, 1, 6, 5], "rotation": 90, "texture": "#2"},
				"up": {"uv": [12, 7, 15, 11], "rotation": 90, "texture": "#2"},
				"down": {"uv": [12, 7, 15, 11], "rotation": 90, "texture": "#2"}
			}
		},
		{
			"name": "octagon",
			"from": [4.95711, 5.25, 0.6538],
			"to": [11.04289, 8.5, 1.99035],
			"rotation": {"angle": -22.5, "axis": "y", "origin": [8, 5.75, 8]},
			"faces": {
				"north": {"uv": [1, 1, 6, 5], "rotation": 90, "texture": "#2"},
				"east": {"uv": [1, 1, 6, 5], "rotation": 90, "texture": "#2"},
				"south": {"uv": [1, 1, 6, 5], "rotation": 90, "texture": "#2"},
				"west": {"uv": [1, 1, 6, 5], "rotation": 90, "texture": "#2"},
				"up": {"uv": [12, 7, 15, 11], "rotation": 90, "texture": "#2"},
				"down": {"uv": [12, 7, 15, 11], "rotation": 90, "texture": "#2"}
			}
		},
		{
			"name": "octagon",
			"from": [4.95711, 5.25, 14.00965],
			"to": [11.04289, 8.5, 15.3462],
			"rotation": {"angle": 22.5, "axis": "y", "origin": [8, 5.75, 8]},
			"faces": {
				"north": {"uv": [1, 1, 6, 5], "rotation": 90, "texture": "#2"},
				"east": {"uv": [1, 1, 6, 5], "rotation": 90, "texture": "#2"},
				"south": {"uv": [1, 1, 6, 5], "rotation": 90, "texture": "#2"},
				"west": {"uv": [1, 1, 6, 5], "rotation": 90, "texture": "#2"},
				"up": {"uv": [12, 7, 15, 11], "rotation": 90, "texture": "#2"},
				"down": {"uv": [12, 7, 15, 11], "rotation": 90, "texture": "#2"}
			}
		},
		{
			"name": "octagon",
			"from": [4.95711, 5.25, 14.00965],
			"to": [11.04289, 8.5, 15.3462],
			"rotation": {"angle": -22.5, "axis": "y", "origin": [8, 5.75, 8]},
			"faces": {
				"north": {"uv": [1, 1, 6, 5], "rotation": 90, "texture": "#2"},
				"east": {"uv": [1, 1, 6, 5], "rotation": 90, "texture": "#2"},
				"south": {"uv": [1, 1, 6, 5], "rotation": 90, "texture": "#2"},
				"west": {"uv": [1, 1, 6, 5], "rotation": 90, "texture": "#2"},
				"up": {"uv": [12, 7, 15, 11], "rotation": 90, "texture": "#2"},
				"down": {"uv": [12, 7, 15, 11], "rotation": 90, "texture": "#2"}
			}
		},
		{
			"name": "octagon",
			"from": [0.6538, 5.25, 4.95711],
			"to": [1.99035, 8.5, 11.04289],
			"rotation": {"angle": 22.5, "axis": "y", "origin": [8, 5.75, 8]},
			"faces": {
				"north": {"uv": [1, 1, 6, 5], "rotation": 90, "texture": "#2"},
				"east": {"uv": [1, 1, 6, 5], "rotation": 90, "texture": "#2"},
				"south": {"uv": [1, 1, 6, 5], "rotation": 90, "texture": "#2"},
				"west": {"uv": [1, 1, 6, 5], "rotation": 90, "texture": "#2"},
				"up": {"uv": [12, 7, 15, 11], "rotation": 90, "texture": "#2"},
				"down": {"uv": [12, 7, 15, 11], "rotation": 90, "texture": "#2"}
			}
		},
		{
			"name": "octagon",
			"from": [0.6538, 5.25, 4.95711],
			"to": [1.99035, 8.5, 11.04289],
			"rotation": {"angle": -22.5, "axis": "y", "origin": [8, 5.75, 8]},
			"faces": {
				"north": {"uv": [1, 1, 6, 5], "rotation": 90, "texture": "#2"},
				"east": {"uv": [1, 1, 6, 5], "rotation": 90, "texture": "#2"},
				"south": {"uv": [1, 1, 6, 5], "rotation": 90, "texture": "#2"},
				"west": {"uv": [1, 1, 6, 5], "rotation": 90, "texture": "#2"},
				"up": {"uv": [12, 7, 15, 11], "rotation": 90, "texture": "#2"},
				"down": {"uv": [12, 7, 15, 11], "rotation": 90, "texture": "#2"}
			}
		},
		{
			"name": "octagon",
			"from": [14.00965, 5.25, 4.95711],
			"to": [15.3462, 8.5, 11.04289],
			"rotation": {"angle": 22.5, "axis": "y", "origin": [8, 5.75, 8]},
			"faces": {
				"north": {"uv": [1, 1, 6, 5], "rotation": 90, "texture": "#2"},
				"east": {"uv": [1, 1, 6, 5], "rotation": 90, "texture": "#2"},
				"south": {"uv": [1, 1, 6, 5], "rotation": 90, "texture": "#2"},
				"west": {"uv": [1, 1, 6, 5], "rotation": 90, "texture": "#2"},
				"up": {"uv": [12, 7, 15, 11], "rotation": 90, "texture": "#2"},
				"down": {"uv": [12, 7, 15, 11], "rotation": 90, "texture": "#2"}
			}
		},
		{
			"name": "octagon",
			"from": [14.00965, 5.25, 4.95711],
			"to": [15.3462, 8.5, 11.04289],
			"rotation": {"angle": -22.5, "axis": "y", "origin": [8, 5.75, 8]},
			"faces": {
				"north": {"uv": [1, 1, 6, 5], "rotation": 90, "texture": "#2"},
				"east": {"uv": [1, 1, 6, 5], "rotation": 90, "texture": "#2"},
				"south": {"uv": [1, 1, 6, 5], "rotation": 90, "texture": "#2"},
				"west": {"uv": [1, 1, 6, 5], "rotation": 90, "texture": "#2"},
				"up": {"uv": [12, 7, 15, 11], "rotation": 90, "texture": "#2"},
				"down": {"uv": [12, 7, 15, 11], "rotation": 90, "texture": "#2"}
			}
		},
		{
			"name": "octagon",
			"from": [5.28313, 4.252, 1.4409],
			"to": [10.71687, 7.252, 14.5591],
			"rotation": {"angle": 22.5, "axis": "y", "origin": [8, 4.75, 8]},
			"faces": {
				"north": {"uv": [1, 1, 4, 5], "rotation": 90, "texture": "#2"},
				"east": {"uv": [1, 1, 4, 5], "rotation": 90, "texture": "#2"},
				"south": {"uv": [1, 1, 4, 5], "rotation": 90, "texture": "#2"},
				"west": {"uv": [1, 1, 4, 5], "rotation": 90, "texture": "#2"},
				"up": {"uv": [0, 0, 5.43374, 13.11821], "texture": "#1"},
				"down": {"uv": [12, 7, 15, 11], "rotation": 90, "texture": "#2"}
			}
		},
		{
			"name": "octagon",
			"from": [5.28313, 4.253, 1.4409],
			"to": [10.71687, 7.253, 14.5591],
			"rotation": {"angle": -22.5, "axis": "y", "origin": [8, 4.75, 8]},
			"faces": {
				"north": {"uv": [1, 1, 4, 5], "rotation": 90, "texture": "#2"},
				"east": {"uv": [1, 1, 4, 5], "rotation": 90, "texture": "#2"},
				"south": {"uv": [1, 1, 4, 5], "rotation": 90, "texture": "#2"},
				"west": {"uv": [1, 1, 4, 5], "rotation": 90, "texture": "#2"},
				"up": {"uv": [0, 0, 5.43374, 13.11821], "texture": "#1"},
				"down": {"uv": [12, 7, 15, 11], "rotation": 90, "texture": "#2"}
			}
		},
		{
			"name": "octagon",
			"from": [1.4409, 4.251, 5.28313],
			"to": [14.5591, 7.251, 10.71687],
			"rotation": {"angle": -22.5, "axis": "y", "origin": [8, 4.75, 8]},
			"faces": {
				"north": {"uv": [1, 1, 4, 5], "rotation": 90, "texture": "#2"},
				"east": {"uv": [1, 1, 4, 5], "rotation": 90, "texture": "#2"},
				"south": {"uv": [1, 1, 4, 5], "rotation": 90, "texture": "#2"},
				"west": {"uv": [1, 1, 4, 5], "rotation": 90, "texture": "#2"},
				"up": {"uv": [0, 0, 13.11821, 5.43374], "texture": "#1"},
				"down": {"uv": [12, 7, 15, 11], "rotation": 90, "texture": "#2"}
			}
		},
		{
			"name": "octagon",
			"from": [1.4409, 4.254, 5.28313],
			"to": [14.5591, 7.254, 10.71687],
			"rotation": {"angle": 22.5, "axis": "y", "origin": [8, 4.75, 8]},
			"faces": {
				"north": {"uv": [1, 1, 4, 5], "rotation": 90, "texture": "#2"},
				"east": {"uv": [1, 1, 4, 5], "rotation": 90, "texture": "#2"},
				"south": {"uv": [1, 1, 4, 5], "rotation": 90, "texture": "#2"},
				"west": {"uv": [1, 1, 4, 5], "rotation": 90, "texture": "#2"},
				"up": {"uv": [0, 0, 13.11821, 5.43374], "texture": "#1"},
				"down": {"uv": [12, 7, 15, 11], "rotation": 90, "texture": "#2"}
			}
		},
		{
			"name": "octagon",
			"from": [5.61678, 3.5, 2.2464],
			"to": [10.38322, 4.25, 13.7536],
			"rotation": {"angle": -22.5, "axis": "y", "origin": [8, 4, 8]},
			"faces": {
				"north": {"uv": [1, 1, 4, 5], "rotation": 90, "texture": "#2"},
				"east": {"uv": [1, 1, 4, 5], "rotation": 90, "texture": "#2"},
				"south": {"uv": [1, 1, 4, 5], "rotation": 90, "texture": "#2"},
				"west": {"uv": [1, 1, 4, 5], "rotation": 90, "texture": "#2"},
				"up": {"uv": [12, 7, 15, 11], "rotation": 90, "texture": "#2"},
				"down": {"uv": [12, 7, 15, 11], "rotation": 90, "texture": "#2"}
			}
		},
		{
			"name": "octagon",
			"from": [5.61678, 3.5, 2.2464],
			"to": [10.38322, 4.25, 13.7536],
			"rotation": {"angle": 22.5, "axis": "y", "origin": [8, 4, 8]},
			"faces": {
				"north": {"uv": [1, 1, 4, 5], "rotation": 90, "texture": "#2"},
				"east": {"uv": [1, 1, 4, 5], "rotation": 90, "texture": "#2"},
				"south": {"uv": [1, 1, 4, 5], "rotation": 90, "texture": "#2"},
				"west": {"uv": [1, 1, 4, 5], "rotation": 90, "texture": "#2"},
				"up": {"uv": [12, 7, 15, 11], "rotation": 90, "texture": "#2"},
				"down": {"uv": [12, 7, 15, 11], "rotation": 90, "texture": "#2"}
			}
		},
		{
			"name": "octagon",
			"from": [2.2464, 3.5, 5.61678],
			"to": [13.7536, 4.25, 10.38322],
			"rotation": {"angle": 22.5, "axis": "y", "origin": [8, 4, 8]},
			"faces": {
				"north": {"uv": [1, 1, 4, 5], "rotation": 90, "texture": "#2"},
				"east": {"uv": [1, 1, 4, 5], "rotation": 90, "texture": "#2"},
				"south": {"uv": [1, 1, 4, 5], "rotation": 90, "texture": "#2"},
				"west": {"uv": [1, 1, 4, 5], "rotation": 90, "texture": "#2"},
				"up": {"uv": [12, 7, 15, 11], "rotation": 90, "texture": "#2"},
				"down": {"uv": [12, 7, 15, 11], "rotation": 90, "texture": "#2"}
			}
		},
		{
			"name": "octagon",
			"from": [2.2464, 3.5, 5.61678],
			"to": [13.7536, 4.25, 10.38322],
			"rotation": {"angle": -22.5, "axis": "y", "origin": [8, 4, 8]},
			"faces": {
				"north": {"uv": [1, 1, 4, 5], "rotation": 90, "texture": "#2"},
				"east": {"uv": [1, 1, 4, 5], "rotation": 90, "texture": "#2"},
				"south": {"uv": [1, 1, 4, 5], "rotation": 90, "texture": "#2"},
				"west": {"uv": [1, 1, 4, 5], "rotation": 90, "texture": "#2"},
				"up": {"uv": [12, 7, 15, 11], "rotation": 90, "texture": "#2"},
				"down": {"uv": [12, 7, 15, 11], "rotation": 90, "texture": "#2"}
			}
		},
		{
			"name": "octagon",
			"from": [6.07805, 2.75, 3.36],
			"to": [9.92195, 3.5, 4.52],
			"rotation": {"angle": -22.5, "axis": "y", "origin": [8, 3.25, 8]},
			"faces": {
				"north": {"uv": [3, 1, 6, 5], "rotation": 90, "texture": "#2"},
				"east": {"uv": [3, 1, 6, 5], "rotation": 90, "texture": "#2"},
				"south": {"uv": [3, 1, 6, 5], "rotation": 90, "texture": "#2"},
				"west": {"uv": [3, 1, 6, 5], "rotation": 90, "texture": "#2"},
				"up": {"uv": [12, 7, 15, 11], "rotation": 90, "texture": "#2"},
				"down": {"uv": [12, 7, 15, 11], "rotation": 90, "texture": "#2"}
			}
		},
		{
			"name": "octagon",
			"from": [6.07805, 2.75, 3.36],
			"to": [9.92195, 3.5, 12.64],
			"rotation": {"angle": 22.5, "axis": "y", "origin": [8, 3.25, 8]},
			"faces": {
				"north": {"uv": [3, 1, 6, 5], "rotation": 90, "texture": "#2"},
				"east": {"uv": [3, 1, 6, 5], "rotation": 90, "texture": "#2"},
				"south": {"uv": [3, 1, 6, 5], "rotation": 90, "texture": "#2"},
				"west": {"uv": [3, 1, 6, 5], "rotation": 90, "texture": "#2"},
				"up": {"uv": [12, 7, 15, 11], "rotation": 90, "texture": "#2"},
				"down": {"uv": [12, 7, 15, 11], "rotation": 90, "texture": "#2"}
			}
		},
		{
			"name": "octagon",
			"from": [6.07805, 2.75, 3.36],
			"to": [9.92195, 3.5, 12.64],
			"rotation": {"angle": -22.5, "axis": "y", "origin": [8, 3.25, 8]},
			"faces": {
				"north": {"uv": [3, 1, 6, 5], "rotation": 90, "texture": "#2"},
				"east": {"uv": [3, 1, 6, 5], "rotation": 90, "texture": "#2"},
				"south": {"uv": [3, 1, 6, 5], "rotation": 90, "texture": "#2"},
				"west": {"uv": [3, 1, 6, 5], "rotation": 90, "texture": "#2"},
				"up": {"uv": [12, 7, 15, 11], "rotation": 90, "texture": "#2"},
				"down": {"uv": [12, 7, 15, 11], "rotation": 90, "texture": "#2"}
			}
		},
		{
			"name": "octagon",
			"from": [3.36, 2.75, 6.07805],
			"to": [12.64, 3.5, 9.92195],
			"rotation": {"angle": 22.5, "axis": "y", "origin": [8, 3.25, 8]},
			"faces": {
				"north": {"uv": [3, 1, 6, 5], "rotation": 90, "texture": "#2"},
				"east": {"uv": [3, 1, 6, 5], "rotation": 90, "texture": "#2"},
				"south": {"uv": [3, 1, 6, 5], "rotation": 90, "texture": "#2"},
				"west": {"uv": [3, 1, 6, 5], "rotation": 90, "texture": "#2"},
				"up": {"uv": [12, 7, 15, 11], "rotation": 90, "texture": "#2"},
				"down": {"uv": [12, 7, 15, 11], "rotation": 90, "texture": "#2"}
			}
		},
		{
			"name": "octagon",
			"from": [3.36, 2.75, 6.07805],
			"to": [12.64, 3.5, 9.92195],
			"rotation": {"angle": -22.5, "axis": "y", "origin": [8, 3.25, 8]},
			"faces": {
				"north": {"uv": [3, 1, 6, 5], "rotation": 90, "texture": "#2"},
				"east": {"uv": [3, 1, 6, 5], "rotation": 90, "texture": "#2"},
				"south": {"uv": [3, 1, 6, 5], "rotation": 90, "texture": "#2"},
				"west": {"uv": [3, 1, 6, 5], "rotation": 90, "texture": "#2"},
				"up": {"uv": [12, 7, 15, 11], "rotation": 90, "texture": "#2"},
				"down": {"uv": [12, 7, 15, 11], "rotation": 90, "texture": "#2"}
			}
		},
		{
			"name": "octagon",
			"from": [6.50625, 2.25, 4.39378],
			"to": [9.49375, 2.75, 11.60622],
			"rotation": {"angle": 22.5, "axis": "y", "origin": [8, 2.75, 8]},
			"faces": {
				"north": {"uv": [3, 1, 6, 5], "rotation": 90, "texture": "#2"},
				"east": {"uv": [3, 1, 6, 5], "rotation": 90, "texture": "#2"},
				"south": {"uv": [3, 1, 6, 5], "rotation": 90, "texture": "#2"},
				"west": {"uv": [3, 1, 6, 5], "rotation": 90, "texture": "#2"},
				"up": {"uv": [12, 7, 15, 11], "rotation": 90, "texture": "#2"},
				"down": {"uv": [12, 7, 15, 11], "rotation": 90, "texture": "#2"}
			}
		},
		{
			"name": "octagon",
			"from": [6.50625, 2.25, 4.39378],
			"to": [9.49375, 2.75, 11.60622],
			"rotation": {"angle": -22.5, "axis": "y", "origin": [8, 2.75, 8]},
			"faces": {
				"north": {"uv": [3, 1, 6, 5], "rotation": 90, "texture": "#2"},
				"east": {"uv": [3, 1, 6, 5], "rotation": 90, "texture": "#2"},
				"south": {"uv": [3, 1, 6, 5], "rotation": 90, "texture": "#2"},
				"west": {"uv": [3, 1, 6, 5], "rotation": 90, "texture": "#2"},
				"up": {"uv": [12, 7, 15, 11], "rotation": 90, "texture": "#2"},
				"down": {"uv": [12, 7, 15, 11], "rotation": 90, "texture": "#2"}
			}
		},
		{
			"name": "octagon",
			"from": [4.39378, 2.25, 6.50625],
			"to": [11.60622, 2.75, 9.49375],
			"rotation": {"angle": 22.5, "axis": "y", "origin": [8, 2.75, 8]},
			"faces": {
				"north": {"uv": [3, 1, 6, 5], "rotation": 90, "texture": "#2"},
				"east": {"uv": [3, 1, 6, 5], "rotation": 90, "texture": "#2"},
				"south": {"uv": [3, 1, 6, 5], "rotation": 90, "texture": "#2"},
				"west": {"uv": [3, 1, 6, 5], "rotation": 90, "texture": "#2"},
				"up": {"uv": [12, 7, 15, 11], "rotation": 90, "texture": "#2"},
				"down": {"uv": [12, 7, 15, 11], "rotation": 90, "texture": "#2"}
			}
		},
		{
			"name": "octagon",
			"from": [4.39378, 2.25, 6.50625],
			"to": [11.60622, 2.75, 9.49375],
			"rotation": {"angle": -22.5, "axis": "y", "origin": [8, 2.75, 8]},
			"faces": {
				"north": {"uv": [3, 1, 6, 5], "rotation": 90, "texture": "#2"},
				"east": {"uv": [3, 1, 6, 5], "rotation": 90, "texture": "#2"},
				"south": {"uv": [3, 1, 6, 5], "rotation": 90, "texture": "#2"},
				"west": {"uv": [3, 1, 6, 5], "rotation": 90, "texture": "#2"},
				"up": {"uv": [12, 7, 15, 11], "rotation": 90, "texture": "#2"},
				"down": {"uv": [12, 7, 15, 11], "rotation": 90, "texture": "#2"}
			}
		},
		{
			"name": "octagon",
			"from": [7.26806, 1.5, 6.23295],
			"to": [8.73194, 2.25, 9.76705],
			"rotation": {"angle": 22.5, "axis": "y", "origin": [8, 2, 8]},
			"faces": {
				"north": {"uv": [3, 1, 6, 5], "rotation": 90, "texture": "#2"},
				"east": {"uv": [3, 1, 6, 5], "rotation": 90, "texture": "#2"},
				"south": {"uv": [3, 1, 6, 5], "rotation": 90, "texture": "#2"},
				"west": {"uv": [3, 1, 6, 5], "rotation": 90, "texture": "#2"},
				"up": {"uv": [12, 7, 15, 11], "rotation": 90, "texture": "#2"},
				"down": {"uv": [12, 7, 15, 11], "rotation": 90, "texture": "#2"}
			}
		},
		{
			"name": "octagon",
			"from": [7.26806, 1.5, 6.23295],
			"to": [8.73194, 2.25, 9.76705],
			"rotation": {"angle": -22.5, "axis": "y", "origin": [8, 2, 8]},
			"faces": {
				"north": {"uv": [3, 1, 6, 5], "rotation": 90, "texture": "#2"},
				"east": {"uv": [3, 1, 6, 5], "rotation": 90, "texture": "#2"},
				"south": {"uv": [3, 1, 6, 5], "rotation": 90, "texture": "#2"},
				"west": {"uv": [3, 1, 6, 5], "rotation": 90, "texture": "#2"},
				"up": {"uv": [12, 7, 15, 11], "rotation": 90, "texture": "#2"},
				"down": {"uv": [12, 7, 15, 11], "rotation": 90, "texture": "#2"}
			}
		},
		{
			"name": "octagon",
			"from": [6.23295, 1.5, 7.26806],
			"to": [9.76705, 2.25, 8.73194],
			"rotation": {"angle": 22.5, "axis": "y", "origin": [8, 2, 8]},
			"faces": {
				"north": {"uv": [3, 1, 6, 5], "rotation": 90, "texture": "#2"},
				"east": {"uv": [3, 1, 6, 5], "rotation": 90, "texture": "#2"},
				"south": {"uv": [3, 1, 6, 5], "rotation": 90, "texture": "#2"},
				"west": {"uv": [3, 1, 6, 5], "rotation": 90, "texture": "#2"},
				"up": {"uv": [12, 7, 15, 11], "rotation": 90, "texture": "#2"},
				"down": {"uv": [12, 7, 15, 11], "rotation": 90, "texture": "#2"}
			}
		},
		{
			"name": "octagon",
			"from": [6.23295, 1.5, 7.26806],
			"to": [9.76705, 2.25, 8.73194],
			"rotation": {"angle": -22.5, "axis": "y", "origin": [8, 2, 8]},
			"faces": {
				"north": {"uv": [3, 1, 6, 5], "rotation": 90, "texture": "#2"},
				"east": {"uv": [3, 1, 6, 5], "rotation": 90, "texture": "#2"},
				"south": {"uv": [3, 1, 6, 5], "rotation": 90, "texture": "#2"},
				"west": {"uv": [3, 1, 6, 5], "rotation": 90, "texture": "#2"},
				"up": {"uv": [12, 7, 15, 11], "rotation": 90, "texture": "#2"},
				"down": {"uv": [12, 7, 15, 11], "rotation": 90, "texture": "#2"}
			}
		},
		{
			"name": "octagon",
			"from": [6.95438, 1, 5.47565],
			"to": [9.04562, 1.5, 10.52435],
			"rotation": {"angle": 22.5, "axis": "y", "origin": [8, 1.5, 8]},
			"faces": {
				"north": {"uv": [3, 1, 6, 5], "rotation": 90, "texture": "#2"},
				"east": {"uv": [3, 1, 6, 5], "rotation": 90, "texture": "#2"},
				"south": {"uv": [3, 1, 6, 5], "rotation": 90, "texture": "#2"},
				"west": {"uv": [3, 1, 6, 5], "rotation": 90, "texture": "#2"},
				"up": {"uv": [12, 7, 15, 11], "rotation": 90, "texture": "#2"},
				"down": {"uv": [12, 7, 15, 11], "rotation": 90, "texture": "#2"}
			}
		},
		{
			"name": "octagon",
			"from": [6.95438, 1, 5.47565],
			"to": [9.04562, 1.5, 10.52435],
			"rotation": {"angle": -22.5, "axis": "y", "origin": [8, 1.5, 8]},
			"faces": {
				"north": {"uv": [3, 1, 6, 5], "rotation": 90, "texture": "#2"},
				"east": {"uv": [3, 1, 6, 5], "rotation": 90, "texture": "#2"},
				"south": {"uv": [3, 1, 6, 5], "rotation": 90, "texture": "#2"},
				"west": {"uv": [3, 1, 6, 5], "rotation": 90, "texture": "#2"},
				"up": {"uv": [12, 7, 15, 11], "rotation": 90, "texture": "#2"},
				"down": {"uv": [12, 7, 15, 11], "rotation": 90, "texture": "#2"}
			}
		},
		{
			"name": "octagon",
			"from": [5.47565, 1, 6.95438],
			"to": [10.52435, 1.5, 9.04562],
			"rotation": {"angle": 22.5, "axis": "y", "origin": [8, 1.5, 8]},
			"faces": {
				"north": {"uv": [3, 1, 6, 5], "rotation": 90, "texture": "#2"},
				"east": {"uv": [3, 1, 6, 5], "rotation": 90, "texture": "#2"},
				"south": {"uv": [3, 1, 6, 5], "rotation": 90, "texture": "#2"},
				"west": {"uv": [3, 1, 6, 5], "rotation": 90, "texture": "#2"},
				"up": {"uv": [12, 7, 15, 11], "rotation": 90, "texture": "#2"},
				"down": {"uv": [12, 7, 15, 11], "rotation": 90, "texture": "#2"}
			}
		},
		{
			"name": "octagon",
			"from": [5.47565, 1, 6.95438],
			"to": [10.52435, 1.5, 9.04562],
			"rotation": {"angle": -22.5, "axis": "y", "origin": [8, 1.5, 8]},
			"faces": {
				"north": {"uv": [3, 1, 6, 5], "rotation": 90, "texture": "#2"},
				"east": {"uv": [3, 1, 6, 5], "rotation": 90, "texture": "#2"},
				"south": {"uv": [3, 1, 6, 5], "rotation": 90, "texture": "#2"},
				"west": {"uv": [3, 1, 6, 5], "rotation": 90, "texture": "#2"},
				"up": {"uv": [12, 7, 15, 11], "rotation": 90, "texture": "#2"},
				"down": {"uv": [12, 7, 15, 11], "rotation": 90, "texture": "#2"}
			}
		},
		{
			"name": "octagon",
			"from": [6.13282, 0.5, 3.49222],
			"to": [9.86718, 1, 12.50778],
			"rotation": {"angle": 22.5, "axis": "y", "origin": [8, 1, 8]},
			"faces": {
				"north": {"uv": [5, 1, 8, 5], "rotation": 90, "texture": "#2"},
				"east": {"uv": [5, 1, 8, 5], "rotation": 90, "texture": "#2"},
				"south": {"uv": [5, 1, 8, 5], "rotation": 90, "texture": "#2"},
				"west": {"uv": [5, 1, 8, 5], "rotation": 90, "texture": "#2"},
				"up": {"uv": [12, 7, 15, 11], "rotation": 90, "texture": "#2"},
				"down": {"uv": [12, 7, 15, 11], "rotation": 90, "texture": "#2"}
			}
		},
		{
			"name": "octagon",
			"from": [6.13282, 0.5, 3.49222],
			"to": [9.86718, 1, 12.50778],
			"rotation": {"angle": -22.5, "axis": "y", "origin": [8, 1, 8]},
			"faces": {
				"north": {"uv": [5, 1, 8, 5], "rotation": 90, "texture": "#2"},
				"east": {"uv": [5, 1, 8, 5], "rotation": 90, "texture": "#2"},
				"south": {"uv": [5, 1, 8, 5], "rotation": 90, "texture": "#2"},
				"west": {"uv": [5, 1, 8, 5], "rotation": 90, "texture": "#2"},
				"up": {"uv": [12, 7, 15, 11], "rotation": 90, "texture": "#2"},
				"down": {"uv": [12, 7, 15, 11], "rotation": 90, "texture": "#2"}
			}
		},
		{
			"name": "octagon",
			"from": [3.49222, 0.5, 6.13282],
			"to": [12.50778, 1, 9.86718],
			"rotation": {"angle": 22.5, "axis": "y", "origin": [8, 1, 8]},
			"faces": {
				"north": {"uv": [5, 1, 8, 5], "rotation": 90, "texture": "#2"},
				"east": {"uv": [5, 1, 8, 5], "rotation": 90, "texture": "#2"},
				"south": {"uv": [5, 1, 8, 5], "rotation": 90, "texture": "#2"},
				"west": {"uv": [5, 1, 8, 5], "rotation": 90, "texture": "#2"},
				"up": {"uv": [12, 7, 15, 11], "rotation": 90, "texture": "#2"},
				"down": {"uv": [12, 7, 15, 11], "rotation": 90, "texture": "#2"}
			}
		},
		{
			"name": "octagon",
			"from": [3.49222, 0.5, 6.13282],
			"to": [12.50778, 1, 9.86718],
			"rotation": {"angle": -22.5, "axis": "y", "origin": [8, 1, 8]},
			"faces": {
				"north": {"uv": [5, 1, 8, 5], "rotation": 90, "texture": "#2"},
				"east": {"uv": [5, 1, 8, 5], "rotation": 90, "texture": "#2"},
				"south": {"uv": [5, 1, 8, 5], "rotation": 90, "texture": "#2"},
				"west": {"uv": [5, 1, 8, 5], "rotation": 90, "texture": "#2"},
				"up": {"uv": [12, 7, 15, 11], "rotation": 90, "texture": "#2"},
				"down": {"uv": [12, 7, 15, 11], "rotation": 90, "texture": "#2"}
			}
		},
		{
			"name": "octagon",
			"from": [5.82886, 0, 2.7584],
			"to": [10.17114, 0.5, 13.2416],
			"rotation": {"angle": 22.5, "axis": "y", "origin": [8, 0.5, 8]},
			"faces": {
				"north": {"uv": [7, 1, 10, 5], "rotation": 90, "texture": "#2"},
				"east": {"uv": [7, 1, 10, 5], "rotation": 90, "texture": "#2"},
				"south": {"uv": [7, 1, 10, 5], "rotation": 90, "texture": "#2"},
				"west": {"uv": [7, 1, 10, 5], "rotation": 90, "texture": "#2"},
				"up": {"uv": [12, 7, 15, 11], "rotation": 90, "texture": "#2"},
				"down": {"uv": [12, 7, 15, 11], "rotation": 90, "texture": "#2"}
			}
		},
		{
			"name": "octagon",
			"from": [5.82886, 0, 2.7584],
			"to": [10.17114, 0.5, 13.2416],
			"rotation": {"angle": -22.5, "axis": "y", "origin": [8, 0.5, 8]},
			"faces": {
				"north": {"uv": [7, 1, 10, 5], "rotation": 90, "texture": "#2"},
				"east": {"uv": [7, 1, 10, 5], "rotation": 90, "texture": "#2"},
				"south": {"uv": [7, 1, 10, 5], "rotation": 90, "texture": "#2"},
				"west": {"uv": [7, 1, 10, 5], "rotation": 90, "texture": "#2"},
				"up": {"uv": [12, 7, 15, 11], "rotation": 90, "texture": "#2"},
				"down": {"uv": [12, 7, 15, 11], "rotation": 90, "texture": "#2"}
			}
		},
		{
			"name": "octagon",
			"from": [2.7584, 0, 5.82886],
			"to": [13.2416, 0.5, 10.17114],
			"rotation": {"angle": 22.5, "axis": "y", "origin": [8, 0.5, 8]},
			"faces": {
				"north": {"uv": [7, 1, 10, 5], "rotation": 90, "texture": "#2"},
				"east": {"uv": [7, 1, 10, 5], "rotation": 90, "texture": "#2"},
				"south": {"uv": [7, 1, 10, 5], "rotation": 90, "texture": "#2"},
				"west": {"uv": [7, 1, 10, 5], "rotation": 90, "texture": "#2"},
				"up": {"uv": [12, 7, 15, 11], "rotation": 90, "texture": "#2"},
				"down": {"uv": [12, 7, 15, 11], "rotation": 90, "texture": "#2"}
			}
		},
		{
			"name": "octagon",
			"from": [2.7584, 0, 5.82886],
			"to": [13.2416, 0.5, 10.17114],
			"rotation": {"angle": -22.5, "axis": "y", "origin": [8, 0.5, 8]},
			"faces": {
				"north": {"uv": [7, 1, 10, 5], "rotation": 90, "texture": "#2"},
				"east": {"uv": [7, 1, 10, 5], "rotation": 90, "texture": "#2"},
				"south": {"uv": [7, 1, 10, 5], "rotation": 90, "texture": "#2"},
				"west": {"uv": [7, 1, 10, 5], "rotation": 90, "texture": "#2"},
				"up": {"uv": [12, 7, 15, 11], "rotation": 90, "texture": "#2"},
				"down": {"uv": [12, 7, 15, 11], "rotation": 90, "texture": "#2"}
			}
		},
		{
			"from": [14.5, 6.35, 9.75],
			"to": [15.5, 7.35, 10.75],
			"rotation": {"angle": -22.5, "axis": "y", "origin": [15, 6.5, 10.5]},
			"faces": {
				"north": {"uv": [4, 12, 6, 11], "rotation": 90, "texture": "#2"},
				"east": {"uv": [4, 12, 6, 11], "rotation": 90, "texture": "#2"},
				"south": {"uv": [4, 12, 6, 11], "rotation": 90, "texture": "#2"},
				"west": {"uv": [4, 12, 6, 11], "rotation": 90, "texture": "#2"},
				"up": {"uv": [4, 12, 6, 11], "rotation": 90, "texture": "#2"},
				"down": {"uv": [4, 12, 6, 11], "rotation": 90, "texture": "#2"}
			}
		},
		{
			"from": [14.5, 6.35, 5.75],
			"to": [15.5, 7.35, 6.75],
			"rotation": {"angle": 22.5, "axis": "y", "origin": [15, 6.5, 5.5]},
			"faces": {
				"north": {"uv": [4, 12, 6, 11], "rotation": 90, "texture": "#2"},
				"east": {"uv": [4, 12, 6, 11], "rotation": 90, "texture": "#2"},
				"south": {"uv": [4, 12, 6, 11], "rotation": 90, "texture": "#2"},
				"west": {"uv": [4, 12, 6, 11], "rotation": 90, "texture": "#2"},
				"up": {"uv": [4, 12, 6, 11], "rotation": 90, "texture": "#2"},
				"down": {"uv": [4, 12, 6, 11], "rotation": 90, "texture": "#2"}
			}
		},
		{
			"from": [15.4, 6.55, 5.75],
			"to": [16.9, 7.15, 6.25],
			"rotation": {"angle": 0, "axis": "y", "origin": [15, 6.5, 10.5]},
			"faces": {
				"north": {"uv": [1, 3, 9, 4], "rotation": 90, "texture": "#2"},
				"east": {"uv": [1, 3, 9, 4], "rotation": 90, "texture": "#2"},
				"south": {"uv": [1, 3, 9, 4], "rotation": 90, "texture": "#2"},
				"west": {"uv": [1, 3, 9, 4], "rotation": 90, "texture": "#2"},
				"up": {"uv": [1, 3, 9, 4], "rotation": 90, "texture": "#2"},
				"down": {"uv": [1, 3, 9, 4], "rotation": 270, "texture": "#2"}
			}
		},
		{
			"from": [16.6085, 6.55, 7.59819],
			"to": [17.1085, 7.15, 9.09819],
			"rotation": {"angle": 22.5, "axis": "y", "origin": [12.3585, 6.5, 7.19819]},
			"faces": {
				"north": {"uv": [1, 3, 9, 4], "rotation": 90, "texture": "#2"},
				"east": {"uv": [1, 3, 9, 4], "rotation": 90, "texture": "#2"},
				"south": {"uv": [1, 3, 9, 4], "rotation": 90, "texture": "#2"},
				"west": {"uv": [1, 3, 9, 4], "rotation": 90, "texture": "#2"},
				"up": {"uv": [1, 3, 9, 4], "rotation": 180, "texture": "#2"},
				"down": {"uv": [1, 3, 9, 4], "rotation": 180, "texture": "#2"}
			}
		},
		{
			"from": [16.97403, 6.55, 7.13582],
			"to": [17.47403, 7.15, 9.26418],
			"rotation": {"angle": 0, "axis": "y", "origin": [17.22403, 6.85, 8.51418]},
			"faces": {
				"north": {"uv": [1, 3, 9, 4], "rotation": 90, "texture": "#2"},
				"east": {"uv": [1, 3, 9, 4], "rotation": 90, "texture": "#2"},
				"south": {"uv": [1, 3, 9, 4], "rotation": 90, "texture": "#2"},
				"west": {"uv": [1, 3, 9, 4], "rotation": 90, "texture": "#2"},
				"up": {"uv": [1, 3, 9, 4], "rotation": 180, "texture": "#2"},
				"down": {"uv": [1, 3, 9, 4], "rotation": 180, "texture": "#2"}
			}
		},
		{
			"from": [16.70604, 6.55, 9.11142],
			"to": [17.20604, 7.15, 10.61142],
			"rotation": {"angle": -22.5, "axis": "y", "origin": [16.95604, 6.85, 9.86142]},
			"faces": {
				"north": {"uv": [1, 3, 9, 4], "rotation": 90, "texture": "#2"},
				"east": {"uv": [1, 3, 9, 4], "rotation": 90, "texture": "#2"},
				"south": {"uv": [1, 3, 9, 4], "rotation": 90, "texture": "#2"},
				"west": {"uv": [1, 3, 9, 4], "rotation": 90, "texture": "#2"},
				"up": {"uv": [1, 3, 9, 4], "rotation": 180, "texture": "#2"},
				"down": {"uv": [1, 3, 9, 4], "rotation": 180, "texture": "#2"}
			}
		},
		{
			"from": [15.4, 6.55, 10.15],
			"to": [16.9, 7.15, 10.65],
			"rotation": {"angle": 0, "axis": "y", "origin": [15, 6.5, 10.5]},
			"faces": {
				"north": {"uv": [1, 3, 9, 4], "rotation": 90, "texture": "#2"},
				"east": {"uv": [1, 3, 9, 4], "rotation": 90, "texture": "#2"},
				"south": {"uv": [1, 3, 9, 4], "rotation": 90, "texture": "#2"},
				"west": {"uv": [1, 3, 9, 4], "rotation": 90, "texture": "#2"},
				"up": {"uv": [1, 3, 9, 4], "rotation": 270, "texture": "#2"},
				"down": {"uv": [1, 3, 9, 4], "rotation": 90, "texture": "#2"}
			}
		},
		{
			"from": [2.15, 5.1, 4.25],
			"to": [2.65, 9.4, 5.25],
			"rotation": {"angle": 45, "axis": "z", "origin": [1.55475, 9.50021, 4.75]},
			"faces": {
				"north": {"uv": [2, 7, 10, 8], "rotation": 90, "texture": "#2"},
				"east": {"uv": [2, 7, 10, 8], "rotation": 90, "texture": "#2"},
				"south": {"uv": [2, 7, 10, 8], "rotation": 90, "texture": "#2"},
				"west": {"uv": [2, 7, 10, 8], "rotation": 90, "texture": "#2"},
				"up": {"uv": [2, 7, 10, 8], "rotation": 90, "texture": "#2"},
				"down": {"uv": [2, 7, 10, 8], "rotation": 90, "texture": "#2"}
			}
		},
		{
			"from": [1.06646, 9.97374, 4.25],
			"to": [2.06646, 10.47374, 5.25],
			"rotation": {"angle": -22.5, "axis": "z", "origin": [1.55475, 9.50021, 4.75]},
			"faces": {
				"north": {"uv": [5, 7, 7, 8], "rotation": 90, "texture": "#2"},
				"east": {"uv": [5, 7, 7, 8], "rotation": 90, "texture": "#2"},
				"south": {"uv": [5, 7, 7, 8], "rotation": 90, "texture": "#2"},
				"west": {"uv": [5, 7, 7, 8], "rotation": 90, "texture": "#2"},
				"up": {"uv": [5, 7, 7, 8], "rotation": 90, "texture": "#2"},
				"down": {"uv": [5, 7, 7, 8], "rotation": 90, "texture": "#2"}
			}
		},
		{
			"from": [0.19076, 8.82676, 4.25],
			"to": [0.69076, 9.82676, 5.25],
			"rotation": {"angle": 22.5, "axis": "z", "origin": [1.55475, 9.50021, 4.75]},
			"faces": {
				"north": {"uv": [2, 7, 4, 8], "rotation": 90, "texture": "#2"},
				"east": {"uv": [2, 7, 4, 8], "rotation": 90, "texture": "#2"},
				"south": {"uv": [2, 7, 4, 8], "rotation": 90, "texture": "#2"},
				"west": {"uv": [2, 7, 4, 8], "rotation": 90, "texture": "#2"},
				"up": {"uv": [2, 7, 4, 8], "rotation": 90, "texture": "#2"},
				"down": {"uv": [2, 7, 4, 8], "rotation": 90, "texture": "#2"}
			}
		},
		{
			"from": [0.89787, 10.03387, 4.25],
			"to": [1.89787, 10.53387, 5.25],
			"rotation": {"angle": 22.5, "axis": "z", "origin": [1.55475, 9.50021, 4.75]},
			"faces": {
				"north": {"uv": [7, 7, 9, 8], "rotation": 90, "texture": "#2"},
				"east": {"uv": [7, 7, 9, 8], "rotation": 90, "texture": "#2"},
				"south": {"uv": [7, 7, 9, 8], "rotation": 90, "texture": "#2"},
				"west": {"uv": [7, 7, 9, 8], "rotation": 90, "texture": "#2"},
				"up": {"uv": [7, 7, 9, 8], "rotation": 90, "texture": "#2"},
				"down": {"uv": [7, 7, 9, 8], "rotation": 90, "texture": "#2"}
			}
		},
		{
			"from": [0.35936, 8.76663, 4.25],
			"to": [0.85936, 9.76663, 5.25],
			"rotation": {"angle": -22.5, "axis": "z", "origin": [1.55475, 9.50021, 4.75]},
			"faces": {
				"north": {"uv": [4, 8, 6, 9], "rotation": 90, "texture": "#2"},
				"east": {"uv": [4, 8, 6, 9], "rotation": 90, "texture": "#2"},
				"south": {"uv": [4, 8, 6, 9], "rotation": 90, "texture": "#2"},
				"west": {"uv": [4, 8, 6, 9], "rotation": 90, "texture": "#2"},
				"up": {"uv": [4, 8, 6, 9], "rotation": 90, "texture": "#2"},
				"down": {"uv": [4, 8, 6, 9], "rotation": 90, "texture": "#2"}
			}
		},
		{
			"from": [0.5, 6.35, 9.75],
			"to": [1.5, 7.35, 10.75],
			"rotation": {"angle": 22.5, "axis": "y", "origin": [1, 6.5, 10.5]},
			"faces": {
				"north": {"uv": [4, 12, 6, 11], "rotation": 90, "texture": "#2"},
				"east": {"uv": [4, 12, 6, 11], "rotation": 90, "texture": "#2"},
				"south": {"uv": [4, 12, 6, 11], "rotation": 90, "texture": "#2"},
				"west": {"uv": [4, 12, 6, 11], "rotation": 90, "texture": "#2"},
				"up": {"uv": [4, 12, 6, 11], "rotation": 90, "texture": "#2"},
				"down": {"uv": [4, 12, 6, 11], "rotation": 90, "texture": "#2"}
			}
		},
		{
			"from": [0.5, 6.35, 5.75],
			"to": [1.5, 7.35, 6.75],
			"rotation": {"angle": -22.5, "axis": "y", "origin": [1, 6.5, 5.5]},
			"faces": {
				"north": {"uv": [4, 12, 6, 11], "rotation": 90, "texture": "#2"},
				"east": {"uv": [4, 12, 6, 11], "rotation": 90, "texture": "#2"},
				"south": {"uv": [4, 12, 6, 11], "rotation": 90, "texture": "#2"},
				"west": {"uv": [4, 12, 6, 11], "rotation": 90, "texture": "#2"},
				"up": {"uv": [4, 12, 6, 11], "rotation": 90, "texture": "#2"},
				"down": {"uv": [4, 12, 6, 11], "rotation": 90, "texture": "#2"}
			}
		},
		{
			"from": [-0.9, 6.55, 5.75],
			"to": [0.6, 7.15, 6.25],
			"rotation": {"angle": 0, "axis": "y", "origin": [1, 6.5, 10.5]},
			"faces": {
				"north": {"uv": [1, 4, 9, 3], "rotation": 90, "texture": "#2"},
				"east": {"uv": [1, 4, 9, 3], "rotation": 90, "texture": "#2"},
				"south": {"uv": [1, 4, 9, 3], "rotation": 90, "texture": "#2"},
				"west": {"uv": [1, 4, 9, 3], "rotation": 90, "texture": "#2"},
				"up": {"uv": [1, 4, 9, 3], "rotation": 90, "texture": "#2"},
				"down": {"uv": [1, 4, 9, 3], "rotation": 270, "texture": "#2"}
			}
		},
		{
			"from": [-1.1085, 6.55, 7.59819],
			"to": [-0.6085, 7.15, 9.09819],
			"rotation": {"angle": -22.5, "axis": "y", "origin": [3.6415, 6.5, 7.19819]},
			"faces": {
				"north": {"uv": [1, 4, 9, 3], "rotation": 90, "texture": "#2"},
				"east": {"uv": [1, 4, 9, 3], "rotation": 90, "texture": "#2"},
				"south": {"uv": [1, 4, 9, 3], "rotation": 90, "texture": "#2"},
				"west": {"uv": [1, 4, 9, 3], "rotation": 90, "texture": "#2"},
				"up": {"uv": [9, 3, 1, 4], "rotation": 180, "texture": "#2"},
				"down": {"uv": [9, 3, 1, 4], "rotation": 180, "texture": "#2"}
			}
		},
		{
			"from": [-1.47403, 6.55, 7.13582],
			"to": [-0.97403, 7.15, 9.26418],
			"rotation": {"angle": 0, "axis": "y", "origin": [-1.22403, 6.85, 8.51418]},
			"faces": {
				"north": {"uv": [1, 4, 9, 3], "rotation": 90, "texture": "#2"},
				"east": {"uv": [1, 4, 9, 3], "rotation": 90, "texture": "#2"},
				"south": {"uv": [1, 4, 9, 3], "rotation": 90, "texture": "#2"},
				"west": {"uv": [1, 4, 9, 3], "rotation": 90, "texture": "#2"},
				"up": {"uv": [9, 3, 1, 4], "rotation": 180, "texture": "#2"},
				"down": {"uv": [9, 3, 1, 4], "rotation": 180, "texture": "#2"}
			}
		},
		{
			"from": [-1.20604, 6.55, 9.11142],
			"to": [-0.70604, 7.15, 10.61142],
			"rotation": {"angle": 22.5, "axis": "y", "origin": [-0.95604, 6.85, 9.86142]},
			"faces": {
				"north": {"uv": [1, 4, 9, 3], "rotation": 90, "texture": "#2"},
				"east": {"uv": [1, 4, 9, 3], "rotation": 90, "texture": "#2"},
				"south": {"uv": [1, 4, 9, 3], "rotation": 90, "texture": "#2"},
				"west": {"uv": [1, 4, 9, 3], "rotation": 90, "texture": "#2"},
				"up": {"uv": [9, 3, 1, 4], "rotation": 180, "texture": "#2"},
				"down": {"uv": [9, 3, 1, 4], "rotation": 180, "texture": "#2"}
			}
		},
		{
			"from": [-0.9, 6.55, 10.15],
			"to": [0.6, 7.15, 10.65],
			"rotation": {"angle": 0, "axis": "y", "origin": [1, 6.5, 10.5]},
			"faces": {
				"north": {"uv": [1, 4, 9, 3], "rotation": 90, "texture": "#2"},
				"east": {"uv": [1, 4, 9, 3], "rotation": 90, "texture": "#2"},
				"south": {"uv": [1, 4, 9, 3], "rotation": 90, "texture": "#2"},
				"west": {"uv": [1, 4, 9, 3], "rotation": 90, "texture": "#2"},
				"up": {"uv": [1, 4, 9, 3], "rotation": 270, "texture": "#2"},
				"down": {"uv": [1, 4, 9, 3], "rotation": 90, "texture": "#2"}
			}
		}
	],
	"display": {
		"thirdperson_righthand": {
			"rotation": [75, -1, 0],
			"translation": [-5.5, 1.25, 1],
			"scale": [0.5625, 0.5625, 0.5625]
		},
		"thirdperson_lefthand": {
			"rotation": [75, -1, 0],
			"translation": [-5.5, 1.25, 1],
			"scale": [0.5625, 0.5625, 0.5625]
		},
		"firstperson_righthand": {
			"rotation": [16.5, -41.25, 10],
			"translation": [0.5, 3.25, 0],
			"scale": [0.36484, 0.36484, 0.36484]
		},
		"firstperson_lefthand": {
			"rotation": [16.5, -41.25, 10],
			"translation": [0.5, 3.25, 0],
			"scale": [0.36484, 0.36484, 0.36484]
		},
		"ground": {
			"translation": [0, 1.75, 0],
			"scale": [0.7, 0.7, 0.7]
		},
		"gui": {
			"rotation": [30, 225, 0],
			"translation": [0, 2, 0],
			"scale": [0.79688, 0.79688, 0.79688]
		},
		"head": {
			"translation": [0, 15.25, 0]
		},
		"fixed": {
			"rotation": [-90, 0, 0],
			"translation": [0, 0, -15],
			"scale": [2, 2, 2]
		}
	},
	"groups": [
		{
			"name": "Bowl",
			"origin": [8, 8, 8],
			"children": [
				{
					"name": "octagon",
					"origin": [8, 8, 8],
					"children": [0, 1, 2, 3, 4, 5, 6, 7]
				},
				{
					"name": "octagon",
					"origin": [8, 8, 8],
					"children": [8, 9, 10, 11, 12, 13, 14, 15]
				},
				{
					"name": "octagon",
					"origin": [8, 8, 8],
					"children": [16, 17, 18, 19]
				},
				{
					"name": "octagon",
					"origin": [8, 8, 8],
					"children": [20, 21, 22, 23]
				},
				{
					"name": "octagon",
					"origin": [8, 8, 8],
					"children": [24, 25, 26, 27, 28]
				},
				{
					"name": "octagon",
					"origin": [8, 8, 8],
					"children": [29, 30, 31, 32]
				},
				{
					"name": "octagon",
					"origin": [8, 8, 8],
					"children": [33, 34, 35, 36]
				},
				{
					"name": "octagon",
					"origin": [8, 8, 8],
					"children": [37, 38, 39, 40]
				},
				{
					"name": "octagon",
					"origin": [8, 8, 8],
					"children": [41, 42, 43, 44]
				},
				{
					"name": "octagon",
					"origin": [8, 8, 8],
					"children": [45, 46, 47, 48]
				}
			]
		},
		{
			"name": "Handle",
			"origin": [1, 6.5, 10.5],
			"children": [49, 50, 51, 52, 53, 54, 55]
		},
		{
			"name": "Ladle",
			"origin": [2.05475, 9.00021, 4.75],
			"children": [56, 57, 58, 59, 60]
		},
		{
			"name": "Handle",
			"origin": [1, 6.5, 10.5],
			"children": [61, 62, 63, 64, 65, 66, 67]
		}
	]
}