{
	"credit": "Made with Blockbench",
	"textures": {
		"0": "block/candybars",
		"1": "block/MizunoArchive/rainbow_wool",
		"2": "block/MizunoArchive/light_gray_concrete_powder",
		"particle": "block/candybars"
	},
	"elements": [
		{
			"from": [3.70625, 0, 5.99651],
			"to": [7.70625, 0.75, 9.99651],
			"rotation": {"angle": 0, "axis": "y", "origin": [8, 0.59107, 8]},
			"faces": {
				"north": {"uv": [14.667, 6.4, 15.666, 9.599], "texture": "#0"},
				"east": {"uv": [0, 0, 7, 5], "texture": "#2"},
				"south": {"uv": [14.667, 6.4, 15.666, 9.599], "texture": "#0"},
				"west": {"uv": [14.667, 6.4, 15.666, 9.599], "texture": "#0"},
				"up": {"uv": [7.867, 6.4, 11.667, 9.599], "texture": "#0"},
				"down": {"uv": [7.867, 9.6, 11.667, 12.799], "texture": "#0"}
			}
		},
		{
			"from": [3.28748, 0.375, 6.09593],
			"to": [4.28748, 0.425, 9.89593],
			"rotation": {"angle": 0, "axis": "y", "origin": [8, 0.59107, 8]},
			"faces": {
				"north": {"uv": [0, 0, 0.5, 0.05], "texture": "#2"},
				"east": {"uv": [6.667, 0, 7.666, 3.199], "texture": "#2"},
				"south": {"uv": [0, 0, 0.5, 0.05], "texture": "#2"},
				"west": {"uv": [0, 0, 13, 1], "texture": "#2"},
				"up": {"uv": [0, 0, 13, 2], "rotation": 90, "texture": "#2"},
				"down": {"uv": [0, 0, 13, 2], "rotation": 90, "texture": "#2"}
			}
		},
		{
			"from": [7.70625, -0.025, 5.89651],
			"to": [7.90625, 0.85, 10.09651],
			"rotation": {"angle": 0, "axis": "y", "origin": [8, 0.59107, 8]},
			"faces": {
				"north": {"uv": [0, 0, 1, 5], "texture": "#2"},
				"east": {"uv": [0, 0, 7, 5], "texture": "#2"},
				"south": {"uv": [0, 0, 1, 5], "texture": "#2"},
				"west": {"uv": [6.667, 0, 7.666, 3.199], "texture": "#2"},
				"up": {"uv": [0, 0, 7, 1], "rotation": 90, "texture": "#2"},
				"down": {"uv": [0, 0, 7, 1], "rotation": 90, "texture": "#2"}
			}
		},
		{
			"from": [7.5, 0, 6.6],
			"to": [8.5, 0.4, 7.4],
			"rotation": {"angle": 22.5, "axis": "y", "origin": [8, 0.3125, 7]},
			"faces": {
				"north": {"uv": [0, 0, 1, 0.4], "texture": "#1"},
				"east": {"uv": [0, 0, 1, 0.4], "texture": "#1"},
				"south": {"uv": [0, 0, 1, 0.4], "texture": "#1"},
				"west": {"uv": [0, 0, 1, 0.4], "texture": "#1"},
				"up": {"uv": [0, 0, 1, 1], "texture": "#1"},
				"down": {"uv": [0, 0, 1, 1], "texture": "#1"}
			}
		},
		{
			"from": [7.6, 0, 6.5],
			"to": [8.4, 0.4, 7.5],
			"rotation": {"angle": 22.5, "axis": "y", "origin": [8, 0.3125, 7]},
			"faces": {
				"north": {"uv": [0, 0, 1, 0.4], "texture": "#1"},
				"east": {"uv": [0, 0, 1, 0.4], "texture": "#1"},
				"south": {"uv": [0, 0, 1, 0.4], "texture": "#1"},
				"west": {"uv": [0, 0, 1, 0.4], "texture": "#1"},
				"up": {"uv": [0, 0, 1, 1], "texture": "#1"},
				"down": {"uv": [0, 0, 1, 1], "texture": "#1"}
			}
		},
		{
			"from": [7.6, 0.425, 6.6],
			"to": [8.4, 0.425, 7.4],
			"rotation": {"angle": 22.5, "axis": "y", "origin": [8, 0.3125, 7]},
			"faces": {
				"north": {"uv": [0, 0, 1, 0], "texture": "#0"},
				"east": {"uv": [0, 0, 1, 0], "texture": "#0"},
				"south": {"uv": [0, 0, 1, 0], "texture": "#0"},
				"west": {"uv": [0, 0, 1, 0], "texture": "#0"},
				"up": {"uv": [8, 12.934, 11, 15.934], "texture": "#0"},
				"down": {"uv": [0, 0, 1, 1], "texture": "#0"}
			}
		},
		{
			"from": [7.75, 0, 7.85],
			"to": [8.75, 0.4, 8.65],
			"rotation": {"angle": 22.5, "axis": "y", "origin": [9.75, 0.3125, 9]},
			"faces": {
				"north": {"uv": [2, 1, 3, 1.4], "texture": "#1"},
				"east": {"uv": [2, 1, 3, 1.4], "texture": "#1"},
				"south": {"uv": [2, 1, 3, 1.4], "texture": "#1"},
				"west": {"uv": [2, 1, 3, 1.4], "texture": "#1"},
				"up": {"uv": [2, 1, 3, 1.4], "rotation": 90, "texture": "#1"},
				"down": {"uv": [2, 1, 3, 1.4], "rotation": 270, "texture": "#1"}
			}
		},
		{
			"from": [7.85, 0, 7.75],
			"to": [8.65, 0.4, 8.75],
			"rotation": {"angle": 22.5, "axis": "y", "origin": [9.75, 0.3125, 9]},
			"faces": {
				"north": {"uv": [2, 1, 3, 1.4], "texture": "#1"},
				"east": {"uv": [2, 1, 3, 1.4], "texture": "#1"},
				"south": {"uv": [2, 1, 3, 1.4], "texture": "#1"},
				"west": {"uv": [2, 1, 3, 1.4], "texture": "#1"},
				"up": {"uv": [2, 1, 3, 1.4], "rotation": 90, "texture": "#1"},
				"down": {"uv": [2, 1, 3, 1.4], "rotation": 270, "texture": "#1"}
			}
		},
		{
			"from": [7.85, 0.425, 7.85],
			"to": [8.65, 0.425, 8.65],
			"rotation": {"angle": 22.5, "axis": "y", "origin": [9.75, 0.3125, 9]},
			"faces": {
				"north": {"uv": [0, 0, 1, 0], "texture": "#0"},
				"east": {"uv": [0, 0, 1, 0], "texture": "#0"},
				"south": {"uv": [0, 0, 1, 0], "texture": "#0"},
				"west": {"uv": [0, 0, 1, 0], "texture": "#0"},
				"up": {"uv": [8, 12.934, 11, 15.934], "rotation": 90, "texture": "#0"},
				"down": {"uv": [0, 0, 1, 1], "rotation": 270, "texture": "#0"}
			}
		},
		{
			"from": [9.1, 0, 7.5],
			"to": [9.9, 0.4, 8.5],
			"rotation": {"angle": -22.5, "axis": "y", "origin": [9.5, 0.3125, 8]},
			"faces": {
				"north": {"uv": [4, 0, 5, 0.4], "texture": "#1"},
				"east": {"uv": [4, 0, 5, 0.4], "texture": "#1"},
				"south": {"uv": [4, 0, 5, 0.4], "texture": "#1"},
				"west": {"uv": [4, 0, 5, 0.4], "texture": "#1"},
				"up": {"uv": [4, 0, 5, 0.4], "texture": "#1"},
				"down": {"uv": [4, 0, 5, 0.4], "texture": "#1"}
			}
		},
		{
			"from": [9, 0, 7.6],
			"to": [10, 0.4, 8.4],
			"rotation": {"angle": -22.5, "axis": "y", "origin": [9.5, 0.3125, 8]},
			"faces": {
				"north": {"uv": [4, 0, 5, 0.4], "texture": "#1"},
				"east": {"uv": [4, 0, 5, 0.4], "texture": "#1"},
				"south": {"uv": [4, 0, 5, 0.4], "texture": "#1"},
				"west": {"uv": [4, 0, 5, 0.4], "texture": "#1"},
				"up": {"uv": [4, 0, 5, 0.4], "texture": "#1"},
				"down": {"uv": [4, 0, 5, 0.4], "texture": "#1"}
			}
		},
		{
			"from": [9.1, 0.425, 7.6],
			"to": [9.9, 0.425, 8.4],
			"rotation": {"angle": -22.5, "axis": "y", "origin": [9.5, 0.3125, 8]},
			"faces": {
				"north": {"uv": [4, 0, 5, 0.4], "texture": "#0"},
				"east": {"uv": [0, 0, 1, 0], "texture": "#0"},
				"south": {"uv": [0, 0, 1, 0], "texture": "#0"},
				"west": {"uv": [0, 0, 1, 0], "texture": "#0"},
				"up": {"uv": [8, 12.934, 11, 15.934], "texture": "#0"},
				"down": {"uv": [0, 0, 1, 1], "texture": "#0"}
			}
		},
		{
			"from": [10, 0, 9.6],
			"to": [11, 0.4, 10.4],
			"rotation": {"angle": 0, "axis": "y", "origin": [8.75, 8, 11]},
			"faces": {
				"north": {"uv": [6, 0, 7, 0.4], "texture": "#1"},
				"east": {"uv": [6, 0, 7, 0.4], "texture": "#1"},
				"south": {"uv": [6, 0, 7, 0.4], "texture": "#1"},
				"west": {"uv": [6, 0, 7, 0.4], "texture": "#1"},
				"up": {"uv": [6, 0, 7, 0.4], "texture": "#1"},
				"down": {"uv": [6, 0, 7, 0.4], "texture": "#1"}
			}
		},
		{
			"from": [10.1, 0, 9.5],
			"to": [10.9, 0.4, 10.5],
			"rotation": {"angle": 0, "axis": "y", "origin": [8.75, 8, 11]},
			"faces": {
				"north": {"uv": [6, 0, 7, 0.4], "texture": "#1"},
				"east": {"uv": [6, 0, 7, 0.4], "texture": "#1"},
				"south": {"uv": [6, 0, 7, 0.4], "texture": "#1"},
				"west": {"uv": [6, 0, 7, 0.4], "texture": "#1"},
				"up": {"uv": [6, 0, 7, 0.4], "texture": "#1"},
				"down": {"uv": [6, 0, 7, 0.4], "texture": "#1"}
			}
		},
		{
			"from": [10.1, 0.425, 9.6],
			"to": [10.9, 0.425, 10.4],
			"rotation": {"angle": 0, "axis": "y", "origin": [8.75, 8, 11]},
			"faces": {
				"north": {"uv": [4, 0, 5, 0.4], "texture": "#0"},
				"east": {"uv": [0, 0, 1, 0], "texture": "#0"},
				"south": {"uv": [0, 0, 1, 0], "texture": "#0"},
				"west": {"uv": [0, 0, 1, 0], "texture": "#0"},
				"up": {"uv": [8, 12.934, 11, 15.934], "texture": "#0"},
				"down": {"uv": [0, 0, 1, 1], "texture": "#0"}
			}
		},
		{
			"from": [11.75, 0, 8.85],
			"to": [12.75, 0.4, 9.65],
			"rotation": {"angle": -22.5, "axis": "y", "origin": [13.75, 0.3125, 7]},
			"faces": {
				"north": {"uv": [8, 0, 9, 0.4], "texture": "#1"},
				"east": {"uv": [8, 0, 9, 0.4], "texture": "#1"},
				"south": {"uv": [8, 0, 9, 0.4], "texture": "#1"},
				"west": {"uv": [8, 0, 9, 0.4], "texture": "#1"},
				"up": {"uv": [8, 0, 9, 0.4], "rotation": 270, "texture": "#1"},
				"down": {"uv": [8, 0, 9, 0.4], "rotation": 90, "texture": "#1"}
			}
		},
		{
			"from": [11.85, 0, 8.75],
			"to": [12.65, 0.4, 9.75],
			"rotation": {"angle": -22.5, "axis": "y", "origin": [13.75, 0.3125, 7]},
			"faces": {
				"north": {"uv": [8, 0, 9, 0.4], "texture": "#1"},
				"east": {"uv": [8, 0, 9, 0.4], "texture": "#1"},
				"south": {"uv": [8, 0, 9, 0.4], "texture": "#1"},
				"west": {"uv": [8, 0, 9, 0.4], "texture": "#1"},
				"up": {"uv": [8, 0, 9, 0.4], "rotation": 270, "texture": "#1"},
				"down": {"uv": [8, 0, 9, 0.4], "rotation": 90, "texture": "#1"}
			}
		},
		{
			"from": [11.85, 0.425, 8.85],
			"to": [12.65, 0.425, 9.65],
			"rotation": {"angle": -22.5, "axis": "y", "origin": [13.75, 0.3125, 7]},
			"faces": {
				"north": {"uv": [0, 0, 1, 0], "texture": "#0"},
				"east": {"uv": [0, 0, 1, 0], "texture": "#0"},
				"south": {"uv": [0, 0, 1, 0], "texture": "#0"},
				"west": {"uv": [4, 0, 5, 0.4], "texture": "#0"},
				"up": {"uv": [8, 12.934, 11, 15.934], "rotation": 270, "texture": "#0"},
				"down": {"uv": [0, 0, 1, 1], "rotation": 90, "texture": "#0"}
			}
		},
		{
			"from": [11.35, 0, 5.25],
			"to": [12.15, 0.4, 6.25],
			"rotation": {"angle": 22.5, "axis": "y", "origin": [13.75, 0.3125, 9]},
			"faces": {
				"north": {"uv": [13, 0, 14, 0.4], "texture": "#1"},
				"east": {"uv": [13, 0, 14, 0.4], "texture": "#1"},
				"south": {"uv": [13, 0, 14, 0.4], "texture": "#1"},
				"west": {"uv": [13, 0, 14, 0.4], "texture": "#1"},
				"up": {"uv": [13, 0, 14, 0.4], "rotation": 90, "texture": "#1"},
				"down": {"uv": [13, 0, 14, 0.4], "rotation": 270, "texture": "#1"}
			}
		},
		{
			"from": [11.25, 0, 5.35],
			"to": [12.25, 0.4, 6.15],
			"rotation": {"angle": 22.5, "axis": "y", "origin": [13.75, 0.3125, 9]},
			"faces": {
				"north": {"uv": [13, 0, 14, 0.4], "texture": "#1"},
				"east": {"uv": [13, 0, 14, 0.4], "texture": "#1"},
				"south": {"uv": [13, 0, 14, 0.4], "texture": "#1"},
				"west": {"uv": [13, 0, 14, 0.4], "texture": "#1"},
				"up": {"uv": [13, 0, 14, 0.4], "rotation": 90, "texture": "#1"},
				"down": {"uv": [13, 0, 14, 0.4], "rotation": 270, "texture": "#1"}
			}
		},
		{
			"from": [11.35, 0.425, 5.35],
			"to": [12.15, 0.425, 6.15],
			"rotation": {"angle": 22.5, "axis": "y", "origin": [13.75, 0.3125, 9]},
			"faces": {
				"north": {"uv": [0, 0, 1, 0], "texture": "#0"},
				"east": {"uv": [4, 0, 5, 0.4], "texture": "#0"},
				"south": {"uv": [0, 0, 1, 0], "texture": "#0"},
				"west": {"uv": [0, 0, 1, 0], "texture": "#0"},
				"up": {"uv": [8, 12.934, 11, 15.934], "rotation": 90, "texture": "#0"},
				"down": {"uv": [0, 0, 1, 1], "rotation": 270, "texture": "#0"}
			}
		}
	],
	"display": {
		"thirdperson_righthand": {
			"rotation": [-26, -97, 0],
			"translation": [-2, 7.25, 0]
		},
		"thirdperson_lefthand": {
			"rotation": [-26, -273.75, 0],
			"translation": [-2, 7.25, 0]
		},
		"firstperson_righthand": {
			"rotation": [0, 60, 84.25],
			"translation": [-5.25, 6.25, 8.5],
			"scale": [0.50195, 0.50195, 0.50195]
		},
		"firstperson_lefthand": {
			"rotation": [28, -102.5, -63],
			"translation": [-4.25, 6, 9.5],
			"scale": [0.50195, 0.50195, 0.50195]
		},
		"ground": {
			"translation": [0, 4.25, 0]
		},
		"gui": {
			"rotation": [30, 225, 0],
			"translation": [-0.5, 8.75, 0],
			"scale": [1.41016, 1.41016, 1.41016]
		},
		"head": {
			"translation": [1, 19.25, 0],
			"scale": [1.5, 1.5, 1.5]
		},
		"fixed": {
			"rotation": [-90, 0, 0],
			"translation": [0, 0, -15],
			"scale": [2, 2, 2]
		}
	},
	"groups": [
		{
			"name": "Open Bar",
			"origin": [12, 8, 18],
			"children": [0, 1, 2]
		},
		{
			"name": "red scoot",
			"origin": [8, 8, 8],
			"children": [3, 4, 5]
		},
		{
			"name": "orange",
			"origin": [8, 8, 8],
			"children": [6, 7, 8]
		},
		{
			"name": "yellow",
			"origin": [8, 8, 8],
			"children": [9, 10, 11]
		},
		{
			"name": "green",
			"origin": [8, 8, 8],
			"children": [12, 13, 14]
		},
		{
			"name": "blue",
			"origin": [8, 8, 8],
			"children": [15, 16, 17]
		},
		{
			"name": "purple",
			"origin": [8, 8, 8],
			"children": [18, 19, 20]
		}
	]
}