{
	"credit": "Made with Blockbench",
	"textures": {
		"2": "block/MizunoArchive/oak_log",
		"3": "block/MizunoArchive/jungle_sapling_4",
		"2_0": "block/white pumpkin side",
		"2_1": "block/white pumpkin top",
		"particle": "block/MizunoArchive/pumpkin_side",
		"3_0": "block/MizunoArchive/pumpkin_side",
		"3_1": "block/MizunoArchive/pumpkin_top"
	},
	"elements": [
		{
			"from": [2.7717, 13.61663, 4.50824],
			"to": [13.0929, 20.49743, 11.38904],
			"rotation": {"angle": 0, "axis": "y", "origin": [8.12647, 19.98444, 8.15401]},
			"faces": {
				"north": {"uv": [0, 0, 9, 6], "texture": "#2_0"},
				"east": {"uv": [0, 0, 16, 16], "texture": "#2_0"},
				"south": {"uv": [0, 0, 9, 6], "texture": "#2_0"},
				"west": {"uv": [0, 0, 16, 16], "texture": "#2_0"},
				"up": {"uv": [0, 0, 16, 9], "rotation": 270, "texture": "#2_0"},
				"down": {"uv": [0, 0, 16, 9], "rotation": 270, "texture": "#2_0"}
			}
		},
		{
			"from": [1.7409, 13.63957, 6.9524],
			"to": [13.90456, 20.52037, 9.38513],
			"rotation": {"angle": -45, "axis": "y", "origin": [8.12647, 19.98444, 8.15401]},
			"faces": {
				"north": {"uv": [0, 0, 10.6066, 6], "texture": "#2_0"},
				"east": {"uv": [6, 0, 16, 16], "texture": "#2_0"},
				"south": {"uv": [0, 0, 10.6066, 6], "texture": "#2_0"},
				"west": {"uv": [6, 0, 16, 16], "texture": "#2_0"},
				"up": {"uv": [6, 1, 16, 8], "rotation": 270, "texture": "#2_0"},
				"down": {"uv": [6, 1, 16, 8], "rotation": 180, "texture": "#2_0"}
			}
		},
		{
			"from": [6.62759, 13.6281, 2.06567],
			"to": [9.06032, 20.5089, 14.22933],
			"rotation": {"angle": -45, "axis": "y", "origin": [8.12647, 19.98444, 8.15401]},
			"faces": {
				"north": {"uv": [6, 0, 16, 16], "texture": "#2_0"},
				"east": {"uv": [0, 0, 10.6066, 6], "texture": "#2_0"},
				"south": {"uv": [6, 0, 16, 16], "texture": "#2_0"},
				"west": {"uv": [0, 0, 10.6066, 6], "texture": "#2_0"},
				"up": {"uv": [6, 1, 16, 8], "rotation": 180, "texture": "#2_0"},
				"down": {"uv": [6, 1, 16, 8], "rotation": 180, "texture": "#2_0"}
			}
		},
		{
			"from": [4.46087, 13.61663, 2.78907],
			"to": [11.34167, 20.49743, 13.11027],
			"rotation": {"angle": 0, "axis": "y", "origin": [8.12647, 19.98444, 8.15401]},
			"faces": {
				"north": {"uv": [0, 0, 16, 16], "texture": "#2_0"},
				"east": {"uv": [0, 0, 9, 6], "texture": "#2_0"},
				"south": {"uv": [0, 0, 16, 16], "texture": "#2_0"},
				"west": {"uv": [0, 0, 9, 6], "texture": "#2_0"},
				"up": {"uv": [0, 0, 16, 9], "rotation": 180, "texture": "#2_0"},
				"down": {"uv": [0, 0, 16, 9], "rotation": 180, "texture": "#2_0"}
			}
		},
		{
			"from": [4.96581, 12.44575, 3.51979],
			"to": [10.88329, 21.62015, 12.39603],
			"rotation": {"angle": 0, "axis": "y", "origin": [8.12647, 19.98444, 8.15401]},
			"faces": {
				"north": {"uv": [0, 0, 16, 9], "texture": "#2_0"},
				"east": {"uv": [0, 0, 9, 6], "texture": "#2_0"},
				"south": {"uv": [0, 0, 16, 9], "texture": "#2_0"},
				"west": {"uv": [0, 0, 9, 6], "texture": "#2_0"},
				"up": {"uv": [0, 0, 16, 16], "rotation": 180, "texture": "#2_1"},
				"down": {"uv": [0, 0, 16, 16], "rotation": 180, "texture": "#2_0"}
			}
		},
		{
			"from": [6.81721, 12.44689, 2.90946],
			"to": [8.90936, 21.62129, 13.3702],
			"rotation": {"angle": -45, "axis": "y", "origin": [8.12647, 19.98444, 8.15401]},
			"faces": {
				"north": {"uv": [6, 1, 16, 8], "rotation": 180, "texture": "#2_0"},
				"east": {"uv": [0, 0, 10.6066, 6], "texture": "#2_0"},
				"south": {"uv": [6, 1, 16, 8], "rotation": 180, "texture": "#2_0"},
				"west": {"uv": [0, 0, 10.6066, 6], "texture": "#2_0"},
				"up": {"uv": [6, 1, 16, 8], "rotation": 180, "texture": "#2_0"},
				"down": {"uv": [6, 1, 16, 8], "rotation": 180, "texture": "#2_0"}
			}
		},
		{
			"from": [2.61168, 12.47327, 7.11523],
			"to": [13.07242, 21.619, 9.20737],
			"rotation": {"angle": -45, "axis": "y", "origin": [8.12647, 19.98444, 8.15401]},
			"faces": {
				"north": {"uv": [0, 0, 10.6066, 6], "texture": "#2_0"},
				"east": {"uv": [6, 1, 16, 8], "rotation": 180, "texture": "#2_0"},
				"south": {"uv": [0, 0, 10.6066, 6], "texture": "#2_0"},
				"west": {"uv": [6, 1, 16, 8], "rotation": 180, "texture": "#2_0"},
				"up": {"uv": [6, 1, 16, 8], "rotation": 270, "texture": "#2_0"},
				"down": {"uv": [6, 1, 16, 8], "rotation": 270, "texture": "#2_0"}
			}
		},
		{
			"from": [3.51314, 12.44804, 4.99828],
			"to": [12.38937, 21.62244, 10.91577],
			"rotation": {"angle": 0, "axis": "y", "origin": [8.12647, 19.98444, 8.15401]},
			"faces": {
				"north": {"uv": [0, 0, 9, 6], "texture": "#2_1"},
				"east": {"uv": [0, 0, 16, 9], "texture": "#2_0"},
				"south": {"uv": [0, 0, 9, 6], "texture": "#2_1"},
				"west": {"uv": [0, 0, 16, 9], "texture": "#2_0"},
				"up": {"uv": [0, 0, 16, 16], "rotation": 180, "texture": "#2_1"},
				"down": {"uv": [0, 0, 16, 16], "rotation": 180, "texture": "#2_0"}
			}
		},
		{
			"from": [7.49424, 21.64423, 7.43513],
			"to": [8.64104, 23.93783, 8.58193],
			"rotation": {"angle": 0, "axis": "y", "origin": [8.12647, 19.98444, 8.15401]},
			"faces": {
				"north": {"uv": [0, 0, 16, 16], "texture": "#2"},
				"east": {"uv": [0, 0, 16, 16], "texture": "#2"},
				"south": {"uv": [0, 0, 16, 16], "texture": "#2"},
				"west": {"uv": [0, 0, 16, 16], "texture": "#2"},
				"up": {"uv": [0, 0, 16, 16], "rotation": 180, "texture": "#2"},
				"down": {"uv": [0, 0, 16, 16], "rotation": 180, "texture": "#2"}
			}
		},
		{
			"from": [9.08081, 23.44075, 7.55181],
			"to": [9.99825, 24.58755, 8.46925],
			"rotation": {"angle": 22.5, "axis": "z", "origin": [8.12647, 19.98444, 8.15401]},
			"faces": {
				"north": {"uv": [0, 0, 16, 16], "texture": "#2"},
				"east": {"uv": [0, 0, 16, 16], "texture": "#2"},
				"south": {"uv": [0, 0, 16, 16], "texture": "#2"},
				"west": {"uv": [0, 0, 16, 16], "texture": "#2"},
				"up": {"uv": [0, 0, 16, 16], "rotation": 180, "texture": "#2"},
				"down": {"uv": [0, 0, 16, 16], "rotation": 180, "texture": "#2"}
			}
		},
		{
			"from": [10.8158, 23.52018, 7.66553],
			"to": [11.50388, 24.66698, 8.35361],
			"rotation": {"angle": 45, "axis": "z", "origin": [8.12647, 19.98444, 8.15401]},
			"faces": {
				"north": {"uv": [0, 0, 16, 16], "texture": "#2"},
				"east": {"uv": [0, 0, 16, 16], "texture": "#2"},
				"south": {"uv": [0, 0, 16, 16], "texture": "#2"},
				"west": {"uv": [0, 0, 16, 16], "texture": "#2"},
				"up": {"uv": [0, 0, 16, 16], "rotation": 180, "texture": "#2"},
				"down": {"uv": [0, 0, 16, 16], "rotation": 180, "texture": "#2"}
			}
		},
		{
			"from": [7.49424, 19.91214, 9.25986],
			"to": [8.64104, 21.63234, 10.40666],
			"rotation": {"angle": -45, "axis": "x", "origin": [8.12647, 19.98444, 8.15401]},
			"faces": {
				"north": {"uv": [0, 0, 16, 16], "texture": "#2"},
				"east": {"uv": [0, 0, 16, 16], "texture": "#2"},
				"south": {"uv": [0, 0, 16, 16], "texture": "#2"},
				"west": {"uv": [0, 0, 16, 16], "texture": "#2"},
				"up": {"uv": [0, 0, 16, 16], "rotation": 180, "texture": "#2"},
				"down": {"uv": [0, 0, 16, 16], "rotation": 180, "texture": "#2"}
			}
		},
		{
			"from": [5.72984, 19.76817, 7.43383],
			"to": [6.87664, 21.48837, 8.58063],
			"rotation": {"angle": -45, "axis": "z", "origin": [8.12647, 19.98444, 8.15401]},
			"faces": {
				"north": {"uv": [0, 0, 16, 16], "rotation": 270, "texture": "#2"},
				"east": {"uv": [0, 0, 16, 16], "rotation": 270, "texture": "#2"},
				"south": {"uv": [0, 0, 16, 16], "rotation": 270, "texture": "#2"},
				"west": {"uv": [0, 0, 16, 16], "rotation": 270, "texture": "#2"},
				"up": {"uv": [0, 0, 16, 16], "rotation": 90, "texture": "#2"},
				"down": {"uv": [0, 0, 16, 16], "rotation": 90, "texture": "#2"}
			}
		},
		{
			"from": [7.49424, 19.7064, 5.69561],
			"to": [8.64104, 21.4266, 6.84241],
			"rotation": {"angle": 45, "axis": "x", "origin": [8.12647, 19.98444, 8.15401]},
			"faces": {
				"north": {"uv": [0, 0, 16, 16], "texture": "#2"},
				"east": {"uv": [0, 0, 16, 16], "texture": "#2"},
				"south": {"uv": [0, 0, 16, 16], "texture": "#2"},
				"west": {"uv": [0, 0, 16, 16], "texture": "#2"},
				"up": {"uv": [0, 0, 16, 16], "rotation": 180, "texture": "#2"},
				"down": {"uv": [0, 0, 16, 16], "rotation": 180, "texture": "#2"}
			}
		},
		{
			"from": [9.29408, 19.85037, 7.43383],
			"to": [10.44088, 21.57057, 8.58063],
			"rotation": {"angle": 45, "axis": "z", "origin": [8.12647, 19.98444, 8.15401]},
			"faces": {
				"north": {"uv": [0, 0, 16, 16], "rotation": 270, "texture": "#2"},
				"east": {"uv": [0, 0, 16, 16], "rotation": 270, "texture": "#2"},
				"south": {"uv": [0, 0, 16, 16], "rotation": 270, "texture": "#2"},
				"west": {"uv": [0, 0, 16, 16], "rotation": 270, "texture": "#2"},
				"up": {"uv": [0, 0, 16, 16], "rotation": 90, "texture": "#2"},
				"down": {"uv": [0, 0, 16, 16], "rotation": 90, "texture": "#2"}
			}
		},
		{
			"from": [9.32546, 21.19206, 6.86173],
			"to": [12.76586, 21.19206, 10.30213],
			"rotation": {"angle": 22.5, "axis": "z", "origin": [8.12647, 19.98444, 8.15401]},
			"faces": {
				"north": {"uv": [0, 0, 3, 0], "texture": "#missing"},
				"east": {"uv": [0, 0, 3, 0], "texture": "#missing"},
				"south": {"uv": [0, 0, 3, 0], "texture": "#missing"},
				"west": {"uv": [0, 0, 3, 0], "texture": "#missing"},
				"up": {"uv": [0, 0, 7, 6], "rotation": 270, "texture": "#3"},
				"down": {"uv": [0, 0, 7, 6], "rotation": 270, "texture": "#3"}
			}
		},
		{
			"from": [7.20754, 21.22596, 9.27114],
			"to": [10.64794, 21.22596, 12.71154],
			"rotation": {"angle": -22.5, "axis": "x", "origin": [8.12647, 19.98444, 8.15401]},
			"faces": {
				"north": {"uv": [0, 0, 7, 6], "rotation": 270, "texture": "#3"},
				"east": {"uv": [0, 0, 7, 6], "rotation": 270, "texture": "#3"},
				"south": {"uv": [0, 0, 7, 6], "rotation": 270, "texture": "#3"},
				"west": {"uv": [0, 0, 7, 6], "rotation": 270, "texture": "#3"},
				"up": {"uv": [0, 0, 7, 6], "rotation": 180, "texture": "#3"},
				"down": {"uv": [0, 0, 7, 6], "rotation": 270, "texture": "#3"}
			}
		},
		{
			"from": [0.88583, 1.56126, 3.25666],
			"to": [14.94023, 10.93086, 12.62626],
			"rotation": {"angle": 0, "axis": "y", "origin": [8.17743, 10.23232, 8.22111]},
			"faces": {
				"north": {"uv": [0, 0, 9, 6], "texture": "#3_0"},
				"east": {"uv": [0, 0, 16, 16], "texture": "#3_0"},
				"south": {"uv": [0, 0, 9, 6], "texture": "#3_0"},
				"west": {"uv": [0, 0, 16, 16], "texture": "#3_0"},
				"up": {"uv": [0, 0, 16, 9], "rotation": 270, "texture": "#3_0"},
				"down": {"uv": [0, 0, 16, 9], "rotation": 270, "texture": "#3_0"}
			}
		},
		{
			"from": [-0.51782, 1.59249, 6.58487],
			"to": [16.04546, 10.96209, 9.89753],
			"rotation": {"angle": -45, "axis": "y", "origin": [8.17743, 10.23232, 8.22111]},
			"faces": {
				"north": {"uv": [0, 0, 10.6066, 6], "texture": "#3_0"},
				"east": {"uv": [6, 0, 16, 16], "texture": "#3_0"},
				"south": {"uv": [0, 0, 10.6066, 6], "texture": "#3_0"},
				"west": {"uv": [6, 0, 16, 16], "texture": "#3_0"},
				"up": {"uv": [6, 1, 16, 8], "rotation": 270, "texture": "#3_0"},
				"down": {"uv": [6, 1, 16, 8], "rotation": 180, "texture": "#3_0"}
			}
		},
		{
			"from": [6.1364, 1.57687, -0.0694],
			"to": [9.44906, 10.94647, 16.49388],
			"rotation": {"angle": -45, "axis": "y", "origin": [8.17743, 10.23232, 8.22111]},
			"faces": {
				"north": {"uv": [6, 0, 16, 16], "texture": "#3_0"},
				"east": {"uv": [0, 0, 10.6066, 6], "texture": "#3_0"},
				"south": {"uv": [6, 0, 16, 16], "texture": "#3_0"},
				"west": {"uv": [0, 0, 10.6066, 6], "texture": "#3_0"},
				"up": {"uv": [6, 1, 16, 8], "rotation": 180, "texture": "#3_0"},
				"down": {"uv": [6, 1, 16, 8], "rotation": 180, "texture": "#3_0"}
			}
		},
		{
			"from": [3.18597, 1.56126, 0.91567],
			"to": [12.55557, 10.93086, 14.97007],
			"rotation": {"angle": 0, "axis": "y", "origin": [8.17743, 10.23232, 8.22111]},
			"faces": {
				"north": {"uv": [0, 0, 16, 16], "texture": "#3_0"},
				"east": {"uv": [0, 0, 9, 6], "texture": "#3_0"},
				"south": {"uv": [0, 0, 16, 16], "texture": "#3_0"},
				"west": {"uv": [0, 0, 9, 6], "texture": "#3_0"},
				"up": {"uv": [0, 0, 16, 9], "rotation": 180, "texture": "#3_0"},
				"down": {"uv": [0, 0, 16, 9], "rotation": 180, "texture": "#3_0"}
			}
		},
		{
			"from": [3.87354, -0.03314, 1.91069],
			"to": [11.9314, 12.45966, 13.99747],
			"rotation": {"angle": 0, "axis": "y", "origin": [8.17743, 10.23232, 8.22111]},
			"faces": {
				"north": {"uv": [0, 0, 16, 9], "texture": "#3_0"},
				"east": {"uv": [0, 0, 9, 6], "texture": "#3_0"},
				"south": {"uv": [0, 0, 16, 9], "texture": "#3_0"},
				"west": {"uv": [0, 0, 9, 6], "texture": "#3_0"},
				"up": {"uv": [0, 0, 16, 16], "rotation": 180, "texture": "#3_1"},
				"down": {"uv": [0, 0, 16, 16], "rotation": 180, "texture": "#3_0"}
			}
		},
		{
			"from": [6.39461, -0.03157, 1.07959],
			"to": [9.24349, 12.46123, 15.32401],
			"rotation": {"angle": -45, "axis": "y", "origin": [8.17743, 10.23232, 8.22111]},
			"faces": {
				"north": {"uv": [6, 1, 16, 8], "rotation": 180, "texture": "#3_0"},
				"east": {"uv": [0, 0, 10.6066, 6], "texture": "#3_0"},
				"south": {"uv": [6, 1, 16, 8], "rotation": 180, "texture": "#3_0"},
				"west": {"uv": [0, 0, 10.6066, 6], "texture": "#3_0"},
				"up": {"uv": [6, 1, 16, 8], "rotation": 180, "texture": "#3_0"},
				"down": {"uv": [6, 1, 16, 8], "rotation": 180, "texture": "#3_0"}
			}
		},
		{
			"from": [0.66792, 0.00434, 6.8066],
			"to": [14.91234, 12.4581, 9.65547],
			"rotation": {"angle": -45, "axis": "y", "origin": [8.17743, 10.23232, 8.22111]},
			"faces": {
				"north": {"uv": [0, 0, 10.6066, 6], "texture": "#3_0"},
				"east": {"uv": [6, 1, 16, 8], "rotation": 180, "texture": "#3_0"},
				"south": {"uv": [0, 0, 10.6066, 6], "texture": "#3_0"},
				"west": {"uv": [6, 1, 16, 8], "rotation": 180, "texture": "#3_0"},
				"up": {"uv": [6, 1, 16, 8], "rotation": 270, "texture": "#3_0"},
				"down": {"uv": [6, 1, 16, 8], "rotation": 270, "texture": "#3_0"}
			}
		},
		{
			"from": [1.89544, -0.03001, 3.92395],
			"to": [13.98223, 12.46279, 11.9818],
			"rotation": {"angle": 0, "axis": "y", "origin": [8.17743, 10.23232, 8.22111]},
			"faces": {
				"north": {"uv": [0, 0, 9, 6], "texture": "#3_1"},
				"east": {"uv": [0, 0, 16, 9], "texture": "#3_0"},
				"south": {"uv": [0, 0, 9, 6], "texture": "#3_1"},
				"west": {"uv": [0, 0, 16, 9], "texture": "#3_0"},
				"up": {"uv": [0, 0, 16, 16], "rotation": 180, "texture": "#3_1"},
				"down": {"uv": [0, 0, 16, 16], "rotation": 180, "texture": "#3_0"}
			}
		},
		{
			"from": [7.31651, 12.49246, 7.24221],
			"to": [8.87811, 15.61566, 8.80381],
			"rotation": {"angle": 0, "axis": "y", "origin": [8.17743, 10.23232, 8.22111]},
			"faces": {
				"north": {"uv": [0, 0, 16, 16], "texture": "#2"},
				"east": {"uv": [0, 0, 16, 16], "texture": "#2"},
				"south": {"uv": [0, 0, 16, 16], "texture": "#2"},
				"west": {"uv": [0, 0, 16, 16], "texture": "#2"},
				"up": {"uv": [0, 0, 16, 16], "rotation": 180, "texture": "#2"},
				"down": {"uv": [0, 0, 16, 16], "rotation": 180, "texture": "#2"}
			}
		},
		{
			"from": [9.47695, 14.93878, 7.40109],
			"to": [10.72623, 16.50038, 8.65037],
			"rotation": {"angle": 22.5, "axis": "z", "origin": [8.17743, 10.23232, 8.22111]},
			"faces": {
				"north": {"uv": [0, 0, 16, 16], "texture": "#2"},
				"east": {"uv": [0, 0, 16, 16], "texture": "#2"},
				"south": {"uv": [0, 0, 16, 16], "texture": "#2"},
				"west": {"uv": [0, 0, 16, 16], "texture": "#2"},
				"up": {"uv": [0, 0, 16, 16], "rotation": 180, "texture": "#2"},
				"down": {"uv": [0, 0, 16, 16], "rotation": 180, "texture": "#2"}
			}
		},
		{
			"from": [11.8395, 15.04694, 7.55595],
			"to": [12.77646, 16.60854, 8.49291],
			"rotation": {"angle": 45, "axis": "z", "origin": [8.17743, 10.23232, 8.22111]},
			"faces": {
				"north": {"uv": [0, 0, 16, 16], "texture": "#2"},
				"east": {"uv": [0, 0, 16, 16], "texture": "#2"},
				"south": {"uv": [0, 0, 16, 16], "texture": "#2"},
				"west": {"uv": [0, 0, 16, 16], "texture": "#2"},
				"up": {"uv": [0, 0, 16, 16], "rotation": 180, "texture": "#2"},
				"down": {"uv": [0, 0, 16, 16], "rotation": 180, "texture": "#2"}
			}
		},
		{
			"from": [7.31651, 10.13387, 9.72694],
			"to": [8.87811, 12.47627, 11.28854],
			"rotation": {"angle": -45, "axis": "x", "origin": [8.17743, 10.23232, 8.22111]},
			"faces": {
				"north": {"uv": [0, 0, 16, 16], "texture": "#2"},
				"east": {"uv": [0, 0, 16, 16], "texture": "#2"},
				"south": {"uv": [0, 0, 16, 16], "texture": "#2"},
				"west": {"uv": [0, 0, 16, 16], "texture": "#2"},
				"up": {"uv": [0, 0, 16, 16], "rotation": 180, "texture": "#2"},
				"down": {"uv": [0, 0, 16, 16], "rotation": 180, "texture": "#2"}
			}
		},
		{
			"from": [4.91393, 9.93782, 7.24044],
			"to": [6.47553, 12.28022, 8.80204],
			"rotation": {"angle": -45, "axis": "z", "origin": [8.17743, 10.23232, 8.22111]},
			"faces": {
				"north": {"uv": [0, 0, 16, 16], "rotation": 270, "texture": "#2"},
				"east": {"uv": [0, 0, 16, 16], "rotation": 270, "texture": "#2"},
				"south": {"uv": [0, 0, 16, 16], "rotation": 270, "texture": "#2"},
				"west": {"uv": [0, 0, 16, 16], "rotation": 270, "texture": "#2"},
				"up": {"uv": [0, 0, 16, 16], "rotation": 90, "texture": "#2"},
				"down": {"uv": [0, 0, 16, 16], "rotation": 90, "texture": "#2"}
			}
		},
		{
			"from": [7.31651, 9.85371, 4.8735],
			"to": [8.87811, 12.19611, 6.4351],
			"rotation": {"angle": 45, "axis": "x", "origin": [8.17743, 10.23232, 8.22111]},
			"faces": {
				"north": {"uv": [0, 0, 16, 16], "texture": "#2"},
				"east": {"uv": [0, 0, 16, 16], "texture": "#2"},
				"south": {"uv": [0, 0, 16, 16], "texture": "#2"},
				"west": {"uv": [0, 0, 16, 16], "texture": "#2"},
				"up": {"uv": [0, 0, 16, 16], "rotation": 180, "texture": "#2"},
				"down": {"uv": [0, 0, 16, 16], "rotation": 180, "texture": "#2"}
			}
		},
		{
			"from": [9.76737, 10.04976, 7.24044],
			"to": [11.32897, 12.39216, 8.80204],
			"rotation": {"angle": 45, "axis": "z", "origin": [8.17743, 10.23232, 8.22111]},
			"faces": {
				"north": {"uv": [0, 0, 16, 16], "rotation": 270, "texture": "#2"},
				"east": {"uv": [0, 0, 16, 16], "rotation": 270, "texture": "#2"},
				"south": {"uv": [0, 0, 16, 16], "rotation": 270, "texture": "#2"},
				"west": {"uv": [0, 0, 16, 16], "rotation": 270, "texture": "#2"},
				"up": {"uv": [0, 0, 16, 16], "rotation": 90, "texture": "#2"},
				"down": {"uv": [0, 0, 16, 16], "rotation": 90, "texture": "#2"}
			}
		},
		{
			"from": [9.81009, 11.87674, 6.46141],
			"to": [14.49489, 11.87674, 11.14621],
			"rotation": {"angle": 22.5, "axis": "z", "origin": [8.17743, 10.23232, 8.22111]},
			"faces": {
				"north": {"uv": [0, 0, 3, 0], "texture": "#missing"},
				"east": {"uv": [0, 0, 3, 0], "texture": "#missing"},
				"south": {"uv": [0, 0, 3, 0], "texture": "#missing"},
				"west": {"uv": [0, 0, 3, 0], "texture": "#missing"},
				"up": {"uv": [0, 0, 7, 6], "rotation": 270, "texture": "#3"},
				"down": {"uv": [0, 0, 7, 6], "rotation": 270, "texture": "#3"}
			}
		},
		{
			"from": [6.92611, 11.9229, 9.7423],
			"to": [11.61091, 11.9229, 14.4271],
			"rotation": {"angle": -22.5, "axis": "x", "origin": [8.17743, 10.23232, 8.22111]},
			"faces": {
				"north": {"uv": [0, 0, 7, 6], "rotation": 270, "texture": "#3"},
				"east": {"uv": [0, 0, 7, 6], "rotation": 270, "texture": "#3"},
				"south": {"uv": [0, 0, 7, 6], "rotation": 270, "texture": "#3"},
				"west": {"uv": [0, 0, 7, 6], "rotation": 270, "texture": "#3"},
				"up": {"uv": [0, 0, 7, 6], "rotation": 180, "texture": "#3"},
				"down": {"uv": [0, 0, 7, 6], "rotation": 270, "texture": "#3"}
			}
		}
	],
	"display": {
		"thirdperson_righthand": {
			"rotation": [75, 16.5, 0],
			"translation": [0, 2.5, 1.5],
			"scale": [0.375, 0.375, 0.375]
		},
		"thirdperson_lefthand": {
			"rotation": [75, 16.5, 0],
			"translation": [0, 2.5, 1.5],
			"scale": [0.375, 0.375, 0.375]
		},
		"firstperson_righthand": {
			"rotation": [0, 110.5, 0],
			"translation": [1.5, 3.25, 0],
			"scale": [0.27305, 0.27305, 0.27305]
		},
		"firstperson_lefthand": {
			"rotation": [0, 110.5, 0],
			"translation": [1.5, 3.25, 0],
			"scale": [0.27305, 0.27305, 0.27305]
		},
		"ground": {
			"translation": [0, 2.5, 0],
			"scale": [0.8, 0.8, 0.8]
		},
		"gui": {
			"rotation": [30, 225, 0],
			"translation": [-1.5, 2.75, 0],
			"scale": [0.76953, 0.76953, 0.76953]
		},
		"head": {
			"translation": [0, 13.5, 0],
			"scale": [0.76563, 0.76563, 0.76563]
		},
		"fixed": {
			"rotation": [-90, 0, 0],
			"translation": [0, 0, -15],
			"scale": [2, 2, 2]
		}
	},
	"groups": [
		{
			"name": "white pumpkin big",
			"origin": [8, 8, 8],
			"children": [
				{
					"name": "Big Pumpkin",
					"origin": [8.51309, 0.5009, 7.98602],
					"children": [0, 1, 2, 3, 4, 5, 6, 7,
						{
							"name": "Stem",
							"origin": [7.50026, 8.24999, 8.002],
							"children": [8, 9, 10, 11, 12, 13, 14]
						},
						{
							"name": "leaves",
							"origin": [7.24915, 8.5, 6.00085],
							"children": [15, 16]
						}
					]
				}
			]
		},
		{
			"name": "pumpkin_big",
			"origin": [8, 8, 8],
			"children": [
				{
					"name": "Big Pumpkin",
					"origin": [8.51309, 0.5009, 7.98602],
					"children": [17, 18, 19, 20, 21, 22, 23, 24,
						{
							"name": "Stem",
							"origin": [7.50026, 8.24999, 8.002],
							"children": [25, 26, 27, 28, 29, 30, 31]
						},
						{
							"name": "leaves",
							"origin": [7.24915, 8.5, 6.00085],
							"children": [32, 33]
						}
					]
				}
			]
		}
	]
}