{
	"credit": "Made with Blockbench",
	"textures": {
		"0": "block/green pumpkin side",
		"1": "block/green pumpkin top",
		"2": "block/MizunoArchive/oak_log",
		"3": "block/MizunoArchive/jungle_sapling_4",
		"particle": "block/MizunoArchive/pumpkin_side",
		"3_0": "block/MizunoArchive/pumpkin_side",
		"3_1": "block/MizunoArchive/pumpkin_top"
	},
	"elements": [
		{
			"from": [2.95452, 13.61663, 4.21433],
			"to": [13.27572, 20.49743, 11.09513],
			"rotation": {"angle": 0, "axis": "y", "origin": [8.30929, 19.98444, 7.8601]},
			"faces": {
				"north": {"uv": [0, 0, 9, 6], "texture": "#0"},
				"east": {"uv": [0, 0, 16, 16], "texture": "#0"},
				"south": {"uv": [0, 0, 9, 6], "texture": "#0"},
				"west": {"uv": [0, 0, 16, 16], "texture": "#0"},
				"up": {"uv": [0, 0, 16, 9], "rotation": 270, "texture": "#0"},
				"down": {"uv": [0, 0, 16, 9], "rotation": 270, "texture": "#0"}
			}
		},
		{
			"from": [1.92372, 13.63957, 6.65849],
			"to": [14.08738, 20.52037, 9.09122],
			"rotation": {"angle": -45, "axis": "y", "origin": [8.30929, 19.98444, 7.8601]},
			"faces": {
				"north": {"uv": [0, 0, 10.6066, 6], "texture": "#0"},
				"east": {"uv": [6, 0, 16, 16], "texture": "#0"},
				"south": {"uv": [0, 0, 10.6066, 6], "texture": "#0"},
				"west": {"uv": [6, 0, 16, 16], "texture": "#0"},
				"up": {"uv": [6, 1, 16, 8], "rotation": 270, "texture": "#0"},
				"down": {"uv": [6, 1, 16, 8], "rotation": 180, "texture": "#0"}
			}
		},
		{
			"from": [6.81041, 13.6281, 1.77176],
			"to": [9.24314, 20.5089, 13.93542],
			"rotation": {"angle": -45, "axis": "y", "origin": [8.30929, 19.98444, 7.8601]},
			"faces": {
				"north": {"uv": [6, 0, 16, 16], "texture": "#0"},
				"east": {"uv": [0, 0, 10.6066, 6], "texture": "#0"},
				"south": {"uv": [6, 0, 16, 16], "texture": "#0"},
				"west": {"uv": [0, 0, 10.6066, 6], "texture": "#0"},
				"up": {"uv": [6, 1, 16, 8], "rotation": 180, "texture": "#0"},
				"down": {"uv": [6, 1, 16, 8], "rotation": 180, "texture": "#0"}
			}
		},
		{
			"from": [4.64369, 13.61663, 2.49516],
			"to": [11.52449, 20.49743, 12.81636],
			"rotation": {"angle": 0, "axis": "y", "origin": [8.30929, 19.98444, 7.8601]},
			"faces": {
				"north": {"uv": [0, 0, 16, 16], "texture": "#0"},
				"east": {"uv": [0, 0, 9, 6], "texture": "#0"},
				"south": {"uv": [0, 0, 16, 16], "texture": "#0"},
				"west": {"uv": [0, 0, 9, 6], "texture": "#0"},
				"up": {"uv": [0, 0, 16, 9], "rotation": 180, "texture": "#0"},
				"down": {"uv": [0, 0, 16, 9], "rotation": 180, "texture": "#0"}
			}
		},
		{
			"from": [5.14863, 12.44575, 3.22588],
			"to": [11.06611, 21.62015, 12.10212],
			"rotation": {"angle": 0, "axis": "y", "origin": [8.30929, 19.98444, 7.8601]},
			"faces": {
				"north": {"uv": [0, 0, 16, 9], "texture": "#0"},
				"east": {"uv": [0, 0, 9, 6], "texture": "#1"},
				"south": {"uv": [0, 0, 16, 9], "texture": "#0"},
				"west": {"uv": [0, 0, 9, 6], "texture": "#1"},
				"up": {"uv": [0, 0, 16, 16], "rotation": 180, "texture": "#1"},
				"down": {"uv": [0, 0, 16, 16], "rotation": 180, "texture": "#1"}
			}
		},
		{
			"from": [7.00003, 12.44689, 2.61555],
			"to": [9.09218, 21.62129, 13.07629],
			"rotation": {"angle": -45, "axis": "y", "origin": [8.30929, 19.98444, 7.8601]},
			"faces": {
				"north": {"uv": [6, 1, 16, 8], "rotation": 180, "texture": "#0"},
				"east": {"uv": [0, 0, 10.6066, 6], "texture": "#0"},
				"south": {"uv": [6, 1, 16, 8], "rotation": 180, "texture": "#0"},
				"west": {"uv": [0, 0, 10.6066, 6], "texture": "#0"},
				"up": {"uv": [6, 1, 16, 8], "rotation": 180, "texture": "#0"},
				"down": {"uv": [6, 1, 16, 8], "rotation": 180, "texture": "#0"}
			}
		},
		{
			"from": [2.7945, 12.47327, 6.82132],
			"to": [13.25524, 21.619, 8.91346],
			"rotation": {"angle": -45, "axis": "y", "origin": [8.30929, 19.98444, 7.8601]},
			"faces": {
				"north": {"uv": [0, 0, 10.6066, 6], "texture": "#1"},
				"east": {"uv": [6, 1, 16, 8], "rotation": 180, "texture": "#0"},
				"south": {"uv": [0, 0, 10.6066, 6], "texture": "#1"},
				"west": {"uv": [6, 1, 16, 8], "rotation": 180, "texture": "#0"},
				"up": {"uv": [6, 1, 16, 8], "rotation": 90, "texture": "#0"},
				"down": {"uv": [6, 1, 16, 8], "rotation": 270, "texture": "#1"}
			}
		},
		{
			"from": [3.69596, 12.44804, 4.70437],
			"to": [12.57219, 21.62244, 10.62186],
			"rotation": {"angle": 0, "axis": "y", "origin": [8.30929, 19.98444, 7.8601]},
			"faces": {
				"north": {"uv": [0, 0, 9, 6], "texture": "#1"},
				"east": {"uv": [0, 0, 16, 9], "texture": "#0"},
				"south": {"uv": [0, 0, 9, 6], "texture": "#1"},
				"west": {"uv": [0, 0, 16, 9], "texture": "#0"},
				"up": {"uv": [0, 0, 16, 16], "rotation": 180, "texture": "#1"},
				"down": {"uv": [0, 0, 16, 16], "rotation": 180, "texture": "#1"}
			}
		},
		{
			"from": [7.67706, 21.64423, 7.14122],
			"to": [8.82386, 23.93783, 8.28802],
			"rotation": {"angle": 0, "axis": "y", "origin": [8.30929, 19.98444, 7.8601]},
			"faces": {
				"north": {"uv": [0, 0, 16, 16], "texture": "#2"},
				"east": {"uv": [0, 0, 16, 16], "texture": "#2"},
				"south": {"uv": [0, 0, 16, 16], "texture": "#2"},
				"west": {"uv": [0, 0, 16, 16], "texture": "#2"},
				"up": {"uv": [0, 0, 16, 16], "rotation": 180, "texture": "#2"},
				"down": {"uv": [0, 0, 16, 16], "rotation": 180, "texture": "#2"}
			}
		},
		{
			"from": [9.26363, 23.44075, 7.2579],
			"to": [10.18107, 24.58755, 8.17534],
			"rotation": {"angle": 22.5, "axis": "z", "origin": [8.30929, 19.98444, 7.8601]},
			"faces": {
				"north": {"uv": [0, 0, 16, 16], "texture": "#2"},
				"east": {"uv": [0, 0, 16, 16], "texture": "#2"},
				"south": {"uv": [0, 0, 16, 16], "texture": "#2"},
				"west": {"uv": [0, 0, 16, 16], "texture": "#2"},
				"up": {"uv": [0, 0, 16, 16], "rotation": 180, "texture": "#2"},
				"down": {"uv": [0, 0, 16, 16], "rotation": 180, "texture": "#2"}
			}
		},
		{
			"from": [10.99862, 23.52018, 7.37162],
			"to": [11.6867, 24.66698, 8.0597],
			"rotation": {"angle": 45, "axis": "z", "origin": [8.30929, 19.98444, 7.8601]},
			"faces": {
				"north": {"uv": [0, 0, 16, 16], "texture": "#2"},
				"east": {"uv": [0, 0, 16, 16], "texture": "#2"},
				"south": {"uv": [0, 0, 16, 16], "texture": "#2"},
				"west": {"uv": [0, 0, 16, 16], "texture": "#2"},
				"up": {"uv": [0, 0, 16, 16], "rotation": 180, "texture": "#2"},
				"down": {"uv": [0, 0, 16, 16], "rotation": 180, "texture": "#2"}
			}
		},
		{
			"from": [7.67706, 19.91214, 8.96595],
			"to": [8.82386, 21.63234, 10.11275],
			"rotation": {"angle": -45, "axis": "x", "origin": [8.30929, 19.98444, 7.8601]},
			"faces": {
				"north": {"uv": [0, 0, 16, 16], "texture": "#2"},
				"east": {"uv": [0, 0, 16, 16], "texture": "#2"},
				"south": {"uv": [0, 0, 16, 16], "texture": "#2"},
				"west": {"uv": [0, 0, 16, 16], "texture": "#2"},
				"up": {"uv": [0, 0, 16, 16], "rotation": 180, "texture": "#2"},
				"down": {"uv": [0, 0, 16, 16], "rotation": 180, "texture": "#2"}
			}
		},
		{
			"from": [5.91266, 19.76817, 7.13992],
			"to": [7.05946, 21.48837, 8.28672],
			"rotation": {"angle": -45, "axis": "z", "origin": [8.30929, 19.98444, 7.8601]},
			"faces": {
				"north": {"uv": [0, 0, 16, 16], "rotation": 270, "texture": "#2"},
				"east": {"uv": [0, 0, 16, 16], "rotation": 270, "texture": "#2"},
				"south": {"uv": [0, 0, 16, 16], "rotation": 270, "texture": "#2"},
				"west": {"uv": [0, 0, 16, 16], "rotation": 270, "texture": "#2"},
				"up": {"uv": [0, 0, 16, 16], "rotation": 90, "texture": "#2"},
				"down": {"uv": [0, 0, 16, 16], "rotation": 90, "texture": "#2"}
			}
		},
		{
			"from": [7.67706, 19.7064, 5.4017],
			"to": [8.82386, 21.4266, 6.5485],
			"rotation": {"angle": 45, "axis": "x", "origin": [8.30929, 19.98444, 7.8601]},
			"faces": {
				"north": {"uv": [0, 0, 16, 16], "texture": "#2"},
				"east": {"uv": [0, 0, 16, 16], "texture": "#2"},
				"south": {"uv": [0, 0, 16, 16], "texture": "#2"},
				"west": {"uv": [0, 0, 16, 16], "texture": "#2"},
				"up": {"uv": [0, 0, 16, 16], "rotation": 180, "texture": "#2"},
				"down": {"uv": [0, 0, 16, 16], "rotation": 180, "texture": "#2"}
			}
		},
		{
			"from": [9.4769, 19.85037, 7.13992],
			"to": [10.6237, 21.57057, 8.28672],
			"rotation": {"angle": 45, "axis": "z", "origin": [8.30929, 19.98444, 7.8601]},
			"faces": {
				"north": {"uv": [0, 0, 16, 16], "rotation": 270, "texture": "#2"},
				"east": {"uv": [0, 0, 16, 16], "rotation": 270, "texture": "#2"},
				"south": {"uv": [0, 0, 16, 16], "rotation": 270, "texture": "#2"},
				"west": {"uv": [0, 0, 16, 16], "rotation": 270, "texture": "#2"},
				"up": {"uv": [0, 0, 16, 16], "rotation": 90, "texture": "#2"},
				"down": {"uv": [0, 0, 16, 16], "rotation": 90, "texture": "#2"}
			}
		},
		{
			"from": [9.50828, 21.19206, 6.56782],
			"to": [12.94868, 21.19206, 10.00822],
			"rotation": {"angle": 22.5, "axis": "z", "origin": [8.30929, 19.98444, 7.8601]},
			"faces": {
				"north": {"uv": [0, 0, 3, 0], "texture": "#missing"},
				"east": {"uv": [0, 0, 3, 0], "texture": "#missing"},
				"south": {"uv": [0, 0, 3, 0], "texture": "#missing"},
				"west": {"uv": [0, 0, 3, 0], "texture": "#missing"},
				"up": {"uv": [0, 0, 7, 6], "rotation": 270, "texture": "#3"},
				"down": {"uv": [0, 0, 7, 6], "rotation": 270, "texture": "#3"}
			}
		},
		{
			"from": [7.39036, 21.22596, 8.97723],
			"to": [10.83076, 21.22596, 12.41763],
			"rotation": {"angle": -22.5, "axis": "x", "origin": [8.30929, 19.98444, 7.8601]},
			"faces": {
				"north": {"uv": [0, 0, 7, 6], "rotation": 270, "texture": "#3"},
				"east": {"uv": [0, 0, 7, 6], "rotation": 270, "texture": "#3"},
				"south": {"uv": [0, 0, 7, 6], "rotation": 270, "texture": "#3"},
				"west": {"uv": [0, 0, 7, 6], "rotation": 270, "texture": "#3"},
				"up": {"uv": [0, 0, 7, 6], "rotation": 180, "texture": "#3"},
				"down": {"uv": [0, 0, 7, 6], "rotation": 270, "texture": "#3"}
			}
		},
		{
			"from": [1.06865, 1.56126, 2.96275],
			"to": [15.12305, 10.93086, 12.33235],
			"rotation": {"angle": 0, "axis": "y", "origin": [8.36025, 10.23232, 7.9272]},
			"faces": {
				"north": {"uv": [0, 0, 9, 6], "texture": "#3_0"},
				"east": {"uv": [0, 0, 16, 16], "texture": "#3_0"},
				"south": {"uv": [0, 0, 9, 6], "texture": "#3_0"},
				"west": {"uv": [0, 0, 16, 16], "texture": "#3_0"},
				"up": {"uv": [0, 0, 16, 9], "rotation": 270, "texture": "#3_0"},
				"down": {"uv": [0, 0, 16, 9], "rotation": 270, "texture": "#3_0"}
			}
		},
		{
			"from": [-0.335, 1.59249, 6.29096],
			"to": [16.22828, 10.96209, 9.60362],
			"rotation": {"angle": -45, "axis": "y", "origin": [8.36025, 10.23232, 7.9272]},
			"faces": {
				"north": {"uv": [0, 0, 10.6066, 6], "texture": "#3_0"},
				"east": {"uv": [6, 0, 16, 16], "texture": "#3_0"},
				"south": {"uv": [0, 0, 10.6066, 6], "texture": "#3_0"},
				"west": {"uv": [6, 0, 16, 16], "texture": "#3_0"},
				"up": {"uv": [6, 1, 16, 8], "rotation": 270, "texture": "#3_0"},
				"down": {"uv": [6, 1, 16, 8], "rotation": 180, "texture": "#3_0"}
			}
		},
		{
			"from": [6.31922, 1.57687, -0.36331],
			"to": [9.63188, 10.94647, 16.19997],
			"rotation": {"angle": -45, "axis": "y", "origin": [8.36025, 10.23232, 7.9272]},
			"faces": {
				"north": {"uv": [6, 0, 16, 16], "texture": "#3_0"},
				"east": {"uv": [0, 0, 10.6066, 6], "texture": "#3_0"},
				"south": {"uv": [6, 0, 16, 16], "texture": "#3_0"},
				"west": {"uv": [0, 0, 10.6066, 6], "texture": "#3_0"},
				"up": {"uv": [6, 1, 16, 8], "rotation": 180, "texture": "#3_0"},
				"down": {"uv": [6, 1, 16, 8], "rotation": 180, "texture": "#3_0"}
			}
		},
		{
			"from": [3.36879, 1.56126, 0.62176],
			"to": [12.73839, 10.93086, 14.67616],
			"rotation": {"angle": 0, "axis": "y", "origin": [8.36025, 10.23232, 7.9272]},
			"faces": {
				"north": {"uv": [0, 0, 16, 16], "texture": "#3_0"},
				"east": {"uv": [0, 0, 9, 6], "texture": "#3_0"},
				"south": {"uv": [0, 0, 16, 16], "texture": "#3_0"},
				"west": {"uv": [0, 0, 9, 6], "texture": "#3_0"},
				"up": {"uv": [0, 0, 16, 9], "rotation": 180, "texture": "#3_0"},
				"down": {"uv": [0, 0, 16, 9], "rotation": 180, "texture": "#3_0"}
			}
		},
		{
			"from": [4.05636, -0.03314, 1.61678],
			"to": [12.11422, 12.45966, 13.70356],
			"rotation": {"angle": 0, "axis": "y", "origin": [8.36025, 10.23232, 7.9272]},
			"faces": {
				"north": {"uv": [0, 0, 16, 9], "texture": "#3_0"},
				"east": {"uv": [0, 0, 9, 6], "texture": "#3_0"},
				"south": {"uv": [0, 0, 16, 9], "texture": "#3_0"},
				"west": {"uv": [0, 0, 9, 6], "texture": "#3_0"},
				"up": {"uv": [0, 0, 16, 16], "rotation": 180, "texture": "#3_1"},
				"down": {"uv": [0, 0, 16, 16], "rotation": 180, "texture": "#3_0"}
			}
		},
		{
			"from": [6.57743, -0.03157, 0.78568],
			"to": [9.42631, 12.46123, 15.0301],
			"rotation": {"angle": -45, "axis": "y", "origin": [8.36025, 10.23232, 7.9272]},
			"faces": {
				"north": {"uv": [6, 1, 16, 8], "rotation": 180, "texture": "#3_0"},
				"east": {"uv": [0, 0, 10.6066, 6], "texture": "#3_0"},
				"south": {"uv": [6, 1, 16, 8], "rotation": 180, "texture": "#3_0"},
				"west": {"uv": [0, 0, 10.6066, 6], "texture": "#3_0"},
				"up": {"uv": [6, 1, 16, 8], "rotation": 180, "texture": "#3_0"},
				"down": {"uv": [6, 1, 16, 8], "rotation": 180, "texture": "#3_0"}
			}
		},
		{
			"from": [0.85074, 0.00434, 6.51269],
			"to": [15.09516, 12.4581, 9.36156],
			"rotation": {"angle": -45, "axis": "y", "origin": [8.36025, 10.23232, 7.9272]},
			"faces": {
				"north": {"uv": [0, 0, 10.6066, 6], "texture": "#3_0"},
				"east": {"uv": [6, 1, 16, 8], "rotation": 180, "texture": "#3_0"},
				"south": {"uv": [0, 0, 10.6066, 6], "texture": "#3_0"},
				"west": {"uv": [6, 1, 16, 8], "rotation": 180, "texture": "#3_0"},
				"up": {"uv": [6, 1, 16, 8], "rotation": 270, "texture": "#3_0"},
				"down": {"uv": [6, 1, 16, 8], "rotation": 270, "texture": "#3_0"}
			}
		},
		{
			"from": [2.07826, -0.03001, 3.63004],
			"to": [14.16505, 12.46279, 11.68789],
			"rotation": {"angle": 0, "axis": "y", "origin": [8.36025, 10.23232, 7.9272]},
			"faces": {
				"north": {"uv": [0, 0, 9, 6], "texture": "#3_1"},
				"east": {"uv": [0, 0, 16, 9], "texture": "#3_0"},
				"south": {"uv": [0, 0, 9, 6], "texture": "#3_1"},
				"west": {"uv": [0, 0, 16, 9], "texture": "#3_0"},
				"up": {"uv": [0, 0, 16, 16], "rotation": 180, "texture": "#3_1"},
				"down": {"uv": [0, 0, 16, 16], "rotation": 180, "texture": "#3_0"}
			}
		},
		{
			"from": [7.49933, 12.49246, 6.9483],
			"to": [9.06093, 15.61566, 8.5099],
			"rotation": {"angle": 0, "axis": "y", "origin": [8.36025, 10.23232, 7.9272]},
			"faces": {
				"north": {"uv": [0, 0, 16, 16], "texture": "#2"},
				"east": {"uv": [0, 0, 16, 16], "texture": "#2"},
				"south": {"uv": [0, 0, 16, 16], "texture": "#2"},
				"west": {"uv": [0, 0, 16, 16], "texture": "#2"},
				"up": {"uv": [0, 0, 16, 16], "rotation": 180, "texture": "#2"},
				"down": {"uv": [0, 0, 16, 16], "rotation": 180, "texture": "#2"}
			}
		},
		{
			"from": [9.65977, 14.93878, 7.10718],
			"to": [10.90905, 16.50038, 8.35646],
			"rotation": {"angle": 22.5, "axis": "z", "origin": [8.36025, 10.23232, 7.9272]},
			"faces": {
				"north": {"uv": [0, 0, 16, 16], "texture": "#2"},
				"east": {"uv": [0, 0, 16, 16], "texture": "#2"},
				"south": {"uv": [0, 0, 16, 16], "texture": "#2"},
				"west": {"uv": [0, 0, 16, 16], "texture": "#2"},
				"up": {"uv": [0, 0, 16, 16], "rotation": 180, "texture": "#2"},
				"down": {"uv": [0, 0, 16, 16], "rotation": 180, "texture": "#2"}
			}
		},
		{
			"from": [12.02232, 15.04694, 7.26204],
			"to": [12.95928, 16.60854, 8.199],
			"rotation": {"angle": 45, "axis": "z", "origin": [8.36025, 10.23232, 7.9272]},
			"faces": {
				"north": {"uv": [0, 0, 16, 16], "texture": "#2"},
				"east": {"uv": [0, 0, 16, 16], "texture": "#2"},
				"south": {"uv": [0, 0, 16, 16], "texture": "#2"},
				"west": {"uv": [0, 0, 16, 16], "texture": "#2"},
				"up": {"uv": [0, 0, 16, 16], "rotation": 180, "texture": "#2"},
				"down": {"uv": [0, 0, 16, 16], "rotation": 180, "texture": "#2"}
			}
		},
		{
			"from": [7.49933, 10.13387, 9.43303],
			"to": [9.06093, 12.47627, 10.99463],
			"rotation": {"angle": -45, "axis": "x", "origin": [8.36025, 10.23232, 7.9272]},
			"faces": {
				"north": {"uv": [0, 0, 16, 16], "texture": "#2"},
				"east": {"uv": [0, 0, 16, 16], "texture": "#2"},
				"south": {"uv": [0, 0, 16, 16], "texture": "#2"},
				"west": {"uv": [0, 0, 16, 16], "texture": "#2"},
				"up": {"uv": [0, 0, 16, 16], "rotation": 180, "texture": "#2"},
				"down": {"uv": [0, 0, 16, 16], "rotation": 180, "texture": "#2"}
			}
		},
		{
			"from": [5.09675, 9.93782, 6.94653],
			"to": [6.65835, 12.28022, 8.50813],
			"rotation": {"angle": -45, "axis": "z", "origin": [8.36025, 10.23232, 7.9272]},
			"faces": {
				"north": {"uv": [0, 0, 16, 16], "rotation": 270, "texture": "#2"},
				"east": {"uv": [0, 0, 16, 16], "rotation": 270, "texture": "#2"},
				"south": {"uv": [0, 0, 16, 16], "rotation": 270, "texture": "#2"},
				"west": {"uv": [0, 0, 16, 16], "rotation": 270, "texture": "#2"},
				"up": {"uv": [0, 0, 16, 16], "rotation": 90, "texture": "#2"},
				"down": {"uv": [0, 0, 16, 16], "rotation": 90, "texture": "#2"}
			}
		},
		{
			"from": [7.49933, 9.85371, 4.57959],
			"to": [9.06093, 12.19611, 6.14119],
			"rotation": {"angle": 45, "axis": "x", "origin": [8.36025, 10.23232, 7.9272]},
			"faces": {
				"north": {"uv": [0, 0, 16, 16], "texture": "#2"},
				"east": {"uv": [0, 0, 16, 16], "texture": "#2"},
				"south": {"uv": [0, 0, 16, 16], "texture": "#2"},
				"west": {"uv": [0, 0, 16, 16], "texture": "#2"},
				"up": {"uv": [0, 0, 16, 16], "rotation": 180, "texture": "#2"},
				"down": {"uv": [0, 0, 16, 16], "rotation": 180, "texture": "#2"}
			}
		},
		{
			"from": [9.95019, 10.04976, 6.94653],
			"to": [11.51179, 12.39216, 8.50813],
			"rotation": {"angle": 45, "axis": "z", "origin": [8.36025, 10.23232, 7.9272]},
			"faces": {
				"north": {"uv": [0, 0, 16, 16], "rotation": 270, "texture": "#2"},
				"east": {"uv": [0, 0, 16, 16], "rotation": 270, "texture": "#2"},
				"south": {"uv": [0, 0, 16, 16], "rotation": 270, "texture": "#2"},
				"west": {"uv": [0, 0, 16, 16], "rotation": 270, "texture": "#2"},
				"up": {"uv": [0, 0, 16, 16], "rotation": 90, "texture": "#2"},
				"down": {"uv": [0, 0, 16, 16], "rotation": 90, "texture": "#2"}
			}
		},
		{
			"from": [9.99291, 11.87674, 6.1675],
			"to": [14.67771, 11.87674, 10.8523],
			"rotation": {"angle": 22.5, "axis": "z", "origin": [8.36025, 10.23232, 7.9272]},
			"faces": {
				"north": {"uv": [0, 0, 3, 0], "texture": "#missing"},
				"east": {"uv": [0, 0, 3, 0], "texture": "#missing"},
				"south": {"uv": [0, 0, 3, 0], "texture": "#missing"},
				"west": {"uv": [0, 0, 3, 0], "texture": "#missing"},
				"up": {"uv": [0, 0, 7, 6], "rotation": 270, "texture": "#3"},
				"down": {"uv": [0, 0, 7, 6], "rotation": 270, "texture": "#3"}
			}
		},
		{
			"from": [7.10893, 11.9229, 9.44839],
			"to": [11.79373, 11.9229, 14.13319],
			"rotation": {"angle": -22.5, "axis": "x", "origin": [8.36025, 10.23232, 7.9272]},
			"faces": {
				"north": {"uv": [0, 0, 7, 6], "rotation": 270, "texture": "#3"},
				"east": {"uv": [0, 0, 7, 6], "rotation": 270, "texture": "#3"},
				"south": {"uv": [0, 0, 7, 6], "rotation": 270, "texture": "#3"},
				"west": {"uv": [0, 0, 7, 6], "rotation": 270, "texture": "#3"},
				"up": {"uv": [0, 0, 7, 6], "rotation": 180, "texture": "#3"},
				"down": {"uv": [0, 0, 7, 6], "rotation": 270, "texture": "#3"}
			}
		}
	],
	"display": {
		"thirdperson_righthand": {
			"rotation": [75, 16.5, 0],
			"translation": [0, 2.5, 1.5],
			"scale": [0.375, 0.375, 0.375]
		},
		"thirdperson_lefthand": {
			"rotation": [75, 16.5, 0],
			"translation": [0, 2.5, 1.5],
			"scale": [0.375, 0.375, 0.375]
		},
		"firstperson_righthand": {
			"rotation": [0, 110.5, 0],
			"translation": [1.5, 3.25, 0],
			"scale": [0.27305, 0.27305, 0.27305]
		},
		"firstperson_lefthand": {
			"rotation": [0, 110.5, 0],
			"translation": [1.5, 3.25, 0],
			"scale": [0.27305, 0.27305, 0.27305]
		},
		"ground": {
			"translation": [0, 2.5, 0],
			"scale": [0.8, 0.8, 0.8]
		},
		"gui": {
			"rotation": [30, 225, 0],
			"translation": [-1.5, 2.75, 0],
			"scale": [0.76953, 0.76953, 0.76953]
		},
		"head": {
			"translation": [0, 13.5, 0],
			"scale": [0.76563, 0.76563, 0.76563]
		},
		"fixed": {
			"rotation": [-90, 0, 0],
			"translation": [0, 0, -15],
			"scale": [2, 2, 2]
		}
	},
	"groups": [
		{
			"name": "stacked pumpkin wo",
			"origin": [8, 8, 8],
			"children": [
				{
					"name": "white pumpkin big",
					"origin": [8, 8, 8],
					"children": [
						{
							"name": "Big Pumpkin",
							"origin": [8.51309, 0.5009, 7.98602],
							"children": [0, 1, 2, 3, 4, 5, 6, 7,
								{
									"name": "Stem",
									"origin": [7.50026, 8.24999, 8.002],
									"children": [8, 9, 10, 11, 12, 13, 14]
								},
								{
									"name": "leaves",
									"origin": [7.24915, 8.5, 6.00085],
									"children": [15, 16]
								}
							]
						}
					]
				},
				{
					"name": "pumpkin_big",
					"origin": [8, 8, 8],
					"children": [
						{
							"name": "Big Pumpkin",
							"origin": [8.51309, 0.5009, 7.98602],
							"children": [17, 18, 19, 20, 21, 22, 23, 24,
								{
									"name": "Stem",
									"origin": [7.50026, 8.24999, 8.002],
									"children": [25, 26, 27, 28, 29, 30, 31]
								},
								{
									"name": "leaves",
									"origin": [7.24915, 8.5, 6.00085],
									"children": [32, 33]
								}
							]
						}
					]
				}
			]
		}
	]
}