{
	"credit": "Made with Blockbench",
	"textures": {
		"0": "block/green pumpkin side",
		"1": "block/green pumpkin top",
		"2": "block/MizunoArchive/oak_log",
		"3": "block/MizunoArchive/jungle_sapling_4",
		"2_0": "block/white pumpkin side",
		"2_1": "block/white pumpkin top",
		"particle": "block/MizunoArchive/pumpkin_side",
		"3_0": "block/MizunoArchive/pumpkin_side",
		"3_1": "block/MizunoArchive/pumpkin_top"
	},
	"elements": [
		{
			"from": [-2.6417, 1.08712, -5.21065],
			"to": [5.7031, 6.65032, 0.35255],
			"rotation": {"angle": 22.5, "axis": "y", "origin": [1.53534, 3.86414, -2.43303]},
			"faces": {
				"north": {"uv": [0, 0, 9, 6], "texture": "#0"},
				"east": {"uv": [0, 0, 16, 16], "texture": "#0"},
				"south": {"uv": [0, 0, 9, 6], "texture": "#0"},
				"west": {"uv": [0, 0, 16, 16], "texture": "#0"},
				"up": {"uv": [0, 0, 16, 9], "rotation": 90, "texture": "#0"},
				"down": {"uv": [0, 0, 16, 9], "rotation": 90, "texture": "#0"}
			}
		},
		{
			"from": [-3.36519, 1.10567, -3.42872],
			"to": [6.46926, 6.66887, -1.46183],
			"rotation": {"angle": -22.5, "axis": "y", "origin": [1.53534, 3.86414, -2.43303]},
			"faces": {
				"north": {"uv": [0, 0, 10.6066, 6], "texture": "#0"},
				"east": {"uv": [6, 0, 16, 16], "texture": "#0"},
				"south": {"uv": [0, 0, 10.6066, 6], "texture": "#0"},
				"west": {"uv": [6, 0, 16, 16], "texture": "#0"},
				"up": {"uv": [6, 1, 16, 8], "rotation": 90, "texture": "#0"},
				"down": {"uv": [6, 1, 16, 8], "texture": "#0"}
			}
		},
		{
			"from": [0.55143, 1.09639, -7.3453],
			"to": [2.51831, 6.65959, 2.48914],
			"rotation": {"angle": -22.5, "axis": "y", "origin": [1.53534, 3.86414, -2.43303]},
			"faces": {
				"north": {"uv": [6, 0, 16, 16], "texture": "#0"},
				"east": {"uv": [0, 0, 10.6066, 6], "texture": "#0"},
				"south": {"uv": [6, 0, 16, 16], "texture": "#0"},
				"west": {"uv": [0, 0, 10.6066, 6], "texture": "#0"},
				"up": {"uv": [6, 1, 16, 8], "texture": "#0"},
				"down": {"uv": [6, 1, 16, 8], "texture": "#0"}
			}
		},
		{
			"from": [-1.2258, 1.08712, -6.60229],
			"to": [4.3374, 6.65032, 1.74251],
			"rotation": {"angle": 22.5, "axis": "y", "origin": [1.53534, 3.86414, -2.43303]},
			"faces": {
				"north": {"uv": [0, 0, 16, 16], "texture": "#0"},
				"east": {"uv": [0, 0, 9, 6], "texture": "#0"},
				"south": {"uv": [0, 0, 16, 16], "texture": "#0"},
				"west": {"uv": [0, 0, 9, 6], "texture": "#0"},
				"up": {"uv": [0, 0, 16, 9], "texture": "#0"},
				"down": {"uv": [0, 0, 16, 9], "texture": "#0"}
			}
		},
		{
			"from": [-0.85521, 0.14045, -6.02481],
			"to": [3.92915, 7.55805, 1.15172],
			"rotation": {"angle": 22.5, "axis": "y", "origin": [1.53534, 3.86414, -2.43303]},
			"faces": {
				"north": {"uv": [0, 0, 16, 9], "texture": "#0"},
				"east": {"uv": [0, 0, 9, 6], "texture": "#0"},
				"south": {"uv": [0, 0, 16, 9], "texture": "#0"},
				"west": {"uv": [0, 0, 9, 6], "texture": "#0"},
				"up": {"uv": [0, 0, 16, 16], "texture": "#1"},
				"down": {"uv": [0, 0, 16, 16], "texture": "#0"}
			}
		},
		{
			"from": [0.67348, 0.14138, -6.65069],
			"to": [2.36501, 7.55898, 1.80693],
			"rotation": {"angle": -22.5, "axis": "y", "origin": [1.53534, 3.86414, -2.43303]},
			"faces": {
				"north": {"uv": [6, 1, 16, 8], "rotation": 180, "texture": "#0"},
				"east": {"uv": [0, 0, 10.6066, 6], "texture": "#0"},
				"south": {"uv": [6, 1, 16, 8], "rotation": 180, "texture": "#0"},
				"west": {"uv": [0, 0, 10.6066, 6], "texture": "#0"},
				"up": {"uv": [6, 1, 16, 8], "texture": "#0"},
				"down": {"uv": [6, 1, 16, 8], "texture": "#0"}
			}
		},
		{
			"from": [-2.6924, 0.1627, -3.28499],
			"to": [5.76522, 7.55712, -1.59348],
			"rotation": {"angle": -22.5, "axis": "y", "origin": [1.53534, 3.86414, -2.43303]},
			"faces": {
				"north": {"uv": [0, 0, 10.6066, 6], "texture": "#0"},
				"east": {"uv": [6, 1, 16, 8], "rotation": 180, "texture": "#0"},
				"south": {"uv": [0, 0, 10.6066, 6], "texture": "#0"},
				"west": {"uv": [6, 1, 16, 8], "rotation": 180, "texture": "#0"},
				"up": {"uv": [6, 1, 16, 8], "rotation": 90, "texture": "#0"},
				"down": {"uv": [6, 1, 16, 8], "rotation": 90, "texture": "#0"}
			}
		},
		{
			"from": [-2.07289, 0.14231, -4.82801],
			"to": [5.10364, 7.55991, -0.04366],
			"rotation": {"angle": 22.5, "axis": "y", "origin": [1.53534, 3.86414, -2.43303]},
			"faces": {
				"north": {"uv": [0, 0, 9, 6], "texture": "#1"},
				"east": {"uv": [0, 0, 16, 9], "texture": "#0"},
				"south": {"uv": [0, 0, 9, 6], "texture": "#1"},
				"west": {"uv": [0, 0, 16, 9], "texture": "#0"},
				"up": {"uv": [0, 0, 16, 16], "texture": "#1"},
				"down": {"uv": [0, 0, 16, 16], "texture": "#0"}
			}
		},
		{
			"from": [0.95768, 7.57752, -2.94107],
			"to": [1.88488, 9.43192, -2.01387],
			"rotation": {"angle": 0, "axis": "y", "origin": [1.37371, 6.23557, -2.5951]},
			"faces": {
				"north": {"uv": [0, 0, 16, 16], "texture": "#2"},
				"east": {"uv": [0, 0, 16, 16], "texture": "#2"},
				"south": {"uv": [0, 0, 16, 16], "texture": "#2"},
				"west": {"uv": [0, 0, 16, 16], "texture": "#2"},
				"up": {"uv": [0, 0, 16, 16], "texture": "#2"},
				"down": {"uv": [0, 0, 16, 16], "texture": "#2"}
			}
		},
		{
			"from": [-0.13964, 9.03003, -2.84997],
			"to": [0.60212, 9.95723, -2.10821],
			"rotation": {"angle": -22.5, "axis": "z", "origin": [1.37371, 6.23557, -2.5951]},
			"faces": {
				"north": {"uv": [0, 0, 16, 16], "texture": "#2"},
				"east": {"uv": [0, 0, 16, 16], "texture": "#2"},
				"south": {"uv": [0, 0, 16, 16], "texture": "#2"},
				"west": {"uv": [0, 0, 16, 16], "texture": "#2"},
				"up": {"uv": [0, 0, 16, 16], "texture": "#2"},
				"down": {"uv": [0, 0, 16, 16], "texture": "#2"}
			}
		},
		{
			"from": [-1.35696, 9.09425, -2.75648],
			"to": [-0.80064, 10.02145, -2.20016],
			"rotation": {"angle": -45, "axis": "z", "origin": [1.37371, 6.23557, -2.5951]},
			"faces": {
				"north": {"uv": [0, 0, 16, 16], "texture": "#2"},
				"east": {"uv": [0, 0, 16, 16], "texture": "#2"},
				"south": {"uv": [0, 0, 16, 16], "texture": "#2"},
				"west": {"uv": [0, 0, 16, 16], "texture": "#2"},
				"up": {"uv": [0, 0, 16, 16], "texture": "#2"},
				"down": {"uv": [0, 0, 16, 16], "texture": "#2"}
			}
		},
		{
			"from": [0.95768, 6.17711, -4.41639],
			"to": [1.88488, 7.56791, -3.48919],
			"rotation": {"angle": 45, "axis": "x", "origin": [1.37371, 6.23557, -2.5951]},
			"faces": {
				"north": {"uv": [0, 0, 16, 16], "texture": "#2"},
				"east": {"uv": [0, 0, 16, 16], "texture": "#2"},
				"south": {"uv": [0, 0, 16, 16], "texture": "#2"},
				"west": {"uv": [0, 0, 16, 16], "texture": "#2"},
				"up": {"uv": [0, 0, 16, 16], "texture": "#2"},
				"down": {"uv": [0, 0, 16, 16], "texture": "#2"}
			}
		},
		{
			"from": [2.38422, 6.06071, -2.94002],
			"to": [3.31142, 7.45151, -2.01282],
			"rotation": {"angle": 45, "axis": "z", "origin": [1.37371, 6.23557, -2.5951]},
			"faces": {
				"north": {"uv": [0, 0, 16, 16], "rotation": 270, "texture": "#2"},
				"east": {"uv": [0, 0, 16, 16], "rotation": 270, "texture": "#2"},
				"south": {"uv": [0, 0, 16, 16], "rotation": 270, "texture": "#2"},
				"west": {"uv": [0, 0, 16, 16], "rotation": 270, "texture": "#2"},
				"up": {"uv": [0, 0, 16, 16], "rotation": 270, "texture": "#2"},
				"down": {"uv": [0, 0, 16, 16], "rotation": 270, "texture": "#2"}
			}
		},
		{
			"from": [0.95768, 6.01077, -1.53466],
			"to": [1.88488, 7.40157, -0.60746],
			"rotation": {"angle": -45, "axis": "x", "origin": [1.37371, 6.23557, -2.5951]},
			"faces": {
				"north": {"uv": [0, 0, 16, 16], "texture": "#2"},
				"east": {"uv": [0, 0, 16, 16], "texture": "#2"},
				"south": {"uv": [0, 0, 16, 16], "texture": "#2"},
				"west": {"uv": [0, 0, 16, 16], "texture": "#2"},
				"up": {"uv": [0, 0, 16, 16], "texture": "#2"},
				"down": {"uv": [0, 0, 16, 16], "texture": "#2"}
			}
		},
		{
			"from": [-0.49751, 6.12717, -2.94002],
			"to": [0.42969, 7.51797, -2.01282],
			"rotation": {"angle": -45, "axis": "z", "origin": [1.37371, 6.23557, -2.5951]},
			"faces": {
				"north": {"uv": [0, 0, 16, 16], "rotation": 270, "texture": "#2"},
				"east": {"uv": [0, 0, 16, 16], "rotation": 270, "texture": "#2"},
				"south": {"uv": [0, 0, 16, 16], "rotation": 270, "texture": "#2"},
				"west": {"uv": [0, 0, 16, 16], "rotation": 270, "texture": "#2"},
				"up": {"uv": [0, 0, 16, 16], "rotation": 270, "texture": "#2"},
				"down": {"uv": [0, 0, 16, 16], "rotation": 270, "texture": "#2"}
			}
		},
		{
			"from": [-2.37728, 7.21194, -4.33187],
			"to": [0.40432, 7.21194, -1.55027],
			"rotation": {"angle": -22.5, "axis": "z", "origin": [1.37371, 6.23557, -2.5951]},
			"faces": {
				"north": {"uv": [0, 0, 3, 0], "texture": "#missing"},
				"east": {"uv": [0, 0, 3, 0], "texture": "#missing"},
				"south": {"uv": [0, 0, 3, 0], "texture": "#missing"},
				"west": {"uv": [0, 0, 3, 0], "texture": "#missing"},
				"up": {"uv": [0, 0, 7, 6], "rotation": 90, "texture": "#3"},
				"down": {"uv": [0, 0, 7, 6], "rotation": 90, "texture": "#3"}
			}
		},
		{
			"from": [-0.66492, 7.23934, -6.27991],
			"to": [2.11668, 7.23934, -3.49831],
			"rotation": {"angle": 22.5, "axis": "x", "origin": [1.37371, 6.23557, -2.5951]},
			"faces": {
				"north": {"uv": [0, 0, 7, 6], "rotation": 270, "texture": "#3"},
				"east": {"uv": [0, 0, 7, 6], "rotation": 270, "texture": "#3"},
				"south": {"uv": [0, 0, 7, 6], "rotation": 270, "texture": "#3"},
				"west": {"uv": [0, 0, 7, 6], "rotation": 270, "texture": "#3"},
				"up": {"uv": [0, 0, 7, 6], "texture": "#3"},
				"down": {"uv": [0, 0, 7, 6], "rotation": 90, "texture": "#3"}
			}
		},
		{
			"from": [3.20078, 14.37652, 5.54968],
			"to": [12.69628, 20.70686, 11.88002],
			"rotation": {"angle": 45, "axis": "y", "origin": [7.94325, 17.53648, 8.71937]},
			"faces": {
				"north": {"uv": [0, 0, 9, 6], "texture": "#2_0"},
				"east": {"uv": [0, 0, 16, 16], "texture": "#2_0"},
				"south": {"uv": [0, 0, 9, 6], "texture": "#2_0"},
				"west": {"uv": [0, 0, 16, 16], "texture": "#2_0"},
				"up": {"uv": [0, 0, 16, 9], "rotation": 270, "texture": "#2_0"},
				"down": {"uv": [0, 0, 16, 9], "rotation": 270, "texture": "#2_0"}
			}
		},
		{
			"from": [2.32897, 14.39763, 7.61425],
			"to": [13.51954, 20.72796, 9.85236],
			"rotation": {"angle": 0, "axis": "y", "origin": [7.94325, 17.53648, 8.71937]},
			"faces": {
				"north": {"uv": [0, 0, 10.6066, 6], "texture": "#2_0"},
				"east": {"uv": [6, 0, 16, 16], "texture": "#2_0"},
				"south": {"uv": [0, 0, 10.6066, 6], "texture": "#2_0"},
				"west": {"uv": [6, 0, 16, 16], "texture": "#2_0"},
				"up": {"uv": [6, 1, 16, 8], "rotation": 270, "texture": "#2_0"},
				"down": {"uv": [6, 1, 16, 8], "rotation": 180, "texture": "#2_0"}
			}
		},
		{
			"from": [6.82473, 14.38708, 3.11846],
			"to": [9.06284, 20.71741, 14.30902],
			"rotation": {"angle": 0, "axis": "y", "origin": [7.94325, 17.53648, 8.71937]},
			"faces": {
				"north": {"uv": [6, 0, 16, 16], "texture": "#2_0"},
				"east": {"uv": [0, 0, 10.6066, 6], "texture": "#2_0"},
				"south": {"uv": [6, 0, 16, 16], "texture": "#2_0"},
				"west": {"uv": [0, 0, 10.6066, 6], "texture": "#2_0"},
				"up": {"uv": [6, 1, 16, 8], "rotation": 180, "texture": "#2_0"},
				"down": {"uv": [6, 1, 16, 8], "rotation": 180, "texture": "#2_0"}
			}
		},
		{
			"from": [4.75481, 14.37652, 3.96805],
			"to": [11.08514, 20.70686, 13.46355],
			"rotation": {"angle": 45, "axis": "y", "origin": [7.94325, 17.53648, 8.71937]},
			"faces": {
				"north": {"uv": [0, 0, 16, 16], "texture": "#2_0"},
				"east": {"uv": [0, 0, 9, 6], "texture": "#2_0"},
				"south": {"uv": [0, 0, 16, 16], "texture": "#2_0"},
				"west": {"uv": [0, 0, 9, 6], "texture": "#2_0"},
				"up": {"uv": [0, 0, 16, 9], "rotation": 180, "texture": "#2_0"},
				"down": {"uv": [0, 0, 16, 9], "rotation": 180, "texture": "#2_0"}
			}
		},
		{
			"from": [5.21935, 13.29931, 4.64031],
			"to": [10.66344, 21.73976, 12.80644],
			"rotation": {"angle": 45, "axis": "y", "origin": [7.94325, 17.53648, 8.71937]},
			"faces": {
				"north": {"uv": [0, 0, 16, 9], "texture": "#2_0"},
				"east": {"uv": [0, 0, 9, 6], "texture": "#2_0"},
				"south": {"uv": [0, 0, 16, 9], "texture": "#2_0"},
				"west": {"uv": [0, 0, 9, 6], "texture": "#2_0"},
				"up": {"uv": [0, 0, 16, 16], "rotation": 180, "texture": "#2_1"},
				"down": {"uv": [0, 0, 16, 16], "rotation": 180, "texture": "#2_0"}
			}
		},
		{
			"from": [6.99918, 13.30037, 3.89474],
			"to": [8.92395, 21.74082, 13.51863],
			"rotation": {"angle": 0, "axis": "y", "origin": [7.94325, 17.53648, 8.71937]},
			"faces": {
				"north": {"uv": [6, 1, 16, 8], "rotation": 180, "texture": "#2_0"},
				"east": {"uv": [0, 0, 10.6066, 6], "texture": "#2_0"},
				"south": {"uv": [6, 1, 16, 8], "rotation": 180, "texture": "#2_0"},
				"west": {"uv": [0, 0, 10.6066, 6], "texture": "#2_0"},
				"up": {"uv": [6, 1, 16, 8], "rotation": 180, "texture": "#2_0"},
				"down": {"uv": [6, 1, 16, 8], "rotation": 180, "texture": "#2_0"}
			}
		},
		{
			"from": [3.13009, 13.32463, 7.76405],
			"to": [12.75397, 21.73871, 9.68882],
			"rotation": {"angle": 0, "axis": "y", "origin": [7.94325, 17.53648, 8.71937]},
			"faces": {
				"north": {"uv": [0, 0, 10.6066, 6], "texture": "#2_0"},
				"east": {"uv": [6, 1, 16, 8], "rotation": 180, "texture": "#2_0"},
				"south": {"uv": [0, 0, 10.6066, 6], "texture": "#2_0"},
				"west": {"uv": [6, 1, 16, 8], "rotation": 180, "texture": "#2_0"},
				"up": {"uv": [6, 1, 16, 8], "rotation": 270, "texture": "#2_0"},
				"down": {"uv": [6, 1, 16, 8], "rotation": 270, "texture": "#2_0"}
			}
		},
		{
			"from": [3.8829, 13.30142, 6.00052],
			"to": [12.04903, 21.74187, 11.44461],
			"rotation": {"angle": 45, "axis": "y", "origin": [7.94325, 17.53648, 8.71937]},
			"faces": {
				"north": {"uv": [0, 0, 9, 6], "texture": "#2_1"},
				"east": {"uv": [0, 0, 16, 9], "texture": "#2_0"},
				"south": {"uv": [0, 0, 9, 6], "texture": "#2_1"},
				"west": {"uv": [0, 0, 16, 9], "texture": "#2_0"},
				"up": {"uv": [0, 0, 16, 16], "rotation": 180, "texture": "#2_1"},
				"down": {"uv": [0, 0, 16, 16], "rotation": 180, "texture": "#2_0"}
			}
		},
		{
			"from": [7.54551, 21.76192, 8.24242],
			"to": [8.60056, 23.87203, 9.29747],
			"rotation": {"angle": 0, "axis": "y", "origin": [8.12716, 20.23491, 8.90379]},
			"faces": {
				"north": {"uv": [0, 0, 16, 16], "texture": "#2"},
				"east": {"uv": [0, 0, 16, 16], "texture": "#2"},
				"south": {"uv": [0, 0, 16, 16], "texture": "#2"},
				"west": {"uv": [0, 0, 16, 16], "texture": "#2"},
				"up": {"uv": [0, 0, 16, 16], "rotation": 180, "texture": "#2"},
				"down": {"uv": [0, 0, 16, 16], "rotation": 180, "texture": "#2"}
			}
		},
		{
			"from": [9.00515, 23.41471, 8.34976],
			"to": [9.8492, 24.46977, 9.19381],
			"rotation": {"angle": 22.5, "axis": "z", "origin": [8.12716, 20.23491, 8.90379]},
			"faces": {
				"north": {"uv": [0, 0, 16, 16], "texture": "#2"},
				"east": {"uv": [0, 0, 16, 16], "texture": "#2"},
				"south": {"uv": [0, 0, 16, 16], "texture": "#2"},
				"west": {"uv": [0, 0, 16, 16], "texture": "#2"},
				"up": {"uv": [0, 0, 16, 16], "rotation": 180, "texture": "#2"},
				"down": {"uv": [0, 0, 16, 16], "rotation": 180, "texture": "#2"}
			}
		},
		{
			"from": [10.60135, 23.48779, 8.45439],
			"to": [11.23438, 24.54285, 9.08742],
			"rotation": {"angle": 45, "axis": "z", "origin": [8.12716, 20.23491, 8.90379]},
			"faces": {
				"north": {"uv": [0, 0, 16, 16], "texture": "#2"},
				"east": {"uv": [0, 0, 16, 16], "texture": "#2"},
				"south": {"uv": [0, 0, 16, 16], "texture": "#2"},
				"west": {"uv": [0, 0, 16, 16], "texture": "#2"},
				"up": {"uv": [0, 0, 16, 16], "rotation": 180, "texture": "#2"},
				"down": {"uv": [0, 0, 16, 16], "rotation": 180, "texture": "#2"}
			}
		},
		{
			"from": [7.54551, 20.16839, 9.92117],
			"to": [8.60056, 21.75098, 10.97622],
			"rotation": {"angle": -45, "axis": "x", "origin": [8.12716, 20.23491, 8.90379]},
			"faces": {
				"north": {"uv": [0, 0, 16, 16], "texture": "#2"},
				"east": {"uv": [0, 0, 16, 16], "texture": "#2"},
				"south": {"uv": [0, 0, 16, 16], "texture": "#2"},
				"west": {"uv": [0, 0, 16, 16], "texture": "#2"},
				"up": {"uv": [0, 0, 16, 16], "rotation": 180, "texture": "#2"},
				"down": {"uv": [0, 0, 16, 16], "rotation": 180, "texture": "#2"}
			}
		},
		{
			"from": [5.92226, 20.03594, 8.24122],
			"to": [6.97732, 21.61852, 9.29628],
			"rotation": {"angle": -45, "axis": "z", "origin": [8.12716, 20.23491, 8.90379]},
			"faces": {
				"north": {"uv": [0, 0, 16, 16], "rotation": 270, "texture": "#2"},
				"east": {"uv": [0, 0, 16, 16], "rotation": 270, "texture": "#2"},
				"south": {"uv": [0, 0, 16, 16], "rotation": 270, "texture": "#2"},
				"west": {"uv": [0, 0, 16, 16], "rotation": 270, "texture": "#2"},
				"up": {"uv": [0, 0, 16, 16], "rotation": 90, "texture": "#2"},
				"down": {"uv": [0, 0, 16, 16], "rotation": 90, "texture": "#2"}
			}
		},
		{
			"from": [7.54551, 19.97911, 6.64206],
			"to": [8.60056, 21.5617, 7.69712],
			"rotation": {"angle": 45, "axis": "x", "origin": [8.12716, 20.23491, 8.90379]},
			"faces": {
				"north": {"uv": [0, 0, 16, 16], "texture": "#2"},
				"east": {"uv": [0, 0, 16, 16], "texture": "#2"},
				"south": {"uv": [0, 0, 16, 16], "texture": "#2"},
				"west": {"uv": [0, 0, 16, 16], "texture": "#2"},
				"up": {"uv": [0, 0, 16, 16], "rotation": 180, "texture": "#2"},
				"down": {"uv": [0, 0, 16, 16], "rotation": 180, "texture": "#2"}
			}
		},
		{
			"from": [9.20136, 20.11157, 8.24122],
			"to": [10.25642, 21.69415, 9.29628],
			"rotation": {"angle": 45, "axis": "z", "origin": [8.12716, 20.23491, 8.90379]},
			"faces": {
				"north": {"uv": [0, 0, 16, 16], "rotation": 270, "texture": "#2"},
				"east": {"uv": [0, 0, 16, 16], "rotation": 270, "texture": "#2"},
				"south": {"uv": [0, 0, 16, 16], "rotation": 270, "texture": "#2"},
				"west": {"uv": [0, 0, 16, 16], "rotation": 270, "texture": "#2"},
				"up": {"uv": [0, 0, 16, 16], "rotation": 90, "texture": "#2"},
				"down": {"uv": [0, 0, 16, 16], "rotation": 90, "texture": "#2"}
			}
		},
		{
			"from": [9.23023, 21.34592, 7.71489],
			"to": [12.3954, 21.34592, 10.88006],
			"rotation": {"angle": 22.5, "axis": "z", "origin": [8.12716, 20.23491, 8.90379]},
			"faces": {
				"north": {"uv": [0, 0, 3, 0], "texture": "#missing"},
				"east": {"uv": [0, 0, 3, 0], "texture": "#missing"},
				"south": {"uv": [0, 0, 3, 0], "texture": "#missing"},
				"west": {"uv": [0, 0, 3, 0], "texture": "#missing"},
				"up": {"uv": [0, 0, 7, 6], "rotation": 270, "texture": "#3"},
				"down": {"uv": [0, 0, 7, 6], "rotation": 270, "texture": "#3"}
			}
		},
		{
			"from": [7.28174, 21.37711, 9.93154],
			"to": [10.44691, 21.37711, 13.09671],
			"rotation": {"angle": -22.5, "axis": "x", "origin": [8.12716, 20.23491, 8.90379]},
			"faces": {
				"north": {"uv": [0, 0, 7, 6], "rotation": 270, "texture": "#3"},
				"east": {"uv": [0, 0, 7, 6], "rotation": 270, "texture": "#3"},
				"south": {"uv": [0, 0, 7, 6], "rotation": 270, "texture": "#3"},
				"west": {"uv": [0, 0, 7, 6], "rotation": 270, "texture": "#3"},
				"up": {"uv": [0, 0, 7, 6], "rotation": 180, "texture": "#3"},
				"down": {"uv": [0, 0, 7, 6], "rotation": 270, "texture": "#3"}
			}
		},
		{
			"from": [2.51401, 0.12893, 3.5543],
			"to": [13.20144, 13.34006, 12.36172],
			"rotation": {"angle": 0, "axis": "y", "origin": [12.54482, 6.98303, 8.22088]},
			"faces": {
				"north": {"uv": [0, 6, 9, 0], "rotation": 90, "texture": "#3_0"},
				"east": {"uv": [16, 0, 0, 9], "rotation": 180, "texture": "#3_0"},
				"south": {"uv": [0, 6, 9, 0], "rotation": 270, "texture": "#3_0"},
				"west": {"uv": [16, 0, 0, 9], "rotation": 180, "texture": "#3_0"},
				"up": {"uv": [0, 16, 16, 0], "rotation": 270, "texture": "#3_0"},
				"down": {"uv": [0, 16, 16, 0], "rotation": 270, "texture": "#3_0"}
			}
		},
		{
			"from": [2.54337, -1.1905, 6.68282],
			"to": [13.2308, 14.37898, 9.79671],
			"rotation": {"angle": 45, "axis": "x", "origin": [12.54482, 6.98303, 8.22088]},
			"faces": {
				"north": {"uv": [0, 6, 10.6066, 0], "rotation": 90, "texture": "#3_0"},
				"east": {"uv": [16, 1, 6, 8], "rotation": 180, "texture": "#3_0"},
				"south": {"uv": [0, 6, 10.6066, 0], "rotation": 270, "texture": "#3_0"},
				"west": {"uv": [6, 8, 16, 1], "rotation": 90, "texture": "#3_0"},
				"up": {"uv": [6, 16, 16, 0], "rotation": 270, "texture": "#3_0"},
				"down": {"uv": [6, 16, 16, 0], "rotation": 270, "texture": "#3_0"}
			}
		},
		{
			"from": [2.52869, 5.06447, 0.42781],
			"to": [13.21612, 8.17836, 15.99729],
			"rotation": {"angle": 45, "axis": "x", "origin": [12.54482, 6.98303, 8.22088]},
			"faces": {
				"north": {"uv": [6, 16, 16, 0], "rotation": 90, "texture": "#3_0"},
				"east": {"uv": [6, 8, 16, 1], "rotation": 90, "texture": "#3_0"},
				"south": {"uv": [6, 16, 16, 0], "rotation": 270, "texture": "#3_0"},
				"west": {"uv": [6, 8, 16, 1], "rotation": 90, "texture": "#3_0"},
				"up": {"uv": [0, 6, 10.6066, 0], "rotation": 270, "texture": "#3_0"},
				"down": {"uv": [0, 6, 10.6066, 0], "rotation": 270, "texture": "#3_0"}
			}
		},
		{
			"from": [2.51401, 2.29105, 1.35376],
			"to": [13.20144, 11.09848, 14.5649],
			"rotation": {"angle": 0, "axis": "y", "origin": [12.54482, 6.98303, 8.22088]},
			"faces": {
				"north": {"uv": [0, 16, 16, 0], "rotation": 90, "texture": "#3_0"},
				"east": {"uv": [0, 9, 16, 0], "rotation": 90, "texture": "#3_0"},
				"south": {"uv": [0, 16, 16, 0], "rotation": 270, "texture": "#3_0"},
				"west": {"uv": [0, 9, 16, 0], "rotation": 90, "texture": "#3_0"},
				"up": {"uv": [0, 6, 9, 0], "rotation": 270, "texture": "#3_0"},
				"down": {"uv": [0, 6, 9, 0], "rotation": 270, "texture": "#3_0"}
			}
		},
		{
			"from": [1.01528, 2.93738, 2.28908],
			"to": [14.63852, 10.51176, 13.65066],
			"rotation": {"angle": 0, "axis": "y", "origin": [12.54482, 6.98303, 8.22088]},
			"faces": {
				"north": {"uv": [0, 9, 16, 0], "rotation": 90, "texture": "#3_0"},
				"east": {"uv": [0, 16, 16, 0], "rotation": 90, "texture": "#3_1"},
				"south": {"uv": [0, 9, 16, 0], "rotation": 270, "texture": "#3_0"},
				"west": {"uv": [0, 16, 16, 0], "rotation": 90, "texture": "#3_0"},
				"up": {"uv": [0, 6, 9, 0], "rotation": 270, "texture": "#3_0"},
				"down": {"uv": [0, 6, 9, 0], "rotation": 270, "texture": "#3_0"}
			}
		},
		{
			"from": [1.01675, 5.30718, 1.50786],
			"to": [14.63998, 7.98513, 14.89761],
			"rotation": {"angle": 45, "axis": "x", "origin": [12.54482, 6.98303, 8.22088]},
			"faces": {
				"north": {"uv": [6, 8, 16, 1], "rotation": 270, "texture": "#3_0"},
				"east": {"uv": [6, 8, 16, 1], "rotation": 90, "texture": "#3_0"},
				"south": {"uv": [6, 8, 16, 1], "rotation": 90, "texture": "#3_0"},
				"west": {"uv": [6, 8, 16, 1], "rotation": 90, "texture": "#3_0"},
				"up": {"uv": [0, 6, 10.6066, 0], "rotation": 270, "texture": "#3_0"},
				"down": {"uv": [0, 6, 10.6066, 0], "rotation": 270, "texture": "#3_0"}
			}
		},
		{
			"from": [1.05051, -0.07591, 6.89124],
			"to": [14.63705, 13.31385, 9.56918],
			"rotation": {"angle": 45, "axis": "x", "origin": [12.54482, 6.98303, 8.22088]},
			"faces": {
				"north": {"uv": [0, 6, 10.6066, 0], "rotation": 90, "texture": "#3_0"},
				"east": {"uv": [16, 1, 6, 8], "rotation": 180, "texture": "#3_0"},
				"south": {"uv": [0, 6, 10.6066, 0], "rotation": 270, "texture": "#3_0"},
				"west": {"uv": [16, 1, 6, 8], "rotation": 180, "texture": "#3_0"},
				"up": {"uv": [6, 8, 16, 1], "rotation": 90, "texture": "#3_0"},
				"down": {"uv": [6, 8, 16, 1], "rotation": 90, "texture": "#3_0"}
			}
		},
		{
			"from": [1.01822, 1.07796, 4.18155],
			"to": [14.64145, 12.43954, 11.75593],
			"rotation": {"angle": 0, "axis": "y", "origin": [12.54482, 6.98303, 8.22088]},
			"faces": {
				"north": {"uv": [0, 6, 9, 0], "rotation": 90, "texture": "#3_1"},
				"east": {"uv": [0, 16, 16, 0], "rotation": 90, "texture": "#3_1"},
				"south": {"uv": [0, 6, 9, 0], "rotation": 270, "texture": "#3_1"},
				"west": {"uv": [0, 16, 16, 0], "rotation": 90, "texture": "#3_0"},
				"up": {"uv": [0, 9, 16, 0], "rotation": 270, "texture": "#3_0"},
				"down": {"uv": [0, 9, 16, 0], "rotation": 270, "texture": "#3_0"}
			}
		},
		{
			"from": [14.66934, 6.17377, 7.30071],
			"to": [17.60515, 7.64167, 8.76862],
			"rotation": {"angle": 0, "axis": "y", "origin": [12.54482, 6.98303, 8.22088]},
			"faces": {
				"north": {"uv": [0, 16, 16, 0], "rotation": 90, "texture": "#2"},
				"east": {"uv": [0, 16, 16, 0], "rotation": 90, "texture": "#2"},
				"south": {"uv": [0, 16, 16, 0], "rotation": 270, "texture": "#2"},
				"west": {"uv": [0, 16, 16, 0], "rotation": 90, "texture": "#2"},
				"up": {"uv": [0, 16, 16, 0], "rotation": 270, "texture": "#2"},
				"down": {"uv": [0, 16, 16, 0], "rotation": 270, "texture": "#2"}
			}
		},
		{
			"from": [16.96889, 8.20458, 7.45007],
			"to": [18.43679, 9.3789, 8.62439],
			"rotation": {"angle": -22.5, "axis": "z", "origin": [12.54482, 6.98303, 8.22088]},
			"faces": {
				"north": {"uv": [0, 16, 16, 0], "rotation": 90, "texture": "#2"},
				"east": {"uv": [0, 16, 16, 0], "rotation": 90, "texture": "#2"},
				"south": {"uv": [0, 16, 16, 0], "rotation": 270, "texture": "#2"},
				"west": {"uv": [0, 16, 16, 0], "rotation": 90, "texture": "#2"},
				"up": {"uv": [0, 16, 16, 0], "rotation": 270, "texture": "#2"},
				"down": {"uv": [0, 16, 16, 0], "rotation": 270, "texture": "#2"}
			}
		},
		{
			"from": [17.07056, 10.42537, 7.59563],
			"to": [18.53846, 11.30611, 8.47637],
			"rotation": {"angle": -45, "axis": "z", "origin": [12.54482, 6.98303, 8.22088]},
			"faces": {
				"north": {"uv": [0, 16, 16, 0], "rotation": 90, "texture": "#2"},
				"east": {"uv": [0, 16, 16, 0], "rotation": 90, "texture": "#2"},
				"south": {"uv": [0, 16, 16, 0], "rotation": 270, "texture": "#2"},
				"west": {"uv": [0, 16, 16, 0], "rotation": 90, "texture": "#2"},
				"up": {"uv": [0, 16, 16, 0], "rotation": 270, "texture": "#2"},
				"down": {"uv": [0, 16, 16, 0], "rotation": 270, "texture": "#2"}
			}
		},
		{
			"from": [12.45226, 6.17377, 9.63636],
			"to": [14.65412, 7.64167, 11.10427],
			"rotation": {"angle": 45, "axis": "y", "origin": [12.54482, 6.98303, 8.22088]},
			"faces": {
				"north": {"uv": [0, 16, 16, 0], "rotation": 90, "texture": "#2"},
				"east": {"uv": [0, 16, 16, 0], "rotation": 90, "texture": "#2"},
				"south": {"uv": [0, 16, 16, 0], "rotation": 270, "texture": "#2"},
				"west": {"uv": [0, 16, 16, 0], "rotation": 90, "texture": "#2"},
				"up": {"uv": [0, 16, 16, 0], "rotation": 270, "texture": "#2"},
				"down": {"uv": [0, 16, 16, 0], "rotation": 270, "texture": "#2"}
			}
		},
		{
			"from": [12.26798, 3.91534, 7.29905],
			"to": [14.46984, 5.38324, 8.76696],
			"rotation": {"angle": 45, "axis": "z", "origin": [12.54482, 6.98303, 8.22088]},
			"faces": {
				"north": {"uv": [16, 0, 0, 16], "texture": "#2"},
				"east": {"uv": [16, 0, 0, 16], "texture": "#2"},
				"south": {"uv": [16, 0, 0, 16], "rotation": 180, "texture": "#2"},
				"west": {"uv": [16, 0, 0, 16], "texture": "#2"},
				"up": {"uv": [16, 0, 0, 16], "rotation": 180, "texture": "#2"},
				"down": {"uv": [16, 0, 0, 16], "rotation": 180, "texture": "#2"}
			}
		},
		{
			"from": [12.18892, 6.17377, 5.07413],
			"to": [14.39078, 7.64167, 6.54203],
			"rotation": {"angle": -45, "axis": "y", "origin": [12.54482, 6.98303, 8.22088]},
			"faces": {
				"north": {"uv": [0, 16, 16, 0], "rotation": 90, "texture": "#2"},
				"east": {"uv": [0, 16, 16, 0], "rotation": 90, "texture": "#2"},
				"south": {"uv": [0, 16, 16, 0], "rotation": 270, "texture": "#2"},
				"west": {"uv": [0, 16, 16, 0], "rotation": 90, "texture": "#2"},
				"up": {"uv": [0, 16, 16, 0], "rotation": 270, "texture": "#2"},
				"down": {"uv": [0, 16, 16, 0], "rotation": 270, "texture": "#2"}
			}
		},
		{
			"from": [12.3732, 8.47757, 7.29905],
			"to": [14.57506, 9.94548, 8.76696],
			"rotation": {"angle": -45, "axis": "z", "origin": [12.54482, 6.98303, 8.22088]},
			"faces": {
				"north": {"uv": [16, 0, 0, 16], "texture": "#2"},
				"east": {"uv": [16, 0, 0, 16], "texture": "#2"},
				"south": {"uv": [16, 0, 0, 16], "rotation": 180, "texture": "#2"},
				"west": {"uv": [16, 0, 0, 16], "texture": "#2"},
				"up": {"uv": [16, 0, 0, 16], "rotation": 180, "texture": "#2"},
				"down": {"uv": [16, 0, 0, 16], "rotation": 180, "texture": "#2"}
			}
		},
		{
			"from": [14.09057, 8.51773, 6.56676],
			"to": [14.09057, 12.92145, 10.97047],
			"rotation": {"angle": -22.5, "axis": "z", "origin": [12.54482, 6.98303, 8.22088]},
			"faces": {
				"north": {"uv": [0, 0, 3, 0], "rotation": 90, "texture": "#missing"},
				"east": {"uv": [7, 0, 0, 6], "rotation": 180, "texture": "#3"},
				"south": {"uv": [0, 0, 3, 0], "rotation": 270, "texture": "#missing"},
				"west": {"uv": [7, 0, 0, 6], "rotation": 180, "texture": "#3"},
				"up": {"uv": [0, 0, 3, 0], "rotation": 270, "texture": "#missing"},
				"down": {"uv": [0, 0, 3, 0], "rotation": 270, "texture": "#missing"}
			}
		},
		{
			"from": [14.13395, 5.80679, 9.6508],
			"to": [14.13395, 10.2105, 14.05451],
			"rotation": {"angle": 22.5, "axis": "y", "origin": [12.54482, 6.98303, 8.22088]},
			"faces": {
				"north": {"uv": [7, 0, 0, 6], "texture": "#3"},
				"east": {"uv": [0, 6, 7, 0], "rotation": 90, "texture": "#3"},
				"south": {"uv": [7, 0, 0, 6], "rotation": 180, "texture": "#3"},
				"west": {"uv": [7, 0, 0, 6], "rotation": 180, "texture": "#3"},
				"up": {"uv": [7, 0, 0, 6], "rotation": 180, "texture": "#3"},
				"down": {"uv": [7, 0, 0, 6], "rotation": 180, "texture": "#3"}
			}
		}
	],
	"display": {
		"thirdperson_righthand": {
			"rotation": [75, 16.5, 0],
			"translation": [0, 2.5, 1.5],
			"scale": [0.375, 0.375, 0.375]
		},
		"thirdperson_lefthand": {
			"rotation": [75, 16.5, 0],
			"translation": [0, 2.5, 1.5],
			"scale": [0.375, 0.375, 0.375]
		},
		"firstperson_righthand": {
			"rotation": [0, 110.5, 0],
			"translation": [1.5, 3.25, 0],
			"scale": [0.27305, 0.27305, 0.27305]
		},
		"firstperson_lefthand": {
			"rotation": [0, 110.5, 0],
			"translation": [1.5, 3.25, 0],
			"scale": [0.27305, 0.27305, 0.27305]
		},
		"ground": {
			"translation": [0, 2.5, 0],
			"scale": [0.8, 0.8, 0.8]
		},
		"gui": {
			"rotation": [30, 225, 0],
			"translation": [-1.5, 2.75, 0],
			"scale": [0.76953, 0.76953, 0.76953]
		},
		"head": {
			"translation": [0, 13.5, 0],
			"scale": [0.76563, 0.76563, 0.76563]
		},
		"fixed": {
			"rotation": [-90, 0, 0],
			"translation": [0, 0, -15],
			"scale": [2, 2, 2]
		}
	},
	"groups": [
		{
			"name": "green pumpkin big",
			"origin": [8, 8, 8],
			"children": [
				{
					"name": "Big Pumpkin",
					"origin": [8.51309, 0.5009, 7.98602],
					"children": [0, 1, 2, 3, 4, 5, 6, 7,
						{
							"name": "Stem",
							"origin": [7.50026, 8.24999, 8.002],
							"children": [8, 9, 10, 11, 12, 13, 14]
						},
						{
							"name": "leaves",
							"origin": [7.24915, 8.5, 6.00085],
							"children": [15, 16]
						}
					]
				}
			]
		},
		{
			"name": "white pumpkin big",
			"origin": [8, 8, 8],
			"children": [
				{
					"name": "Big Pumpkin",
					"origin": [8.51309, 0.5009, 7.98602],
					"children": [17, 18, 19, 20, 21, 22, 23, 24,
						{
							"name": "Stem",
							"origin": [7.50026, 8.24999, 8.002],
							"children": [25, 26, 27, 28, 29, 30, 31]
						},
						{
							"name": "leaves",
							"origin": [7.24915, 8.5, 6.00085],
							"children": [32, 33]
						}
					]
				}
			]
		},
		{
			"name": "pumpkin_big",
			"origin": [8, 8, 8],
			"children": [
				{
					"name": "Big Pumpkin",
					"origin": [8.51309, 0.5009, 7.98602],
					"children": [34, 35, 36, 37, 38, 39, 40, 41,
						{
							"name": "Stem",
							"origin": [7.50026, 8.24999, 8.002],
							"children": [42, 43, 44, 45, 46, 47, 48]
						},
						{
							"name": "leaves",
							"origin": [7.24915, 8.5, 6.00085],
							"children": [49, 50]
						}
					]
				}
			]
		}
	]
}