{
	"credit": "Made with Blockbench",
	"textures": {
		"0": "block/MizunoArchive/black_concrete",
		"1": "block/MizunoArchive/gray_concrete",
		"2": "block/MizunoArchive/sea_lantern1_e",
		"3": "block/MizunoArchive/light_gray_concrete",
		"particle": "block/MizunoArchive/black_concrete"
	},
	"elements": [
		{
			"from": [11.5, 26, 7.25],
			"to": [13, 27.5, 8.75],
			"rotation": {"angle": 0, "axis": "y", "origin": [4.75, 36.5, 0.5]},
			"faces": {
				"north": {"uv": [0, 0, 1.5, 1.5], "texture": "#1"},
				"east": {"uv": [0, 0, 1.5, 1.5], "texture": "#1"},
				"south": {"uv": [0, 0, 1.5, 1.5], "texture": "#1"},
				"west": {"uv": [0, 0, 1.5, 1.5], "texture": "#1"},
				"up": {"uv": [1.5, 1.5, 0, 0], "texture": "#1"},
				"down": {"uv": [1.5, 1.5, 0, 0], "texture": "#1"}
			}
		},
		{
			"from": [7.6, -4, 3],
			"to": [8.4, 13.9, 3.75],
			"rotation": {"angle": 22.5, "axis": "x", "origin": [15.5, 1, -4]},
			"faces": {
				"north": {"uv": [0.8, 0, 0, 16], "texture": "#3"},
				"east": {"uv": [0.75, 0, 0, 16], "texture": "#3"},
				"south": {"uv": [0.8, 0, 0, 16], "texture": "#3"},
				"west": {"uv": [0.75, 0, 0, 16], "texture": "#3"},
				"up": {"uv": [0, 0.75, 0.8, 0], "texture": "#3"},
				"down": {"uv": [0, 0.75, 0.8, 0], "texture": "#3"}
			}
		},
		{
			"from": [7.7, -11.95, 3.2],
			"to": [8.3, -5.8, 3.9],
			"rotation": {"angle": -45, "axis": "x", "origin": [15.5, -2.25, -4]},
			"faces": {
				"north": {"uv": [0.6, 6.65, 0, 12.8], "texture": "#1"},
				"east": {"uv": [0.7, 6.65, 0, 12.8], "texture": "#1"},
				"south": {"uv": [0.6, 6.65, 0, 12.8], "texture": "#1"},
				"west": {"uv": [0.7, 6.65, 0, 12.8], "texture": "#1"},
				"up": {"uv": [0, 1.7, 0.6, 1], "texture": "#1"},
				"down": {"uv": [0, 1.7, 0.6, 1], "texture": "#1"}
			}
		},
		{
			"from": [3.2, -11.95, 7.7],
			"to": [3.9, -5.8, 8.3],
			"rotation": {"angle": 45, "axis": "z", "origin": [-4, -2.25, 0.5]},
			"faces": {
				"north": {"uv": [0.7, 6.65, 0, 12.8], "texture": "#1"},
				"east": {"uv": [0.6, 6.65, 0, 12.8], "texture": "#1"},
				"south": {"uv": [0.7, 6.65, 0, 12.8], "texture": "#1"},
				"west": {"uv": [0.6, 6.65, 0, 12.8], "texture": "#1"},
				"up": {"uv": [0.6, 1, 0, 1.7], "rotation": 90, "texture": "#1"},
				"down": {"uv": [0.6, 1, 0, 1.7], "rotation": 270, "texture": "#1"}
			}
		},
		{
			"from": [3, -4, 7.6],
			"to": [3.75, 13.9, 8.4],
			"rotation": {"angle": -22.5, "axis": "z", "origin": [-4, 1, 0.5]},
			"faces": {
				"north": {"uv": [0.75, 0, 0, 16], "texture": "#3"},
				"east": {"uv": [0.8, 0, 0, 16], "texture": "#3"},
				"south": {"uv": [0.75, 0, 0, 16], "texture": "#3"},
				"west": {"uv": [0.8, 0, 0, 16], "texture": "#3"},
				"up": {"uv": [0.8, 0, 0, 0.75], "rotation": 90, "texture": "#3"},
				"down": {"uv": [0.8, 0, 0, 0.75], "rotation": 270, "texture": "#3"}
			}
		},
		{
			"from": [7.6, -4, 12.25],
			"to": [8.4, 13.9, 13],
			"rotation": {"angle": -22.5, "axis": "x", "origin": [15.5, 1, 20]},
			"faces": {
				"north": {"uv": [1.8, 0, 1, 16], "texture": "#3"},
				"east": {"uv": [1.75, 0, 1, 16], "texture": "#3"},
				"south": {"uv": [1.8, 0, 1, 16], "texture": "#3"},
				"west": {"uv": [1.75, 0, 1, 16], "texture": "#3"},
				"up": {"uv": [0, 1.75, 0.8, 1], "texture": "#3"},
				"down": {"uv": [0, 1.75, 0.8, 1], "texture": "#3"}
			}
		},
		{
			"from": [7.7, -11.95, 12.1],
			"to": [8.3, -5.8, 12.8],
			"rotation": {"angle": 45, "axis": "x", "origin": [15.5, -2.25, 20]},
			"faces": {
				"north": {"uv": [1.6, 6.65, 1, 12.8], "texture": "#1"},
				"east": {"uv": [1.7, 6.65, 1, 12.8], "texture": "#1"},
				"south": {"uv": [1.6, 6.65, 1, 12.8], "texture": "#1"},
				"west": {"uv": [1.7, 6.65, 1, 12.8], "texture": "#1"},
				"up": {"uv": [0, 2.7, 0.6, 2], "texture": "#1"},
				"down": {"uv": [0, 2.7, 0.6, 2], "texture": "#1"}
			}
		},
		{
			"from": [12.1, -11.95, 7.7],
			"to": [12.8, -5.8, 8.3],
			"rotation": {"angle": -45, "axis": "z", "origin": [20, -2.25, 0.5]},
			"faces": {
				"north": {"uv": [1.7, 6.65, 1, 12.8], "texture": "#1"},
				"east": {"uv": [1.6, 6.65, 1, 12.8], "texture": "#1"},
				"south": {"uv": [1.7, 6.65, 1, 12.8], "texture": "#1"},
				"west": {"uv": [1.6, 6.65, 1, 12.8], "texture": "#1"},
				"up": {"uv": [0.6, 2, 0, 2.7], "rotation": 90, "texture": "#1"},
				"down": {"uv": [0.6, 2, 0, 2.7], "rotation": 270, "texture": "#1"}
			}
		},
		{
			"from": [12.25, -4, 7.6],
			"to": [13, 13.9, 8.4],
			"rotation": {"angle": 22.5, "axis": "z", "origin": [20, 1, 0.5]},
			"faces": {
				"north": {"uv": [1.75, 0, 1, 16], "texture": "#3"},
				"east": {"uv": [1.8, 0, 1, 16], "texture": "#3"},
				"south": {"uv": [1.75, 0, 1, 16], "texture": "#3"},
				"west": {"uv": [1.8, 0, 1, 16], "texture": "#3"},
				"up": {"uv": [0.8, 1, 0, 1.75], "rotation": 90, "texture": "#3"},
				"down": {"uv": [0.8, 1, 0, 1.75], "rotation": 270, "texture": "#3"}
			}
		},
		{
			"from": [7.6, -4.3, 7.6],
			"to": [8.4, 7.9, 8.4],
			"rotation": {"angle": 0, "axis": "y", "origin": [15.5, 17, 0.5]},
			"faces": {
				"north": {"uv": [0.8, 0, 0, 12.2], "texture": "#3"},
				"east": {"uv": [0.8, 0, 0, 12.2], "texture": "#3"},
				"south": {"uv": [0.8, 0, 0, 12.2], "texture": "#3"},
				"west": {"uv": [0.8, 0, 0, 12.2], "texture": "#3"},
				"up": {"uv": [0, 0.8, 0.8, 0], "texture": "#3"},
				"down": {"uv": [0, 0.8, 0.8, 0], "texture": "#3"}
			}
		},
		{
			"from": [7.5, 9.5, 7.5],
			"to": [8.5, 20.5, 8.5],
			"rotation": {"angle": 0, "axis": "y", "origin": [15.5, 31, 0.5]},
			"faces": {
				"north": {"uv": [1, 0, 0, 11], "texture": "#3"},
				"east": {"uv": [1, 0, 0, 11], "texture": "#3"},
				"south": {"uv": [1, 0, 0, 11], "texture": "#3"},
				"west": {"uv": [1, 0, 0, 11], "texture": "#3"},
				"up": {"uv": [0, 1, 1, 0], "texture": "#3"},
				"down": {"uv": [0, 1, 1, 0], "texture": "#3"}
			}
		},
		{
			"from": [6.5, 20.75, 7.5],
			"to": [9.5, 21.75, 8.5],
			"rotation": {"angle": 0, "axis": "y", "origin": [14.5, 34.25, 0.5]},
			"faces": {
				"north": {"uv": [3, 0, 0, 1], "texture": "#3"},
				"east": {"uv": [1, 0, 0, 1], "texture": "#3"},
				"south": {"uv": [3, 0, 0, 1], "texture": "#3"},
				"west": {"uv": [1, 0, 0, 1], "texture": "#3"},
				"up": {"uv": [0, 1, 3, 0], "texture": "#3"},
				"down": {"uv": [0, 1, 3, 0], "texture": "#3"}
			}
		},
		{
			"from": [4.72885, 20.91468, 7.50186],
			"to": [6.72885, 21.91468, 8.50186],
			"rotation": {"angle": -22.5, "axis": "z", "origin": [6.20574, 21.40939, 7.97346]},
			"faces": {
				"north": {"uv": [2, 0, 0, 1], "texture": "#3"},
				"east": {"uv": [1, 0, 0, 1], "texture": "#3"},
				"south": {"uv": [2, 0, 0, 1], "texture": "#3"},
				"west": {"uv": [1, 0, 0, 1], "texture": "#3"},
				"up": {"uv": [0, 1, 2, 0], "texture": "#3"},
				"down": {"uv": [0, 1, 2, 0], "texture": "#3"}
			}
		},
		{
			"from": [9.27115, 20.91468, 7.50186],
			"to": [11.27115, 21.91468, 8.50186],
			"rotation": {"angle": 22.5, "axis": "z", "origin": [9.79426, 21.40939, 7.97346]},
			"faces": {
				"north": {"uv": [0, 0, 2, 1], "texture": "#3"},
				"east": {"uv": [0, 0, 1, 1], "texture": "#3"},
				"south": {"uv": [0, 0, 2, 1], "texture": "#3"},
				"west": {"uv": [0, 0, 1, 1], "texture": "#3"},
				"up": {"uv": [2, 1, 0, 0], "texture": "#3"},
				"down": {"uv": [2, 1, 0, 0], "texture": "#3"}
			}
		},
		{
			"from": [3.86189, 21.03389, 7.50014],
			"to": [4.86189, 22.03389, 8.50014],
			"rotation": {"angle": -45, "axis": "z", "origin": [5.33877, 21.52861, 7.97174]},
			"faces": {
				"north": {"uv": [1, 0, 0, 1], "texture": "#3"},
				"east": {"uv": [1, 0, 0, 1], "texture": "#3"},
				"south": {"uv": [1, 0, 0, 1], "texture": "#3"},
				"west": {"uv": [1, 0, 0, 1], "texture": "#3"},
				"up": {"uv": [0, 1, 1, 0], "texture": "#3"},
				"down": {"uv": [0, 1, 1, 0], "texture": "#3"}
			}
		},
		{
			"from": [11.13811, 21.03389, 7.50014],
			"to": [12.13811, 22.03389, 8.50014],
			"rotation": {"angle": 45, "axis": "z", "origin": [10.66123, 21.52861, 7.97174]},
			"faces": {
				"north": {"uv": [0, 0, 1, 1], "texture": "#3"},
				"east": {"uv": [0, 0, 1, 1], "texture": "#3"},
				"south": {"uv": [0, 0, 1, 1], "texture": "#3"},
				"west": {"uv": [0, 0, 1, 1], "texture": "#3"},
				"up": {"uv": [1, 1, 0, 0], "texture": "#3"},
				"down": {"uv": [1, 1, 0, 0], "texture": "#3"}
			}
		},
		{
			"from": [4.0887, 22.44741, 7.49805],
			"to": [5.0887, 24.44741, 8.49805],
			"rotation": {"angle": 22.5, "axis": "z", "origin": [4.58342, 21.97052, 7.96965]},
			"faces": {
				"north": {"uv": [0, 1, 2, 0], "rotation": 90, "texture": "#3"},
				"east": {"uv": [0, 1, 2, 0], "rotation": 90, "texture": "#3"},
				"south": {"uv": [0, 1, 2, 0], "rotation": 270, "texture": "#3"},
				"west": {"uv": [0, 1, 2, 0], "rotation": 90, "texture": "#3"},
				"up": {"uv": [1, 0, 0, 1], "rotation": 90, "texture": "#3"},
				"down": {"uv": [1, 0, 0, 1], "rotation": 90, "texture": "#3"}
			}
		},
		{
			"from": [10.9113, 22.44741, 7.49805],
			"to": [11.9113, 24.44741, 8.49805],
			"rotation": {"angle": -22.5, "axis": "z", "origin": [11.41658, 21.97052, 7.96965]},
			"faces": {
				"north": {"uv": [0, 0, 2, 1], "rotation": 90, "texture": "#3"},
				"east": {"uv": [0, 0, 2, 1], "rotation": 90, "texture": "#3"},
				"south": {"uv": [0, 0, 2, 1], "rotation": 270, "texture": "#3"},
				"west": {"uv": [0, 0, 2, 1], "rotation": 90, "texture": "#3"},
				"up": {"uv": [1, 1, 0, 0], "rotation": 90, "texture": "#3"},
				"down": {"uv": [1, 1, 0, 0], "rotation": 90, "texture": "#3"}
			}
		},
		{
			"from": [3.17567, 24.06795, 7.49362],
			"to": [4.17567, 26.06795, 8.49362],
			"rotation": {"angle": 0, "axis": "z", "origin": [3.67039, 23.59106, 7.96523]},
			"faces": {
				"north": {"uv": [0, 1, 2, 0], "rotation": 90, "texture": "#3"},
				"east": {"uv": [0, 1, 2, 0], "rotation": 90, "texture": "#3"},
				"south": {"uv": [0, 1, 2, 0], "rotation": 270, "texture": "#3"},
				"west": {"uv": [0, 1, 2, 0], "rotation": 90, "texture": "#3"},
				"up": {"uv": [1, 0, 0, 1], "rotation": 90, "texture": "#3"},
				"down": {"uv": [1, 0, 0, 1], "rotation": 90, "texture": "#3"}
			}
		},
		{
			"from": [11.82433, 24.06795, 7.49362],
			"to": [12.82433, 26.06795, 8.49362],
			"rotation": {"angle": 0, "axis": "z", "origin": [12.32961, 23.59106, 7.96523]},
			"faces": {
				"north": {"uv": [0, 0, 2, 1], "rotation": 90, "texture": "#3"},
				"east": {"uv": [0, 0, 2, 1], "rotation": 90, "texture": "#3"},
				"south": {"uv": [0, 0, 2, 1], "rotation": 270, "texture": "#3"},
				"west": {"uv": [0, 0, 2, 1], "rotation": 90, "texture": "#3"},
				"up": {"uv": [1, 1, 0, 0], "rotation": 90, "texture": "#3"},
				"down": {"uv": [1, 1, 0, 0], "rotation": 90, "texture": "#3"}
			}
		},
		{
			"from": [7.25, 20.5, 7.25],
			"to": [8.75, 22, 8.75],
			"rotation": {"angle": 0, "axis": "y", "origin": [15.5, 31, 0.5]},
			"faces": {
				"north": {"uv": [1.5, 0, 0, 1.5], "texture": "#1"},
				"east": {"uv": [1.5, 0, 0, 1.5], "texture": "#1"},
				"south": {"uv": [1.5, 0, 0, 1.5], "texture": "#1"},
				"west": {"uv": [1.5, 0, 0, 1.5], "texture": "#1"},
				"up": {"uv": [0, 1.5, 1.5, 0], "texture": "#1"},
				"down": {"uv": [0, 1.5, 1.5, 0], "texture": "#1"}
			}
		},
		{
			"from": [7.25, 7.75, 7.25],
			"to": [8.75, 10.25, 8.75],
			"rotation": {"angle": 0, "axis": "y", "origin": [15.5, 19.25, 0.5]},
			"faces": {
				"north": {"uv": [1.5, 0, 0, 2.5], "texture": "#1"},
				"east": {"uv": [1.5, 0, 0, 2.5], "texture": "#1"},
				"south": {"uv": [1.5, 0, 0, 2.5], "texture": "#1"},
				"west": {"uv": [1.5, 0, 0, 2.5], "texture": "#1"},
				"up": {"uv": [0, 1.5, 1.5, 0], "texture": "#1"},
				"down": {"uv": [0, 1.5, 1.5, 0], "texture": "#1"}
			}
		},
		{
			"from": [3, 26, 7.25],
			"to": [4.5, 27.5, 8.75],
			"rotation": {"angle": 0, "axis": "y", "origin": [11.25, 36.5, 0.5]},
			"faces": {
				"north": {"uv": [1.5, 0, 0, 1.5], "texture": "#1"},
				"east": {"uv": [1.5, 0, 0, 1.5], "texture": "#1"},
				"south": {"uv": [1.5, 0, 0, 1.5], "texture": "#1"},
				"west": {"uv": [1.5, 0, 0, 1.5], "texture": "#1"},
				"up": {"uv": [0, 1.5, 1.5, 0], "texture": "#1"},
				"down": {"uv": [0, 1.5, 1.5, 0], "texture": "#1"}
			}
		},
		{
			"from": [5.25, 22.5, 0.5],
			"to": [10.75, 22.65, 3.75],
			"rotation": {"angle": -45, "axis": "x", "origin": [7.96979, 22.55703, 2.20185]},
			"faces": {
				"north": {"uv": [5.5, 0, 0, 0.15], "texture": "#0"},
				"east": {"uv": [3.25, 0, 0, 0.15], "texture": "#0"},
				"south": {"uv": [5.5, 0, 0, 0.15], "texture": "#0"},
				"west": {"uv": [3.25, 0, 0, 0.15], "texture": "#0"},
				"up": {"uv": [0, 3.25, 5.5, 0], "texture": "#0"},
				"down": {"uv": [0, 3.25, 5.5, 0], "texture": "#0"}
			}
		},
		{
			"from": [12.36276, 24.32318, 0.5],
			"to": [12.51276, 29.82318, 3.75],
			"rotation": {"angle": -45, "axis": "y", "origin": [12.45574, 27.04297, 2.20185]},
			"faces": {
				"north": {"uv": [0, 0.15, 5.5, 0], "rotation": 270, "texture": "#0"},
				"east": {"uv": [0, 3.25, 5.5, 0], "rotation": 270, "texture": "#0"},
				"south": {"uv": [0, 0.15, 5.5, 0], "rotation": 90, "texture": "#0"},
				"west": {"uv": [0, 3.25, 5.5, 0], "rotation": 270, "texture": "#0"},
				"up": {"uv": [3.25, 0, 0, 0.15], "rotation": 270, "texture": "#0"},
				"down": {"uv": [3.25, 0, 0, 0.15], "rotation": 270, "texture": "#0"}
			}
		},
		{
			"from": [5.25, 31.35, 0.5],
			"to": [10.75, 31.5, 3.75],
			"rotation": {"angle": 45, "axis": "x", "origin": [7.96979, 31.44297, 2.20185]},
			"faces": {
				"north": {"uv": [5.5, 0.15, 0, 0.3], "texture": "#0"},
				"east": {"uv": [3.25, 0.15, 0, 0.3], "texture": "#0"},
				"south": {"uv": [5.5, 0.15, 0, 0.3], "texture": "#0"},
				"west": {"uv": [3.25, 0.15, 0, 0.3], "texture": "#0"},
				"up": {"uv": [0, 6.5, 5.5, 3.25], "texture": "#0"},
				"down": {"uv": [0, 6.5, 5.5, 3.25], "texture": "#0"}
			}
		},
		{
			"from": [3.51276, 24.32318, 0.5],
			"to": [3.66276, 29.82318, 3.75],
			"rotation": {"angle": 45, "axis": "y", "origin": [3.56979, 27.04297, 2.20185]},
			"faces": {
				"north": {"uv": [0, 0.3, 5.5, 0.15], "rotation": 270, "texture": "#0"},
				"east": {"uv": [0, 6.5, 5.5, 3.25], "rotation": 270, "texture": "#0"},
				"south": {"uv": [0, 0.3, 5.5, 0.15], "rotation": 90, "texture": "#0"},
				"west": {"uv": [0, 6.5, 5.5, 3.25], "rotation": 270, "texture": "#0"},
				"up": {"uv": [3.25, 0.15, 0, 0.3], "rotation": 270, "texture": "#0"},
				"down": {"uv": [3.25, 0.15, 0, 0.3], "rotation": 270, "texture": "#0"}
			}
		},
		{
			"name": "octagon",
			"from": [6.39521, 29.98193, 3.28126],
			"to": [9.60479, 30.9505, 5.56274],
			"rotation": {"angle": 22.5, "axis": "z", "origin": [8, 27.0762, 3.9558]},
			"faces": {
				"north": {"uv": [1, 0, 0, 1], "texture": "#1"},
				"east": {"uv": [0, 1, 1, 0], "rotation": 270, "texture": "#1"},
				"south": {"uv": [1, 0, 0, 1], "rotation": 180, "texture": "#1"},
				"west": {"uv": [0, 1, 1, 0], "rotation": 90, "texture": "#1"},
				"up": {"uv": [0, 1, 1, 0], "rotation": 180, "texture": "#1"},
				"down": {"uv": [0, 1, 1, 0], "texture": "#1"}
			}
		},
		{
			"name": "octagon",
			"from": [6.39521, 29.98193, 3.28126],
			"to": [9.60479, 30.9505, 5.56274],
			"rotation": {"angle": -22.5, "axis": "z", "origin": [8, 27.0762, 3.9558]},
			"faces": {
				"north": {"uv": [1, 0, 0, 1], "texture": "#1"},
				"east": {"uv": [0, 1, 1, 0], "rotation": 270, "texture": "#1"},
				"south": {"uv": [1, 0, 0, 1], "rotation": 180, "texture": "#1"},
				"west": {"uv": [0, 1, 1, 0], "rotation": 90, "texture": "#1"},
				"up": {"uv": [0, 1, 1, 0], "rotation": 180, "texture": "#1"},
				"down": {"uv": [0, 1, 1, 0], "texture": "#1"}
			}
		},
		{
			"name": "octagon",
			"from": [6.39521, 23.2019, 3.28126],
			"to": [9.60479, 24.17047, 5.56274],
			"rotation": {"angle": 22.5, "axis": "z", "origin": [8, 27.0762, 3.9558]},
			"faces": {
				"north": {"uv": [1, 0, 0, 1], "texture": "#1"},
				"east": {"uv": [0, 1, 1, 0], "rotation": 270, "texture": "#1"},
				"south": {"uv": [1, 0, 0, 1], "rotation": 180, "texture": "#1"},
				"west": {"uv": [0, 1, 1, 0], "rotation": 90, "texture": "#1"},
				"up": {"uv": [0, 1, 1, 0], "rotation": 180, "texture": "#1"},
				"down": {"uv": [0, 1, 1, 0], "texture": "#1"}
			}
		},
		{
			"name": "octagon",
			"from": [6.39521, 23.2019, 3.28126],
			"to": [9.60479, 24.17047, 5.56274],
			"rotation": {"angle": -22.5, "axis": "z", "origin": [8, 27.0762, 3.9558]},
			"faces": {
				"north": {"uv": [1, 0, 0, 1], "texture": "#1"},
				"east": {"uv": [0, 1, 1, 0], "rotation": 270, "texture": "#1"},
				"south": {"uv": [1, 0, 0, 1], "rotation": 180, "texture": "#1"},
				"west": {"uv": [0, 1, 1, 0], "rotation": 90, "texture": "#1"},
				"up": {"uv": [0, 1, 1, 0], "rotation": 180, "texture": "#1"},
				"down": {"uv": [0, 1, 1, 0], "texture": "#1"}
			}
		},
		{
			"name": "octagon",
			"from": [4.1257, 25.47141, 3.28126],
			"to": [5.09427, 28.68099, 5.56274],
			"rotation": {"angle": 22.5, "axis": "z", "origin": [8, 27.0762, 3.9558]},
			"faces": {
				"north": {"uv": [1, 0, 0, 1], "texture": "#1"},
				"east": {"uv": [0, 1, 1, 0], "rotation": 270, "texture": "#1"},
				"south": {"uv": [1, 0, 0, 1], "rotation": 180, "texture": "#1"},
				"west": {"uv": [0, 1, 1, 0], "rotation": 90, "texture": "#1"},
				"up": {"uv": [0, 1, 1, 0], "rotation": 180, "texture": "#1"},
				"down": {"uv": [0, 1, 1, 0], "texture": "#1"}
			}
		},
		{
			"name": "octagon",
			"from": [4.1257, 25.47141, 3.28126],
			"to": [5.09427, 28.68099, 5.56274],
			"rotation": {"angle": -22.5, "axis": "z", "origin": [8, 27.0762, 3.9558]},
			"faces": {
				"north": {"uv": [1, 0, 0, 1], "texture": "#1"},
				"east": {"uv": [0, 1, 1, 0], "rotation": 270, "texture": "#1"},
				"south": {"uv": [1, 0, 0, 1], "rotation": 180, "texture": "#1"},
				"west": {"uv": [0, 1, 1, 0], "rotation": 90, "texture": "#1"},
				"up": {"uv": [0, 1, 1, 0], "rotation": 180, "texture": "#1"},
				"down": {"uv": [0, 1, 1, 0], "texture": "#1"}
			}
		},
		{
			"name": "octagon",
			"from": [10.90573, 25.47141, 3.28126],
			"to": [11.8743, 28.68099, 5.56274],
			"rotation": {"angle": 22.5, "axis": "z", "origin": [8, 27.0762, 3.9558]},
			"faces": {
				"north": {"uv": [1, 0, 0, 1], "texture": "#1"},
				"east": {"uv": [0, 1, 1, 0], "rotation": 270, "texture": "#1"},
				"south": {"uv": [1, 0, 0, 1], "rotation": 180, "texture": "#1"},
				"west": {"uv": [0, 1, 1, 0], "rotation": 90, "texture": "#1"},
				"up": {"uv": [0, 1, 1, 0], "rotation": 180, "texture": "#1"},
				"down": {"uv": [0, 1, 1, 0], "texture": "#1"}
			}
		},
		{
			"name": "octagon",
			"from": [10.90573, 25.47141, 3.28126],
			"to": [11.8743, 28.68099, 5.56274],
			"rotation": {"angle": -22.5, "axis": "z", "origin": [8, 27.0762, 3.9558]},
			"faces": {
				"north": {"uv": [1, 0, 0, 1], "texture": "#1"},
				"east": {"uv": [0, 1, 1, 0], "rotation": 270, "texture": "#1"},
				"south": {"uv": [1, 0, 0, 1], "rotation": 180, "texture": "#1"},
				"west": {"uv": [0, 1, 1, 0], "rotation": 90, "texture": "#1"},
				"up": {"uv": [0, 1, 1, 0], "rotation": 180, "texture": "#1"},
				"down": {"uv": [0, 1, 1, 0], "texture": "#1"}
			}
		},
		{
			"name": "octagon",
			"from": [6.77525, 24.0368, 12.22],
			"to": [9.22475, 29.9504, 13.78],
			"rotation": {"angle": 22.5, "axis": "z", "origin": [8, 26.9936, 10.2352]},
			"faces": {
				"north": {"uv": [1, 0, 0, 1], "texture": "#0"},
				"east": {"uv": [0, 1, 1, 0], "rotation": 270, "texture": "#0"},
				"south": {"uv": [1, 0, 0, 1], "rotation": 180, "texture": "#0"},
				"west": {"uv": [0, 1, 1, 0], "rotation": 90, "texture": "#0"},
				"up": {"uv": [0, 1, 1, 0], "rotation": 180, "texture": "#0"},
				"down": {"uv": [0, 1, 1, 0], "texture": "#0"}
			}
		},
		{
			"name": "octagon",
			"from": [6.77525, 24.0368, 12.22],
			"to": [9.22475, 29.9504, 13.78],
			"rotation": {"angle": -22.5, "axis": "z", "origin": [8, 26.9936, 10.2352]},
			"faces": {
				"north": {"uv": [1, 0, 0, 1], "texture": "#0"},
				"east": {"uv": [0, 1, 1, 0], "rotation": 270, "texture": "#0"},
				"south": {"uv": [1, 0, 0, 1], "rotation": 180, "texture": "#0"},
				"west": {"uv": [0, 1, 1, 0], "rotation": 90, "texture": "#0"},
				"up": {"uv": [0, 1, 1, 0], "rotation": 180, "texture": "#0"},
				"down": {"uv": [0, 1, 1, 0], "texture": "#0"}
			}
		},
		{
			"name": "octagon",
			"from": [5.0432, 25.76885, 12.22],
			"to": [10.9568, 28.21835, 13.78],
			"rotation": {"angle": 22.5, "axis": "z", "origin": [8, 26.9936, 10.2352]},
			"faces": {
				"north": {"uv": [1, 0, 0, 1], "texture": "#0"},
				"east": {"uv": [0, 1, 1, 0], "rotation": 270, "texture": "#0"},
				"south": {"uv": [1, 0, 0, 1], "rotation": 180, "texture": "#0"},
				"west": {"uv": [0, 1, 1, 0], "rotation": 90, "texture": "#0"},
				"up": {"uv": [0, 1, 1, 0], "rotation": 180, "texture": "#0"},
				"down": {"uv": [0, 1, 1, 0], "texture": "#0"}
			}
		},
		{
			"name": "octagon",
			"from": [5.0432, 25.76885, 12.22],
			"to": [10.9568, 28.21835, 13.78],
			"rotation": {"angle": -22.5, "axis": "z", "origin": [8, 26.9936, 10.2352]},
			"faces": {
				"north": {"uv": [1, 0, 0, 1], "texture": "#0"},
				"east": {"uv": [0, 1, 1, 0], "rotation": 270, "texture": "#0"},
				"south": {"uv": [1, 0, 0, 1], "rotation": 180, "texture": "#0"},
				"west": {"uv": [0, 1, 1, 0], "rotation": 90, "texture": "#0"},
				"up": {"uv": [0, 1, 1, 0], "rotation": 180, "texture": "#0"},
				"down": {"uv": [0, 1, 1, 0], "texture": "#0"}
			}
		},
		{
			"name": "octagon",
			"from": [6.54197, 23.52, 4.5],
			"to": [9.45803, 30.56, 12.5],
			"rotation": {"angle": 22.5, "axis": "z", "origin": [8, 27.04, 8.28]},
			"faces": {
				"north": {"uv": [8.916, 4, 6, 11.039], "texture": "#2"},
				"east": {"uv": [0, 1, 1, 0], "rotation": 270, "texture": "#0"},
				"south": {"uv": [1, 0, 0, 1], "rotation": 180, "texture": "#0"},
				"west": {"uv": [0, 1, 1, 0], "rotation": 90, "texture": "#0"},
				"up": {"uv": [0, 1, 1, 0], "rotation": 180, "texture": "#0"},
				"down": {"uv": [0, 1, 1, 0], "texture": "#0"}
			}
		},
		{
			"name": "octagon",
			"from": [6.54197, 23.52, 4.5],
			"to": [9.45803, 30.56, 12.5],
			"rotation": {"angle": -22.5, "axis": "z", "origin": [8, 27.04, 8.28]},
			"faces": {
				"north": {"uv": [8.916, 4, 6, 11.039], "texture": "#2"},
				"east": {"uv": [0, 1, 1, 0], "rotation": 270, "texture": "#0"},
				"south": {"uv": [1, 0, 0, 1], "rotation": 180, "texture": "#0"},
				"west": {"uv": [0, 1, 1, 0], "rotation": 90, "texture": "#0"},
				"up": {"uv": [0, 1, 1, 0], "rotation": 180, "texture": "#0"},
				"down": {"uv": [0, 1, 1, 0], "texture": "#0"}
			}
		},
		{
			"name": "octagon",
			"from": [4.48, 25.58197, 4.5],
			"to": [11.52, 28.49803, 12.5],
			"rotation": {"angle": 22.5, "axis": "z", "origin": [8, 27.04, 8.28]},
			"faces": {
				"north": {"uv": [12.039, 6, 5, 8.916], "texture": "#2"},
				"east": {"uv": [0, 1, 1, 0], "rotation": 270, "texture": "#0"},
				"south": {"uv": [1, 0, 0, 1], "rotation": 180, "texture": "#0"},
				"west": {"uv": [0, 1, 1, 0], "rotation": 90, "texture": "#0"},
				"up": {"uv": [0, 1, 1, 0], "rotation": 180, "texture": "#0"},
				"down": {"uv": [0, 1, 1, 0], "texture": "#0"}
			}
		},
		{
			"name": "octagon",
			"from": [4.48, 25.58197, 4.5],
			"to": [11.52, 28.49803, 12.5],
			"rotation": {"angle": -22.5, "axis": "z", "origin": [8, 27.04, 8.28]},
			"faces": {
				"north": {"uv": [12.039, 6, 5, 8.916], "texture": "#2"},
				"east": {"uv": [0, 1, 1, 0], "rotation": 270, "texture": "#0"},
				"south": {"uv": [1, 0, 0, 1], "rotation": 180, "texture": "#0"},
				"west": {"uv": [0, 1, 1, 0], "rotation": 90, "texture": "#0"},
				"up": {"uv": [0, 1, 1, 0], "rotation": 180, "texture": "#0"},
				"down": {"uv": [0, 1, 1, 0], "texture": "#0"}
			}
		}
	],
	"display": {
		"thirdperson_righthand": {
			"rotation": [75, 25, 0],
			"translation": [0, 2.5, 0],
			"scale": [0.375, 0.375, 0.375]
		},
		"thirdperson_lefthand": {
			"rotation": [75, 25, 0],
			"translation": [0, 2.5, 0],
			"scale": [0.375, 0.375, 0.375]
		},
		"firstperson_righthand": {
			"rotation": [0, -8.5, 0],
			"translation": [1.25, 0, 0],
			"scale": [0.4, 0.4, 0.4]
		},
		"firstperson_lefthand": {
			"rotation": [0, 8.5, 0],
			"translation": [1.5, 0, 0],
			"scale": [0.4, 0.4, 0.4]
		},
		"ground": {
			"translation": [0, 3, 0],
			"scale": [0.5, 0.5, 0.5]
		},
		"gui": {
			"rotation": [30, 225, 0],
			"translation": [-0.25, -1, 0],
			"scale": [0.45117, 0.45117, 0.45117]
		},
		"head": {
			"translation": [0, 17.25, 0],
			"scale": [0.7, 0.7, 0.7]
		},
		"fixed": {
			"rotation": [-90, 0, 0],
			"translation": [0, 0, -27.5],
			"scale": [2, 2, 2]
		}
	},
	"groups": [
		{
			"name": "group",
			"origin": [3.56979, 27.04297, 13.79815],
			"children": [0, 1, 2, 3, 4, 5, 6, 7, 8, 9, 10, 11, 12, 13, 14, 15, 16, 17, 18, 19, 20, 21, 22, 23, 24, 25, 26,
				{
					"name": "octagon",
					"origin": [8, 8, 8],
					"children": [27, 28, 29, 30, 31, 32, 33, 34]
				},
				{
					"name": "octagon",
					"origin": [8, 8, 8],
					"children": [35, 36, 37, 38]
				},
				{
					"name": "octagon",
					"origin": [8, 8, 8],
					"children": [39, 40, 41, 42]
				}
			]
		}
	]
}