{
	"credit": "Made with Blockbench",
	"textures": {
		"0": "block/MizunoArchive/black_concrete",
		"1": "block/MizunoArchive/gray_concrete",
		"2": "block/MizunoArchive/sea_lantern1_e",
		"3": "block/MizunoArchive/light_gray_concrete",
		"particle": "block/MizunoArchive/black_concrete"
	},
	"elements": [
		{
			"from": [3, 14, 7.25],
			"to": [4.5, 15.5, 8.75],
			"rotation": {"angle": 0, "axis": "y", "origin": [11.25, 24.5, 0.5]},
			"faces": {
				"north": {"uv": [1.5, 0, 3, 1.5], "texture": "#1"},
				"east": {"uv": [1.5, 0, 3, 1.5], "texture": "#1"},
				"south": {"uv": [1.5, 0, 3, 1.5], "texture": "#1"},
				"west": {"uv": [1.5, 0, 3, 1.5], "texture": "#1"},
				"up": {"uv": [0, 1.5, 1.5, 3], "texture": "#1"},
				"down": {"uv": [0, 1.5, 1.5, 3], "texture": "#1"}
			}
		},
		{
			"from": [11.5, 14, 7.25],
			"to": [13, 15.5, 8.75],
			"rotation": {"angle": 0, "axis": "y", "origin": [4.75, 24.5, 0.5]},
			"faces": {
				"north": {"uv": [0, 0, 1.5, 1.5], "texture": "#1"},
				"east": {"uv": [0, 0, 1.5, 1.5], "texture": "#1"},
				"south": {"uv": [0, 0, 1.5, 1.5], "texture": "#1"},
				"west": {"uv": [0, 0, 1.5, 1.5], "texture": "#1"},
				"up": {"uv": [1.5, 1.5, 3, 3], "texture": "#1"},
				"down": {"uv": [1.5, 1.5, 3, 3], "texture": "#1"}
			}
		},
		{
			"from": [11.82433, 12.06795, 7.49362],
			"to": [12.82433, 14.06795, 8.49362],
			"rotation": {"angle": 0, "axis": "z", "origin": [12.32961, 11.59106, 7.96523]},
			"faces": {
				"north": {"uv": [0, 0, 2, 1], "rotation": 90, "texture": "#3"},
				"east": {"uv": [0, 0, 2, 1], "rotation": 90, "texture": "#3"},
				"south": {"uv": [0, 0, 2, 1], "rotation": 270, "texture": "#3"},
				"west": {"uv": [0, 0, 2, 1], "rotation": 90, "texture": "#3"},
				"up": {"uv": [1, 1, 2, 2], "rotation": 90, "texture": "#3"},
				"down": {"uv": [1, 1, 2, 2], "rotation": 90, "texture": "#3"}
			}
		},
		{
			"from": [10.9113, 10.44741, 7.49805],
			"to": [11.9113, 12.44741, 8.49805],
			"rotation": {"angle": -22.5, "axis": "z", "origin": [11.41658, 9.97052, 7.96965]},
			"faces": {
				"north": {"uv": [0, 0, 2, 1], "rotation": 90, "texture": "#3"},
				"east": {"uv": [0, 0, 2, 1], "rotation": 90, "texture": "#3"},
				"south": {"uv": [0, 0, 2, 1], "rotation": 270, "texture": "#3"},
				"west": {"uv": [0, 0, 2, 1], "rotation": 90, "texture": "#3"},
				"up": {"uv": [1, 1, 2, 2], "rotation": 90, "texture": "#3"},
				"down": {"uv": [1, 1, 2, 2], "rotation": 90, "texture": "#3"}
			}
		},
		{
			"from": [11.13811, 9.03389, 7.50014],
			"to": [12.13811, 10.03389, 8.50014],
			"rotation": {"angle": 45, "axis": "z", "origin": [10.66123, 9.52861, 7.97174]},
			"faces": {
				"north": {"uv": [0, 0, 1, 1], "texture": "#3"},
				"east": {"uv": [0, 0, 1, 1], "texture": "#3"},
				"south": {"uv": [0, 0, 1, 1], "texture": "#3"},
				"west": {"uv": [0, 0, 1, 1], "texture": "#3"},
				"up": {"uv": [1, 1, 2, 2], "texture": "#3"},
				"down": {"uv": [1, 1, 2, 2], "texture": "#3"}
			}
		},
		{
			"from": [7.25, 8.5, 7.25],
			"to": [8.75, 10, 8.75],
			"rotation": {"angle": 0, "axis": "y", "origin": [15.5, 19, 0.5]},
			"faces": {
				"north": {"uv": [1.5, 0, 3, 1.5], "texture": "#1"},
				"east": {"uv": [1.5, 0, 3, 1.5], "texture": "#1"},
				"south": {"uv": [1.5, 0, 3, 1.5], "texture": "#1"},
				"west": {"uv": [1.5, 0, 3, 1.5], "texture": "#1"},
				"up": {"uv": [0, 1.5, 1.5, 3], "texture": "#1"},
				"down": {"uv": [0, 1.5, 1.5, 3], "texture": "#1"}
			}
		},
		{
			"from": [-10.75, 2, 6.05],
			"to": [26.75, 3, 10.55],
			"rotation": {"angle": -22.5, "axis": "x", "origin": [7.99258, 2.24999, 8.00743]},
			"faces": {
				"north": {"uv": [0, 0, 16, 1], "texture": "#1"},
				"east": {"uv": [1.5, 0, 6, 1], "texture": "#1"},
				"south": {"uv": [0, 0, 16, 1], "texture": "#1"},
				"west": {"uv": [1.5, 0, 6, 1], "texture": "#1"},
				"up": {"uv": [0, 1.5, 16, 6], "texture": "#1"},
				"down": {"uv": [0, 1.5, 16, 6], "texture": "#1"}
			}
		},
		{
			"from": [-11.25, 1, 5.55],
			"to": [27.25, 2, 11.05],
			"rotation": {"angle": -22.5, "axis": "x", "origin": [7.99258, 2.24999, 8.00743]},
			"faces": {
				"north": {"uv": [0, 0, 16, 1], "texture": "#1"},
				"east": {"uv": [1.5, 0, 7, 1], "texture": "#1"},
				"south": {"uv": [0, 0, 16, 1], "texture": "#1"},
				"west": {"uv": [1.5, 0, 7, 1], "texture": "#1"},
				"up": {"uv": [0, 1.5, 16, 7], "texture": "#1"},
				"down": {"uv": [0, 1.5, 16, 7], "texture": "#1"}
			}
		},
		{
			"from": [6.5, 8.75, 7.5],
			"to": [9.5, 9.75, 8.5],
			"rotation": {"angle": 0, "axis": "y", "origin": [14.5, 22.25, 0.5]},
			"faces": {
				"north": {"uv": [3, 0, 6, 1], "texture": "#3"},
				"east": {"uv": [1, 0, 2, 1], "texture": "#3"},
				"south": {"uv": [3, 0, 6, 1], "texture": "#3"},
				"west": {"uv": [1, 0, 2, 1], "texture": "#3"},
				"up": {"uv": [0, 1, 3, 2], "texture": "#3"},
				"down": {"uv": [0, 1, 3, 2], "texture": "#3"}
			}
		},
		{
			"from": [7.5, 2.75, 7.5],
			"to": [8.5, 8.75, 8.5],
			"rotation": {"angle": 0, "axis": "y", "origin": [14.5, 20.25, 0.5]},
			"faces": {
				"north": {"uv": [3, 0, 4, 6], "texture": "#3"},
				"east": {"uv": [1, 0, 2, 6], "texture": "#3"},
				"south": {"uv": [3, 0, 4, 6], "texture": "#3"},
				"west": {"uv": [1, 0, 2, 6], "texture": "#3"},
				"up": {"uv": [0, 1, 1, 2], "texture": "#3"},
				"down": {"uv": [0, 1, 1, 2], "texture": "#3"}
			}
		},
		{
			"from": [22.5, 2.75, 7.5],
			"to": [23.5, 8.75, 8.5],
			"rotation": {"angle": 0, "axis": "y", "origin": [29.5, 20.25, 0.5]},
			"faces": {
				"north": {"uv": [3, 0, 4, 6], "texture": "#3"},
				"east": {"uv": [1, 0, 2, 6], "texture": "#3"},
				"south": {"uv": [3, 0, 4, 6], "texture": "#3"},
				"west": {"uv": [1, 0, 2, 6], "texture": "#3"},
				"up": {"uv": [0, 1, 1, 2], "texture": "#3"},
				"down": {"uv": [0, 1, 1, 2], "texture": "#3"}
			}
		},
		{
			"from": [-7.5, 2.75, 7.5],
			"to": [-6.5, 8.75, 8.5],
			"rotation": {"angle": 0, "axis": "y", "origin": [-13.5, 20.25, 0.5]},
			"faces": {
				"north": {"uv": [4, 0, 5, 6], "texture": "#3"},
				"east": {"uv": [2, 0, 3, 6], "texture": "#3"},
				"south": {"uv": [4, 0, 5, 6], "texture": "#3"},
				"west": {"uv": [2, 0, 3, 6], "texture": "#3"},
				"up": {"uv": [1, 1, 2, 2], "texture": "#3"},
				"down": {"uv": [1, 1, 2, 2], "texture": "#3"}
			}
		},
		{
			"from": [9.27115, 8.91468, 7.50186],
			"to": [11.27115, 9.91468, 8.50186],
			"rotation": {"angle": 22.5, "axis": "z", "origin": [9.79426, 9.40939, 7.97346]},
			"faces": {
				"north": {"uv": [0, 0, 2, 1], "texture": "#3"},
				"east": {"uv": [0, 0, 1, 1], "texture": "#3"},
				"south": {"uv": [0, 0, 2, 1], "texture": "#3"},
				"west": {"uv": [0, 0, 1, 1], "texture": "#3"},
				"up": {"uv": [2, 1, 4, 2], "texture": "#3"},
				"down": {"uv": [2, 1, 4, 2], "texture": "#3"}
			}
		},
		{
			"from": [4.72885, 8.91468, 7.50186],
			"to": [6.72885, 9.91468, 8.50186],
			"rotation": {"angle": -22.5, "axis": "z", "origin": [6.20574, 9.40939, 7.97346]},
			"faces": {
				"north": {"uv": [2, 0, 4, 1], "texture": "#3"},
				"east": {"uv": [1, 0, 2, 1], "texture": "#3"},
				"south": {"uv": [2, 0, 4, 1], "texture": "#3"},
				"west": {"uv": [1, 0, 2, 1], "texture": "#3"},
				"up": {"uv": [0, 1, 2, 2], "texture": "#3"},
				"down": {"uv": [0, 1, 2, 2], "texture": "#3"}
			}
		},
		{
			"from": [4.0887, 10.44741, 7.49805],
			"to": [5.0887, 12.44741, 8.49805],
			"rotation": {"angle": 22.5, "axis": "z", "origin": [4.58342, 9.97052, 7.96965]},
			"faces": {
				"north": {"uv": [0, 1, 2, 2], "rotation": 90, "texture": "#3"},
				"east": {"uv": [0, 1, 2, 2], "rotation": 90, "texture": "#3"},
				"south": {"uv": [0, 1, 2, 2], "rotation": 270, "texture": "#3"},
				"west": {"uv": [0, 1, 2, 2], "rotation": 90, "texture": "#3"},
				"up": {"uv": [1, 0, 2, 1], "rotation": 90, "texture": "#3"},
				"down": {"uv": [1, 0, 2, 1], "rotation": 90, "texture": "#3"}
			}
		},
		{
			"from": [3.17567, 12.06795, 7.49362],
			"to": [4.17567, 14.06795, 8.49362],
			"rotation": {"angle": 0, "axis": "z", "origin": [3.67039, 11.59106, 7.96523]},
			"faces": {
				"north": {"uv": [0, 1, 2, 2], "rotation": 90, "texture": "#3"},
				"east": {"uv": [0, 1, 2, 2], "rotation": 90, "texture": "#3"},
				"south": {"uv": [0, 1, 2, 2], "rotation": 270, "texture": "#3"},
				"west": {"uv": [0, 1, 2, 2], "rotation": 90, "texture": "#3"},
				"up": {"uv": [1, 0, 2, 1], "rotation": 90, "texture": "#3"},
				"down": {"uv": [1, 0, 2, 1], "rotation": 90, "texture": "#3"}
			}
		},
		{
			"from": [3.86189, 9.03389, 7.50014],
			"to": [4.86189, 10.03389, 8.50014],
			"rotation": {"angle": -45, "axis": "z", "origin": [5.33877, 9.52861, 7.97174]},
			"faces": {
				"north": {"uv": [1, 0, 2, 1], "texture": "#3"},
				"east": {"uv": [1, 0, 2, 1], "texture": "#3"},
				"south": {"uv": [1, 0, 2, 1], "texture": "#3"},
				"west": {"uv": [1, 0, 2, 1], "texture": "#3"},
				"up": {"uv": [0, 1, 1, 2], "texture": "#3"},
				"down": {"uv": [0, 1, 1, 2], "texture": "#3"}
			}
		},
		{
			"from": [5.25, 10.5, 0.5],
			"to": [10.75, 10.65, 3.75],
			"rotation": {"angle": -45, "axis": "x", "origin": [7.96979, 10.55703, 2.20185]},
			"faces": {
				"north": {"uv": [5.5, 0, 11, 0.15], "texture": "#0"},
				"east": {"uv": [3.25, 0, 6.5, 0.15], "texture": "#0"},
				"south": {"uv": [5.5, 0, 11, 0.15], "texture": "#0"},
				"west": {"uv": [3.25, 0, 6.5, 0.15], "texture": "#0"},
				"up": {"uv": [0, 3.25, 5.5, 6.5], "texture": "#0"},
				"down": {"uv": [0, 3.25, 5.5, 6.5], "texture": "#0"}
			}
		},
		{
			"from": [12.36276, 12.32318, 0.5],
			"to": [12.51276, 17.82318, 3.75],
			"rotation": {"angle": -45, "axis": "y", "origin": [12.45574, 15.04297, 2.20185]},
			"faces": {
				"north": {"uv": [0, 0.15, 5.5, 0.3], "rotation": 270, "texture": "#0"},
				"east": {"uv": [0, 3.25, 5.5, 6.5], "rotation": 270, "texture": "#0"},
				"south": {"uv": [0, 0.15, 5.5, 0.3], "rotation": 90, "texture": "#0"},
				"west": {"uv": [0, 3.25, 5.5, 6.5], "rotation": 270, "texture": "#0"},
				"up": {"uv": [3.25, 0, 6.5, 0.15], "rotation": 270, "texture": "#0"},
				"down": {"uv": [3.25, 0, 6.5, 0.15], "rotation": 270, "texture": "#0"}
			}
		},
		{
			"from": [5.25, 19.35, 0.5],
			"to": [10.75, 19.5, 3.75],
			"rotation": {"angle": 45, "axis": "x", "origin": [7.96979, 19.44297, 2.20185]},
			"faces": {
				"north": {"uv": [5.5, 0.15, 11, 0.3], "texture": "#0"},
				"east": {"uv": [3.25, 0.15, 6.5, 0.3], "texture": "#0"},
				"south": {"uv": [5.5, 0.15, 11, 0.3], "texture": "#0"},
				"west": {"uv": [3.25, 0.15, 6.5, 0.3], "texture": "#0"},
				"up": {"uv": [0, 6.5, 5.5, 9.75], "texture": "#0"},
				"down": {"uv": [0, 6.5, 5.5, 9.75], "texture": "#0"}
			}
		},
		{
			"from": [3.51276, 12.32318, 0.5],
			"to": [3.66276, 17.82318, 3.75],
			"rotation": {"angle": 45, "axis": "y", "origin": [3.56979, 15.04297, 2.20185]},
			"faces": {
				"north": {"uv": [0, 0.3, 5.5, 0.45], "rotation": 270, "texture": "#0"},
				"east": {"uv": [0, 6.5, 5.5, 9.75], "rotation": 270, "texture": "#0"},
				"south": {"uv": [0, 0.3, 5.5, 0.45], "rotation": 90, "texture": "#0"},
				"west": {"uv": [0, 6.5, 5.5, 9.75], "rotation": 270, "texture": "#0"},
				"up": {"uv": [3.25, 0.15, 6.5, 0.3], "rotation": 270, "texture": "#0"},
				"down": {"uv": [3.25, 0.15, 6.5, 0.3], "rotation": 270, "texture": "#0"}
			}
		},
		{
			"name": "octagon",
			"from": [6.39521, 17.98193, 3.28126],
			"to": [9.60479, 18.9505, 5.56274],
			"rotation": {"angle": 22.5, "axis": "z", "origin": [8, 15.0762, 3.9558]},
			"faces": {
				"north": {"uv": [1, 0, 0, 1], "texture": "#1"},
				"east": {"uv": [0, 1, 1, 0], "rotation": 270, "texture": "#1"},
				"south": {"uv": [1, 0, 0, 1], "rotation": 180, "texture": "#1"},
				"west": {"uv": [0, 1, 1, 0], "rotation": 90, "texture": "#1"},
				"up": {"uv": [0, 1, 1, 0], "rotation": 180, "texture": "#1"},
				"down": {"uv": [0, 1, 1, 0], "texture": "#1"}
			}
		},
		{
			"name": "octagon",
			"from": [6.39521, 17.98193, 3.28126],
			"to": [9.60479, 18.9505, 5.56274],
			"rotation": {"angle": -22.5, "axis": "z", "origin": [8, 15.0762, 3.9558]},
			"faces": {
				"north": {"uv": [1, 0, 0, 1], "texture": "#1"},
				"east": {"uv": [0, 1, 1, 0], "rotation": 270, "texture": "#1"},
				"south": {"uv": [1, 0, 0, 1], "rotation": 180, "texture": "#1"},
				"west": {"uv": [0, 1, 1, 0], "rotation": 90, "texture": "#1"},
				"up": {"uv": [0, 1, 1, 0], "rotation": 180, "texture": "#1"},
				"down": {"uv": [0, 1, 1, 0], "texture": "#1"}
			}
		},
		{
			"name": "octagon",
			"from": [6.39521, 11.2019, 3.28126],
			"to": [9.60479, 12.17047, 5.56274],
			"rotation": {"angle": 22.5, "axis": "z", "origin": [8, 15.0762, 3.9558]},
			"faces": {
				"north": {"uv": [1, 0, 0, 1], "texture": "#1"},
				"east": {"uv": [0, 1, 1, 0], "rotation": 270, "texture": "#1"},
				"south": {"uv": [1, 0, 0, 1], "rotation": 180, "texture": "#1"},
				"west": {"uv": [0, 1, 1, 0], "rotation": 90, "texture": "#1"},
				"up": {"uv": [0, 1, 1, 0], "rotation": 180, "texture": "#1"},
				"down": {"uv": [0, 1, 1, 0], "texture": "#1"}
			}
		},
		{
			"name": "octagon",
			"from": [6.39521, 11.2019, 3.28126],
			"to": [9.60479, 12.17047, 5.56274],
			"rotation": {"angle": -22.5, "axis": "z", "origin": [8, 15.0762, 3.9558]},
			"faces": {
				"north": {"uv": [1, 0, 0, 1], "texture": "#1"},
				"east": {"uv": [0, 1, 1, 0], "rotation": 270, "texture": "#1"},
				"south": {"uv": [1, 0, 0, 1], "rotation": 180, "texture": "#1"},
				"west": {"uv": [0, 1, 1, 0], "rotation": 90, "texture": "#1"},
				"up": {"uv": [0, 1, 1, 0], "rotation": 180, "texture": "#1"},
				"down": {"uv": [0, 1, 1, 0], "texture": "#1"}
			}
		},
		{
			"name": "octagon",
			"from": [4.1257, 13.47141, 3.28126],
			"to": [5.09427, 16.68099, 5.56274],
			"rotation": {"angle": 22.5, "axis": "z", "origin": [8, 15.0762, 3.9558]},
			"faces": {
				"north": {"uv": [1, 0, 0, 1], "texture": "#1"},
				"east": {"uv": [0, 1, 1, 0], "rotation": 270, "texture": "#1"},
				"south": {"uv": [1, 0, 0, 1], "rotation": 180, "texture": "#1"},
				"west": {"uv": [0, 1, 1, 0], "rotation": 90, "texture": "#1"},
				"up": {"uv": [0, 1, 1, 0], "rotation": 180, "texture": "#1"},
				"down": {"uv": [0, 1, 1, 0], "texture": "#1"}
			}
		},
		{
			"name": "octagon",
			"from": [4.1257, 13.47141, 3.28126],
			"to": [5.09427, 16.68099, 5.56274],
			"rotation": {"angle": -22.5, "axis": "z", "origin": [8, 15.0762, 3.9558]},
			"faces": {
				"north": {"uv": [1, 0, 0, 1], "texture": "#1"},
				"east": {"uv": [0, 1, 1, 0], "rotation": 270, "texture": "#1"},
				"south": {"uv": [1, 0, 0, 1], "rotation": 180, "texture": "#1"},
				"west": {"uv": [0, 1, 1, 0], "rotation": 90, "texture": "#1"},
				"up": {"uv": [0, 1, 1, 0], "rotation": 180, "texture": "#1"},
				"down": {"uv": [0, 1, 1, 0], "texture": "#1"}
			}
		},
		{
			"name": "octagon",
			"from": [10.90573, 13.47141, 3.28126],
			"to": [11.8743, 16.68099, 5.56274],
			"rotation": {"angle": 22.5, "axis": "z", "origin": [8, 15.0762, 3.9558]},
			"faces": {
				"north": {"uv": [1, 0, 0, 1], "texture": "#1"},
				"east": {"uv": [0, 1, 1, 0], "rotation": 270, "texture": "#1"},
				"south": {"uv": [1, 0, 0, 1], "rotation": 180, "texture": "#1"},
				"west": {"uv": [0, 1, 1, 0], "rotation": 90, "texture": "#1"},
				"up": {"uv": [0, 1, 1, 0], "rotation": 180, "texture": "#1"},
				"down": {"uv": [0, 1, 1, 0], "texture": "#1"}
			}
		},
		{
			"name": "octagon",
			"from": [10.90573, 13.47141, 3.28126],
			"to": [11.8743, 16.68099, 5.56274],
			"rotation": {"angle": -22.5, "axis": "z", "origin": [8, 15.0762, 3.9558]},
			"faces": {
				"north": {"uv": [1, 0, 0, 1], "texture": "#1"},
				"east": {"uv": [0, 1, 1, 0], "rotation": 270, "texture": "#1"},
				"south": {"uv": [1, 0, 0, 1], "rotation": 180, "texture": "#1"},
				"west": {"uv": [0, 1, 1, 0], "rotation": 90, "texture": "#1"},
				"up": {"uv": [0, 1, 1, 0], "rotation": 180, "texture": "#1"},
				"down": {"uv": [0, 1, 1, 0], "texture": "#1"}
			}
		},
		{
			"name": "octagon",
			"from": [6.77525, 12.0368, 12.22],
			"to": [9.22475, 17.9504, 13.78],
			"rotation": {"angle": 22.5, "axis": "z", "origin": [8, 14.9936, 10.2352]},
			"faces": {
				"north": {"uv": [1, 0, 0, 1], "texture": "#0"},
				"east": {"uv": [0, 1, 1, 0], "rotation": 270, "texture": "#0"},
				"south": {"uv": [1, 0, 0, 1], "rotation": 180, "texture": "#0"},
				"west": {"uv": [0, 1, 1, 0], "rotation": 90, "texture": "#0"},
				"up": {"uv": [0, 1, 1, 0], "rotation": 180, "texture": "#0"},
				"down": {"uv": [0, 1, 1, 0], "texture": "#0"}
			}
		},
		{
			"name": "octagon",
			"from": [6.77525, 12.0368, 12.22],
			"to": [9.22475, 17.9504, 13.78],
			"rotation": {"angle": -22.5, "axis": "z", "origin": [8, 14.9936, 10.2352]},
			"faces": {
				"north": {"uv": [1, 0, 0, 1], "texture": "#0"},
				"east": {"uv": [0, 1, 1, 0], "rotation": 270, "texture": "#0"},
				"south": {"uv": [1, 0, 0, 1], "rotation": 180, "texture": "#0"},
				"west": {"uv": [0, 1, 1, 0], "rotation": 90, "texture": "#0"},
				"up": {"uv": [0, 1, 1, 0], "rotation": 180, "texture": "#0"},
				"down": {"uv": [0, 1, 1, 0], "texture": "#0"}
			}
		},
		{
			"name": "octagon",
			"from": [5.0432, 13.76885, 12.22],
			"to": [10.9568, 16.21835, 13.78],
			"rotation": {"angle": 22.5, "axis": "z", "origin": [8, 14.9936, 10.2352]},
			"faces": {
				"north": {"uv": [1, 0, 0, 1], "texture": "#0"},
				"east": {"uv": [0, 1, 1, 0], "rotation": 270, "texture": "#0"},
				"south": {"uv": [1, 0, 0, 1], "rotation": 180, "texture": "#0"},
				"west": {"uv": [0, 1, 1, 0], "rotation": 90, "texture": "#0"},
				"up": {"uv": [0, 1, 1, 0], "rotation": 180, "texture": "#0"},
				"down": {"uv": [0, 1, 1, 0], "texture": "#0"}
			}
		},
		{
			"name": "octagon",
			"from": [5.0432, 13.76885, 12.22],
			"to": [10.9568, 16.21835, 13.78],
			"rotation": {"angle": -22.5, "axis": "z", "origin": [8, 14.9936, 10.2352]},
			"faces": {
				"north": {"uv": [1, 0, 0, 1], "texture": "#0"},
				"east": {"uv": [0, 1, 1, 0], "rotation": 270, "texture": "#0"},
				"south": {"uv": [1, 0, 0, 1], "rotation": 180, "texture": "#0"},
				"west": {"uv": [0, 1, 1, 0], "rotation": 90, "texture": "#0"},
				"up": {"uv": [0, 1, 1, 0], "rotation": 180, "texture": "#0"},
				"down": {"uv": [0, 1, 1, 0], "texture": "#0"}
			}
		},
		{
			"name": "octagon",
			"from": [6.54197, 11.52, 4.5],
			"to": [9.45803, 18.56, 12.5],
			"rotation": {"angle": 22.5, "axis": "z", "origin": [8, 15.04, 8.28]},
			"faces": {
				"north": {"uv": [8.916, 4, 6, 11.039], "texture": "#2"},
				"east": {"uv": [0, 1, 1, 0], "rotation": 270, "texture": "#0"},
				"south": {"uv": [1, 0, 0, 1], "rotation": 180, "texture": "#0"},
				"west": {"uv": [0, 1, 1, 0], "rotation": 90, "texture": "#0"},
				"up": {"uv": [0, 1, 1, 0], "rotation": 180, "texture": "#0"},
				"down": {"uv": [0, 1, 1, 0], "texture": "#0"}
			}
		},
		{
			"name": "octagon",
			"from": [6.54197, 11.52, 4.5],
			"to": [9.45803, 18.56, 12.5],
			"rotation": {"angle": -22.5, "axis": "z", "origin": [8, 15.04, 8.28]},
			"faces": {
				"north": {"uv": [8.916, 4, 6, 11.039], "texture": "#2"},
				"east": {"uv": [0, 1, 1, 0], "rotation": 270, "texture": "#0"},
				"south": {"uv": [1, 0, 0, 1], "rotation": 180, "texture": "#0"},
				"west": {"uv": [0, 1, 1, 0], "rotation": 90, "texture": "#0"},
				"up": {"uv": [0, 1, 1, 0], "rotation": 180, "texture": "#0"},
				"down": {"uv": [0, 1, 1, 0], "texture": "#0"}
			}
		},
		{
			"name": "octagon",
			"from": [4.48, 13.58197, 4.5],
			"to": [11.52, 16.49803, 12.5],
			"rotation": {"angle": 22.5, "axis": "z", "origin": [8, 15.04, 8.28]},
			"faces": {
				"north": {"uv": [12.039, 6, 5, 8.916], "texture": "#2"},
				"east": {"uv": [0, 1, 1, 0], "rotation": 270, "texture": "#0"},
				"south": {"uv": [1, 0, 0, 1], "rotation": 180, "texture": "#0"},
				"west": {"uv": [0, 1, 1, 0], "rotation": 90, "texture": "#0"},
				"up": {"uv": [0, 1, 1, 0], "rotation": 180, "texture": "#0"},
				"down": {"uv": [0, 1, 1, 0], "texture": "#0"}
			}
		},
		{
			"name": "octagon",
			"from": [4.48, 13.58197, 4.5],
			"to": [11.52, 16.49803, 12.5],
			"rotation": {"angle": -22.5, "axis": "z", "origin": [8, 15.04, 8.28]},
			"faces": {
				"north": {"uv": [12.039, 6, 5, 8.916], "texture": "#2"},
				"east": {"uv": [0, 1, 1, 0], "rotation": 270, "texture": "#0"},
				"south": {"uv": [1, 0, 0, 1], "rotation": 180, "texture": "#0"},
				"west": {"uv": [0, 1, 1, 0], "rotation": 90, "texture": "#0"},
				"up": {"uv": [0, 1, 1, 0], "rotation": 180, "texture": "#0"},
				"down": {"uv": [0, 1, 1, 0], "texture": "#0"}
			}
		},
		{
			"from": [18, 14, 7.25],
			"to": [19.5, 15.5, 8.75],
			"rotation": {"angle": 0, "axis": "y", "origin": [26.25, 24.5, 0.5]},
			"faces": {
				"north": {"uv": [1.5, 0, 3, 1.5], "texture": "#1"},
				"east": {"uv": [1.5, 0, 3, 1.5], "texture": "#1"},
				"south": {"uv": [1.5, 0, 3, 1.5], "texture": "#1"},
				"west": {"uv": [1.5, 0, 3, 1.5], "texture": "#1"},
				"up": {"uv": [0, 1.5, 1.5, 3], "texture": "#1"},
				"down": {"uv": [0, 1.5, 1.5, 3], "texture": "#1"}
			}
		},
		{
			"from": [26.5, 14, 7.25],
			"to": [28, 15.5, 8.75],
			"rotation": {"angle": 0, "axis": "y", "origin": [19.75, 24.5, 0.5]},
			"faces": {
				"north": {"uv": [0, 0, 1.5, 1.5], "texture": "#1"},
				"east": {"uv": [0, 0, 1.5, 1.5], "texture": "#1"},
				"south": {"uv": [0, 0, 1.5, 1.5], "texture": "#1"},
				"west": {"uv": [0, 0, 1.5, 1.5], "texture": "#1"},
				"up": {"uv": [1.5, 1.5, 3, 3], "texture": "#1"},
				"down": {"uv": [1.5, 1.5, 3, 3], "texture": "#1"}
			}
		},
		{
			"from": [26.82433, 12.06795, 7.49362],
			"to": [27.82433, 14.06795, 8.49362],
			"rotation": {"angle": 0, "axis": "z", "origin": [27.32961, 11.59106, 7.96523]},
			"faces": {
				"north": {"uv": [0, 0, 2, 1], "rotation": 90, "texture": "#3"},
				"east": {"uv": [0, 0, 2, 1], "rotation": 90, "texture": "#3"},
				"south": {"uv": [0, 0, 2, 1], "rotation": 270, "texture": "#3"},
				"west": {"uv": [0, 0, 2, 1], "rotation": 90, "texture": "#3"},
				"up": {"uv": [1, 1, 2, 2], "rotation": 90, "texture": "#3"},
				"down": {"uv": [1, 1, 2, 2], "rotation": 90, "texture": "#3"}
			}
		},
		{
			"from": [25.9113, 10.44741, 7.49805],
			"to": [26.9113, 12.44741, 8.49805],
			"rotation": {"angle": -22.5, "axis": "z", "origin": [26.41658, 9.97052, 7.96965]},
			"faces": {
				"north": {"uv": [0, 0, 2, 1], "rotation": 90, "texture": "#3"},
				"east": {"uv": [0, 0, 2, 1], "rotation": 90, "texture": "#3"},
				"south": {"uv": [0, 0, 2, 1], "rotation": 270, "texture": "#3"},
				"west": {"uv": [0, 0, 2, 1], "rotation": 90, "texture": "#3"},
				"up": {"uv": [1, 1, 2, 2], "rotation": 90, "texture": "#3"},
				"down": {"uv": [1, 1, 2, 2], "rotation": 90, "texture": "#3"}
			}
		},
		{
			"from": [26.13811, 9.03389, 7.50014],
			"to": [27.13811, 10.03389, 8.50014],
			"rotation": {"angle": 45, "axis": "z", "origin": [25.66123, 9.52861, 7.97174]},
			"faces": {
				"north": {"uv": [0, 0, 1, 1], "texture": "#3"},
				"east": {"uv": [0, 0, 1, 1], "texture": "#3"},
				"south": {"uv": [0, 0, 1, 1], "texture": "#3"},
				"west": {"uv": [0, 0, 1, 1], "texture": "#3"},
				"up": {"uv": [1, 1, 2, 2], "texture": "#3"},
				"down": {"uv": [1, 1, 2, 2], "texture": "#3"}
			}
		},
		{
			"from": [22.25, 8.5, 7.25],
			"to": [23.75, 10, 8.75],
			"rotation": {"angle": 0, "axis": "y", "origin": [30.5, 19, 0.5]},
			"faces": {
				"north": {"uv": [1.5, 0, 3, 1.5], "texture": "#1"},
				"east": {"uv": [1.5, 0, 3, 1.5], "texture": "#1"},
				"south": {"uv": [1.5, 0, 3, 1.5], "texture": "#1"},
				"west": {"uv": [1.5, 0, 3, 1.5], "texture": "#1"},
				"up": {"uv": [0, 1.5, 1.5, 3], "texture": "#1"},
				"down": {"uv": [0, 1.5, 1.5, 3], "texture": "#1"}
			}
		},
		{
			"from": [21.5, 8.75, 7.5],
			"to": [24.5, 9.75, 8.5],
			"rotation": {"angle": 0, "axis": "y", "origin": [29.5, 22.25, 0.5]},
			"faces": {
				"north": {"uv": [3, 0, 6, 1], "texture": "#3"},
				"east": {"uv": [1, 0, 2, 1], "texture": "#3"},
				"south": {"uv": [3, 0, 6, 1], "texture": "#3"},
				"west": {"uv": [1, 0, 2, 1], "texture": "#3"},
				"up": {"uv": [0, 1, 3, 2], "texture": "#3"},
				"down": {"uv": [0, 1, 3, 2], "texture": "#3"}
			}
		},
		{
			"from": [24.27115, 8.91468, 7.50186],
			"to": [26.27115, 9.91468, 8.50186],
			"rotation": {"angle": 22.5, "axis": "z", "origin": [24.79426, 9.40939, 7.97346]},
			"faces": {
				"north": {"uv": [0, 0, 2, 1], "texture": "#3"},
				"east": {"uv": [0, 0, 1, 1], "texture": "#3"},
				"south": {"uv": [0, 0, 2, 1], "texture": "#3"},
				"west": {"uv": [0, 0, 1, 1], "texture": "#3"},
				"up": {"uv": [2, 1, 4, 2], "texture": "#3"},
				"down": {"uv": [2, 1, 4, 2], "texture": "#3"}
			}
		},
		{
			"from": [19.72885, 8.91468, 7.50186],
			"to": [21.72885, 9.91468, 8.50186],
			"rotation": {"angle": -22.5, "axis": "z", "origin": [21.20574, 9.40939, 7.97346]},
			"faces": {
				"north": {"uv": [2, 0, 4, 1], "texture": "#3"},
				"east": {"uv": [1, 0, 2, 1], "texture": "#3"},
				"south": {"uv": [2, 0, 4, 1], "texture": "#3"},
				"west": {"uv": [1, 0, 2, 1], "texture": "#3"},
				"up": {"uv": [0, 1, 2, 2], "texture": "#3"},
				"down": {"uv": [0, 1, 2, 2], "texture": "#3"}
			}
		},
		{
			"from": [19.0887, 10.44741, 7.49805],
			"to": [20.0887, 12.44741, 8.49805],
			"rotation": {"angle": 22.5, "axis": "z", "origin": [19.58342, 9.97052, 7.96965]},
			"faces": {
				"north": {"uv": [0, 1, 2, 2], "rotation": 90, "texture": "#3"},
				"east": {"uv": [0, 1, 2, 2], "rotation": 90, "texture": "#3"},
				"south": {"uv": [0, 1, 2, 2], "rotation": 270, "texture": "#3"},
				"west": {"uv": [0, 1, 2, 2], "rotation": 90, "texture": "#3"},
				"up": {"uv": [1, 0, 2, 1], "rotation": 90, "texture": "#3"},
				"down": {"uv": [1, 0, 2, 1], "rotation": 90, "texture": "#3"}
			}
		},
		{
			"from": [18.17567, 12.06795, 7.49362],
			"to": [19.17567, 14.06795, 8.49362],
			"rotation": {"angle": 0, "axis": "z", "origin": [18.67039, 11.59106, 7.96523]},
			"faces": {
				"north": {"uv": [0, 1, 2, 2], "rotation": 90, "texture": "#3"},
				"east": {"uv": [0, 1, 2, 2], "rotation": 90, "texture": "#3"},
				"south": {"uv": [0, 1, 2, 2], "rotation": 270, "texture": "#3"},
				"west": {"uv": [0, 1, 2, 2], "rotation": 90, "texture": "#3"},
				"up": {"uv": [1, 0, 2, 1], "rotation": 90, "texture": "#3"},
				"down": {"uv": [1, 0, 2, 1], "rotation": 90, "texture": "#3"}
			}
		},
		{
			"from": [18.86189, 9.03389, 7.50014],
			"to": [19.86189, 10.03389, 8.50014],
			"rotation": {"angle": -45, "axis": "z", "origin": [20.33877, 9.52861, 7.97174]},
			"faces": {
				"north": {"uv": [1, 0, 2, 1], "texture": "#3"},
				"east": {"uv": [1, 0, 2, 1], "texture": "#3"},
				"south": {"uv": [1, 0, 2, 1], "texture": "#3"},
				"west": {"uv": [1, 0, 2, 1], "texture": "#3"},
				"up": {"uv": [0, 1, 1, 2], "texture": "#3"},
				"down": {"uv": [0, 1, 1, 2], "texture": "#3"}
			}
		},
		{
			"from": [20.25, 10.5, 0.5],
			"to": [25.75, 10.65, 3.75],
			"rotation": {"angle": -45, "axis": "x", "origin": [22.96979, 10.55703, 2.20185]},
			"faces": {
				"north": {"uv": [5.5, 0, 11, 0.15], "texture": "#0"},
				"east": {"uv": [3.25, 0, 6.5, 0.15], "texture": "#0"},
				"south": {"uv": [5.5, 0, 11, 0.15], "texture": "#0"},
				"west": {"uv": [3.25, 0, 6.5, 0.15], "texture": "#0"},
				"up": {"uv": [0, 3.25, 5.5, 6.5], "texture": "#0"},
				"down": {"uv": [0, 3.25, 5.5, 6.5], "texture": "#0"}
			}
		},
		{
			"from": [27.36276, 12.32318, 0.5],
			"to": [27.51276, 17.82318, 3.75],
			"rotation": {"angle": -45, "axis": "y", "origin": [27.45574, 15.04297, 2.20185]},
			"faces": {
				"north": {"uv": [0, 0.15, 5.5, 0.3], "rotation": 270, "texture": "#0"},
				"east": {"uv": [0, 3.25, 5.5, 6.5], "rotation": 270, "texture": "#0"},
				"south": {"uv": [0, 0.15, 5.5, 0.3], "rotation": 90, "texture": "#0"},
				"west": {"uv": [0, 3.25, 5.5, 6.5], "rotation": 270, "texture": "#0"},
				"up": {"uv": [3.25, 0, 6.5, 0.15], "rotation": 270, "texture": "#0"},
				"down": {"uv": [3.25, 0, 6.5, 0.15], "rotation": 270, "texture": "#0"}
			}
		},
		{
			"from": [20.25, 19.35, 0.5],
			"to": [25.75, 19.5, 3.75],
			"rotation": {"angle": 45, "axis": "x", "origin": [22.96979, 19.44297, 2.20185]},
			"faces": {
				"north": {"uv": [5.5, 0.15, 11, 0.3], "texture": "#0"},
				"east": {"uv": [3.25, 0.15, 6.5, 0.3], "texture": "#0"},
				"south": {"uv": [5.5, 0.15, 11, 0.3], "texture": "#0"},
				"west": {"uv": [3.25, 0.15, 6.5, 0.3], "texture": "#0"},
				"up": {"uv": [0, 6.5, 5.5, 9.75], "texture": "#0"},
				"down": {"uv": [0, 6.5, 5.5, 9.75], "texture": "#0"}
			}
		},
		{
			"from": [18.51276, 12.32318, 0.5],
			"to": [18.66276, 17.82318, 3.75],
			"rotation": {"angle": 45, "axis": "y", "origin": [18.56979, 15.04297, 2.20185]},
			"faces": {
				"north": {"uv": [0, 0.3, 5.5, 0.45], "rotation": 270, "texture": "#0"},
				"east": {"uv": [0, 6.5, 5.5, 9.75], "rotation": 270, "texture": "#0"},
				"south": {"uv": [0, 0.3, 5.5, 0.45], "rotation": 90, "texture": "#0"},
				"west": {"uv": [0, 6.5, 5.5, 9.75], "rotation": 270, "texture": "#0"},
				"up": {"uv": [3.25, 0.15, 6.5, 0.3], "rotation": 270, "texture": "#0"},
				"down": {"uv": [3.25, 0.15, 6.5, 0.3], "rotation": 270, "texture": "#0"}
			}
		},
		{
			"name": "octagon",
			"from": [21.39521, 17.98193, 3.28126],
			"to": [24.60479, 18.9505, 5.56274],
			"rotation": {"angle": 22.5, "axis": "z", "origin": [23, 15.0762, 3.9558]},
			"faces": {
				"north": {"uv": [1, 0, 0, 1], "texture": "#1"},
				"east": {"uv": [0, 1, 1, 0], "rotation": 270, "texture": "#1"},
				"south": {"uv": [1, 0, 0, 1], "rotation": 180, "texture": "#1"},
				"west": {"uv": [0, 1, 1, 0], "rotation": 90, "texture": "#1"},
				"up": {"uv": [0, 1, 1, 0], "rotation": 180, "texture": "#1"},
				"down": {"uv": [0, 1, 1, 0], "texture": "#1"}
			}
		},
		{
			"name": "octagon",
			"from": [21.39521, 17.98193, 3.28126],
			"to": [24.60479, 18.9505, 5.56274],
			"rotation": {"angle": -22.5, "axis": "z", "origin": [23, 15.0762, 3.9558]},
			"faces": {
				"north": {"uv": [1, 0, 0, 1], "texture": "#1"},
				"east": {"uv": [0, 1, 1, 0], "rotation": 270, "texture": "#1"},
				"south": {"uv": [1, 0, 0, 1], "rotation": 180, "texture": "#1"},
				"west": {"uv": [0, 1, 1, 0], "rotation": 90, "texture": "#1"},
				"up": {"uv": [0, 1, 1, 0], "rotation": 180, "texture": "#1"},
				"down": {"uv": [0, 1, 1, 0], "texture": "#1"}
			}
		},
		{
			"name": "octagon",
			"from": [21.39521, 11.2019, 3.28126],
			"to": [24.60479, 12.17047, 5.56274],
			"rotation": {"angle": 22.5, "axis": "z", "origin": [23, 15.0762, 3.9558]},
			"faces": {
				"north": {"uv": [1, 0, 0, 1], "texture": "#1"},
				"east": {"uv": [0, 1, 1, 0], "rotation": 270, "texture": "#1"},
				"south": {"uv": [1, 0, 0, 1], "rotation": 180, "texture": "#1"},
				"west": {"uv": [0, 1, 1, 0], "rotation": 90, "texture": "#1"},
				"up": {"uv": [0, 1, 1, 0], "rotation": 180, "texture": "#1"},
				"down": {"uv": [0, 1, 1, 0], "texture": "#1"}
			}
		},
		{
			"name": "octagon",
			"from": [21.39521, 11.2019, 3.28126],
			"to": [24.60479, 12.17047, 5.56274],
			"rotation": {"angle": -22.5, "axis": "z", "origin": [23, 15.0762, 3.9558]},
			"faces": {
				"north": {"uv": [1, 0, 0, 1], "texture": "#1"},
				"east": {"uv": [0, 1, 1, 0], "rotation": 270, "texture": "#1"},
				"south": {"uv": [1, 0, 0, 1], "rotation": 180, "texture": "#1"},
				"west": {"uv": [0, 1, 1, 0], "rotation": 90, "texture": "#1"},
				"up": {"uv": [0, 1, 1, 0], "rotation": 180, "texture": "#1"},
				"down": {"uv": [0, 1, 1, 0], "texture": "#1"}
			}
		},
		{
			"name": "octagon",
			"from": [19.1257, 13.47141, 3.28126],
			"to": [20.09427, 16.68099, 5.56274],
			"rotation": {"angle": 22.5, "axis": "z", "origin": [23, 15.0762, 3.9558]},
			"faces": {
				"north": {"uv": [1, 0, 0, 1], "texture": "#1"},
				"east": {"uv": [0, 1, 1, 0], "rotation": 270, "texture": "#1"},
				"south": {"uv": [1, 0, 0, 1], "rotation": 180, "texture": "#1"},
				"west": {"uv": [0, 1, 1, 0], "rotation": 90, "texture": "#1"},
				"up": {"uv": [0, 1, 1, 0], "rotation": 180, "texture": "#1"},
				"down": {"uv": [0, 1, 1, 0], "texture": "#1"}
			}
		},
		{
			"name": "octagon",
			"from": [19.1257, 13.47141, 3.28126],
			"to": [20.09427, 16.68099, 5.56274],
			"rotation": {"angle": -22.5, "axis": "z", "origin": [23, 15.0762, 3.9558]},
			"faces": {
				"north": {"uv": [1, 0, 0, 1], "texture": "#1"},
				"east": {"uv": [0, 1, 1, 0], "rotation": 270, "texture": "#1"},
				"south": {"uv": [1, 0, 0, 1], "rotation": 180, "texture": "#1"},
				"west": {"uv": [0, 1, 1, 0], "rotation": 90, "texture": "#1"},
				"up": {"uv": [0, 1, 1, 0], "rotation": 180, "texture": "#1"},
				"down": {"uv": [0, 1, 1, 0], "texture": "#1"}
			}
		},
		{
			"name": "octagon",
			"from": [25.90573, 13.47141, 3.28126],
			"to": [26.8743, 16.68099, 5.56274],
			"rotation": {"angle": 22.5, "axis": "z", "origin": [23, 15.0762, 3.9558]},
			"faces": {
				"north": {"uv": [1, 0, 0, 1], "texture": "#1"},
				"east": {"uv": [0, 1, 1, 0], "rotation": 270, "texture": "#1"},
				"south": {"uv": [1, 0, 0, 1], "rotation": 180, "texture": "#1"},
				"west": {"uv": [0, 1, 1, 0], "rotation": 90, "texture": "#1"},
				"up": {"uv": [0, 1, 1, 0], "rotation": 180, "texture": "#1"},
				"down": {"uv": [0, 1, 1, 0], "texture": "#1"}
			}
		},
		{
			"name": "octagon",
			"from": [25.90573, 13.47141, 3.28126],
			"to": [26.8743, 16.68099, 5.56274],
			"rotation": {"angle": -22.5, "axis": "z", "origin": [23, 15.0762, 3.9558]},
			"faces": {
				"north": {"uv": [1, 0, 0, 1], "texture": "#1"},
				"east": {"uv": [0, 1, 1, 0], "rotation": 270, "texture": "#1"},
				"south": {"uv": [1, 0, 0, 1], "rotation": 180, "texture": "#1"},
				"west": {"uv": [0, 1, 1, 0], "rotation": 90, "texture": "#1"},
				"up": {"uv": [0, 1, 1, 0], "rotation": 180, "texture": "#1"},
				"down": {"uv": [0, 1, 1, 0], "texture": "#1"}
			}
		},
		{
			"name": "octagon",
			"from": [21.77525, 12.0368, 12.22],
			"to": [24.22475, 17.9504, 13.78],
			"rotation": {"angle": 22.5, "axis": "z", "origin": [23, 14.9936, 10.2352]},
			"faces": {
				"north": {"uv": [1, 0, 0, 1], "texture": "#0"},
				"east": {"uv": [0, 1, 1, 0], "rotation": 270, "texture": "#0"},
				"south": {"uv": [1, 0, 0, 1], "rotation": 180, "texture": "#0"},
				"west": {"uv": [0, 1, 1, 0], "rotation": 90, "texture": "#0"},
				"up": {"uv": [0, 1, 1, 0], "rotation": 180, "texture": "#0"},
				"down": {"uv": [0, 1, 1, 0], "texture": "#0"}
			}
		},
		{
			"name": "octagon",
			"from": [21.77525, 12.0368, 12.22],
			"to": [24.22475, 17.9504, 13.78],
			"rotation": {"angle": -22.5, "axis": "z", "origin": [23, 14.9936, 10.2352]},
			"faces": {
				"north": {"uv": [1, 0, 0, 1], "texture": "#0"},
				"east": {"uv": [0, 1, 1, 0], "rotation": 270, "texture": "#0"},
				"south": {"uv": [1, 0, 0, 1], "rotation": 180, "texture": "#0"},
				"west": {"uv": [0, 1, 1, 0], "rotation": 90, "texture": "#0"},
				"up": {"uv": [0, 1, 1, 0], "rotation": 180, "texture": "#0"},
				"down": {"uv": [0, 1, 1, 0], "texture": "#0"}
			}
		},
		{
			"name": "octagon",
			"from": [20.0432, 13.76885, 12.22],
			"to": [25.9568, 16.21835, 13.78],
			"rotation": {"angle": 22.5, "axis": "z", "origin": [23, 14.9936, 10.2352]},
			"faces": {
				"north": {"uv": [1, 0, 0, 1], "texture": "#0"},
				"east": {"uv": [0, 1, 1, 0], "rotation": 270, "texture": "#0"},
				"south": {"uv": [1, 0, 0, 1], "rotation": 180, "texture": "#0"},
				"west": {"uv": [0, 1, 1, 0], "rotation": 90, "texture": "#0"},
				"up": {"uv": [0, 1, 1, 0], "rotation": 180, "texture": "#0"},
				"down": {"uv": [0, 1, 1, 0], "texture": "#0"}
			}
		},
		{
			"name": "octagon",
			"from": [20.0432, 13.76885, 12.22],
			"to": [25.9568, 16.21835, 13.78],
			"rotation": {"angle": -22.5, "axis": "z", "origin": [23, 14.9936, 10.2352]},
			"faces": {
				"north": {"uv": [1, 0, 0, 1], "texture": "#0"},
				"east": {"uv": [0, 1, 1, 0], "rotation": 270, "texture": "#0"},
				"south": {"uv": [1, 0, 0, 1], "rotation": 180, "texture": "#0"},
				"west": {"uv": [0, 1, 1, 0], "rotation": 90, "texture": "#0"},
				"up": {"uv": [0, 1, 1, 0], "rotation": 180, "texture": "#0"},
				"down": {"uv": [0, 1, 1, 0], "texture": "#0"}
			}
		},
		{
			"name": "octagon",
			"from": [21.54197, 11.52, 4.5],
			"to": [24.45803, 18.56, 12.5],
			"rotation": {"angle": 22.5, "axis": "z", "origin": [23, 15.04, 8.28]},
			"faces": {
				"north": {"uv": [8.916, 4, 6, 11.039], "texture": "#2"},
				"east": {"uv": [0, 1, 1, 0], "rotation": 270, "texture": "#0"},
				"south": {"uv": [1, 0, 0, 1], "rotation": 180, "texture": "#0"},
				"west": {"uv": [0, 1, 1, 0], "rotation": 90, "texture": "#0"},
				"up": {"uv": [0, 1, 1, 0], "rotation": 180, "texture": "#0"},
				"down": {"uv": [0, 1, 1, 0], "texture": "#0"}
			}
		},
		{
			"name": "octagon",
			"from": [21.54197, 11.52, 4.5],
			"to": [24.45803, 18.56, 12.5],
			"rotation": {"angle": -22.5, "axis": "z", "origin": [23, 15.04, 8.28]},
			"faces": {
				"north": {"uv": [8.916, 4, 6, 11.039], "texture": "#2"},
				"east": {"uv": [0, 1, 1, 0], "rotation": 270, "texture": "#0"},
				"south": {"uv": [1, 0, 0, 1], "rotation": 180, "texture": "#0"},
				"west": {"uv": [0, 1, 1, 0], "rotation": 90, "texture": "#0"},
				"up": {"uv": [0, 1, 1, 0], "rotation": 180, "texture": "#0"},
				"down": {"uv": [0, 1, 1, 0], "texture": "#0"}
			}
		},
		{
			"name": "octagon",
			"from": [19.48, 13.58197, 4.5],
			"to": [26.52, 16.49803, 12.5],
			"rotation": {"angle": 22.5, "axis": "z", "origin": [23, 15.04, 8.28]},
			"faces": {
				"north": {"uv": [12.039, 6, 5, 8.916], "texture": "#2"},
				"east": {"uv": [0, 1, 1, 0], "rotation": 270, "texture": "#0"},
				"south": {"uv": [1, 0, 0, 1], "rotation": 180, "texture": "#0"},
				"west": {"uv": [0, 1, 1, 0], "rotation": 90, "texture": "#0"},
				"up": {"uv": [0, 1, 1, 0], "rotation": 180, "texture": "#0"},
				"down": {"uv": [0, 1, 1, 0], "texture": "#0"}
			}
		},
		{
			"name": "octagon",
			"from": [19.48, 13.58197, 4.5],
			"to": [26.52, 16.49803, 12.5],
			"rotation": {"angle": -22.5, "axis": "z", "origin": [23, 15.04, 8.28]},
			"faces": {
				"north": {"uv": [12.039, 6, 5, 8.916], "texture": "#2"},
				"east": {"uv": [0, 1, 1, 0], "rotation": 270, "texture": "#0"},
				"south": {"uv": [1, 0, 0, 1], "rotation": 180, "texture": "#0"},
				"west": {"uv": [0, 1, 1, 0], "rotation": 90, "texture": "#0"},
				"up": {"uv": [0, 1, 1, 0], "rotation": 180, "texture": "#0"},
				"down": {"uv": [0, 1, 1, 0], "texture": "#0"}
			}
		},
		{
			"from": [-12, 14, 7.25],
			"to": [-10.5, 15.5, 8.75],
			"rotation": {"angle": 0, "axis": "y", "origin": [-3.75, 24.5, 0.5]},
			"faces": {
				"north": {"uv": [1.5, 0, 3, 1.5], "texture": "#1"},
				"east": {"uv": [1.5, 0, 3, 1.5], "texture": "#1"},
				"south": {"uv": [1.5, 0, 3, 1.5], "texture": "#1"},
				"west": {"uv": [1.5, 0, 3, 1.5], "texture": "#1"},
				"up": {"uv": [0, 1.5, 1.5, 3], "texture": "#1"},
				"down": {"uv": [0, 1.5, 1.5, 3], "texture": "#1"}
			}
		},
		{
			"from": [-3.5, 14, 7.25],
			"to": [-2, 15.5, 8.75],
			"rotation": {"angle": 0, "axis": "y", "origin": [-10.25, 24.5, 0.5]},
			"faces": {
				"north": {"uv": [0, 0, 1.5, 1.5], "texture": "#1"},
				"east": {"uv": [0, 0, 1.5, 1.5], "texture": "#1"},
				"south": {"uv": [0, 0, 1.5, 1.5], "texture": "#1"},
				"west": {"uv": [0, 0, 1.5, 1.5], "texture": "#1"},
				"up": {"uv": [1.5, 1.5, 3, 3], "texture": "#1"},
				"down": {"uv": [1.5, 1.5, 3, 3], "texture": "#1"}
			}
		},
		{
			"from": [-3.17567, 12.06795, 7.49362],
			"to": [-2.17567, 14.06795, 8.49362],
			"rotation": {"angle": 0, "axis": "z", "origin": [-2.67039, 11.59106, 7.96523]},
			"faces": {
				"north": {"uv": [0, 0, 2, 1], "rotation": 90, "texture": "#3"},
				"east": {"uv": [0, 0, 2, 1], "rotation": 90, "texture": "#3"},
				"south": {"uv": [0, 0, 2, 1], "rotation": 270, "texture": "#3"},
				"west": {"uv": [0, 0, 2, 1], "rotation": 90, "texture": "#3"},
				"up": {"uv": [1, 1, 2, 2], "rotation": 90, "texture": "#3"},
				"down": {"uv": [1, 1, 2, 2], "rotation": 90, "texture": "#3"}
			}
		},
		{
			"from": [-4.0887, 10.44741, 7.49805],
			"to": [-3.0887, 12.44741, 8.49805],
			"rotation": {"angle": -22.5, "axis": "z", "origin": [-3.58342, 9.97052, 7.96965]},
			"faces": {
				"north": {"uv": [0, 0, 2, 1], "rotation": 90, "texture": "#3"},
				"east": {"uv": [0, 0, 2, 1], "rotation": 90, "texture": "#3"},
				"south": {"uv": [0, 0, 2, 1], "rotation": 270, "texture": "#3"},
				"west": {"uv": [0, 0, 2, 1], "rotation": 90, "texture": "#3"},
				"up": {"uv": [1, 1, 2, 2], "rotation": 90, "texture": "#3"},
				"down": {"uv": [1, 1, 2, 2], "rotation": 90, "texture": "#3"}
			}
		},
		{
			"from": [-3.86189, 9.03389, 7.50014],
			"to": [-2.86189, 10.03389, 8.50014],
			"rotation": {"angle": 45, "axis": "z", "origin": [-4.33877, 9.52861, 7.97174]},
			"faces": {
				"north": {"uv": [0, 0, 1, 1], "texture": "#3"},
				"east": {"uv": [0, 0, 1, 1], "texture": "#3"},
				"south": {"uv": [0, 0, 1, 1], "texture": "#3"},
				"west": {"uv": [0, 0, 1, 1], "texture": "#3"},
				"up": {"uv": [1, 1, 2, 2], "texture": "#3"},
				"down": {"uv": [1, 1, 2, 2], "texture": "#3"}
			}
		},
		{
			"from": [-7.75, 8.5, 7.25],
			"to": [-6.25, 10, 8.75],
			"rotation": {"angle": 0, "axis": "y", "origin": [0.5, 19, 0.5]},
			"faces": {
				"north": {"uv": [1.5, 0, 3, 1.5], "texture": "#1"},
				"east": {"uv": [1.5, 0, 3, 1.5], "texture": "#1"},
				"south": {"uv": [1.5, 0, 3, 1.5], "texture": "#1"},
				"west": {"uv": [1.5, 0, 3, 1.5], "texture": "#1"},
				"up": {"uv": [0, 1.5, 1.5, 3], "texture": "#1"},
				"down": {"uv": [0, 1.5, 1.5, 3], "texture": "#1"}
			}
		},
		{
			"from": [-8.5, 8.75, 7.5],
			"to": [-5.5, 9.75, 8.5],
			"rotation": {"angle": 0, "axis": "y", "origin": [-0.5, 22.25, 0.5]},
			"faces": {
				"north": {"uv": [3, 0, 6, 1], "texture": "#3"},
				"east": {"uv": [1, 0, 2, 1], "texture": "#3"},
				"south": {"uv": [3, 0, 6, 1], "texture": "#3"},
				"west": {"uv": [1, 0, 2, 1], "texture": "#3"},
				"up": {"uv": [0, 1, 3, 2], "texture": "#3"},
				"down": {"uv": [0, 1, 3, 2], "texture": "#3"}
			}
		},
		{
			"from": [-5.72885, 8.91468, 7.50186],
			"to": [-3.72885, 9.91468, 8.50186],
			"rotation": {"angle": 22.5, "axis": "z", "origin": [-5.20574, 9.40939, 7.97346]},
			"faces": {
				"north": {"uv": [0, 0, 2, 1], "texture": "#3"},
				"east": {"uv": [0, 0, 1, 1], "texture": "#3"},
				"south": {"uv": [0, 0, 2, 1], "texture": "#3"},
				"west": {"uv": [0, 0, 1, 1], "texture": "#3"},
				"up": {"uv": [2, 1, 4, 2], "texture": "#3"},
				"down": {"uv": [2, 1, 4, 2], "texture": "#3"}
			}
		},
		{
			"from": [-10.27115, 8.91468, 7.50186],
			"to": [-8.27115, 9.91468, 8.50186],
			"rotation": {"angle": -22.5, "axis": "z", "origin": [-8.79426, 9.40939, 7.97346]},
			"faces": {
				"north": {"uv": [2, 0, 4, 1], "texture": "#3"},
				"east": {"uv": [1, 0, 2, 1], "texture": "#3"},
				"south": {"uv": [2, 0, 4, 1], "texture": "#3"},
				"west": {"uv": [1, 0, 2, 1], "texture": "#3"},
				"up": {"uv": [0, 1, 2, 2], "texture": "#3"},
				"down": {"uv": [0, 1, 2, 2], "texture": "#3"}
			}
		},
		{
			"from": [-10.9113, 10.44741, 7.49805],
			"to": [-9.9113, 12.44741, 8.49805],
			"rotation": {"angle": 22.5, "axis": "z", "origin": [-10.41658, 9.97052, 7.96965]},
			"faces": {
				"north": {"uv": [0, 1, 2, 2], "rotation": 90, "texture": "#3"},
				"east": {"uv": [0, 1, 2, 2], "rotation": 90, "texture": "#3"},
				"south": {"uv": [0, 1, 2, 2], "rotation": 270, "texture": "#3"},
				"west": {"uv": [0, 1, 2, 2], "rotation": 90, "texture": "#3"},
				"up": {"uv": [1, 0, 2, 1], "rotation": 90, "texture": "#3"},
				"down": {"uv": [1, 0, 2, 1], "rotation": 90, "texture": "#3"}
			}
		},
		{
			"from": [-11.82433, 12.06795, 7.49362],
			"to": [-10.82433, 14.06795, 8.49362],
			"rotation": {"angle": 0, "axis": "z", "origin": [-11.32961, 11.59106, 7.96523]},
			"faces": {
				"north": {"uv": [0, 1, 2, 2], "rotation": 90, "texture": "#3"},
				"east": {"uv": [0, 1, 2, 2], "rotation": 90, "texture": "#3"},
				"south": {"uv": [0, 1, 2, 2], "rotation": 270, "texture": "#3"},
				"west": {"uv": [0, 1, 2, 2], "rotation": 90, "texture": "#3"},
				"up": {"uv": [1, 0, 2, 1], "rotation": 90, "texture": "#3"},
				"down": {"uv": [1, 0, 2, 1], "rotation": 90, "texture": "#3"}
			}
		},
		{
			"from": [-11.13811, 9.03389, 7.50014],
			"to": [-10.13811, 10.03389, 8.50014],
			"rotation": {"angle": -45, "axis": "z", "origin": [-9.66123, 9.52861, 7.97174]},
			"faces": {
				"north": {"uv": [1, 0, 2, 1], "texture": "#3"},
				"east": {"uv": [1, 0, 2, 1], "texture": "#3"},
				"south": {"uv": [1, 0, 2, 1], "texture": "#3"},
				"west": {"uv": [1, 0, 2, 1], "texture": "#3"},
				"up": {"uv": [0, 1, 1, 2], "texture": "#3"},
				"down": {"uv": [0, 1, 1, 2], "texture": "#3"}
			}
		},
		{
			"from": [-9.75, 10.5, 0.5],
			"to": [-4.25, 10.65, 3.75],
			"rotation": {"angle": -45, "axis": "x", "origin": [-7.03021, 10.55703, 2.20185]},
			"faces": {
				"north": {"uv": [5.5, 0, 11, 0.15], "texture": "#0"},
				"east": {"uv": [3.25, 0, 6.5, 0.15], "texture": "#0"},
				"south": {"uv": [5.5, 0, 11, 0.15], "texture": "#0"},
				"west": {"uv": [3.25, 0, 6.5, 0.15], "texture": "#0"},
				"up": {"uv": [0, 3.25, 5.5, 6.5], "texture": "#0"},
				"down": {"uv": [0, 3.25, 5.5, 6.5], "texture": "#0"}
			}
		},
		{
			"from": [-2.63724, 12.32318, 0.5],
			"to": [-2.48724, 17.82318, 3.75],
			"rotation": {"angle": -45, "axis": "y", "origin": [-2.54426, 15.04297, 2.20185]},
			"faces": {
				"north": {"uv": [0, 0.15, 5.5, 0.3], "rotation": 270, "texture": "#0"},
				"east": {"uv": [0, 3.25, 5.5, 6.5], "rotation": 270, "texture": "#0"},
				"south": {"uv": [0, 0.15, 5.5, 0.3], "rotation": 90, "texture": "#0"},
				"west": {"uv": [0, 3.25, 5.5, 6.5], "rotation": 270, "texture": "#0"},
				"up": {"uv": [3.25, 0, 6.5, 0.15], "rotation": 270, "texture": "#0"},
				"down": {"uv": [3.25, 0, 6.5, 0.15], "rotation": 270, "texture": "#0"}
			}
		},
		{
			"from": [-9.75, 19.35, 0.5],
			"to": [-4.25, 19.5, 3.75],
			"rotation": {"angle": 45, "axis": "x", "origin": [-7.03021, 19.44297, 2.20185]},
			"faces": {
				"north": {"uv": [5.5, 0.15, 11, 0.3], "texture": "#0"},
				"east": {"uv": [3.25, 0.15, 6.5, 0.3], "texture": "#0"},
				"south": {"uv": [5.5, 0.15, 11, 0.3], "texture": "#0"},
				"west": {"uv": [3.25, 0.15, 6.5, 0.3], "texture": "#0"},
				"up": {"uv": [0, 6.5, 5.5, 9.75], "texture": "#0"},
				"down": {"uv": [0, 6.5, 5.5, 9.75], "texture": "#0"}
			}
		},
		{
			"from": [-11.48724, 12.32318, 0.5],
			"to": [-11.33724, 17.82318, 3.75],
			"rotation": {"angle": 45, "axis": "y", "origin": [-11.43021, 15.04297, 2.20185]},
			"faces": {
				"north": {"uv": [0, 0.3, 5.5, 0.45], "rotation": 270, "texture": "#0"},
				"east": {"uv": [0, 6.5, 5.5, 9.75], "rotation": 270, "texture": "#0"},
				"south": {"uv": [0, 0.3, 5.5, 0.45], "rotation": 90, "texture": "#0"},
				"west": {"uv": [0, 6.5, 5.5, 9.75], "rotation": 270, "texture": "#0"},
				"up": {"uv": [3.25, 0.15, 6.5, 0.3], "rotation": 270, "texture": "#0"},
				"down": {"uv": [3.25, 0.15, 6.5, 0.3], "rotation": 270, "texture": "#0"}
			}
		},
		{
			"name": "octagon",
			"from": [-8.60479, 17.98193, 3.28126],
			"to": [-5.39521, 18.9505, 5.56274],
			"rotation": {"angle": 22.5, "axis": "z", "origin": [-7, 15.0762, 3.9558]},
			"faces": {
				"north": {"uv": [1, 0, 0, 1], "texture": "#1"},
				"east": {"uv": [0, 1, 1, 0], "rotation": 270, "texture": "#1"},
				"south": {"uv": [1, 0, 0, 1], "rotation": 180, "texture": "#1"},
				"west": {"uv": [0, 1, 1, 0], "rotation": 90, "texture": "#1"},
				"up": {"uv": [0, 1, 1, 0], "rotation": 180, "texture": "#1"},
				"down": {"uv": [0, 1, 1, 0], "texture": "#1"}
			}
		},
		{
			"name": "octagon",
			"from": [-8.60479, 17.98193, 3.28126],
			"to": [-5.39521, 18.9505, 5.56274],
			"rotation": {"angle": -22.5, "axis": "z", "origin": [-7, 15.0762, 3.9558]},
			"faces": {
				"north": {"uv": [1, 0, 0, 1], "texture": "#1"},
				"east": {"uv": [0, 1, 1, 0], "rotation": 270, "texture": "#1"},
				"south": {"uv": [1, 0, 0, 1], "rotation": 180, "texture": "#1"},
				"west": {"uv": [0, 1, 1, 0], "rotation": 90, "texture": "#1"},
				"up": {"uv": [0, 1, 1, 0], "rotation": 180, "texture": "#1"},
				"down": {"uv": [0, 1, 1, 0], "texture": "#1"}
			}
		},
		{
			"name": "octagon",
			"from": [-8.60479, 11.2019, 3.28126],
			"to": [-5.39521, 12.17047, 5.56274],
			"rotation": {"angle": 22.5, "axis": "z", "origin": [-7, 15.0762, 3.9558]},
			"faces": {
				"north": {"uv": [1, 0, 0, 1], "texture": "#1"},
				"east": {"uv": [0, 1, 1, 0], "rotation": 270, "texture": "#1"},
				"south": {"uv": [1, 0, 0, 1], "rotation": 180, "texture": "#1"},
				"west": {"uv": [0, 1, 1, 0], "rotation": 90, "texture": "#1"},
				"up": {"uv": [0, 1, 1, 0], "rotation": 180, "texture": "#1"},
				"down": {"uv": [0, 1, 1, 0], "texture": "#1"}
			}
		},
		{
			"name": "octagon",
			"from": [-8.60479, 11.2019, 3.28126],
			"to": [-5.39521, 12.17047, 5.56274],
			"rotation": {"angle": -22.5, "axis": "z", "origin": [-7, 15.0762, 3.9558]},
			"faces": {
				"north": {"uv": [1, 0, 0, 1], "texture": "#1"},
				"east": {"uv": [0, 1, 1, 0], "rotation": 270, "texture": "#1"},
				"south": {"uv": [1, 0, 0, 1], "rotation": 180, "texture": "#1"},
				"west": {"uv": [0, 1, 1, 0], "rotation": 90, "texture": "#1"},
				"up": {"uv": [0, 1, 1, 0], "rotation": 180, "texture": "#1"},
				"down": {"uv": [0, 1, 1, 0], "texture": "#1"}
			}
		},
		{
			"name": "octagon",
			"from": [-10.8743, 13.47141, 3.28126],
			"to": [-9.90573, 16.68099, 5.56274],
			"rotation": {"angle": 22.5, "axis": "z", "origin": [-7, 15.0762, 3.9558]},
			"faces": {
				"north": {"uv": [1, 0, 0, 1], "texture": "#1"},
				"east": {"uv": [0, 1, 1, 0], "rotation": 270, "texture": "#1"},
				"south": {"uv": [1, 0, 0, 1], "rotation": 180, "texture": "#1"},
				"west": {"uv": [0, 1, 1, 0], "rotation": 90, "texture": "#1"},
				"up": {"uv": [0, 1, 1, 0], "rotation": 180, "texture": "#1"},
				"down": {"uv": [0, 1, 1, 0], "texture": "#1"}
			}
		},
		{
			"name": "octagon",
			"from": [-10.8743, 13.47141, 3.28126],
			"to": [-9.90573, 16.68099, 5.56274],
			"rotation": {"angle": -22.5, "axis": "z", "origin": [-7, 15.0762, 3.9558]},
			"faces": {
				"north": {"uv": [1, 0, 0, 1], "texture": "#1"},
				"east": {"uv": [0, 1, 1, 0], "rotation": 270, "texture": "#1"},
				"south": {"uv": [1, 0, 0, 1], "rotation": 180, "texture": "#1"},
				"west": {"uv": [0, 1, 1, 0], "rotation": 90, "texture": "#1"},
				"up": {"uv": [0, 1, 1, 0], "rotation": 180, "texture": "#1"},
				"down": {"uv": [0, 1, 1, 0], "texture": "#1"}
			}
		},
		{
			"name": "octagon",
			"from": [-4.09427, 13.47141, 3.28126],
			"to": [-3.1257, 16.68099, 5.56274],
			"rotation": {"angle": 22.5, "axis": "z", "origin": [-7, 15.0762, 3.9558]},
			"faces": {
				"north": {"uv": [1, 0, 0, 1], "texture": "#1"},
				"east": {"uv": [0, 1, 1, 0], "rotation": 270, "texture": "#1"},
				"south": {"uv": [1, 0, 0, 1], "rotation": 180, "texture": "#1"},
				"west": {"uv": [0, 1, 1, 0], "rotation": 90, "texture": "#1"},
				"up": {"uv": [0, 1, 1, 0], "rotation": 180, "texture": "#1"},
				"down": {"uv": [0, 1, 1, 0], "texture": "#1"}
			}
		},
		{
			"name": "octagon",
			"from": [-4.09427, 13.47141, 3.28126],
			"to": [-3.1257, 16.68099, 5.56274],
			"rotation": {"angle": -22.5, "axis": "z", "origin": [-7, 15.0762, 3.9558]},
			"faces": {
				"north": {"uv": [1, 0, 0, 1], "texture": "#1"},
				"east": {"uv": [0, 1, 1, 0], "rotation": 270, "texture": "#1"},
				"south": {"uv": [1, 0, 0, 1], "rotation": 180, "texture": "#1"},
				"west": {"uv": [0, 1, 1, 0], "rotation": 90, "texture": "#1"},
				"up": {"uv": [0, 1, 1, 0], "rotation": 180, "texture": "#1"},
				"down": {"uv": [0, 1, 1, 0], "texture": "#1"}
			}
		},
		{
			"name": "octagon",
			"from": [-8.22475, 12.0368, 12.22],
			"to": [-5.77525, 17.9504, 13.78],
			"rotation": {"angle": 22.5, "axis": "z", "origin": [-7, 14.9936, 10.2352]},
			"faces": {
				"north": {"uv": [1, 0, 0, 1], "texture": "#0"},
				"east": {"uv": [0, 1, 1, 0], "rotation": 270, "texture": "#0"},
				"south": {"uv": [1, 0, 0, 1], "rotation": 180, "texture": "#0"},
				"west": {"uv": [0, 1, 1, 0], "rotation": 90, "texture": "#0"},
				"up": {"uv": [0, 1, 1, 0], "rotation": 180, "texture": "#0"},
				"down": {"uv": [0, 1, 1, 0], "texture": "#0"}
			}
		},
		{
			"name": "octagon",
			"from": [-8.22475, 12.0368, 12.22],
			"to": [-5.77525, 17.9504, 13.78],
			"rotation": {"angle": -22.5, "axis": "z", "origin": [-7, 14.9936, 10.2352]},
			"faces": {
				"north": {"uv": [1, 0, 0, 1], "texture": "#0"},
				"east": {"uv": [0, 1, 1, 0], "rotation": 270, "texture": "#0"},
				"south": {"uv": [1, 0, 0, 1], "rotation": 180, "texture": "#0"},
				"west": {"uv": [0, 1, 1, 0], "rotation": 90, "texture": "#0"},
				"up": {"uv": [0, 1, 1, 0], "rotation": 180, "texture": "#0"},
				"down": {"uv": [0, 1, 1, 0], "texture": "#0"}
			}
		},
		{
			"name": "octagon",
			"from": [-9.9568, 13.76885, 12.22],
			"to": [-4.0432, 16.21835, 13.78],
			"rotation": {"angle": 22.5, "axis": "z", "origin": [-7, 14.9936, 10.2352]},
			"faces": {
				"north": {"uv": [1, 0, 0, 1], "texture": "#0"},
				"east": {"uv": [0, 1, 1, 0], "rotation": 270, "texture": "#0"},
				"south": {"uv": [1, 0, 0, 1], "rotation": 180, "texture": "#0"},
				"west": {"uv": [0, 1, 1, 0], "rotation": 90, "texture": "#0"},
				"up": {"uv": [0, 1, 1, 0], "rotation": 180, "texture": "#0"},
				"down": {"uv": [0, 1, 1, 0], "texture": "#0"}
			}
		},
		{
			"name": "octagon",
			"from": [-9.9568, 13.76885, 12.22],
			"to": [-4.0432, 16.21835, 13.78],
			"rotation": {"angle": -22.5, "axis": "z", "origin": [-7, 14.9936, 10.2352]},
			"faces": {
				"north": {"uv": [1, 0, 0, 1], "texture": "#0"},
				"east": {"uv": [0, 1, 1, 0], "rotation": 270, "texture": "#0"},
				"south": {"uv": [1, 0, 0, 1], "rotation": 180, "texture": "#0"},
				"west": {"uv": [0, 1, 1, 0], "rotation": 90, "texture": "#0"},
				"up": {"uv": [0, 1, 1, 0], "rotation": 180, "texture": "#0"},
				"down": {"uv": [0, 1, 1, 0], "texture": "#0"}
			}
		},
		{
			"name": "octagon",
			"from": [-8.45803, 11.52, 4.5],
			"to": [-5.54197, 18.56, 12.5],
			"rotation": {"angle": 22.5, "axis": "z", "origin": [-7, 15.04, 8.28]},
			"faces": {
				"north": {"uv": [8.916, 4, 6, 11.039], "texture": "#2"},
				"east": {"uv": [0, 1, 1, 0], "rotation": 270, "texture": "#0"},
				"south": {"uv": [1, 0, 0, 1], "rotation": 180, "texture": "#0"},
				"west": {"uv": [0, 1, 1, 0], "rotation": 90, "texture": "#0"},
				"up": {"uv": [0, 1, 1, 0], "rotation": 180, "texture": "#0"},
				"down": {"uv": [0, 1, 1, 0], "texture": "#0"}
			}
		},
		{
			"name": "octagon",
			"from": [-8.45803, 11.52, 4.5],
			"to": [-5.54197, 18.56, 12.5],
			"rotation": {"angle": -22.5, "axis": "z", "origin": [-7, 15.04, 8.28]},
			"faces": {
				"north": {"uv": [8.916, 4, 6, 11.039], "texture": "#2"},
				"east": {"uv": [0, 1, 1, 0], "rotation": 270, "texture": "#0"},
				"south": {"uv": [1, 0, 0, 1], "rotation": 180, "texture": "#0"},
				"west": {"uv": [0, 1, 1, 0], "rotation": 90, "texture": "#0"},
				"up": {"uv": [0, 1, 1, 0], "rotation": 180, "texture": "#0"},
				"down": {"uv": [0, 1, 1, 0], "texture": "#0"}
			}
		},
		{
			"name": "octagon",
			"from": [-10.52, 13.58197, 4.5],
			"to": [-3.48, 16.49803, 12.5],
			"rotation": {"angle": 22.5, "axis": "z", "origin": [-7, 15.04, 8.28]},
			"faces": {
				"north": {"uv": [12.039, 6, 5, 8.916], "texture": "#2"},
				"east": {"uv": [0, 1, 1, 0], "rotation": 270, "texture": "#0"},
				"south": {"uv": [1, 0, 0, 1], "rotation": 180, "texture": "#0"},
				"west": {"uv": [0, 1, 1, 0], "rotation": 90, "texture": "#0"},
				"up": {"uv": [0, 1, 1, 0], "rotation": 180, "texture": "#0"},
				"down": {"uv": [0, 1, 1, 0], "texture": "#0"}
			}
		},
		{
			"name": "octagon",
			"from": [-10.52, 13.58197, 4.5],
			"to": [-3.48, 16.49803, 12.5],
			"rotation": {"angle": -22.5, "axis": "z", "origin": [-7, 15.04, 8.28]},
			"faces": {
				"north": {"uv": [12.039, 6, 5, 8.916], "texture": "#2"},
				"east": {"uv": [0, 1, 1, 0], "rotation": 270, "texture": "#0"},
				"south": {"uv": [1, 0, 0, 1], "rotation": 180, "texture": "#0"},
				"west": {"uv": [0, 1, 1, 0], "rotation": 90, "texture": "#0"},
				"up": {"uv": [0, 1, 1, 0], "rotation": 180, "texture": "#0"},
				"down": {"uv": [0, 1, 1, 0], "texture": "#0"}
			}
		}
	],
	"display": {
		"thirdperson_righthand": {
			"rotation": [46, 25, -168.25],
			"translation": [0, 2.5, 0],
			"scale": [0.2168, 0.2168, 0.2168]
		},
		"thirdperson_lefthand": {
			"rotation": [46, 25, -168.25],
			"translation": [0, 2.5, 0],
			"scale": [0.2168, 0.2168, 0.2168]
		},
		"firstperson_righthand": {
			"rotation": [-28.25, 9, -179.25],
			"translation": [1.25, 3.25, 0],
			"scale": [0.20273, 0.20273, 0.20273]
		},
		"firstperson_lefthand": {
			"rotation": [-28.25, 9, -179.25],
			"translation": [1.25, 3.25, 0],
			"scale": [0.20273, 0.20273, 0.20273]
		},
		"ground": {
			"rotation": [-22, 2, 180],
			"translation": [0, 3, 0],
			"scale": [0.5, 0.5, 0.5]
		},
		"gui": {
			"rotation": [43, -147, -165],
			"translation": [0, 1.5, 0],
			"scale": [0.39844, 0.39844, 0.39844]
		},
		"head": {
			"rotation": [-22.5, 0, 180],
			"translation": [0, 13.25, 0],
			"scale": [0.39531, 0.39531, 0.39531]
		},
		"fixed": {
			"rotation": [-68, 0, 0],
			"translation": [0, -6.75, -12],
			"scale": [2, 2, 2]
		}
	},
	"groups": [
		{
			"name": "group",
			"origin": [3.56979, 27.04297, 13.79815],
			"children": [
				{
					"name": "Hanging Rig",
					"origin": [3.67039, 23.59106, 7.96523],
					"children": [0, 1, 2, 3, 4, 5, 6, 7, 8, 9, 10, 11, 12, 13, 14, 15, 16]
				},
				{
					"name": "Flaps",
					"origin": [3.56979, 27.04297, 2.20185],
					"children": [17, 18, 19, 20]
				},
				{
					"name": "octagon",
					"origin": [8, 8, 8],
					"children": [21, 22, 23, 24, 25, 26, 27, 28]
				},
				{
					"name": "octagon",
					"origin": [8, 8, 8],
					"children": [29, 30, 31, 32]
				},
				{
					"name": "octagon",
					"origin": [8, 8, 8],
					"children": [33, 34, 35, 36]
				}
			]
		},
		{
			"name": "group",
			"origin": [3.56979, 27.04297, 13.79815],
			"children": [
				{
					"name": "Hanging Rig",
					"origin": [3.67039, 23.59106, 7.96523],
					"children": [37, 38, 39, 40, 41, 42, 43, 44, 45, 46, 47, 48]
				},
				{
					"name": "Flaps",
					"origin": [3.56979, 27.04297, 2.20185],
					"children": [49, 50, 51, 52]
				},
				{
					"name": "octagon",
					"origin": [8, 8, 8],
					"children": [53, 54, 55, 56, 57, 58, 59, 60]
				},
				{
					"name": "octagon",
					"origin": [8, 8, 8],
					"children": [61, 62, 63, 64]
				},
				{
					"name": "octagon",
					"origin": [8, 8, 8],
					"children": [65, 66, 67, 68]
				}
			]
		},
		{
			"name": "group",
			"origin": [3.56979, 27.04297, 13.79815],
			"children": [
				{
					"name": "Hanging Rig",
					"origin": [3.67039, 23.59106, 7.96523],
					"children": [69, 70, 71, 72, 73, 74, 75, 76, 77, 78, 79, 80]
				},
				{
					"name": "Flaps",
					"origin": [3.56979, 27.04297, 2.20185],
					"children": [81, 82, 83, 84]
				},
				{
					"name": "octagon",
					"origin": [8, 8, 8],
					"children": [85, 86, 87, 88, 89, 90, 91, 92]
				},
				{
					"name": "octagon",
					"origin": [8, 8, 8],
					"children": [93, 94, 95, 96]
				},
				{
					"name": "octagon",
					"origin": [8, 8, 8],
					"children": [97, 98, 99, 100]
				}
			]
		}
	]
}