{
	"credit": "Made with Blockbench",
	"textures": {
		"0": "block/MizunoArchive/fox",
		"particle": "block/MizunoArchive/fox"
	},
	"elements": [
		{
			"from": [6.49718, 12.4, 9.21339],
			"to": [9.49718, 15.1, 11.41339],
			"rotation": {"angle": 0, "axis": "x", "origin": [8.04077, 10.23226, 16.32377]},
			"faces": {
				"north": {"uv": [10.75, 1.25, 11.75, 1.75], "texture": "#0"},
				"east": {"uv": [7.25, 1.25, 8.5, 2.5], "rotation": 90, "texture": "#0"},
				"south": {"uv": [0, 0, 3, 2.7], "texture": "#missing"},
				"west": {"uv": [9.5, 1.75, 10.75, 2.25], "rotation": 270, "texture": "#0"},
				"up": {"uv": [10.75, 1.25, 11.75, 1.75], "texture": "#0"},
				"down": {"uv": [10.75, 1.25, 11.75, 1.75], "texture": "#0"}
			}
		},
		{
			"from": [6.24718, 9.88897, 9.82418],
			"to": [9.74718, 13.08897, 11.82418],
			"rotation": {"angle": 22.5, "axis": "x", "origin": [8.04077, 10.23226, 16.32377]},
			"faces": {
				"north": {"uv": [10.75, 1.25, 11.75, 1.75], "texture": "#0"},
				"east": {"uv": [7.25, 1.25, 8.5, 2.5], "rotation": 90, "texture": "#0"},
				"south": {"uv": [0, 0, 3.5, 3.2], "texture": "#missing"},
				"west": {"uv": [9.5, 1.75, 10.75, 2.25], "rotation": 270, "texture": "#0"},
				"up": {"uv": [10.75, 1.25, 11.75, 1.75], "texture": "#0"},
				"down": {"uv": [10.75, 1.25, 11.75, 1.75], "texture": "#0"}
			}
		},
		{
			"from": [5.99718, 9.48897, 11.82418],
			"to": [9.99718, 13.48897, 14.82418],
			"rotation": {"angle": 22.5, "axis": "x", "origin": [8.04077, 10.23226, 16.32377]},
			"faces": {
				"north": {"uv": [10.75, 1.25, 11.75, 1.75], "texture": "#0"},
				"east": {"uv": [7.25, 1.25, 8.5, 2.5], "rotation": 90, "texture": "#0"},
				"south": {"uv": [10.75, 1.25, 11.75, 1.75], "texture": "#0"},
				"west": {"uv": [9.5, 1.75, 10.75, 2.25], "rotation": 270, "texture": "#0"},
				"up": {"uv": [10.75, 1.25, 11.75, 1.75], "texture": "#0"},
				"down": {"uv": [10.75, 1.25, 11.75, 1.75], "texture": "#0"}
			}
		},
		{
			"from": [6.00239, 7.86327, 14.75503],
			"to": [10.00239, 12.86327, 18.75503],
			"rotation": {"angle": -45, "axis": "x", "origin": [8.04077, 10.23226, 16.32377]},
			"faces": {
				"north": {"uv": [8.5, 1.25, 9.5, 2.5], "rotation": 90, "texture": "#0"},
				"east": {"uv": [7.25, 1.25, 8.5, 2.5], "texture": "#0"},
				"south": {"uv": [10.75, 1.25, 11.75, 2.5], "texture": "#0"},
				"west": {"uv": [9.5, 1.25, 10.75, 2.5], "texture": "#0"},
				"up": {"uv": [7.25, 1.25, 8.25, 2.5], "rotation": 90, "texture": "#0"},
				"down": {"uv": [7.25, 1.25, 8.25, 2.5], "rotation": 90, "texture": "#0"}
			}
		},
		{
			"from": [6.40239, 5.86327, 15.15503],
			"to": [9.60239, 7.86327, 18.35503],
			"rotation": {"angle": -45, "axis": "x", "origin": [8.04077, 10.23226, 16.32377]},
			"faces": {
				"north": {"uv": [8.5, 2.5, 9.5, 3], "texture": "#0"},
				"east": {"uv": [10.75, 2.5, 11.75, 3], "texture": "#0"},
				"south": {"uv": [10.75, 2.5, 11.75, 3], "texture": "#0"},
				"west": {"uv": [10.75, 2.5, 11.75, 3], "texture": "#0"},
				"up": {"uv": [0, 0, 3.2, 3.2], "rotation": 180, "texture": "#missing"},
				"down": {"uv": [9.5, 0, 10.5, 1], "texture": "#0"}
			}
		},
		{
			"from": [6.75184, 7.82319, 19.9516],
			"to": [9.25184, 10.32319, 21.9516],
			"rotation": {"angle": 22.5, "axis": "x", "origin": [8.04077, 10.23226, 16.32377]},
			"faces": {
				"north": {"uv": [0, 0, 2.5, 2.5], "texture": "#missing"},
				"east": {"uv": [9.75, 3, 10.75, 3.5], "rotation": 270, "texture": "#0"},
				"south": {"uv": [9.5, 0, 10.5, 1], "texture": "#0"},
				"west": {"uv": [7.25, 3, 8.25, 3.5], "rotation": 90, "texture": "#0"},
				"up": {"uv": [10.75, 3, 11.75, 3.5], "texture": "#0"},
				"down": {"uv": [7.25, 3, 8.25, 3.5], "rotation": 90, "texture": "#0"}
			}
		},
		{
			"from": [7.25184, 6.11323, 20.64198],
			"to": [8.75184, 7.61323, 21.79198],
			"rotation": {"angle": 0, "axis": "x", "origin": [8.02725, 6.84081, 21.42407]},
			"faces": {
				"north": {"uv": [9.5, 0, 10.5, 1], "texture": "#0"},
				"east": {"uv": [9.5, 0, 10.5, 1], "texture": "#0"},
				"south": {"uv": [9.5, 0, 10.5, 1], "texture": "#0"},
				"west": {"uv": [9.5, 0, 10.5, 1], "texture": "#0"},
				"up": {"uv": [9.5, 0, 10.5, 1], "texture": "#0"},
				"down": {"uv": [9.5, 0, 10.5, 1], "texture": "#0"}
			}
		}
	],
	"display": {
		"thirdperson_righthand": {
			"rotation": [79.25, -102, 0],
			"translation": [4, 0, 0],
			"scale": [0.57617, 0.57617, 0.57617]
		},
		"thirdperson_lefthand": {
			"rotation": [90, 0, 0],
			"translation": [-5.25, -5, -2.5]
		},
		"firstperson_righthand": {
			"rotation": [0, -72.75, 0],
			"translation": [4.5, 2.5, 0],
			"scale": [0.45703, 0.45703, 0.45703]
		},
		"firstperson_lefthand": {
			"rotation": [0, -72.75, 0],
			"translation": [4.5, -2.75, 0],
			"scale": [0.001, 0.001, 0.001]
		},
		"ground": {
			"translation": [0, 0, -6.25]
		},
		"gui": {
			"rotation": [10, -64, 6],
			"translation": [7, -2.25, 0],
			"scale": [1.0957, 1.0957, 1.0957]
		},
		"head": {
			"rotation": [14.5, 0, 0],
			"translation": [0, -30.5, -1.75],
			"scale": [1.6, 1.6, 1.6]
		},
		"fixed": {
			"rotation": [0, 180, 0],
			"translation": [0, -12, 3.5],
			"scale": [2, 2, 2]
		}
	},
	"groups": [
		{
			"name": "Tail",
			"origin": [1.05503, -4.95939, 24.4866],
			"children": [0, 1, 2, 3, 4, 5, 6]
		}
	]
}