{
	"credit": "Made with Blockbench",
	"textures": {
		"0": "block/MizunoArchive/Cats",
		"particle": "block/MizunoArchive/Cats"
	},
	"elements": [
		{
			"from": [7.125, 13.74812, 13.51348],
			"to": [8.875, 15.74812, 18.51348],
			"rotation": {"angle": -22.5, "axis": "x", "origin": [8, 14.74812, 14.51348]},
			"faces": {
				"north": {"uv": [8.75, 4.5, 9.748, 6.998], "rotation": 270, "texture": "#0"},
				"east": {"uv": [8.75, 4.5, 9.748, 6.998], "rotation": 270, "texture": "#0"},
				"south": {"uv": [8.75, 4.5, 9.748, 6.998], "rotation": 270, "texture": "#0"},
				"west": {"uv": [8.75, 4.5, 9.748, 6.998], "rotation": 270, "texture": "#0"},
				"up": {"uv": [8.75, 4.5, 9.748, 6.998], "rotation": 270, "texture": "#0"},
				"down": {"uv": [8.75, 4.5, 9.748, 6.998], "rotation": 270, "texture": "#0"}
			}
		},
		{
			"from": [7.1, 4, 7],
			"to": [8.9, 5.8, 9],
			"rotation": {"angle": 0, "axis": "y", "origin": [8, 12, 8]},
			"faces": {
				"north": {"uv": [8.75, 4.5, 9.748, 6.998], "rotation": 90, "texture": "#0"},
				"east": {"uv": [8.75, 4.5, 9.748, 6.998], "rotation": 90, "texture": "#0"},
				"south": {"uv": [8.75, 4.5, 9.748, 6.998], "rotation": 90, "texture": "#0"},
				"west": {"uv": [8.75, 4.5, 9.748, 6.998], "rotation": 90, "texture": "#0"},
				"up": {"uv": [8.75, 4.5, 9.748, 6.998], "rotation": 90, "texture": "#0"},
				"down": {"uv": [8.75, 4.5, 9.748, 6.998], "rotation": 90, "texture": "#0"}
			}
		},
		{
			"from": [7.1, 8.02734, 11.02734],
			"to": [8.9, 12.02734, 13.02734],
			"rotation": {"angle": 0, "axis": "y", "origin": [8, 5.02734, 19.02734]},
			"faces": {
				"north": {"uv": [8.75, 4.5, 9.748, 6.998], "rotation": 180, "texture": "#0"},
				"east": {"uv": [8.75, 4.5, 9.748, 6.998], "rotation": 180, "texture": "#0"},
				"south": {"uv": [8.75, 4.5, 9.748, 6.998], "rotation": 180, "texture": "#0"},
				"west": {"uv": [8.75, 4.5, 9.748, 6.998], "rotation": 180, "texture": "#0"},
				"up": {"uv": [8.75, 4.5, 9.748, 6.998], "rotation": 180, "texture": "#0"},
				"down": {"uv": [8.75, 4.5, 9.748, 6.998], "rotation": 180, "texture": "#0"}
			}
		},
		{
			"from": [7.125, 4.30656, 8.5412],
			"to": [8.875, 6.20656, 10.5412],
			"rotation": {"angle": -22.5, "axis": "x", "origin": [8, 5.30656, 9.5412]},
			"faces": {
				"north": {"uv": [8.75, 4.5, 9.748, 6.998], "rotation": 90, "texture": "#0"},
				"east": {"uv": [8.75, 4.5, 9.748, 6.998], "rotation": 90, "texture": "#0"},
				"south": {"uv": [8.75, 4.5, 9.748, 6.998], "rotation": 90, "texture": "#0"},
				"west": {"uv": [8.75, 4.5, 9.748, 6.998], "rotation": 90, "texture": "#0"},
				"up": {"uv": [8.75, 4.5, 9.748, 6.998], "rotation": 90, "texture": "#0"},
				"down": {"uv": [8.75, 4.5, 9.748, 6.998], "rotation": 90, "texture": "#0"}
			}
		},
		{
			"from": [7.12492, 6.4709, 3.20278],
			"to": [8.87492, 8.6709, 4.90278],
			"rotation": {"angle": -22.5, "axis": "x", "origin": [7.99992, 7.6709, 4.20278]},
			"faces": {
				"north": {"uv": [8.75, 4.5, 9.748, 6.998], "rotation": 180, "texture": "#0"},
				"east": {"uv": [8.75, 4.5, 9.748, 6.998], "rotation": 180, "texture": "#0"},
				"south": {"uv": [8.75, 4.5, 9.748, 6.998], "rotation": 180, "texture": "#0"},
				"west": {"uv": [8.75, 4.5, 9.748, 6.998], "rotation": 180, "texture": "#0"},
				"up": {"uv": [8.75, 4.5, 9.748, 6.998], "rotation": 180, "texture": "#0"},
				"down": {"uv": [8.75, 4.5, 9.748, 6.998], "rotation": 180, "texture": "#0"}
			}
		},
		{
			"from": [7.09981, 8.21204, 2.89639],
			"to": [8.89981, 9.66204, 4.49639],
			"rotation": {"angle": 0, "axis": "x", "origin": [7.99981, 9.41204, 3.89639]},
			"faces": {
				"north": {"uv": [8.75, 4.5, 9.748, 6.998], "rotation": 180, "texture": "#0"},
				"east": {"uv": [8.75, 4.5, 9.748, 6.998], "rotation": 180, "texture": "#0"},
				"south": {"uv": [8.75, 4.5, 9.748, 6.998], "rotation": 180, "texture": "#0"},
				"west": {"uv": [8.75, 4.5, 9.748, 6.998], "rotation": 180, "texture": "#0"},
				"up": {"uv": [8.75, 4.5, 9.748, 6.998], "rotation": 180, "texture": "#0"},
				"down": {"uv": [8.75, 4.5, 9.748, 6.998], "rotation": 180, "texture": "#0"}
			}
		},
		{
			"from": [7.1233, 9.29911, 3.11759],
			"to": [8.8733, 10.74911, 4.71759],
			"rotation": {"angle": 22.5, "axis": "x", "origin": [7.98915, 10.03162, 3.91924]},
			"faces": {
				"north": {"uv": [8.75, 4.5, 9.748, 6.998], "rotation": 180, "texture": "#0"},
				"east": {"uv": [8.75, 4.5, 9.748, 6.998], "rotation": 180, "texture": "#0"},
				"south": {"uv": [8.75, 4.5, 9.748, 6.998], "rotation": 180, "texture": "#0"},
				"west": {"uv": [8.75, 4.5, 9.748, 6.998], "rotation": 180, "texture": "#0"},
				"up": {"uv": [8.75, 4.5, 9.748, 6.998], "rotation": 180, "texture": "#0"},
				"down": {"uv": [8.75, 4.5, 9.748, 6.998], "rotation": 180, "texture": "#0"}
			}
		},
		{
			"from": [7.2233, 10.59911, 3.24259],
			"to": [8.7733, 11.14911, 4.59259],
			"rotation": {"angle": 22.5, "axis": "x", "origin": [7.98915, 10.03162, 3.91924]},
			"faces": {
				"north": {"uv": [8.75, 4.5, 9.748, 6.998], "texture": "#0"},
				"east": {"uv": [8.75, 4.5, 9.748, 6.998], "texture": "#0"},
				"south": {"uv": [8.75, 4.5, 9.748, 6.998], "texture": "#0"},
				"west": {"uv": [8.75, 4.5, 9.748, 6.998], "texture": "#0"},
				"up": {"uv": [8.75, 4.5, 9.748, 6.998], "texture": "#0"},
				"down": {"uv": [8.75, 4.5, 9.748, 6.998], "texture": "#0"}
			}
		},
		{
			"from": [7.34834, 11.15295, 3.34837],
			"to": [8.64834, 11.50295, 4.44837],
			"rotation": {"angle": 22.5, "axis": "x", "origin": [7.9892, 9.98546, 3.90003]},
			"faces": {
				"north": {"uv": [8.75, 4.5, 9.748, 6.998], "texture": "#0"},
				"east": {"uv": [8.75, 4.5, 9.748, 6.998], "texture": "#0"},
				"south": {"uv": [8.75, 4.5, 9.748, 6.998], "texture": "#0"},
				"west": {"uv": [8.75, 4.5, 9.748, 6.998], "texture": "#0"},
				"up": {"uv": [8.75, 4.5, 9.748, 6.998], "texture": "#0"},
				"down": {"uv": [8.75, 4.5, 9.748, 6.998], "texture": "#0"}
			}
		},
		{
			"from": [7.125, 11.56854, 11.3339],
			"to": [8.875, 13.56854, 13.3339],
			"rotation": {"angle": 22.5, "axis": "x", "origin": [8, 12.56854, 12.3339]},
			"faces": {
				"north": {"uv": [8.75, 4.5, 9.748, 6.998], "rotation": 180, "texture": "#0"},
				"east": {"uv": [8.75, 4.5, 9.748, 6.998], "rotation": 180, "texture": "#0"},
				"south": {"uv": [8.75, 4.5, 9.748, 6.998], "rotation": 180, "texture": "#0"},
				"west": {"uv": [8.75, 4.5, 9.748, 6.998], "rotation": 180, "texture": "#0"},
				"up": {"uv": [8.75, 4.5, 9.748, 6.998], "rotation": 180, "texture": "#0"},
				"down": {"uv": [8.75, 4.5, 9.748, 6.998], "rotation": 180, "texture": "#0"}
			}
		},
		{
			"from": [7.1, 5.17958, 9.84776],
			"to": [8.9, 7.07958, 11.84776],
			"rotation": {"angle": -45, "axis": "x", "origin": [8, 6.17958, 10.84776]},
			"faces": {
				"north": {"uv": [8.75, 4.5, 9.748, 6.998], "rotation": 90, "texture": "#0"},
				"east": {"uv": [8.75, 4.5, 9.748, 6.998], "rotation": 90, "texture": "#0"},
				"south": {"uv": [8.75, 4.5, 9.748, 6.998], "rotation": 90, "texture": "#0"},
				"west": {"uv": [8.75, 4.5, 9.748, 6.998], "rotation": 90, "texture": "#0"},
				"up": {"uv": [8.75, 4.5, 9.748, 6.998], "rotation": 90, "texture": "#0"},
				"down": {"uv": [8.75, 4.5, 9.748, 6.998], "rotation": 90, "texture": "#0"}
			}
		},
		{
			"from": [7.1, 5.17958, 4.15224],
			"to": [8.9, 7.17958, 5.85224],
			"rotation": {"angle": -45, "axis": "x", "origin": [8, 6.17958, 5.15224]},
			"faces": {
				"north": {"uv": [8.75, 4.5, 9.748, 6.998], "rotation": 180, "texture": "#0"},
				"east": {"uv": [8.75, 4.5, 9.748, 6.998], "rotation": 180, "texture": "#0"},
				"south": {"uv": [8.75, 4.5, 9.748, 6.998], "rotation": 180, "texture": "#0"},
				"west": {"uv": [8.75, 4.5, 9.748, 6.998], "rotation": 180, "texture": "#0"},
				"up": {"uv": [8.75, 4.5, 9.748, 6.998], "rotation": 180, "texture": "#0"},
				"down": {"uv": [8.75, 4.5, 9.748, 6.998], "rotation": 180, "texture": "#0"}
			}
		},
		{
			"from": [7.1, 12.8751, 12.20692],
			"to": [8.9, 14.8751, 14.20692],
			"rotation": {"angle": 45, "axis": "x", "origin": [8, 13.8751, 13.20692]},
			"faces": {
				"north": {"uv": [8.75, 4.5, 9.748, 6.998], "rotation": 180, "texture": "#0"},
				"east": {"uv": [8.75, 4.5, 9.748, 6.998], "rotation": 180, "texture": "#0"},
				"south": {"uv": [8.75, 4.5, 9.748, 6.998], "rotation": 180, "texture": "#0"},
				"west": {"uv": [8.75, 4.5, 9.748, 6.998], "rotation": 180, "texture": "#0"},
				"up": {"uv": [8.75, 4.5, 9.748, 6.998], "rotation": 180, "texture": "#0"},
				"down": {"uv": [8.75, 4.5, 9.748, 6.998], "rotation": 180, "texture": "#0"}
			}
		},
		{
			"from": [7.125, 6.48614, 10.72078],
			"to": [8.875, 8.48614, 12.72078],
			"rotation": {"angle": 22.5, "axis": "x", "origin": [8, 7.48614, 11.72078]},
			"faces": {
				"north": {"uv": [8.75, 4.5, 9.748, 6.998], "rotation": 180, "texture": "#0"},
				"east": {"uv": [8.75, 4.5, 9.748, 6.998], "rotation": 180, "texture": "#0"},
				"south": {"uv": [8.75, 4.5, 9.748, 6.998], "rotation": 180, "texture": "#0"},
				"west": {"uv": [8.75, 4.5, 9.748, 6.998], "rotation": 180, "texture": "#0"},
				"up": {"uv": [8.75, 4.5, 9.748, 6.998], "rotation": 180, "texture": "#0"},
				"down": {"uv": [8.75, 4.5, 9.748, 6.998], "rotation": 180, "texture": "#0"}
			}
		},
		{
			"from": [7.125, 4.30656, 5.4588],
			"to": [8.875, 6.10656, 7.4588],
			"rotation": {"angle": 22.5, "axis": "x", "origin": [8, 5.30656, 6.4588]},
			"faces": {
				"north": {"uv": [8.75, 4.5, 9.748, 6.998], "rotation": 90, "texture": "#0"},
				"east": {"uv": [8.75, 4.5, 9.748, 6.998], "rotation": 90, "texture": "#0"},
				"south": {"uv": [8.75, 4.5, 9.748, 6.998], "rotation": 90, "texture": "#0"},
				"west": {"uv": [8.75, 4.5, 9.748, 6.998], "rotation": 90, "texture": "#0"},
				"up": {"uv": [8.75, 4.5, 9.748, 6.998], "rotation": 90, "texture": "#0"},
				"down": {"uv": [8.75, 4.5, 9.748, 6.998], "rotation": 90, "texture": "#0"}
			}
		}
	],
	"display": {
		"thirdperson_righthand": {
			"rotation": [70, 74, 0],
			"translation": [-3.75, 0, 0],
			"scale": [0.72656, 0.72656, 0.72656]
		},
		"thirdperson_lefthand": {
			"rotation": [67.25, -180, 0],
			"translation": [-5.75, -15.25, 0],
			"scale": [0.82422, 0.82422, 0.82422]
		},
		"firstperson_righthand": {
			"rotation": [0, 42.25, 0],
			"translation": [-0.75, 4, 0],
			"scale": [0.54688, 0.54688, 0.54688]
		},
		"firstperson_lefthand": {
			"translation": [4.5, -1.25, 0],
			"scale": [0.001, 0.001, 0.001]
		},
		"gui": {
			"rotation": [30, 225, 0],
			"translation": [1, -2.75, 0],
			"scale": [0.82227, 0.82227, 0.82227]
		},
		"head": {
			"rotation": [0, 180, 0],
			"translation": [0, -34, 13.5],
			"scale": [1.36328, 1.36328, 1.36328]
		},
		"fixed": {
			"translation": [0, -15, -18],
			"scale": [2, 2, 2]
		}
	},
	"groups": [
		{
			"name": "Tail",
			"origin": [7.98915, 10.03162, 3.91924],
			"children": [0, 1, 2, 3, 4, 5, 6, 7, 8, 9, 10, 11, 12, 13, 14]
		}
	]
}