{
	"credit": "Made with Blockbench",
	"textures": {
		"0": "block/MizunoArchive/stone_bricks_stair_1",
		"1": "block/MizunoArchive/double_slab_stonebrick",
		"2": "block/MizunoArchive/chiseled_stone_bricks_side",
		"particle": "block/MizunoArchive/stone_bricks_stair_1"
	},
	"elements": [
		{
			"from": [2.1454, 0.0518, 3.5206],
			"to": [13.8546, 1.2602, 12.4794],
			"rotation": {"angle": 0, "axis": "y", "origin": [8, 9.719, 8]},
			"faces": {
				"north": {"uv": [0, 7, 16, 9], "rotation": 180, "texture": "#1"},
				"east": {"uv": [2, 7, 8, 9], "rotation": 180, "texture": "#1"},
				"south": {"uv": [0, 7, 16, 9], "rotation": 180, "texture": "#1"},
				"west": {"uv": [2, 7, 8, 9], "rotation": 180, "texture": "#1"},
				"up": {"uv": [1, 1, 15, 9], "texture": "#0"},
				"down": {"uv": [1, 1, 15, 9], "texture": "#0"}
			}
		},
		{
			"from": [3.0517, 1.2602, 4.4269],
			"to": [12.9483, 2.4686, 11.5731],
			"rotation": {"angle": 0, "axis": "y", "origin": [8, 9.719, 8]},
			"faces": {
				"north": {"uv": [0, 7, 16, 9], "rotation": 180, "texture": "#1"},
				"east": {"uv": [2, 7, 8, 9], "rotation": 180, "texture": "#1"},
				"south": {"uv": [0, 7, 16, 9], "rotation": 180, "texture": "#1"},
				"west": {"uv": [2, 7, 8, 9], "rotation": 180, "texture": "#1"},
				"up": {"uv": [1, 1, 13, 7], "texture": "#0"},
				"down": {"uv": [0, 0, 12, 6], "texture": "#1"}
			}
		},
		{
			"from": [5.99403, 2.4686, 5.56329],
			"to": [10.01678, 15.11058, 10.3771],
			"rotation": {"angle": 0, "axis": "y", "origin": [8, 9.719, 8]},
			"faces": {
				"north": {"uv": [0, 4, 16, 12], "rotation": 90, "texture": "#1"},
				"east": {"uv": [1, 1, 5.81381, 9.94198], "texture": "#0"},
				"south": {"uv": [0, 4, 12, 12], "rotation": 90, "texture": "#1"},
				"west": {"uv": [1, 1, 5.81381, 9.94198], "texture": "#0"},
				"up": {"uv": [1, 1, 5.02275, 5.81381], "texture": "#0"},
				"down": {"uv": [1, 1, 5.02275, 5.81381], "texture": "#0"}
			}
		},
		{
			"from": [7.30961, 4.42421, 5.63727],
			"to": [8.78931, 8.07225, 10.35108],
			"rotation": {"angle": -22.5, "axis": "z", "origin": [10.53964, 11.67461, 7.99898]},
			"faces": {
				"north": {"uv": [1, 1, 2.4797, 4.64803], "texture": "#0"},
				"east": {"uv": [1, 1, 5.81381, 4.64803], "texture": "#0"},
				"south": {"uv": [1, 1, 2.4797, 4.64803], "texture": "#0"},
				"west": {"uv": [1, 1, 5.81381, 4.64803], "texture": "#0"},
				"up": {"uv": [1, 1, 2.4797, 5.81381], "texture": "#0"},
				"down": {"uv": [1, 1, 2.4797, 5.81381], "texture": "#0"}
			}
		},
		{
			"from": [4.78412, 2.4686, 5.63829],
			"to": [5.99403, 6.20778, 10.35223],
			"rotation": {"angle": 0, "axis": "z", "origin": [8.01415, 9.81015, 8.00013]},
			"faces": {
				"north": {"uv": [1, 1, 2.4797, 4.64803], "texture": "#0"},
				"east": {"uv": [1, 1, 5.81381, 4.64803], "texture": "#0"},
				"south": {"uv": [1, 1, 2.4797, 4.64803], "texture": "#0"},
				"west": {"uv": [1, 1, 5.81381, 4.64803], "texture": "#0"},
				"up": {"uv": [1, 1, 2.4797, 5.81381], "texture": "#0"},
				"down": {"uv": [1, 1, 2.4797, 5.81381], "texture": "#0"}
			}
		},
		{
			"from": [10.00597, 2.4686, 5.63829],
			"to": [11.21588, 6.20778, 10.35223],
			"rotation": {"angle": 0, "axis": "z", "origin": [7.98585, 9.81015, 8.00013]},
			"faces": {
				"north": {"uv": [2.4797, 1, 1, 4.64803], "texture": "#0"},
				"east": {"uv": [5.81381, 1, 1, 4.64803], "texture": "#0"},
				"south": {"uv": [2.4797, 1, 1, 4.64803], "texture": "#0"},
				"west": {"uv": [5.81381, 1, 1, 4.64803], "texture": "#0"},
				"up": {"uv": [2.4797, 1, 1, 5.81381], "texture": "#0"},
				"down": {"uv": [2.4797, 1, 1, 5.81381], "texture": "#0"}
			}
		},
		{
			"from": [7.21103, 4.42421, 5.63727],
			"to": [8.71003, 8.06397, 10.35108],
			"rotation": {"angle": 22.5, "axis": "z", "origin": [5.46036, 11.67461, 7.99898]},
			"faces": {
				"north": {"uv": [1, 1, 2.49901, 4.63976], "texture": "#0"},
				"east": {"uv": [1, 1, 5.81381, 4.63976], "texture": "#0"},
				"south": {"uv": [1, 1, 2.49901, 4.63976], "texture": "#0"},
				"west": {"uv": [1, 1, 5.81381, 4.63976], "texture": "#0"},
				"up": {"uv": [1, 1, 2.49901, 5.81381], "texture": "#0"},
				"down": {"uv": [1, 1, 2.49901, 5.81381], "texture": "#0"}
			}
		},
		{
			"from": [5.98615, 24.79895, 5.60955],
			"to": [9.99994, 30.3, 10.39582],
			"rotation": {"angle": 0, "axis": "y", "origin": [8, 9.719, 8]},
			"faces": {
				"north": {"uv": [0, 4, 12, 12], "rotation": 90, "texture": "#1"},
				"east": {"uv": [1, 1, 5.78627, 6.50105], "texture": "#0"},
				"south": {"uv": [0, 4, 12, 12], "rotation": 90, "texture": "#1"},
				"west": {"uv": [1, 1, 5.78627, 6.50105], "texture": "#0"},
				"up": {"uv": [0, 4, 12, 12], "rotation": 90, "texture": "#1"},
				"down": {"uv": [1, 1, 5.01379, 5.78627], "texture": "#0"}
			}
		},
		{
			"from": [-1.40283, 17.95222, 5.60955],
			"to": [3.15239, 21.96519, 10.4168],
			"rotation": {"angle": 0, "axis": "z", "origin": [7.96294, 28.43424, 8.03713]},
			"faces": {
				"north": {"uv": [0, 4, 12, 12], "texture": "#1"},
				"east": {"uv": [1, 1, 5.01298, 5.80725], "rotation": 270, "texture": "#0"},
				"south": {"uv": [0, 4, 12, 12], "texture": "#1"},
				"west": {"uv": [0, 4, 12, 12], "texture": "#1"},
				"up": {"uv": [1, 1, 5.80725, 5.55522], "rotation": 270, "texture": "#0"},
				"down": {"uv": [1, 1, 5.80725, 5.55522], "rotation": 270, "texture": "#0"}
			}
		},
		{
			"from": [12.854, 17.9478, 5.60955],
			"to": [17.42857, 21.96424, 10.37018],
			"rotation": {"angle": 0, "axis": "z", "origin": [7.96294, 28.43424, 8.03713]},
			"faces": {
				"north": {"uv": [0, 4, 12, 12], "texture": "#1"},
				"east": {"uv": [0, 4, 12, 12], "texture": "#1"},
				"south": {"uv": [0, 4, 12, 12], "texture": "#1"},
				"west": {"uv": [1, 1, 5.01644, 5.76063], "rotation": 270, "texture": "#0"},
				"up": {"uv": [1, 1, 5.76063, 5.57457], "rotation": 270, "texture": "#0"},
				"down": {"uv": [1, 1, 5.76063, 5.57457], "rotation": 270, "texture": "#0"}
			}
		},
		{
			"from": [3.19628, 16.27158, 5.63455],
			"to": [7.21803, 19.07669, 10.34518],
			"rotation": {"angle": -45, "axis": "z", "origin": [5.20088, 17.17011, 8.01785]},
			"faces": {
				"north": {"uv": [2, 3, 14, 13], "texture": "#2"},
				"east": {"uv": [1, 1, 3.80511, 5.76063], "rotation": 270, "texture": "#0"},
				"south": {"uv": [2, 3, 14, 13], "texture": "#2"},
				"west": {"uv": [1, 1, 3.80511, 5.76063], "rotation": 270, "texture": "#0"},
				"up": {"uv": [1, 1, 5.76063, 5.02175], "rotation": 270, "texture": "#0"},
				"down": {"uv": [1, 1, 5.76063, 5.02175], "rotation": 270, "texture": "#0"}
			}
		},
		{
			"from": [8.7849, 20.83977, 5.63455],
			"to": [12.80603, 23.64426, 10.34518],
			"rotation": {"angle": -45, "axis": "z", "origin": [10.80205, 22.74634, 8.0572]},
			"faces": {
				"north": {"uv": [2, 3, 14, 13], "texture": "#2"},
				"east": {"uv": [1, 1, 3.80449, 5.76063], "rotation": 270, "texture": "#0"},
				"south": {"uv": [2, 3, 14, 13], "texture": "#2"},
				"west": {"uv": [1, 1, 3.80449, 5.76063], "rotation": 270, "texture": "#0"},
				"up": {"uv": [1, 1, 5.76063, 5.02114], "rotation": 270, "texture": "#0"},
				"down": {"uv": [1, 1, 5.76063, 5.02114], "rotation": 270, "texture": "#0"}
			}
		},
		{
			"from": [3.15621, 20.75524, 5.63455],
			"to": [5.95055, 24.76891, 10.34518],
			"rotation": {"angle": -45, "axis": "z", "origin": [4.6179, 21.37222, 8.03835]},
			"faces": {
				"north": {"uv": [2, 3, 14, 13], "texture": "#2"},
				"east": {"uv": [1, 1, 5.76063, 5.01366], "texture": "#0"},
				"south": {"uv": [2, 3, 14, 13], "texture": "#2"},
				"west": {"uv": [1, 1, 5.76063, 5.01366], "texture": "#0"},
				"up": {"uv": [1, 1, 3.79434, 5.76063], "texture": "#0"},
				"down": {"uv": [1, 1, 3.79434, 5.76063], "texture": "#0"}
			}
		},
		{
			"from": [10.05237, 15.14877, 5.63455],
			"to": [12.84549, 19.16121, 10.34518],
			"rotation": {"angle": -45, "axis": "z", "origin": [11.38503, 18.54423, 8.0777]},
			"faces": {
				"north": {"uv": [2, 3, 14, 13], "texture": "#2"},
				"east": {"uv": [1, 1, 5.76063, 5.01244], "texture": "#0"},
				"south": {"uv": [2, 3, 14, 13], "texture": "#2"},
				"west": {"uv": [1, 1, 5.76063, 5.01244], "texture": "#0"},
				"up": {"uv": [1, 1, 3.79312, 5.76063], "texture": "#0"},
				"down": {"uv": [1, 1, 3.79312, 5.76063], "texture": "#0"}
			}
		},
		{
			"from": [5.99403, 15.11058, 5.60955],
			"to": [10.01678, 17.91464, 10.37018],
			"rotation": {"angle": 0, "axis": "z", "origin": [7.99962, 16.00807, 8.01094]},
			"faces": {
				"north": {"uv": [2, 3, 14, 13], "texture": "#2"},
				"east": {"uv": [1, 1, 3.80406, 5.76063], "rotation": 270, "texture": "#0"},
				"south": {"uv": [2, 3, 14, 13], "texture": "#2"},
				"west": {"uv": [1, 1, 3.80406, 5.76063], "rotation": 270, "texture": "#0"},
				"up": {"uv": [1, 1, 5.76063, 5.02275], "rotation": 270, "texture": "#0"},
				"down": {"uv": [1, 1, 5.76063, 5.02275], "rotation": 270, "texture": "#0"}
			}
		},
		{
			"from": [5.98615, 22.00182, 5.60955],
			"to": [10.01063, 24.80761, 10.37018],
			"rotation": {"angle": 0, "axis": "z", "origin": [8.0033, 23.90839, 8.05029]},
			"faces": {
				"north": {"uv": [2, 3, 14, 13], "texture": "#2"},
				"east": {"uv": [1, 1, 3.8058, 5.76063], "rotation": 270, "texture": "#2"},
				"south": {"uv": [2, 3, 14, 13], "texture": "#2"},
				"west": {"uv": [1, 1, 3.8058, 5.76063], "rotation": 270, "texture": "#2"},
				"up": {"uv": [1, 1, 5.76063, 5.02448], "rotation": 270, "texture": "#2"},
				"down": {"uv": [0, 3, 16, 13], "rotation": 270, "texture": "#2"}
			}
		},
		{
			"from": [3.04806, 17.95222, 5.60955],
			"to": [5.94668, 21.96952, 10.37018],
			"rotation": {"angle": 0, "axis": "z", "origin": [4.6179, 21.37222, 8.03835]},
			"faces": {
				"north": {"uv": [2, 3, 14, 13], "rotation": 90, "texture": "#2"},
				"east": {"uv": [1, 1, 5.76063, 5.01731], "texture": "#0"},
				"south": {"uv": [2, 3, 14, 13], "rotation": 90, "texture": "#2"},
				"west": {"uv": [1, 1, 5.76063, 5.01731], "texture": "#0"},
				"up": {"uv": [1, 1, 3.79862, 5.76063], "texture": "#0"},
				"down": {"uv": [1, 1, 3.79862, 5.76063], "texture": "#0"}
			}
		},
		{
			"from": [9.95625, 17.9478, 5.60955],
			"to": [12.854, 21.96424, 10.37018],
			"rotation": {"angle": 0, "axis": "z", "origin": [11.38503, 18.54423, 8.0777]},
			"faces": {
				"north": {"uv": [2, 3, 14, 13], "rotation": 90, "texture": "#2"},
				"east": {"uv": [1, 1, 5.76063, 5.01644], "texture": "#0"},
				"south": {"uv": [2, 3, 14, 13], "rotation": 90, "texture": "#2"},
				"west": {"uv": [1, 1, 5.76063, 5.01644], "texture": "#0"},
				"up": {"uv": [1, 1, 3.79776, 5.76063], "texture": "#0"},
				"down": {"uv": [1, 1, 3.79776, 5.76063], "texture": "#0"}
			}
		},
		{
			"from": [5.53486, 3.51721, 5.2811],
			"to": [10.46514, 3.92806, 5.5832],
			"rotation": {"angle": 0, "axis": "y", "origin": [8, 4.33892, 8]},
			"faces": {
				"north": {"uv": [0, 7, 6, 8], "rotation": 180, "texture": "#1"},
				"east": {"uv": [2, 7, 3, 8], "rotation": 180, "texture": "#1"},
				"south": {"uv": [0, 7, 6, 8], "rotation": 180, "texture": "#1"},
				"west": {"uv": [2, 7, 3, 8], "rotation": 180, "texture": "#1"},
				"up": {"uv": [0, 7, 6, 8], "rotation": 180, "texture": "#1"},
				"down": {"uv": [0, 7, 6, 8], "rotation": 180, "texture": "#1"}
			}
		},
		{
			"from": [5.93486, 3.92806, 5.4811],
			"to": [10.06514, 5.62806, 5.5832],
			"rotation": {"angle": 0, "axis": "y", "origin": [8, 4.33892, 8]},
			"faces": {
				"north": {"uv": [0, 9, 9, 14], "rotation": 180, "texture": "#1"},
				"east": {"uv": [2, 7, 3, 8], "rotation": 180, "texture": "#1"},
				"south": {"uv": [0, 7, 6, 8], "rotation": 180, "texture": "#1"},
				"west": {"uv": [2, 7, 3, 8], "rotation": 180, "texture": "#1"},
				"up": {"uv": [0, 7, 6, 8], "rotation": 180, "texture": "#1"},
				"down": {"uv": [0, 7, 6, 8], "rotation": 180, "texture": "#1"}
			}
		},
		{
			"from": [5.53486, 3.92806, 5.2811],
			"to": [5.94572, 5.57149, 5.5832],
			"rotation": {"angle": 0, "axis": "y", "origin": [8, 4.33892, 8]},
			"faces": {
				"north": {"uv": [4, 7, 7, 8], "rotation": 90, "texture": "#1"},
				"east": {"uv": [4, 7, 7, 8], "rotation": 90, "texture": "#1"},
				"south": {"uv": [4, 7, 7, 8], "rotation": 90, "texture": "#1"},
				"west": {"uv": [4, 7, 7, 8], "rotation": 90, "texture": "#1"},
				"up": {"uv": [4, 7, 7, 8], "rotation": 90, "texture": "#1"},
				"down": {"uv": [4, 7, 7, 8], "rotation": 90, "texture": "#1"}
			}
		},
		{
			"from": [5.53486, 5.57149, 5.2811],
			"to": [10.46514, 5.98234, 5.5832],
			"rotation": {"angle": 0, "axis": "y", "origin": [8, 4.33892, 8]},
			"faces": {
				"north": {"uv": [0, 7, 6, 8], "rotation": 180, "texture": "#1"},
				"east": {"uv": [2, 7, 3, 8], "rotation": 180, "texture": "#1"},
				"south": {"uv": [0, 7, 6, 8], "rotation": 180, "texture": "#1"},
				"west": {"uv": [2, 7, 3, 8], "rotation": 180, "texture": "#1"},
				"up": {"uv": [0, 7, 6, 8], "rotation": 180, "texture": "#1"},
				"down": {"uv": [0, 7, 6, 8], "rotation": 180, "texture": "#1"}
			}
		},
		{
			"from": [10.05428, 3.92806, 5.2811],
			"to": [10.46514, 5.57149, 5.5832],
			"rotation": {"angle": 0, "axis": "y", "origin": [8, 4.33892, 8]},
			"faces": {
				"north": {"uv": [4, 7, 7, 8], "rotation": 90, "texture": "#1"},
				"east": {"uv": [4, 7, 7, 8], "rotation": 90, "texture": "#1"},
				"south": {"uv": [4, 7, 7, 8], "rotation": 90, "texture": "#1"},
				"west": {"uv": [4, 7, 7, 8], "rotation": 90, "texture": "#1"},
				"up": {"uv": [4, 7, 7, 8], "rotation": 90, "texture": "#1"},
				"down": {"uv": [4, 7, 7, 8], "rotation": 90, "texture": "#1"}
			}
		}
	],
	"display": {
		"thirdperson_righthand": {
			"rotation": [75, 45, 0],
			"translation": [0, 1.5, 0],
			"scale": [0.375, 0.375, 0.375]
		},
		"thirdperson_lefthand": {
			"rotation": [75, 45, 0],
			"translation": [0, 1.5, 0],
			"scale": [0.375, 0.375, 0.375]
		},
		"firstperson_righthand": {
			"rotation": [0, 124.75, 0],
			"translation": [0.5, 4, 0],
			"scale": [0.4, 0.4, 0.4]
		},
		"firstperson_lefthand": {
			"rotation": [0, 124.75, 0],
			"translation": [0.5, 4, 0],
			"scale": [0.4, 0.4, 0.4]
		},
		"ground": {
			"translation": [0, 1.75, 0],
			"scale": [0.7, 0.7, 0.7]
		},
		"gui": {
			"rotation": [30, 225, 0],
			"translation": [0, 2, 0],
			"scale": [0.77344, 0.77344, 0.77344]
		},
		"head": {
			"translation": [0, 15.25, 0]
		},
		"fixed": {
			"rotation": [-90, 0, 0],
			"translation": [0, 0, -15],
			"scale": [2, 2, 2]
		}
	},
	"groups": [0, 1, 2, 3, 4, 5, 6, 7, 8, 9, 10, 11, 12, 13, 14, 15, 16, 17,
		{
			"name": "Frame",
			"origin": [8, 8, 8],
			"children": [18, 19, 20, 21, 22]
		}
	]
}