{
	"credit": "Made with Blockbench",
	"textures": {
		"0": "block/candybars2"
	},
	"elements": [
		{
			"from": [4, 0, 6],
			"to": [11, 1, 8],
			"rotation": {"angle": 0, "axis": "y", "origin": [12, 8, 14]},
			"faces": {
				"north": {"uv": [1.875, 8, 8, 8.625], "texture": "#0"},
				"east": {"uv": [15.25, 8, 15.625, 12], "texture": "#0"},
				"south": {"uv": [1.75, 11.375, 8.75, 12], "texture": "#0"},
				"west": {"uv": [0, 8, 1.25, 12], "rotation": 270, "texture": "#0"},
				"up": {"uv": [0, 8, 15.625, 12], "texture": "#0"},
				"down": {"uv": [0, 8, 2.75, 12], "rotation": 180, "texture": "#0"}
			}
		},
		{
			"from": [3.79289, 0.08579, 6.03125],
			"to": [4.5, 0.79289, 7.97656],
			"rotation": {"angle": 45, "axis": "z", "origin": [4, 0.29289, 7]},
			"faces": {
				"north": {"uv": [1.875, 8, 8, 8.625], "texture": "#0"},
				"east": {"uv": [2, 3.375, 9, 4], "texture": "#0"},
				"south": {"uv": [10.375, 11.25, 11.125, 11.875], "texture": "#0"},
				"west": {"uv": [0, 8, 1.25, 12], "rotation": 270, "texture": "#0"},
				"up": {"uv": [0, 8, 1.25, 12], "texture": "#0"},
				"down": {"uv": [2, 3.375, 9, 4], "texture": "#0"}
			}
		},
		{
			"from": [11.375, 0.38664, 6],
			"to": [11.83211, 0.59375, 8],
			"rotation": {"angle": 0, "axis": "z", "origin": [11.72855, 0.7402, 7]},
			"faces": {
				"north": {"uv": [15.625, 3.625, 16, 3.75], "rotation": 180, "texture": "#0"},
				"east": {"uv": [15.875, 0, 16, 3.957], "rotation": 90, "texture": "#0"},
				"south": {"uv": [15.625, 3.625, 16, 3.75], "texture": "#0"},
				"west": {"uv": [15.875, 0, 16, 3.957], "rotation": 90, "texture": "#0"},
				"up": {"uv": [15.625, 0, 16, 3.957], "texture": "#0"},
				"down": {"uv": [15.625, 0, 16, 3.957], "texture": "#0"}
			}
		},
		{
			"from": [3.16789, 0.38664, 6],
			"to": [3.625, 0.59375, 8],
			"rotation": {"angle": 0, "axis": "z", "origin": [3.27145, 0.7402, 7]},
			"faces": {
				"north": {"uv": [16, 3.625, 15.625, 3.75], "rotation": 180, "texture": "#0"},
				"east": {"uv": [15.875, 0, 16, 3.957], "rotation": 90, "texture": "#0"},
				"south": {"uv": [16, 3.625, 15.625, 3.75], "texture": "#0"},
				"west": {"uv": [15.875, 3.957, 16, 0], "rotation": 90, "texture": "#0"},
				"up": {"uv": [16, 0, 15.625, 3.957], "texture": "#0"},
				"down": {"uv": [16, 0, 15.625, 3.957], "texture": "#0"}
			}
		},
		{
			"from": [10.5, 0.08579, 6.03125],
			"to": [11.20711, 0.79289, 7.97656],
			"rotation": {"angle": -45, "axis": "z", "origin": [11, 0.29289, 7]},
			"faces": {
				"north": {"uv": [1.875, 8, 8, 8.625], "texture": "#0"},
				"east": {"uv": [15.25, 8, 15.625, 12], "rotation": 90, "texture": "#0"},
				"south": {"uv": [10.375, 11.25, 11.125, 11.875], "texture": "#0"},
				"west": {"uv": [2, 3.375, 9, 4], "texture": "#0"},
				"up": {"uv": [15.25, 8, 15.625, 12], "texture": "#0"},
				"down": {"uv": [2, 3.375, 9, 4], "texture": "#0"}
			}
		}
	],
	"display": {
		"thirdperson_righthand": {
			"rotation": [69.75, 150, 0],
			"translation": [-3.75, 5.5, 6.75]
		},
		"thirdperson_lefthand": {
			"rotation": [69.75, 150, 0],
			"translation": [-3.75, 5.5, 6.75]
		},
		"firstperson_righthand": {
			"rotation": [75.75, -59, -13],
			"translation": [-2.75, 3.75, 8.5],
			"scale": [0.6, 0.6, 0.6]
		},
		"firstperson_lefthand": {
			"rotation": [75.75, -59, -13],
			"translation": [-2.75, 3.75, 8.5],
			"scale": [0.6, 0.6, 0.6]
		},
		"ground": {
			"translation": [0, 4.25, 0]
		},
		"gui": {
			"rotation": [49, 20, 0],
			"translation": [1.25, 6, 0.25],
			"scale": [1.4082, 1.4082, 1.4082]
		},
		"head": {
			"translation": [0, 19.25, 0],
			"scale": [1.5, 1.5, 1.5]
		},
		"fixed": {
			"rotation": [-90, 0, 0],
			"translation": [1.25, 0, -15],
			"scale": [2, 2, 2]
		}
	}
}