{
	"credit": "Made with Blockbench",
	"texture_size": [128, 128],
	"textures": {
		"0": "block/weeping angel",
		"particle": "block/weeping angel"
	},
	"elements": [
		{
			"name": "head",
			"from": [4, 23.5, 5.5],
			"to": [12, 31.5, 13.5],
			"rotation": {"angle": -45, "axis": "x", "origin": [8, 22.5, 9.5]},
			"faces": {
				"north": {"uv": [1, 1.875, 2.75, 3.625], "texture": "#0"},
				"east": {"uv": [2.75, 3.625, 4.5, 5.375], "texture": "#0"},
				"south": {"uv": [1, 3.625, 2.75, 5.375], "texture": "#0"},
				"west": {"uv": [2.75, 1.875, 4.5, 3.625], "texture": "#0"},
				"up": {"uv": [1, 3.625, 2.75, 5.375], "texture": "#0"},
				"down": {"uv": [1, 3.625, 2.75, 5.375], "texture": "#0"}
			}
		},
		{
			"name": "neck",
			"from": [5, 19.03553, 6.96447],
			"to": [11, 27.03553, 9.96447],
			"rotation": {"angle": -22.5, "axis": "x", "origin": [8, 23.03553, 7.96447]},
			"faces": {
				"north": {"uv": [0, 1.875, 1, 3.125], "rotation": 90, "texture": "#0"},
				"east": {"uv": [0, 1.875, 1, 3.125], "rotation": 90, "texture": "#0"},
				"south": {"uv": [0, 1.875, 1, 3.125], "rotation": 90, "texture": "#0"},
				"west": {"uv": [0, 1.875, 1, 3.125], "rotation": 90, "texture": "#0"},
				"up": {"uv": [0, 1.875, 1, 3.125], "rotation": 90, "texture": "#0"},
				"down": {"uv": [0, 1.875, 1, 3.125], "rotation": 90, "texture": "#0"}
			}
		},
		{
			"name": "head_2nd_layer",
			"from": [3.5, 23, 5],
			"to": [12.5, 32, 14],
			"rotation": {"angle": -45, "axis": "x", "origin": [8, 22.5, 9.5]},
			"faces": {
				"north": {"uv": [1, 5.375, 2.75, 7.125], "texture": "#0"},
				"east": {"uv": [2.75, 7.125, 4.5, 8.875], "texture": "#0"},
				"south": {"uv": [1, 7.125, 2.75, 8.875], "texture": "#0"},
				"west": {"uv": [2.75, 5.375, 4.5, 7.125], "texture": "#0"},
				"up": {"uv": [1, 7.125, 2.75, 8.875], "rotation": 180, "texture": "#0"},
				"down": {"uv": [14, 0, 12, 2], "texture": "#0"}
			}
		},
		{
			"name": "body",
			"from": [4, 9.5, 7.5],
			"to": [12, 21.5, 11.5],
			"rotation": {"angle": 0, "axis": "y", "origin": [8, 6, 9.5]},
			"faces": {
				"north": {"uv": [3, 0, 4.5, 1.875], "texture": "#0"},
				"east": {"uv": [3.75, 0, 4.5, 1.875], "texture": "#0"},
				"south": {"uv": [3, 0, 4.5, 1.875], "texture": "#0"},
				"west": {"uv": [3, 0, 3.75, 1.875], "texture": "#0"},
				"up": {"uv": [3, 0.875, 4.5, 1.375], "rotation": 180, "texture": "#0"}
			}
		},
		{
			"name": "body",
			"from": [4.04688, 16.06802, 6.85355],
			"to": [11.94531, 19.06802, 9.85355],
			"rotation": {"angle": -45, "axis": "x", "origin": [8, 16.56802, 7.85355]},
			"faces": {
				"north": {"uv": [3, 0.875, 4.5, 1.375], "rotation": 180, "texture": "#0"},
				"east": {"uv": [3, 0.875, 3.5, 1.375], "rotation": 90, "texture": "#0"},
				"south": {"uv": [8, 5, 10, 8], "texture": "#missing"},
				"west": {"uv": [3, 0.875, 3.5, 1.375], "rotation": 90, "texture": "#0"},
				"up": {"uv": [3, 1.375, 4.5, 1.875], "texture": "#0"},
				"down": {"uv": [9, 4, 7, 5], "texture": "#missing"}
			}
		},
		{
			"name": "left_arm",
			"from": [1, 19, 2.5],
			"to": [4, 23, 8.5],
			"rotation": {"angle": -22.5, "axis": "x", "origin": [8, 21, 8]},
			"faces": {
				"east": {"uv": [0, 1.875, 1, 3.125], "rotation": 90, "texture": "#0"},
				"south": {"uv": [0, 1.875, 1, 2.875], "rotation": 90, "texture": "#0"},
				"west": {"uv": [0, 1.875, 1, 3.125], "rotation": 90, "texture": "#0"},
				"up": {"uv": [0.125, 1.875, 0.875, 3.125], "texture": "#0"},
				"down": {"uv": [0.125, 1.875, 0.875, 3.125], "texture": "#0"}
			}
		},
		{
			"name": "left_arm",
			"from": [1.03125, 17.04748, 0.71528],
			"to": [4, 21.04748, 3.68403],
			"rotation": {"angle": 0, "axis": "x", "origin": [2.5, 19.04748, 3.68403]},
			"faces": {
				"north": {"uv": [0, 1.875, 1, 2.875], "rotation": 90, "texture": "#0"},
				"east": {"uv": [0, 1.875, 1, 2.875], "rotation": 90, "texture": "#0"},
				"west": {"uv": [0, 1.875, 1, 2.875], "rotation": 90, "texture": "#0"},
				"up": {"uv": [0, 1.875, 1, 2.875], "rotation": 90, "texture": "#0"},
				"down": {"uv": [0, 1.875, 1, 2.875], "rotation": 90, "texture": "#0"}
			}
		},
		{
			"name": "left_arm",
			"from": [1.70711, 18.58302, 0.68403],
			"to": [7.70711, 22.58302, 3.68403],
			"rotation": {"angle": 45, "axis": "z", "origin": [4.70711, 20.58302, 2.18403]},
			"faces": {
				"north": {"uv": [0, 1.875, 1, 3.125], "rotation": 90, "texture": "#0"},
				"east": {"uv": [0, 1.875, 1, 2.875], "rotation": 90, "texture": "#0"},
				"south": {"uv": [0, 1.875, 1, 3.125], "rotation": 90, "texture": "#0"},
				"west": {"uv": [9.75, 13, 9, 12], "texture": "#0"},
				"up": {"uv": [0.125, 1.875, 0.875, 3.125], "rotation": 90, "texture": "#0"},
				"down": {"uv": [0.125, 1.875, 0.875, 3.125], "rotation": 90, "texture": "#0"}
			}
		},
		{
			"name": "left_arm",
			"from": [12, 19, 2.5],
			"to": [15, 23, 8.5],
			"rotation": {"angle": -22.5, "axis": "x", "origin": [8, 21, 8]},
			"faces": {
				"east": {"uv": [0, 3.125, 1, 1.875], "rotation": 90, "texture": "#0"},
				"south": {"uv": [0, 2.875, 1, 1.875], "rotation": 90, "texture": "#0"},
				"west": {"uv": [0, 3.125, 1, 1.875], "rotation": 90, "texture": "#0"},
				"up": {"uv": [0.875, 1.875, 0.125, 3.125], "texture": "#0"},
				"down": {"uv": [0.875, 1.875, 0.125, 3.125], "texture": "#0"}
			}
		},
		{
			"name": "left_arm",
			"from": [12, 17.04748, 0.71528],
			"to": [14.96875, 21.04748, 3.68403],
			"rotation": {"angle": 0, "axis": "x", "origin": [13.5, 19.04748, 3.68403]},
			"faces": {
				"north": {"uv": [0, 2.875, 1, 1.875], "rotation": 90, "texture": "#0"},
				"east": {"uv": [0, 2.875, 1, 1.875], "rotation": 90, "texture": "#0"},
				"west": {"uv": [0, 2.875, 1, 1.875], "rotation": 90, "texture": "#0"},
				"up": {"uv": [0, 2.875, 1, 1.875], "rotation": 90, "texture": "#0"},
				"down": {"uv": [0, 2.875, 1, 1.875], "rotation": 90, "texture": "#0"}
			}
		},
		{
			"name": "left_arm",
			"from": [8.29289, 18.58302, 0.68403],
			"to": [14.29289, 22.58302, 3.68403],
			"rotation": {"angle": -45, "axis": "z", "origin": [11.29289, 20.58302, 2.18403]},
			"faces": {
				"north": {"uv": [0, 3.125, 1, 1.875], "rotation": 90, "texture": "#0"},
				"east": {"uv": [9, 13, 9.75, 12], "texture": "#0"},
				"south": {"uv": [0, 3.125, 1, 1.875], "rotation": 90, "texture": "#0"},
				"west": {"uv": [0, 2.875, 1, 1.875], "rotation": 90, "texture": "#0"},
				"up": {"uv": [0.125, 3.125, 0.875, 1.875], "rotation": 90, "texture": "#0"},
				"down": {"uv": [0.125, 3.125, 0.875, 1.875], "rotation": 90, "texture": "#0"}
			}
		},
		{
			"from": [3.9375, -1, 3.26537],
			"to": [12.0625, 2.84776, 15.73463],
			"rotation": {"angle": 0, "axis": "y", "origin": [8, 6, 8]},
			"faces": {
				"north": {"uv": [0, 0.25, 1.51563, 0.731], "rotation": 180, "texture": "#0"},
				"east": {"uv": [0, 0.25, 2.64063, 0.731], "rotation": 180, "texture": "#0"},
				"south": {"uv": [0, 0.25, 1.51563, 0.731], "rotation": 180, "texture": "#0"},
				"west": {"uv": [0, 0.25, 2.64063, 0.731], "rotation": 180, "texture": "#0"},
				"up": {"uv": [0, 1.375, 1.51563, 1.856], "rotation": 180, "texture": "#0"}
			}
		},
		{
			"from": [3.9375, 2.84375, 7.47488],
			"to": [12.0625, 13.01043, 11.52512],
			"rotation": {"angle": 0, "axis": "y", "origin": [8, 6, 8]},
			"faces": {
				"east": {"uv": [1.25, 0, 2.125, 1.83313], "rotation": 180, "texture": "#0"},
				"west": {"uv": [1.25, 0, 2.125, 1.83313], "rotation": 180, "texture": "#0"}
			}
		},
		{
			"from": [3.96094, 4.49475, 10.01464],
			"to": [12.03906, 15.49475, 14.01464],
			"rotation": {"angle": -22.5, "axis": "x", "origin": [8, 7.99475, 19.01464]},
			"faces": {
				"east": {"uv": [1.5, 0, 2.375, 1.83313], "rotation": 180, "texture": "#0"},
				"south": {"uv": [0, 0, 1.49219, 1.83333], "rotation": 180, "texture": "#0"},
				"west": {"uv": [1.5, 0, 2.375, 1.83313], "rotation": 180, "texture": "#0"}
			}
		},
		{
			"from": [3.96094, 4.49475, 4.98536],
			"to": [12.03906, 15.49475, 8.98536],
			"rotation": {"angle": 22.5, "axis": "x", "origin": [8, 7.99475, -0.01464]},
			"faces": {
				"north": {"uv": [0, 0, 1.49219, 1.83333], "rotation": 180, "texture": "#0"},
				"east": {"uv": [1.5, 0, 2.375, 1.83313], "rotation": 180, "texture": "#0"},
				"west": {"uv": [1.5, 0, 2.375, 1.83313], "rotation": 180, "texture": "#0"}
			}
		},
		{
			"from": [2.9375, -2, 2.26537],
			"to": [13.0625, -0.15224, 16.73463],
			"rotation": {"angle": 0, "axis": "y", "origin": [8, 6, 8]},
			"faces": {
				"north": {"uv": [0, 8.875, 2.25, 9.375], "texture": "#0"},
				"east": {"uv": [0, 8.875, 3.5, 9.375], "texture": "#0"},
				"south": {"uv": [1.125, 8.875, 3.375, 9.375], "texture": "#0"},
				"west": {"uv": [0, 8.875, 3.5, 9.375], "texture": "#0"},
				"up": {"uv": [0, 9.375, 2.25, 12.875], "texture": "#0"},
				"down": {"uv": [0, 9.375, 2.25, 12.875], "texture": "#0"}
			}
		},
		{
			"from": [0.48719, 5.40373, 8.35819],
			"to": [0.63219, 30.92373, 24.59819],
			"rotation": {"angle": -45, "axis": "y", "origin": [0.48719, 11.78373, 17.63819]},
			"faces": {
				"east": {"uv": [4.5, 5, 10, 10], "rotation": 270, "texture": "#0"},
				"west": {"uv": [4.5, 0, 10, 5], "rotation": 270, "texture": "#0"}
			}
		},
		{
			"from": [15.36781, 5.40373, 8.35819],
			"to": [15.51281, 30.92373, 24.59819],
			"rotation": {"angle": 45, "axis": "y", "origin": [15.51281, 11.78373, 17.63819]},
			"faces": {
				"east": {"uv": [4.5, 5, 10, 10], "rotation": 270, "texture": "#0"},
				"west": {"uv": [4.5, 0, 10, 5], "rotation": 270, "texture": "#0"}
			}
		}
	],
	"display": {
		"thirdperson_righthand": {
			"rotation": [75, 45, 0],
			"translation": [0, 2.5, 0],
			"scale": [0.375, 0.375, 0.375]
		},
		"thirdperson_lefthand": {
			"rotation": [75, 45, 0],
			"translation": [0, 2.5, 0],
			"scale": [0.375, 0.375, 0.375]
		},
		"firstperson_righthand": {
			"rotation": [0, 36, 0],
			"scale": [0.4, 0.4, 0.4]
		},
		"firstperson_lefthand": {
			"rotation": [0, 22.75, 0],
			"scale": [0.4, 0.4, 0.4]
		},
		"ground": {
			"translation": [0, 1, 0],
			"scale": [0.47656, 0.47656, 0.47656]
		},
		"gui": {
			"rotation": [14.75, -138.75, 0],
			"translation": [0.5, -2.25, 0],
			"scale": [0.45117, 0.45117, 0.45117]
		},
		"head": {
			"translation": [0, -28.75, -2],
			"scale": [1.6, 1.6, 1.6]
		},
		"fixed": {
			"rotation": [-90, 0, 0],
			"translation": [0, -5.5, -19],
			"scale": [2, 2, 2]
		}
	},
	"groups": [
		{
			"name": "alex",
			"origin": [8, 8, 8],
			"children": [
				{
					"name": "Head",
					"origin": [8, 8, 8],
					"children": [0, 1, 2]
				},
				{
					"name": "Body",
					"origin": [8, 8, 8],
					"children": [3, 4]
				},
				{
					"name": "Left Arm",
					"origin": [8, 8, 8],
					"children": [5, 6, 7]
				},
				{
					"name": "Right Arm",
					"origin": [8, 8, 8],
					"children": [8, 9, 10]
				}
			]
		},
		{
			"name": "Skirt",
			"origin": [8, 8, 6.5],
			"children": [11, 12, 13, 14, 15]
		},
		{
			"name": "Wings",
			"origin": [14.47656, 14.66373, 15.03212],
			"children": [16, 17]
		}
	]
}