{
	"credit": "Made with Blockbench",
	"textures": {
		"0": "block/MizunoArchive/stripped_dark_oak_log",
		"1": "block/MizunoArchive/acacia_planks_verticle",
		"particle": "block/MizunoArchive/stripped_dark_oak_log"
	},
	"elements": [
		{
			"from": [-2.01943, 7.99903, 15],
			"to": [17.98057, 10.99903, 16],
			"rotation": {"angle": 22.5, "axis": "z", "origin": [7.99272, 9.45069, 15.06431]},
			"faces": {
				"north": {"uv": [2, 0, 5, 16], "rotation": 90, "texture": "#0"},
				"east": {"uv": [0, 0, 1, 3], "texture": "#0"},
				"south": {"uv": [0, 0, 16, 3], "texture": "#0"},
				"west": {"uv": [0, 0, 1, 3], "texture": "#0"},
				"up": {"uv": [0, 0, 16, 1], "texture": "#0"},
				"down": {"uv": [0, 0, 16, 1], "texture": "#0"}
			}
		},
		{
			"from": [-1.51943, 8.44903, 14.9],
			"to": [-1.01943, 8.94903, 15],
			"rotation": {"angle": 22.5, "axis": "z", "origin": [7.99272, 9.45069, 15.06431]},
			"faces": {
				"north": {"uv": [0, 3, 0.5, 3.5], "texture": "#1"},
				"east": {"uv": [0, 3, 0.5, 3.5], "texture": "#1"},
				"south": {"uv": [0, 3, 0.5, 3.5], "texture": "#1"},
				"west": {"uv": [0, 3, 0.5, 3.5], "texture": "#1"},
				"up": {"uv": [0, 3, 0.5, 3.5], "texture": "#1"},
				"down": {"uv": [0, 3, 0.5, 3.5], "texture": "#1"}
			}
		},
		{
			"from": [-1.51943, 9.94903, 14.9],
			"to": [-1.01943, 10.44903, 15],
			"rotation": {"angle": 22.5, "axis": "z", "origin": [7.99272, 9.45069, 15.06431]},
			"faces": {
				"north": {"uv": [0, 3, 0.5, 3.5], "texture": "#1"},
				"east": {"uv": [0, 3, 0.5, 3.5], "texture": "#1"},
				"south": {"uv": [0, 3, 0.5, 3.5], "texture": "#1"},
				"west": {"uv": [0, 3, 0.5, 3.5], "texture": "#1"},
				"up": {"uv": [0, 3, 0.5, 3.5], "texture": "#1"},
				"down": {"uv": [0, 3, 0.5, 3.5], "texture": "#1"}
			}
		},
		{
			"from": [16.98057, 8.44903, 14.9],
			"to": [17.48057, 8.94903, 15],
			"rotation": {"angle": 22.5, "axis": "z", "origin": [7.99272, 9.45069, 15.06431]},
			"faces": {
				"north": {"uv": [0, 3, 0.5, 3.5], "texture": "#1"},
				"east": {"uv": [0, 3, 0.5, 3.5], "texture": "#1"},
				"south": {"uv": [0, 3, 0.5, 3.5], "texture": "#1"},
				"west": {"uv": [0, 3, 0.5, 3.5], "texture": "#1"},
				"up": {"uv": [0, 3, 0.5, 3.5], "texture": "#1"},
				"down": {"uv": [0, 3, 0.5, 3.5], "texture": "#1"}
			}
		},
		{
			"from": [16.98057, 9.94903, 14.9],
			"to": [17.48057, 10.44903, 15],
			"rotation": {"angle": 22.5, "axis": "z", "origin": [7.99272, 9.45069, 15.06431]},
			"faces": {
				"north": {"uv": [0, 3, 0.5, 3.5], "texture": "#1"},
				"east": {"uv": [0, 3, 0.5, 3.5], "texture": "#1"},
				"south": {"uv": [0, 3, 0.5, 3.5], "texture": "#1"},
				"west": {"uv": [0, 3, 0.5, 3.5], "texture": "#1"},
				"up": {"uv": [0, 3, 0.5, 3.5], "texture": "#1"},
				"down": {"uv": [0, 3, 0.5, 3.5], "texture": "#1"}
			}
		},
		{
			"from": [-2.01943, 7.99903, 14],
			"to": [17.98057, 10.99903, 15],
			"rotation": {"angle": -22.5, "axis": "z", "origin": [7.99272, 9.45069, 15.06431]},
			"faces": {
				"north": {"uv": [2, 0, 5, 16], "rotation": 90, "texture": "#0"},
				"east": {"uv": [0, 0, 1, 3], "texture": "#0"},
				"south": {"uv": [0, 0, 16, 3], "texture": "#0"},
				"west": {"uv": [0, 0, 1, 3], "texture": "#0"},
				"up": {"uv": [0, 0, 16, 1], "texture": "#0"},
				"down": {"uv": [0, 0, 16, 1], "texture": "#0"}
			}
		},
		{
			"from": [-1.51943, 8.44903, 13.9],
			"to": [-1.01943, 8.94903, 14],
			"rotation": {"angle": -22.5, "axis": "z", "origin": [7.99272, 9.45069, 15.06431]},
			"faces": {
				"north": {"uv": [0, 3, 0.5, 3.5], "texture": "#1"},
				"east": {"uv": [0, 3, 0.5, 3.5], "texture": "#1"},
				"south": {"uv": [0, 3, 0.5, 3.5], "texture": "#1"},
				"west": {"uv": [0, 3, 0.5, 3.5], "texture": "#1"},
				"up": {"uv": [0, 3, 0.5, 3.5], "texture": "#1"},
				"down": {"uv": [0, 3, 0.5, 3.5], "texture": "#1"}
			}
		},
		{
			"from": [-1.41943, 8.54903, 14],
			"to": [-1.11943, 8.84903, 16],
			"rotation": {"angle": -22.5, "axis": "z", "origin": [7.99272, 9.45069, 15.06431]},
			"faces": {
				"north": {"uv": [0, 3, 0.5, 3.5], "texture": "#1"},
				"east": {"uv": [0, 3, 0.5, 3.5], "texture": "#1"},
				"south": {"uv": [0, 3, 0.5, 3.5], "texture": "#1"},
				"west": {"uv": [0, 3, 0.5, 3.5], "texture": "#1"},
				"up": {"uv": [0, 3, 0.5, 3.5], "texture": "#1"},
				"down": {"uv": [0, 3, 0.5, 3.5], "texture": "#1"}
			}
		},
		{
			"from": [-1.51943, 9.94903, 13.9],
			"to": [-1.01943, 10.44903, 14],
			"rotation": {"angle": -22.5, "axis": "z", "origin": [7.99272, 9.45069, 15.06431]},
			"faces": {
				"north": {"uv": [0, 3, 0.5, 3.5], "texture": "#1"},
				"east": {"uv": [0, 3, 0.5, 3.5], "texture": "#1"},
				"south": {"uv": [0, 3, 0.5, 3.5], "texture": "#1"},
				"west": {"uv": [0, 3, 0.5, 3.5], "texture": "#1"},
				"up": {"uv": [0, 3, 0.5, 3.5], "texture": "#1"},
				"down": {"uv": [0, 3, 0.5, 3.5], "texture": "#1"}
			}
		},
		{
			"from": [-1.41943, 10.04903, 14],
			"to": [-1.11943, 10.34903, 16],
			"rotation": {"angle": -22.5, "axis": "z", "origin": [7.99272, 9.45069, 15.06431]},
			"faces": {
				"north": {"uv": [0, 3, 0.5, 3.5], "texture": "#1"},
				"east": {"uv": [0, 3, 0.5, 3.5], "texture": "#1"},
				"south": {"uv": [0, 3, 0.5, 3.5], "texture": "#1"},
				"west": {"uv": [0, 3, 0.5, 3.5], "texture": "#1"},
				"up": {"uv": [0, 3, 0.5, 3.5], "texture": "#1"},
				"down": {"uv": [0, 3, 0.5, 3.5], "texture": "#1"}
			}
		},
		{
			"from": [16.98057, 8.44903, 13.9],
			"to": [17.48057, 8.94903, 14],
			"rotation": {"angle": -22.5, "axis": "z", "origin": [7.99272, 9.45069, 15.06431]},
			"faces": {
				"north": {"uv": [0, 3, 0.5, 3.5], "texture": "#1"},
				"east": {"uv": [0, 3, 0.5, 3.5], "texture": "#1"},
				"south": {"uv": [0, 3, 0.5, 3.5], "texture": "#1"},
				"west": {"uv": [0, 3, 0.5, 3.5], "texture": "#1"},
				"up": {"uv": [0, 3, 0.5, 3.5], "texture": "#1"},
				"down": {"uv": [0, 3, 0.5, 3.5], "texture": "#1"}
			}
		},
		{
			"from": [17.08057, 8.54903, 14],
			"to": [17.38057, 8.84903, 16],
			"rotation": {"angle": -22.5, "axis": "z", "origin": [7.99272, 9.45069, 15.06431]},
			"faces": {
				"north": {"uv": [0, 3, 0.5, 3.5], "texture": "#1"},
				"east": {"uv": [0, 3, 0.5, 3.5], "texture": "#1"},
				"south": {"uv": [0, 3, 0.5, 3.5], "texture": "#1"},
				"west": {"uv": [0, 3, 0.5, 3.5], "texture": "#1"},
				"up": {"uv": [0, 3, 0.5, 3.5], "texture": "#1"},
				"down": {"uv": [0, 3, 0.5, 3.5], "texture": "#1"}
			}
		},
		{
			"from": [16.98057, 9.94903, 13.9],
			"to": [17.48057, 10.44903, 14],
			"rotation": {"angle": -22.5, "axis": "z", "origin": [7.99272, 9.45069, 15.06431]},
			"faces": {
				"north": {"uv": [0, 3, 0.5, 3.5], "texture": "#1"},
				"east": {"uv": [0, 3, 0.5, 3.5], "texture": "#1"},
				"south": {"uv": [0, 3, 0.5, 3.5], "texture": "#1"},
				"west": {"uv": [0, 3, 0.5, 3.5], "texture": "#1"},
				"up": {"uv": [0, 3, 0.5, 3.5], "texture": "#1"},
				"down": {"uv": [0, 3, 0.5, 3.5], "texture": "#1"}
			}
		},
		{
			"from": [17.08057, 10.04903, 14],
			"to": [17.38057, 10.34903, 16],
			"rotation": {"angle": -22.5, "axis": "z", "origin": [7.99272, 9.45069, 15.06431]},
			"faces": {
				"north": {"uv": [0, 3, 0.5, 3.5], "texture": "#1"},
				"east": {"uv": [0, 3, 0.5, 3.5], "texture": "#1"},
				"south": {"uv": [0, 3, 0.5, 3.5], "texture": "#1"},
				"west": {"uv": [0, 3, 0.5, 3.5], "texture": "#1"},
				"up": {"uv": [0, 3, 0.5, 3.5], "texture": "#1"},
				"down": {"uv": [0, 3, 0.5, 3.5], "texture": "#1"}
			}
		}
	],
	"display": {
		"thirdperson_righthand": {
			"rotation": [68, 13.5, 0],
			"translation": [-1.75, 3.25, -1.5],
			"scale": [0.51953, 0.51953, 0.51953]
		},
		"thirdperson_lefthand": {
			"rotation": [68, 13.5, 0],
			"translation": [-1.75, 3.25, -1.5],
			"scale": [0.51953, 0.51953, 0.51953]
		},
		"firstperson_righthand": {
			"rotation": [0, 137.25, 0],
			"translation": [2, 1.75, -3],
			"scale": [0.55859, 0.55859, 0.55859]
		},
		"firstperson_lefthand": {
			"rotation": [0, 137.25, 0],
			"translation": [2, 1.75, -3],
			"scale": [0.55859, 0.55859, 0.55859]
		},
		"ground": {
			"translation": [0, 1.75, -4.75],
			"scale": [0.66016, 0.66016, 0.66016]
		},
		"gui": {
			"rotation": [30, -157, 0],
			"translation": [2.5, -2.75, 0],
			"scale": [0.82617, 0.82617, 0.82617]
		},
		"head": {
			"translation": [0, 0, -15.25]
		},
		"fixed": {
			"translation": [0, 0, -15],
			"scale": [2, 2, 2]
		}
	},
	"groups": [
		{
			"name": "Board2",
			"origin": [8, 10.5, 15.5],
			"children": [0, 1, 2, 3, 4]
		},
		{
			"name": "Board2",
			"origin": [8, 10.5, 15.5],
			"children": [5, 6, 7, 8, 9, 10, 11, 12, 13]
		}
	]
}