{
	"credit": "Made with Blockbench",
	"textures": {
		"5": "block/MizunoArchive/oak_planks_vertical"
	},
	"elements": [
		{
			"from": [6.61311, -15.944, 11.77797],
			"to": [9.08111, -5.448, 14.24597],
			"rotation": {"angle": 0, "axis": "y", "origin": [1.61511, -0.2, 19.24397]},
			"faces": {
				"north": {"uv": [4, 0, 1, 16], "texture": "#5"},
				"east": {"uv": [4, 0, 1, 16], "texture": "#5"},
				"south": {"uv": [4, 0, 1, 16], "texture": "#5"},
				"west": {"uv": [4, 0, 1, 16], "texture": "#5"},
				"up": {"uv": [4, 0, 1, 16], "texture": "#5"},
				"down": {"uv": [4, 0, 1, 16], "texture": "#5"}
			}
		},
		{
			"from": [6.95138, -5.80251, -4.19934],
			"to": [8.73669, -3.95145, 5.26494],
			"rotation": {"angle": -45, "axis": "x", "origin": [9.40421, 2.88335, 12.72622]},
			"faces": {
				"north": {"uv": [4, 0, 1, 15], "texture": "#5"},
				"east": {"uv": [1, 15, 4, 0], "rotation": 270, "texture": "#5"},
				"south": {"uv": [4, 0, 1, 15], "texture": "#5"},
				"west": {"uv": [1, 15, 4, 0], "rotation": 270, "texture": "#5"},
				"up": {"uv": [4, 0, 1, 15], "texture": "#5"},
				"down": {"uv": [4, 0, 1, 15], "texture": "#5"}
			}
		},
		{
			"from": [7.06417, 20.34932, 1.56336],
			"to": [8.65819, 22.50206, 14.99362],
			"rotation": {"angle": 45, "axis": "x", "origin": [7.88228, 21.44765, 8.00358]},
			"faces": {
				"north": {"uv": [4, 0, 1, 15], "texture": "#5"},
				"east": {"uv": [1, 15, 4, 0], "rotation": 270, "texture": "#5"},
				"south": {"uv": [4, 0, 1, 15], "texture": "#5"},
				"west": {"uv": [1, 15, 4, 0], "rotation": 270, "texture": "#5"},
				"up": {"uv": [4, 0, 1, 15], "texture": "#5"},
				"down": {"uv": [4, 0, 1, 15], "texture": "#5"}
			}
		},
		{
			"from": [6.95167, -5.40242, 20.588],
			"to": [8.73697, -3.55135, 30.05228],
			"rotation": {"angle": 45, "axis": "x", "origin": [9.40421, 2.88335, 12.72622]},
			"faces": {
				"north": {"uv": [1, 0, 4, 15], "texture": "#5"},
				"east": {"uv": [1, 0, 4, 15], "rotation": 270, "texture": "#5"},
				"south": {"uv": [1, 0, 4, 15], "texture": "#5"},
				"west": {"uv": [1, 0, 4, 15], "rotation": 270, "texture": "#5"},
				"up": {"uv": [4, 15, 1, 0], "texture": "#5"},
				"down": {"uv": [4, 15, 1, 0], "texture": "#5"}
			}
		},
		{
			"from": [6.95187, -15.7694, 5.59062],
			"to": [8.76804, -13.9179, 20.42723],
			"rotation": {"angle": 0, "axis": "x", "origin": [9.40421, 2.88335, 12.72622]},
			"faces": {
				"north": {"uv": [1, 0, 4, 15], "rotation": 90, "texture": "#5"},
				"east": {"uv": [1, 0, 4, 15], "rotation": 90, "texture": "#5"},
				"south": {"uv": [1, 0, 4, 3], "rotation": 90, "texture": "#5"},
				"west": {"uv": [1, 0, 4, 15], "rotation": 90, "texture": "#5"},
				"up": {"uv": [4, 15, 1, 0], "rotation": 90, "texture": "#5"},
				"down": {"uv": [4, 15, 1, 0], "rotation": 90, "texture": "#5"}
			}
		},
		{
			"from": [6.61311, -5.448, 11.77797],
			"to": [9.08111, 5.048, 14.24597],
			"rotation": {"angle": 0, "axis": "y", "origin": [1.61511, -0.2, 19.24397]},
			"faces": {
				"north": {"uv": [4, 0, 1, 15], "rotation": 180, "texture": "#5"},
				"east": {"uv": [4, 0, 1, 15], "rotation": 180, "texture": "#5"},
				"south": {"uv": [4, 0, 1, 15], "rotation": 180, "texture": "#5"},
				"west": {"uv": [4, 0, 1, 15], "rotation": 180, "texture": "#5"},
				"up": {"uv": [4, 0, 1, 15], "rotation": 180, "texture": "#5"},
				"down": {"uv": [4, 0, 1, 15], "rotation": 180, "texture": "#5"}
			}
		},
		{
			"from": [6.61311, 5.052, 11.77797],
			"to": [9.08111, 14.952, 14.24597],
			"rotation": {"angle": 0, "axis": "y", "origin": [1.61511, 10.3, 19.24397]},
			"faces": {
				"north": {"uv": [4, 0, 1, 15], "rotation": 180, "texture": "#5"},
				"east": {"uv": [4, 0, 1, 15], "rotation": 180, "texture": "#5"},
				"south": {"uv": [4, 0, 1, 15], "rotation": 180, "texture": "#5"},
				"west": {"uv": [4, 0, 1, 15], "rotation": 180, "texture": "#5"},
				"up": {"uv": [4, 0, 1, 15], "rotation": 180, "texture": "#5"},
				"down": {"uv": [4, 0, 1, 15], "rotation": 180, "texture": "#5"}
			}
		},
		{
			"from": [6.61311, 14.952, 11.77797],
			"to": [9.08111, 25.448, 14.24597],
			"rotation": {"angle": 0, "axis": "y", "origin": [1.61511, 20.2, 19.24397]},
			"faces": {
				"north": {"uv": [4, 0, 1, 15], "texture": "#5"},
				"east": {"uv": [4, 0, 1, 15], "texture": "#5"},
				"south": {"uv": [4, 0, 1, 15], "texture": "#5"},
				"west": {"uv": [4, 0, 1, 15], "texture": "#5"},
				"up": {"uv": [4, 0, 1, 15], "texture": "#5"},
				"down": {"uv": [4, 0, 1, 15], "texture": "#5"}
			}
		},
		{
			"from": [6.61294, 24.87973, -5.46759],
			"to": [9.08094, 27.34773, 5.33241],
			"rotation": {"angle": 0, "axis": "x", "origin": [7.83439, 26.35087, 1.7801]},
			"faces": {
				"north": {"uv": [4, 0, 1, 3], "rotation": 90, "texture": "#5"},
				"east": {"uv": [4, 0, 1, 15], "rotation": 90, "texture": "#5"},
				"south": {"uv": [4, 0, 1, 16], "rotation": 90, "texture": "#5"},
				"west": {"uv": [4, 0, 1, 15], "rotation": 90, "texture": "#5"},
				"up": {"uv": [4, 0, 1, 15], "texture": "#5"},
				"down": {"uv": [4, 0, 1, 15], "rotation": 90, "texture": "#5"}
			}
		},
		{
			"from": [6.61294, 24.87973, 5.33241],
			"to": [9.08094, 27.34773, 16.73241],
			"rotation": {"angle": 0, "axis": "x", "origin": [7.83439, 26.35087, 19.5801]},
			"faces": {
				"north": {"uv": [1, 0, 4, 8], "rotation": 90, "texture": "#5"},
				"east": {"uv": [1, 0, 4, 8], "rotation": 90, "texture": "#5"},
				"south": {"uv": [4, 0, 1, 3], "rotation": 90, "texture": "#5"},
				"west": {"uv": [1, 0, 4, 8], "rotation": 90, "texture": "#5"},
				"up": {"uv": [1, 0, 4, 8], "rotation": 90, "texture": "#5"},
				"down": {"uv": [1, 0, 4, 8], "rotation": 90, "texture": "#5"}
			}
		},
		{
			"from": [16.25956, -6.40851, 12.1154],
			"to": [25.72385, -4.55744, 13.90071],
			"rotation": {"angle": -45, "axis": "z", "origin": [9.40421, 2.88335, 12.72622]},
			"faces": {
				"north": {"uv": [1, 15, 4, 0], "rotation": 270, "texture": "#5"},
				"east": {"uv": [4, 0, 1, 15], "texture": "#5"},
				"south": {"uv": [1, 15, 4, 0], "rotation": 270, "texture": "#5"},
				"west": {"uv": [4, 0, 1, 15], "texture": "#5"},
				"up": {"uv": [4, 0, 1, 15], "rotation": 90, "texture": "#5"},
				"down": {"uv": [4, 0, 1, 15], "rotation": 270, "texture": "#5"}
			}
		},
		{
			"from": [-8.90128, -4.42266, 12.1154],
			"to": [0.563, -2.57159, 13.90071],
			"rotation": {"angle": 45, "axis": "z", "origin": [9.40421, 2.88335, 12.72622]},
			"faces": {
				"north": {"uv": [1, 0, 4, 15], "rotation": 270, "texture": "#5"},
				"east": {"uv": [1, 0, 4, 15], "texture": "#5"},
				"south": {"uv": [1, 0, 4, 15], "rotation": 270, "texture": "#5"},
				"west": {"uv": [1, 0, 4, 15], "texture": "#5"},
				"up": {"uv": [4, 15, 1, 0], "rotation": 90, "texture": "#5"},
				"down": {"uv": [4, 15, 1, 0], "rotation": 270, "texture": "#5"}
			}
		},
		{
			"from": [0.3175, -15.7694, 12.08434],
			"to": [15.6828, -13.91782, 13.90071],
			"rotation": {"angle": 0, "axis": "x", "origin": [9.40421, 2.88335, 12.72622]},
			"faces": {
				"north": {"uv": [1, 0, 4, 15], "rotation": 90, "texture": "#5"},
				"east": {"uv": [1, 0, 4, 15], "rotation": 90, "texture": "#5"},
				"south": {"uv": [1, 0, 4, 15], "rotation": 90, "texture": "#5"},
				"west": {"uv": [1, 0, 4, 3], "rotation": 90, "texture": "#5"},
				"up": {"uv": [4, 15, 1, 0], "rotation": 180, "texture": "#5"},
				"down": {"uv": [4, 15, 1, 0], "texture": "#5"}
			}
		}
	],
	"display": {
		"thirdperson_righthand": {
			"rotation": [75, 29.25, 0],
			"translation": [0.75, 1.25, 1.5],
			"scale": [0.25, 0.25, 0.25]
		},
		"thirdperson_lefthand": {
			"rotation": [75, 29.25, 0],
			"translation": [0.75, 1.25, 1.5],
			"scale": [0.25, 0.25, 0.25]
		},
		"firstperson_righthand": {
			"rotation": [7, 129, 3],
			"translation": [0, 5.25, 0.25],
			"scale": [0.18359, 0.18359, 0.18359]
		},
		"firstperson_lefthand": {
			"rotation": [7, 132.5, 3],
			"translation": [1.25, 5.25, 2.75],
			"scale": [0.18359, 0.18359, 0.18359]
		},
		"ground": {
			"translation": [4.25, 8, 0.5],
			"scale": [0.5, 0.5, 0.5]
		},
		"gui": {
			"rotation": [30, 225, 0],
			"translation": [-1, 0.75, 0],
			"scale": [0.34883, 0.34883, 0.34883]
		},
		"head": {
			"translation": [3, 16.75, 0],
			"scale": [0.4, 0.4, 0.4]
		},
		"fixed": {
			"rotation": [-90, 0, 0],
			"translation": [0, 0, -72.75],
			"scale": [3.1, 3.1, 3.1]
		}
	},
	"groups": [
		{
			"name": "Frame",
			"origin": [8, 8, 8],
			"children": [
				{
					"name": "Guillotine",
					"origin": [-1.43, -22.44, 12.92],
					"children": [0, 1, 2, 3, 4, 5, 6, 7, 8, 9, 10, 11, 12]
				}
			]
		}
	]
}